{"12247": [{"id": 1419841, "name": "Экскурсия «Зимнее путешествие по музеям»", "age": 12, "description": "<p>Участников ждет увлекательная экскурсия по Дому-музею А. Е. Арбузова, где прошли детские годы знаменитого химика. Посетители познакомятся с подлинными и интересными экспонатами мемориального музея. В центре внимания – открытия ученого и его увлечения. Музей необычен тем, что тут же можно ознакомиться с жизнедеятельностью еще одного химика – А. М. Бутлерова. В конце экскурсии участников ждет познавательная квест-игра «Многознайка», которая позволит закрепить полученные сведения о жизнедеятельности выдающихся химиков, внесших огромный вклад в мировую науку.</p><p>На экскурсии в историко-археологическом музее гости познакомятся с историей древнего Биляра, которая представлена богатыми коллекциями и уникальными экспонатами. Желающие примут участие в увлекательных викторинах, связанных с историей развития письменности.</p><p>В конце гостей ждет прогулка по территории Святого ключа, где можно увидеть жемчужину природного наследия в долине реки Малый Черемшан, прикоснуться к живительной и чудодейственной силе святого родника. </p><p>Заповедник оставит неизгладимые впечатления о богатом историко-культурном и природном наследии края. </p>", "shortDescription": "Знакомство с историко-культурным наследием края.", "min_price": 500, "max_price": 500, "link": "https://vmuzey.com/event/znakomstvo-s-istoriko-kulturnym-naslediem-kraya-1", "needCheck": true, "status": "accepted", "updateDate": 1640606689044, "start": 1635829200000, "end": 1672405200000, "createDate": 1635338943121, "inAccepted": true, "acceptDate": 1636625962194, "image": {"author": "Билярский музей-заповедник", "name": "85fd49adee7b713b58cf442df9bdc876.jpeg", "realName": "ключ.PNG", "source": "Билярский музей-заповедник"}, "photo": "https://pro.culture.ru/uploads/85fd49adee7b713b58cf442df9bdc876.jpeg", "gallery": [], "category": {"name": "Экскурсии", "sysName": "ekskursii"}, "time": {"start": "2021-11-02 05:00:00", "end": "2022-12-30 13:00:00"}}, {"id": 1417313, "name": "Экскурсия «Малая родина: закамские истории»", "age": 12, "description": "<p>Ноябрьская программа «Малая родина: закамские истории» приурочена к российскому государственному празднику – Дню народного единства. В Билярском музее-заповеднике отражены многие страницы истории многонационального народа России. </p><p>В программе:</p><ul><li>средневековую историю отражают археологизированные объекты Билярского городища и историко-археологического музея;</li><li>своеобразие и взаимодейстрие народов Волго-Камья представлены этнографическими коллекциями и коллекциями быта XIX–XX веков;</li><li>традиционным религиозным верованиям местных народов, а также знакомству с жемчужиной природного наследия в долине реки Малый Черемшан посвящен осмотр архитектурно-культового комплекса «Святой ключ»;</li><li>история науки и техники отражены в экспозициях Дома-музея А. Е. Арбузова и усыпальнице А. М.Бутлерова.</li></ul><p>На площадках историко-археологического музея и Дома-музея А. Е. Арбузова для закрепления полученной информации будут проведены квест-игра и викторина.<br /></p><p>Билярский музей-заповедник оставит неизгладимые впечатления о богатом историко-культурном и природном наследии Центрального Закамья. </p>", "shortDescription": "Программа охватывает яркие историко-культурные объекты Центрального Закамья. ", "min_price": 1000, "max_price": 1000, "link": "https://vmuzey.com/event/malaya-rodina-zakamskie-istorii", "status": "accepted", "updateDate": 1640606689044, "start": 1635742800000, "end": 1638277200000, "createDate": 1635271021721, "inAccepted": true, "acceptDate": 1635748111384, "image": {"author": "Билярский музей-заповедник", "name": "22725d2bbf4de7944367481356304f7b.jpeg", "realName": "DSC06844.JPG", "source": "Билярский музей-заповедник"}, "photo": "https://pro.culture.ru/uploads/22725d2bbf4de7944367481356304f7b.jpeg", "gallery": [], "category": {"name": "Экскурсии", "sysName": "ekskursii"}, "time": {"start": "2021-11-01 05:00:00", "end": "2021-11-30 13:00:00"}}, {"id": 1362523, "name": "Программа «Чувашский народный костюм»", "age": 0, "description": "<p>Фонды Билярского музея – заповедника хранят столетия истории, в котором жизнь и традиции наших предков. Мы бережно храним и передаем последующему поколению нашу историю, прививаем любовь к своим истокам. На этом мероприятии посетители смогут познакомиться с чувашским народным костюмом и познать сакральный смысл элементов одежды.Народный костюм древних предков чувашей складывался в течение многих веков. В нем отражались мировоззрение древнего народа и особенностиземледельческой культуры; использовались материалы растительного (холст,красители) и животного происхождения (шерсть, кожа, мех), а также множество покупных элементов (шелк, бусы, бисер, монеты, бляшки,жетоны, раковины). В праздничном костюме чувашей насчитывалось около 20 предметов, выполненных и орнаментированных разными техниками : вышивкой, тканьем, аппликацией,плетением, вязанием и другими. Старинный женский костюм весьма сложен,он состоит из туникообразной белой холщевой рубахи и целой системы вышитых, бисерных и металлических украшений. По костюму можно судить не только о достатке и принадлежности к определенной территориальной группе, а также можно даже узнать, сколько детей у женщины-чувашки.Чувашский народный костюм делится на три основных вида по признакам этнографических групп: вирьял – верховые, анат енчи – средненизовые,анатри – низовые. Различается по принадлежностям элементов к полу,формам ношения, пошиву, орнаментальному украшению и цветовому сочетанию. Но особую роль играл белый цвет одежды. Считалось, что Бог любит белый цвет. Чувашей можно образно назвать детьми солнца. </p><p></p>", "shortDescription": "Знакомство с традиционной одеждой.", "min_price": 200, "max_price": 200, "link": "https://vmuzey.com/event/chuvashskiy-narodnyy-kostyum", "needCheck": true, "status": "accepted", "updateDate": 1640606689044, "start": 1633935600000, "end": 1672405200000, "createDate": 1633023241154, "inAccepted": true, "acceptDate": 1636631955161, "image": {"author": "Билярский музей-заповедник", "name": "6c7bf50b3664c67772e93ca96beea319.jpeg", "realName": "1cd9bef4-8f0c-403c-abe3-613fbb424556.jpg", "source": "Билярский музей-заповедник"}, "photo": "https://pro.culture.ru/uploads/6c7bf50b3664c67772e93ca96beea319.jpeg", "gallery": [], "category": {"name": "Встречи", "sysName": "vstrechi"}, "time": {"start": "2021-10-11 07:00:00", "end": "2022-12-30 13:00:00"}}, {"id": 1362516, "name": "Программа «Татарский народный костюм»", "age": 12, "description": "<p> Фонды Билярского музея – заповедника хранят столетия истории, в котором жизнь и традиции наших предков. Мы бережно храним и передаем последующему поколению нашу историю, прививаем любовь к своим истокам. На этом мероприятии посетители смогут познакомиться с татарским народным костюмом и с растительным орнаментом, который преобладает вэлементах одежды.Национальный костюм – это сложившийся на протяжении веков традиционный комплекс одежды, обуви и аксессуаров, который использовался людьми в повседневном и праздничном обиходе.Они отражали специфику, быт и культуру народа.Состоятельные татары могли позволить себе шить одежду из дорогих покупных тканей – шелка, шерсти, хлопчатобумажной ткани и парчи. Такая одежда украшались воланами, разноцветными лентами, кружевом, тесьмой,мехами.Состоятельные татары могли позволить себе шить одежду из дорогих покупных тканей – шелка, шерсти, хлопчатобумажной ткани и парчи. Такая одежда украшалась воланами, разноцветными лентами, кружевом, тесьмой,мехами.Растительный орнамент татар отличается цветовым богатством, большой вариативностью цветочных и листовых мотивов.Наибольшее распространения у татар получили изображения цветов –тюльпана, хризантемы, георгина.Традиции составляют необычность и особенность народа. О них нужно помнить и знать! </p>", "shortDescription": "Знакомство с традиционной одеждой.", "min_price": 200, "max_price": 200, "link": "https://vmuzey.com/event/tatarskiy-narodnyy-kostyum", "needCheck": true, "status": "accepted", "updateDate": 1640606689044, "start": 1633935600000, "end": 1672405200000, "createDate": 1633022317003, "inAccepted": true, "acceptDate": 1636631122026, "image": {"author": "Билярский музей-заповедник", "name": "d43bb3dd7e35b97885ee7409d781475b.jpeg", "realName": "01a50ce0-d9c6-4d18-92b9-93431ff0544b.jpg", "source": "Билярский музей-заповедник"}, "photo": "https://pro.culture.ru/uploads/d43bb3dd7e35b97885ee7409d781475b.jpeg", "gallery": [], "category": {"name": "Встречи", "sysName": "vstrechi"}, "time": {"start": "2021-10-11 07:00:00", "end": "2022-12-30 13:00:00"}}, {"id": 1362504, "name": "Программа «Русский народный костюм»", "age": 12, "description": "<p> Мы бережно храним и передаем последующему поколению нашу историю, прививаем любовь к своим истокам. На этом мероприятии посетители смогут познакомиться с русским народным костюмом и его элементами одежды.Национальная одежда – это своеобразная книга, научившись читать которую,можно узнать о традициях, об истории своего народа. Жизнь крестьянина была неразрывно связана с природой, возделыванием земли.Праздничная одежда изготавливалась долго и трудно, все делалось руками мастериц. Праздничная и будничная одежда имела сложное декоративное оформление, где важную роль играла вышивка и кружевная отделка.Поэтому по обычаю девочку с малых лет начинали обучать этим непростым,но увлекательным видам творчества. Такая одежда могла многое рассказать освоем владельце: откуда он родом, какого возраста и по какому случаю так одет. </p>", "shortDescription": "Знакомство с традиционной одеждой.", "min_price": 200, "max_price": 1999, "link": "https://vmuzey.com/event/russkiy-narodnyy-kostyum", "needCheck": true, "status": "accepted", "updateDate": 1640606689044, "start": 1633935600000, "end": 1672405200000, "createDate": 1633021408822, "inAccepted": true, "acceptDate": 1636632087637, "image": {"author": "Билярский музей-заповедник", "name": "221ae2c7389641b7d02d52f4d08ca653.jpeg", "realName": "a174a276-cb84-4bb7-9df4-cfa0b6b50d81.jpg", "source": "Билярский музей-заповедник"}, "photo": "https://pro.culture.ru/uploads/221ae2c7389641b7d02d52f4d08ca653.jpeg", "gallery": [], "category": {"name": "Встречи", "sysName": "vstrechi"}, "time": {"start": "2021-10-11 07:00:00", "end": "2022-12-30 13:00:00"}}, {"id": 1362493, "name": "Выставка «Мамонты и ледниковый период»", "age": 12, "description": "<p> Жизнь на территории Алексеевского района была всегда, тому доказательства – останки костей мамонта, которые хранятся в фондах Билярского музея-заповедника. В Ледниковый период или плейстоцен весь Север и умеренные широты северного полушария Земли покрывал ледниковый щит. </p><p>Путешественник во времени, решивший посетить один из плейстоценовых периодов оледенения в северном полушарии, увидел бы там замерзший мир, заселенный множеством шерстистых млекопитающих. Среди них были шерстистые носороги и мамонты, северные олени с очень густой шерстью и косматые мускусные быки. Все эти животные обитали в тундростепи, экосистеме, которой нет в настоящее время.</p><p>Участники мероприятия совершат виртуальное путешествие в ледниковый период, пополнят знания о мамонтах, находках на территории Алексеевского района. </p>", "shortDescription": "Знакомство с останками костей мамонта.", "min_price": 200, "max_price": 200, "link": "https://vmuzey.com/event/mamonty-i-lednikovyy-period", "needCheck": true, "status": "accepted", "updateDate": 1640606689044, "start": 1633935600000, "end": 1672412400000, "createDate": 1633020573456, "inAccepted": true, "acceptDate": 1636632410952, "image": {"author": "Билярский музей-заповедник", "name": "c522b63882ab6341764fbaf5bb130e8e.jpeg", "realName": "a5bf1812-f222-40ea-8db1-a79f63b4124e.jpg", "source": "Билярский музей-заповедник"}, "photo": "https://pro.culture.ru/uploads/c522b63882ab6341764fbaf5bb130e8e.jpeg", "gallery": [], "category": {"name": "Выставки", "sysName": "vystavki"}, "time": {"start": "2021-10-11 07:00:00", "end": "2022-12-30 15:00:00"}}, {"id": 1353911, "name": "Лекция «Дорогами и тропами по просторам наследия Биляра»", "age": 12, "description": "<p><span>Билярское пространство включает большое количество историко-культурных объектов и ландшафтов. Они представлены широким хронологическим сектором от первобытной эпохи до новейшего времени. В рамках мероприятия «Дорогами и тропами по просторам наследия Биляра» рассматриваются следующие центры притяжения:</span></p> <p><span>–цент урбанизации средневековья – Билярское городище;</span></p> <p><span>–центр, связанный с зарождением современной химической науки;</span></p> <p><span>–развитие средневековой цивилизации;</span></p> <p><span>–сакральное пространство связанное с целительными <span> </span>силами воды, огня, природы;</span></p> <p><span>– истоки органической химии ученого-пчеловода из российской глубинки.</span></p>", "shortDescription": "Участники поговорят о местах притяжения Биляра.", "min_price": 500, "link": "https://vmuzey.com/event/dorogami-i-tropami-po-prostoram-naslediya-bilyara", "needCheck": true, "status": "accepted", "updateDate": 1640606689044, "start": 1633071600000, "end": 1672405200000, "createDate": 1632739872229, "inAccepted": true, "acceptDate": 1636633394614, "image": {"author": "Билярский музей-заповедник", "name": "d51291b896806891ecf5c74d05e7125f.jpeg", "realName": "Untitled-7.jpg", "source": "Билярский музей-заповедник"}, "photo": "https://pro.culture.ru/uploads/d51291b896806891ecf5c74d05e7125f.jpeg", "gallery": ["https://pro.culture.ru/uploads/b0e1bc8e8b2be2d5e64e56e11dc1d42c.jpeg", "https://pro.culture.ru/uploads/5e9293a5d8bd1c5a1a5a36e2a55a43d8.jpeg", "https://pro.culture.ru/uploads/61be0bc03e54801c3b228f827bde199f.jpeg", "https://pro.culture.ru/uploads/c4b2b78d81478b0eab7bfde5a0cfc235.jpeg"], "category": {"name": "Обучение", "sysName": "obuchenie"}, "time": {"start": "2021-10-01 07:00:00", "end": "2022-12-30 13:00:00"}}, {"id": 1328205, "name": "Экскурсия «Путешествие в историю Биляра»", "age": 6, "description": "<p> Экспозиция дома – музея А. Е. Арбузова рассказывает о жизни и деятельности великих ученых – химиков А.М.Бутлерове и А.Е. Арбузове.Включает элементы интерактива– Викторина по залу А.М. Бутлерова, «Экзаменует академик А.Е. Арбузов» по залу А.Е. Арбузова.<br /> На Билярском городище туристы получают информацию об археологических остатках столицы Волжско-Камской Булгарии Х – началаХIII вв., историческом памятнике федерального значения.<br /> Историко – археологический музей, находящийся на территории комплекса «Святой ключ», представляет взору посетителей великолепные творения древних булгар, которые славились далеко за пределами государства. За каждым экспонатом стоит многовековая история.<br /> Экскурсия по историко-археологическому музею проходит с элементами интерактива «Торговые пути Биляра».<br /> Завершающим этапом проводится экскурсия по овеянному легендами архитектурно-культовому комплексу «Святойключ». Родник с кристально чистой водой считают священным представители трех религий: язычества, христианства и мусульманства.</p>", "shortDescription": "Путешествие в историю Биляра.", "min_price": 400, "max_price": 400, "link": "https://vmuzey.com/event/puteshestvie-v-istoriyu-bilyara", "needCheck": true, "status": "accepted", "updateDate": 1640606689044, "start": 1632031200000, "end": 1672408800000, "createDate": 1631609016023, "inAccepted": true, "acceptDate": 1636633726237, "image": {"author": "Билярский музей-заповедник", "name": "2e24d85776e88ad30267f386fd794eb2.jpeg", "realName": "33.jpg", "source": "https://xn--80abeiejgafejid0blpls8x.xn--p1ai/"}, "photo": "https://pro.culture.ru/uploads/2e24d85776e88ad30267f386fd794eb2.jpeg", "gallery": ["https://pro.culture.ru/uploads/b092e3a034cf1a94f28b3a5e3e809235.jpeg", "https://pro.culture.ru/uploads/e8a0ba5485ed1f88e33a3e7bb182c80b.jpeg", "https://pro.culture.ru/uploads/cf65207371f3bdf904eede2ba2be1134.jpeg"], "category": {"name": "Экскурсии", "sysName": "ekskursii"}, "time": {"start": "2021-09-19 06:00:00", "end": "2022-12-30 14:00:00"}}]}