{"11984": [{"id": 1438302, "name": "Спектакль «Маленькие трагедии»", "age": 18, "description": "<p> </p><p> Кирилл Серебренников – мастер совмещать в одном спектакле все и сразу. В постановке есть и привычный пушкинский текст, и цитаты из голливудских блокбастеров, и отсылки к поп-арту, и даже Хаски, читающий свои «черные-черные» рифмы. Множество аллюзий к другим произведениям искусства и игра со смыслами – то, за что все так любят не только постмодернизм, но и сам «Гоголь-центр».</p><p>«Моцарт и Сальери», «Скупой рыцарь», «Каменный гость», «Пир во время чумы» – все четыре пушкинские пьесы, а также «Сцена из Фауста» стали основой спектакля. </p>", "shortDescription": "Постановка Кирилла Серебренникова.", "min_price": 1500, "max_price": 8000, "link": "https://gogolcenter.com/events/malenkie-tragedii/", "status": "accepted", "updateDate": 1638784997827, "start": 1640707200000, "end": 1640892000000, "createDate": 1636391074124, "inAccepted": true, "acceptDate": 1637731792663, "image": {"author": "Ира Полярная", "name": "c730d552d6142bdfaaa6a5a312265905.jpeg", "realName": "4fe9fc6cc35e3b1b37e1af73bd941f67.jfif", "source": "https://gogolcenter.com"}, "photo": "https://pro.culture.ru/uploads/c730d552d6142bdfaaa6a5a312265905.jpeg", "gallery": ["https://pro.culture.ru/uploads/7806eaf8ee07328727c6e7aadaa62b51.jpeg"], "category": {"name": "Спектакли", "sysName": "spektakli"}, "time": {"start": "2021-12-28 16:00:00", "end": "2021-12-30 19:20:00"}}, {"id": 1411409, "name": "Спектакль «Спасти орхидею»", "age": 18, "description": "<p> Зрителей ждет история одной семьи, со всеми ее комичными конфликтами, трогательными моментами и недостатком взаимопонимания. Главные герои – мама, бабушка и сын – «застряли» в разных временах, и пока старшее поколение цепляется за прошлое, молодое живет сегодняшним днем.</p><p>Все персонажи, вплоть до странноватого соседа или собаки, имеют свои взгляды и представления о том, что хорошо, что плохо. Но когда живешь в одной квартире, приходится договариваться и искать компромиссы. Поиск взаимопонимания становится одной из главных тем спектакля: благодаря ему жизнь семьи наполняется массой трогательных и комичных ситуаций и становится в чем-то похожей на жизнь любой другой семьи.</p><p>В спектакле используется текст Сергея Уханова.<br /> </p>", "shortDescription": "История, воплощенная Владиславом Наставшевым.", "min_price": 1000, "max_price": 6000, "link": "https://gogolcenter.com/events/spasti-orkhideyu/", "status": "accepted", "updateDate": 1636295667159, "start": 1638205200000, "end": 1638298800000, "createDate": 1635074095712, "inAccepted": true, "acceptDate": 1636295667170, "image": {"author": "Ира Полярная", "name": "61660b1c74d2e813e68dc4c27046f103.jpeg", "realName": "Спасти орхидею.jpg", "source": "https://gogolcenter.com/"}, "photo": "https://pro.culture.ru/uploads/61660b1c74d2e813e68dc4c27046f103.jpeg", "gallery": [], "category": {"name": "Спектакли", "sysName": "spektakli"}, "time": {"start": "2021-11-29 17:00:00", "end": "2021-11-30 19:00:00"}}, {"id": 1410999, "name": "Спектакль «Девять»", "age": 18, "description": "<p>«Девять дней одного года» – один из самых известных фильмов Михаила Ромма, история двух физиков, влюбленных в одну девушку. Это сложный разговор о цене научных открытий и смысле самопожертвования, о том, как упорство в работе и готовность идти до конца ради своей идеи приводят к краху в личной жизни, а в первую очередь – о человеческом героизме.</p><p>В версии режиссера Сергея Виноградова и драматурга Валерия Печейкина действие фильма переносится в условную среду, где быт 60-х годов сочетается с приметами сегодняшнего дня, а ностальгия по прошлому – с мечтами о будущем. Фрагменты киносценария Ромма соединяются с монологами о «Сколково», межпланетных путешествиях и нанороботах. Но главное для создателей спектакля – история любви и дружбы трех людей, пытающихся и не умеющих прийти к взаимопониманию.</p><p>«Девять» – редкий в наше время живой образец психологического театра, спектакль, в котором актеры существуют с максимальной достоверностью и подробной проработкой чувств. Авторы постановки точно и тщательно воссоздают стиль советской киноклассики, в то же время придавая ему новое и неожиданное звучание.</p>", "shortDescription": "Постановка по мотивам фильма Михаила Ромма «Девять дней одного года».", "min_price": 1000, "max_price": 2500, "link": "https://gogolcenter.com/events/devyat/", "status": "accepted", "updateDate": 1639742860341, "start": 1640453400000, "end": 1640541000000, "createDate": 1635008148745, "inAccepted": true, "acceptDate": 1639742860705, "image": {"author": "Ира Полярная", "name": "3d171256b605cad4005dce12c464ae38.jpeg", "realName": "IMG_0760 копия.jpg", "source": "https://gogolcenter.com/"}, "photo": "https://pro.culture.ru/uploads/3d171256b605cad4005dce12c464ae38.jpeg", "gallery": ["https://pro.culture.ru/uploads/76a02dbb0a07bf647fa5f5d76089a5a5.jpeg", "https://pro.culture.ru/uploads/920761d0bef3f149b21b452fc2cd7fae.jpeg"], "category": {"name": "Спектакли", "sysName": "spektakli"}, "time": {"start": "2021-12-25 17:30:00", "end": "2021-12-26 17:50:00"}}, {"id": 1410986, "name": "Спектакль «Красный крест»", "age": 18, "description": "<p> Несмотря на название, с карантином он никак не связан: в центре сюжета – воспоминания женщины, работавшей с официальными документами и письмами Красного креста во время Второй мировой войны. Главная героиня Татьяна теряет память и по кусочкам восстанавливает то, что происходило с ней тогда, в сороковые.</p><p>Спектакль ставит режиссер Семен Серзин по роману молодого и очень успешного писателя Саши Филипенко (возможно, вы уже читали его романы «Травля», «Возвращение в острог», «Бывший сын» или «Замыслы»). Полудокументальный стиль этого текста и его структура позволяют объединить в спектакле сразу несколько эпох и проанализировать, что же поменялось и что осталось неизменным в людях после самой страшной войны.</p><p>Песню «Убил я поэму» (стихи Андрея Вознесенского, музыка Микаэла Таривердиева) исполняют Вадик Королев (OQJAV), Ярослав Тимофеев (OQJAV), Федор Кандинский. </p>", "shortDescription": "Первая послекарантинная премьера Гоголь-центра.", "min_price": 1000, "max_price": 4500, "link": "https://gogolcenter.com/events/krasnyy-krest/", "needCheck": true, "status": "accepted", "updateDate": 1639480919226, "start": 1637946000000, "end": 1642955400000, "createDate": 1635007396302, "inAccepted": true, "acceptDate": 1636295349495, "image": {"author": "Ира Полярная", "name": "320c8e149781f4fc9e6221335a6f57e1.jpeg", "realName": "Красный крест.JPG", "source": "https://gogolcenter.com/"}, "photo": "https://pro.culture.ru/uploads/320c8e149781f4fc9e6221335a6f57e1.jpeg", "gallery": [], "category": {"name": "Спектакли", "sysName": "spektakli"}, "time": {"start": "2021-11-26 17:00:00", "end": "2022-01-23 16:30:00"}}, {"id": 1410961, "name": "Спектакль «Палачи»", "age": 18, "description": "<p> Сегодня понятие «смертная казнь» кажется чем-то из далекого прошлого. Но в России ее отменили только 1996 году, а в Англии – в 1964-ом. Пьеса Мартина МакДонаха «Палачи» закручивается вокруг именно этого события: бывший палач, оставшись без работы, открывает паб на окраине города, пытается ужиться с женой и дочерью-подростком, пьет пиво с постоянными клиентами, общается грубо и свысока – ведь палачи бывшими не бывают, а профессия почетная.<br /><br />Представить, что история из английского паба 60-х без существенных изменений может произойти в подмосковном кабаке нулевых – сложно. Тем не менее адаптация Кирилла Серебренникова, сделанная для Гоголь-центра, убеждает в обратном – у палачей появились русские имена, а криминальная ситуация вокруг появления в пивной загадочного незнакомца обросла узнаваемыми подробностями.<br /><br />Мартин МакДонах, известный миру по фильмам «Залечь на дно в Брюгге», «Семь психопатов», «Три билборда на границе Эббинга, Миссури», стал одним из самых популярных западных авторов в российском театре. Он делает все, что любят зрители: последовательно рассказывает историю, пишет блистательные диалоги, держит интригу, создает парадоксальные ситуации и в итоге выворачивает героев наизнанку. Он создает такие обстоятельства, с которыми каждый может себя соотнести и серьезно задуматься: «А что бы на их месте делал я?».<br /><br />В результате история про палача-бармена и его окружение приводит к разговору о ценности жизни, нелепости смерти, правосудии, обществе, свободе.<br /> </p>", "shortDescription": "Постановка о том, что палачи бывшими не бывают.", "min_price": 1000, "max_price": 7000, "link": "https://gogolcenter.com/events/palachi/", "status": "accepted", "updateDate": 1639489110519, "start": 1637596800000, "end": 1643482800000, "createDate": 1635006367279, "inAccepted": true, "acceptDate": 1639489110589, "image": {"author": "Ира Полярная", "name": "39085f7083387961327ef0a15f82ee9d.jpeg", "realName": "Gogol_2.jpg", "source": "https://gogolcenter.com/"}, "photo": "https://pro.culture.ru/uploads/39085f7083387961327ef0a15f82ee9d.jpeg", "gallery": [], "category": {"name": "Спектакли", "sysName": "spektakli"}, "time": {"start": "2021-11-22 16:00:00", "end": "2022-01-29 19:00:00"}}, {"id": 1410619, "name": "Спектакль «Демоны»", "age": 18, "description": "<p>Действие происходит в городской квартире. На сцене – четыре тридцатилетних человека, две супружеских пары, живущих в одном многоквартирном доме. За фасадом благополучных буржуазных семей – неподъемный груз взаимного раздражения, душевных травм и сексуальных наваждений. Небольшая авария – очень мягкий эвфемизм для размашистого конфликта, в который окажется вовлечен квартет действующих лиц.<br /></p><p>Пьесу современного шведского драматурга Ларса Нурена бесстрашно и с большой дозой абсурдистского юмора, проводящего зрителя по скользким ступеням супружеской жизни, в «Гоголь-центре» ставит молодая звезда латышского театра Элмар Сеньков. Глубокое погружение в текст и тончайший психологизм, которые Сеньков предпочитает броским внешним эффектам, – визитная карточка его режиссуры. Историю про отношения он способен превратить в настоящий триллер.</p>", "shortDescription": "Постановка Эльмара Сенькова по пьесе Ларса Нурена.", "min_price": 1000, "max_price": 2500, "link": "https://gogolcenter.com/events/demons/", "status": "accepted", "updateDate": 1635162598137, "start": 1637510400000, "end": 1637608200000, "createDate": 1634984878952, "inAccepted": true, "acceptDate": 1635162598180, "image": {"author": "Ира Полярная", "name": "e381414ddda64b15cc76f9a725a06b19.jpeg", "realName": "Демоны1.jpg", "source": "https://gogolcenter.com/events/demons/"}, "photo": "https://pro.culture.ru/uploads/e381414ddda64b15cc76f9a725a06b19.jpeg", "gallery": [], "category": {"name": "Спектакли", "sysName": "spektakli"}, "time": {"start": "2021-11-21 16:00:00", "end": "2021-11-22 19:10:00"}}, {"id": 1410562, "name": "Спектакль «Петровы в гриппе»", "age": 18, "description": "<p>Петров – автослесарь, Петрова – библиотекарь, их сын (тоже Петров) – школьник, живут в Екатеринбурге, все как у всех. Ситуацию меняет грипп, подкосивший всю семью: в гриппозном бреду реальность оказывается вовсе не такой, какой ее привыкли видеть сами Петровы и окружающие их люди.</p><p>Роман Алексея Сальникова, впервые опубликованный в 2016 году, сегодня – лауреат и финалист премий «Нос», «Большая книга» и «Национальный бестселлер». В «Гоголь-центре» эту историю о неосознанном погружении в подсознательное ставит режиссер Антон Федоров, превращая сцену в многоуровневое пространство, где действительность смешивается с галлюцинациями, прошлое – с настоящим и будущим, повседневность оборачивается фантасмагорией.</p>", "shortDescription": "Нестандартная история про очень стандартную семью.", "min_price": 2000, "max_price": 8000, "link": "https://gogolcenter.com/events/petrovy-v-grippe-/", "needCheck": true, "status": "accepted", "updateDate": 1640168456655, "start": 1636650000000, "end": 1641669600000, "createDate": 1634982208204, "inAccepted": true, "acceptDate": 1636673648523, "image": {"author": "Ира Полярная", "name": "04225cb1b0d0154d95a6fdc34f56a894.jpeg", "realName": "Петровы в гриппе.jpg", "source": "https://gogolcenter.com/"}, "photo": "https://pro.culture.ru/uploads/04225cb1b0d0154d95a6fdc34f56a894.jpeg", "gallery": [], "category": {"name": "Спектакли", "sysName": "spektakli"}, "time": {"start": "2021-11-11 17:00:00", "end": "2022-01-08 19:20:00"}}, {"id": 1329685, "name": "Спектакль «Человек без имени»", "age": 18, "description": "<p>Пь­еса Ва­лерия Пе­чей­ки­на по про­из­ве­дени­ям кня­зя Вла­дими­ра Одо­евс­ко­го – «русского Фауста», прозаика, философа, общественного деятеля и мистика. Будучи современником Пушкина, Одоевский оказался незаслуженно забыт последующими поколениями. </p><p>Сегодня вновь обратились к личности Одоевского и к его творчеству. Главные вопросы русской литературной и политической жизни Одоевский рассматривал сквозь алхимию и… кулинарию. Им был поставлен новый важнейший вопрос: «Что съесть?», ведь всю историю человечества князь Одоевский называл «описанием битв, разбоев и переселений, происходящих от голода». Парадоксальное мышление проявилось и в пьесе, написанной Валерием Печейкиным по мотивам главных произведений Владимира Федоровича Одоевского.</p><p>Специально для спектакля «Человек без имени» композитор Петр Айду создал уникальный инструмент – пангармоникон, состоящий из десяти пересобранных механических фортепиано. <br /></p>", "shortDescription": "Постановка рассказывает о путешествии души, оказавшейся на пороге смерти.", "min_price": 2500, "max_price": 8000, "link": "https://gogolcenter.com/events/chelovek-bez-imeni/", "needCheck": true, "status": "accepted", "updateDate": 1639480794175, "start": 1640106000000, "end": 1642704000000, "createDate": 1631626810521, "inAccepted": true, "acceptDate": 1637654818585, "image": {"author": "Ира Полярная", "name": "4ae2e26c954811a8905dea2bba2f4818.jpeg", "realName": "PIU_6205.jpg", "source": "Пресс-служба Гоголь-центра"}, "photo": "https://pro.culture.ru/uploads/4ae2e26c954811a8905dea2bba2f4818.jpeg", "gallery": [], "category": {"name": "Спектакли", "sysName": "spektakli"}, "time": {"start": "2021-12-21 17:00:00", "end": "2022-01-20 18:40:00"}}, {"id": 1270401, "name": "Спектакль «Русская красавица»", "age": 18, "description": "<p>Зрители, как и читатели романа, погружаются во внутренний мир героини, и видят все события как бы ее глазами. Ирина Тараканова в исполнении актрисы «Седьмой студии» Екатерины Стеблиной ходит в ярко-красном платье, поет на португальском языке под аккомпанемент загадочного Карлоса (то ли ворона за окном, то ли красавца-дипломата), и разговаривает с Богом через лампочки. Она произносит страстные монологи и танцует под латиноамериканские ритмы, мечтая стать новой Жанной Д’Арк.</p><p>В спектакле Беркович вся сцена покрыта полосатыми матрасами, которые превращаются то в телефонную будку, то в автомобильные сидения, то в могильные плиты. Это мир абсурда, где бред неотделим от реальности, секс и любовь подменяют друг друга, а единственным способом преодолеть безумие становится смерть.</p><p></p>", "shortDescription": "О кра­соте и ми­ре, где не­воз­можны те­ории, а спа­сение – толь­ко в инс­тин­кте люб­ви.", "min_price": 1000, "max_price": 2500, "link": "https://gogolcenter.com/events/russkaya-krasavitsa/", "needCheck": true, "status": "new", "updateDate": 1637778467527, "start": 1632936600000, "end": 1639333200000, "createDate": 1628802826484, "inAccepted": true, "acceptDate": 1637754626941, "image": {"author": "Ира Полярная", "name": "004797fd48510aee530cc3facae8a7bc.jpeg", "realName": "144233ce0e211329ccc036eb1ec02601.jpg", "source": "https://gogolcenter.com/events/russkaya-krasavitsa/"}, "photo": "https://pro.culture.ru/uploads/004797fd48510aee530cc3facae8a7bc.jpeg", "gallery": ["https://pro.culture.ru/uploads/75de4d7a59cdf298a8cfba5101faaabb.jpeg", "https://pro.culture.ru/uploads/938f71e9ee7bd74d655be5ff907414fd.jpeg", "https://pro.culture.ru/uploads/9d087dcab07c1c4b59c653dfc88bc97e.jpeg"], "category": {"name": "Спектакли", "sysName": "spektakli"}, "time": {"start": "2021-09-29 17:30:00", "end": "2021-12-12 18:20:00"}}, {"id": 1270400, "name": "Спектакль «Персона»", "age": 18, "description": "<p>Вниманию зрителей предлагается спектакль режиссера Леры Сурковой по мо­тивам филь­ма Инг­ма­ра Берг­ма­на.</p><p>Знаменитая актриса внезапно замолкает посреди спектакля и с этого момента отказывается общаться при помощи слов. <span>Формально у главной героини счастливая личная жизнь и успешная карьера, а врачи утверждают, что психически она совершенно здорова, поэтому причина ее состояния для окружающих остается загадкой. Вывести пациентку из оцепенения берется медсестра, но не медицинскими способами, а исповедью о своей жизни.</span></p>", "shortDescription": "Сценическая версия киношедевра Ингмара Бергмана.", "min_price": 1000, "max_price": 2500, "link": "https://gogolcenter.com/events/persona/", "needCheck": true, "status": "new", "updateDate": 1637754700708, "start": 1632591000000, "end": 1640288400000, "createDate": 1628802349218, "inAccepted": true, "acceptDate": 1631176167408, "image": {"author": "Ира Полярная ", "name": "e4acad44ce17470043cf0dd789dba6c2.jpeg", "realName": "скрин70.jpg", "source": "https://gogolcenter.com/events/persona/"}, "photo": "https://pro.culture.ru/uploads/e4acad44ce17470043cf0dd789dba6c2.jpeg", "gallery": ["https://pro.culture.ru/uploads/4508878e25151d31c09eadd7f8a0ab35.jpeg"], "category": {"name": "Спектакли", "sysName": "spektakli"}, "time": {"start": "2021-09-25 17:30:00", "end": "2021-12-23 19:40:00"}}, {"id": 1270390, "name": "Спектакль «Мизантроп»", "age": 18, "description": "<p>Комедию Мольера ставит Элмар Сеньков – один из самых популярных молодых режиссеров Латвии. Зрителю театра он уже знаком по спектаклю «Демоны». За основу «Мизантропа» взят не знакомый всем перевод 1957 года, а новый текст Дмитрия Быкова, написанный специально для спектакля. Теперь реалии Мольера намного теснее связаны с нашей действительностью. Время действия – эпоха социальных сетей и свободной информации.</p><p>Элмар Сеньков, режиссер: «Мы пы­та­ем­ся най­ти об­ра­зы, ко­торые жи­вут в се­год­няшнее вре­мя. Кто се­год­ня Аль­цест, а кто Се­лиме­на. Сфор­ми­рова­лась но­вая вир­ту­аль­ная сре­да, но­вый мир, в ко­тором мы де­ла­ем свой мир, свой об­раз, транс­ли­ру­ем свои предс­тав­ле­ния о том, как кра­сиво жить. И по­нят­но, что здесь каж­дый мо­жет уви­деть на сце­не са­мого се­бя. И это ин­те­рес­но: пос­мотреть со сто­роны, как мы де­ла­ем рек­ла­му са­мого се­бя. Но тут по­яв­ля­ет­ся воп­рос: а где сре­ди это­го нас­то­ящее?»</p>", "shortDescription": "Глав­ный воп­рос все тот же: что бу­дет про­ис­хо­дить с че­лове­ком, го­воря­щим толь­ко прав­ду?", "min_price": 500, "max_price": 5000, "link": "https://gogolcenter.com/events/mizantrop/", "needCheck": true, "status": "new", "updateDate": 1637778562943, "start": 1632070800000, "end": 1638730800000, "createDate": 1628800856446, "inAccepted": true, "acceptDate": 1637754562568, "image": {"author": "Ира Полярная", "name": "6143c906e5bab17ac70a5bbf2bb6c894.jpeg", "realName": "55cfd852d94ab65c1d0b381942cd6094.jpg", "source": "https://gogolcenter.com/events/mizantrop/"}, "photo": "https://pro.culture.ru/uploads/6143c906e5bab17ac70a5bbf2bb6c894.jpeg", "gallery": ["https://pro.culture.ru/uploads/2827fa80cada298af59bb515f4be59c6.jpeg", "https://pro.culture.ru/uploads/5e5fbe4709408e4a5583bb5e99e06472.jpeg", "https://pro.culture.ru/uploads/b06b8f1ef7c1a767492939903696d6f9.jpeg", "https://pro.culture.ru/uploads/b66cf5db5f13118d2ffae575ab1e0c65.jpeg", "https://pro.culture.ru/uploads/f543233f84b29c48739e6c7c1f65c38c.jpeg", "https://pro.culture.ru/uploads/e6e4e53e8be1dc0d9447f8ce801cbef5.jpeg"], "category": {"name": "Спектакли", "sysName": "spektakli"}, "time": {"start": "2021-09-19 17:00:00", "end": "2021-12-05 19:00:00"}}, {"id": 1270385, "name": "Спектакль «Молоко»", "age": 18, "description": "<p>Эта история обыкновенной 28-летней москвички Зои начинается в тот день, когда гражданский муж Сережа, с детства тщетно мечтавший о профессии океанолога, крадет из зоопарка пингвинов. Влюбленной Зое не остается ничего другого, кроме как уволиться с работы повара и устроиться на новое место, ближе к дому – ведь ледяную воду для пингвинов надо менять каждые четыре часа. Этим местом оказывается школа, директриса которой очарована познаниями Зои в трудах Джона Максвелла Тейлора: девушка получает место штатного психолога. А психологическая помощь нужна не только трудным подросткам, один из которых, Шурик Большаков, каждую ночь рискует жизнью, запрыгивая на крыши движущихся электричек. Все люди, окружающие Зою, отличаются большими странностями. И именно такой заурядной Зое суждено им помочь – благодаря неожиданно открывшимся паранормальным способностям...</p><p>С пьесой молодого драматурга Екатерины Мавроматис, впервые представленной на фестивале «Любимовка-2016», работает Денис Азаров, ставивший в «Гоголь-центре» «Елку у Ивановых». Режиссер со вкусом и интересом к поэтике абсурда находит ее в современном мире – и современной драматургии. А спектакль по пронзительному, сентиментальному и очень смешному тексту о неприкаянных, страдающих от нехватки тепла людях может пусть немного, но изменить мир к лучшему. Методом своей героини Зои – с помощью любви и понимания.</p><p>Премьера состоялась 13 апреля 2017 года. </p>", "shortDescription": "Пьеса молодого драматурга Екатерины Мавроматис.", "min_price": 1000, "max_price": 2500, "link": "https://gogolcenter.com/events/milk/", "needCheck": true, "status": "accepted", "updateDate": 1639481707125, "start": 1631986200000, "end": 1643224200000, "createDate": 1628800378500, "inAccepted": true, "acceptDate": 1631028845621, "image": {"author": "Ира Полярная", "name": "9b79dc629c3336c0a31db3473e4e6af8.jpeg", "realName": "acd17962029967585fe0c6e8d2e05541.jpg", "source": "https://gogolcenter.com/events/milk/"}, "photo": "https://pro.culture.ru/uploads/9b79dc629c3336c0a31db3473e4e6af8.jpeg", "gallery": ["https://pro.culture.ru/uploads/b85c31ee329cb818fa2d42b5099fc958.jpeg", "https://pro.culture.ru/uploads/4195963a0eabdef128f4d48b5d941a35.jpeg", "https://pro.culture.ru/uploads/aa98682dbbb81e4dbd3c3b1c9f8b5f21.jpeg"], "category": {"name": "Спектакли", "sysName": "spektakli"}, "time": {"start": "2021-09-18 17:30:00", "end": "2022-01-26 19:10:00"}}, {"id": 1270383, "name": "Спектакль «Обыкновенная история»", "age": 18, "description": "<p>Чем эта ис­то­рия обер­ну­лась бы в XXI ве­ке? Ка­ким Аду­ев был бы се­год­ня? Что из­ме­нилось в рос­сий­ской жиз­ни за 150 лет?</p><p></p><p>Молодой и восторженный Александр Адуев приезжает в Петербург из провинции, готовый покорить весь мир. Очень скоро все его идеалы оказываются растоптаны, а сам он повторяет судьбу своего практичного и бесстрастного дяди Петра.</p><p>Кирилл Серебренников, режиссер: «У русской классической литературы – страшная судьба: она ссылается в школу, в школьную программу, и становится любимым материалом для ТЮЗов. Но во второй половине XIX века, когда «Обыкновенная история» вышла, она была одним из самых полемичных и ярких романов, самых обсуждаемых, и вызывала такие же острые дискуссии, как те, что проходят сейчас вокруг книг Владимира Сорокина или Захара Прилепина, – словом, это была сильная по своему воздействию литература. Хотелось бы, чтобы у нас она прозвучала на таком же уровне остроты и полемичности».</p><p>В спектакле исполняется вокальный цикл Александра Маноцкова «Пять коротких откровений» для двух сопрано, низкого академического женского вокала, фортепиано и любительского синтезатора на текст «Откровения Иоанна Богослова».<br /></p><p></p><p></p>", "shortDescription": "Музыкальная постановка Кирилла Серебренникова.", "min_price": 1500, "max_price": 6500, "link": "https://gogolcenter.com/events/obyknovennaya-istoriya/", "needCheck": true, "status": "accepted", "updateDate": 1636388530193, "start": 1631721600000, "end": 1639077600000, "createDate": 1628799985353, "inAccepted": true, "acceptDate": 1636388530491, "image": {"author": "Ира Полярная", "name": "e8ff494a340b6485b7c2027c47620646.jpeg", "realName": "e47ade4450ae6ec3f0d8ddc927f3282a-2.jpg", "source": "https://gogolcenter.com/events/obyknovennaya-istoriya/"}, "photo": "https://pro.culture.ru/uploads/e8ff494a340b6485b7c2027c47620646.jpeg", "gallery": ["https://pro.culture.ru/uploads/dc1678cafa5f1b860c4b1c8839f1dca3.jpeg", "https://pro.culture.ru/uploads/7a55aacb7cd69582746ce9703ef65ce7.jpeg", "https://pro.culture.ru/uploads/f8944d3c11be673881e4e6e5cb560ec9.jpeg", "https://pro.culture.ru/uploads/f86d546006eca052429908de8d606672.jpeg", "https://pro.culture.ru/uploads/6ac8189a434460315dfe8c316c5b17bd.jpeg"], "category": {"name": "Спектакли", "sysName": "spektakli"}, "time": {"start": "2021-09-15 16:00:00", "end": "2021-12-09 19:20:00"}}, {"id": 1270373, "name": "Спектакль «Озеро»", "age": 18, "description": "<p>Где ты сей­час? А где бы ты хо­тел ока­зать­ся в мо­мент апо­калип­си­са?.. </p><p>Близкие и не очень друзья собираются на пикник на озеро. Все они переживают кризис среднего возраста. У каждого – рутинная работа, множество проблем и сложности в личной жизни. Выезд на природу становится поводом для откровенных разговоров и попыткой разобраться в себе. Все чего-то боятся: кто-то – бродящего по лесу кровожадного питбуля, кто-то – наступления апокалипсиса. Но главным открытием для героев оказывается новость о том, что любовь с первого взгляда все-таки существует – только может ли она спасти от внезапной смерти? </p><p>Режиссер Сергей Виноградов, известный зрителям по спектаклю «Девять», ставит новую драму Михаила Дурненкова, написанную специально для театра. Это спектакль об обычных современных людях, у которых много общего со зрителями, сидящими в зале. Герои точно так же ведут самую обыкновенную жизнь в попытках обрести свое счастье.<br /></p><p></p><p>Совместный спектакль Гоголь-центра и «Седьмой студии».</p>", "shortDescription": "Постановка по пьесе Михаила Дурненкова.", "min_price": 1000, "max_price": 2500, "link": "https://gogolcenter.com/events/ozero/", "status": "accepted", "updateDate": 1639572302558, "start": 1631640600000, "end": 1642959000000, "createDate": 1628799226986, "inAccepted": true, "acceptDate": 1639572302619, "image": {"author": "Ира Полярная", "name": "044f2f3e2b8add6048f8369388fd2105.jpeg", "realName": "PIU_0588.jpg", "source": "https://gogolcenter.com"}, "photo": "https://pro.culture.ru/uploads/044f2f3e2b8add6048f8369388fd2105.jpeg", "gallery": ["https://pro.culture.ru/uploads/0bc2ed28f20e388f78c6bebb4d9f4be6.jpeg", "https://pro.culture.ru/uploads/ccc0a71818f500708fac52dfa371e8c0.jpeg", "https://pro.culture.ru/uploads/4a23638ac1e8d1ace5e818515856061d.jpeg", "https://pro.culture.ru/uploads/069c7b47cd1ef0fe587a67ff7aae3eed.jpeg", "https://pro.culture.ru/uploads/f2a3b8b2318ce6f4ed22df8bd2e5806b.jpeg", "https://pro.culture.ru/uploads/28cb17bd80af4405a4a80849d02faef9.jpeg", "https://pro.culture.ru/uploads/7ade3e915f8785740d77934f4bf83a9a.jpeg", "https://pro.culture.ru/uploads/6c58a798246aa89f58475ecfed5ec3e0.jpeg", "https://pro.culture.ru/uploads/99f88a1cc6c2a74cbcc0140002f277df.jpeg", "https://pro.culture.ru/uploads/c53147d88f0d5a3312287392546d1218.jpeg"], "category": {"name": "Спектакли", "sysName": "spektakli"}, "time": {"start": "2021-09-14 17:30:00", "end": "2022-01-23 17:30:00"}}, {"id": 1270369, "name": "Спектакль «(М)ученик»", "age": 18, "description": "<p>Мир уст­ро­ен неп­ра­виль­но. Мир пог­ряз во зле. Мно­го лжи, вранья, ли­цеме­рия. Доб­ро­детель по­руга­на. Ве­ра ут­ра­чена. </p><p></p><p>Главный герой, мальчик Вениамин, считает, что знает все о моральных нормах. Как их надо соблюдать, от кого их надо защищать, что такое хорошо и что такое плохо. Его поведение для окружающих становится серьезным испытанием.</p><p>Где граница между моралью и нетерпимостью, свободой и вседозволенностью, проповедью и терроризмом, религией и манипуляцией? Пьеса современного немецкого драматурга Мариуса фон Майенбурга «Мученик» была написана совсем недавно – ее премьера в постановке автора прошла в берлинском театре «Шаубюне» меньше двух лет назад. На русском языке она играется впервые.</p><p>Автор – Мариус фон Майенбург. Перевод с немецкого – Александр Филиппов-Чехов.</p><p>Сценическая версия Кирилла Серебренникова. Совместная постановка «Гоголь-центра» и «Седьмой студии».</p><p></p>", "shortDescription": "Постановка Кирилла Серебренникова.", "min_price": 1000, "max_price": 6500, "link": "https://gogolcenter.com/events/muchenik/", "status": "accepted", "updateDate": 1639571548182, "start": 1631458800000, "end": 1642015200000, "createDate": 1628798752801, "inAccepted": true, "acceptDate": 1639571548262, "image": {"author": "Ира Полярная", "name": "08cff783ebd55daae9d89db2ef1f8cb4.jpeg", "realName": "57b9dcb4bfbf354ff25f90fc646b6efb.jpg", "source": "https://gogolcenter.com/events/muchenik/"}, "photo": "https://pro.culture.ru/uploads/08cff783ebd55daae9d89db2ef1f8cb4.jpeg", "gallery": ["https://pro.culture.ru/uploads/a3c3f1c834b28bb5ea6d99250f7c8581.jpeg", "https://pro.culture.ru/uploads/8e4545ec7b5663fb2160027e10f6b37c.jpeg", "https://pro.culture.ru/uploads/686fc2e2a0b2bb6dbaf3468a445e8b1d.jpeg", "https://pro.culture.ru/uploads/a26baeac7d3aa4a3ddaa6d9478856a98.jpeg", "https://pro.culture.ru/uploads/3d0c3d06e0bcddf47f680c1cd5e79c4b.jpeg"], "category": {"name": "Спектакли", "sysName": "spektakli"}, "time": {"start": "2021-09-12 15:00:00", "end": "2022-01-12 19:20:00"}}, {"id": 1270366, "name": "Спектакль-игра «Questioning / Кто ты?»", "age": 18, "description": "<p></p><p>Ка­мер­ный спек­такль-иг­ра, где нет сце­ны и ак­те­ров. <br /></p><p>Швейцарская театральная компания «Magic Garden» (Берн) экспериментирует со зрительским восприятием и исследует границы современного театра.</p><p>На один час зрители становятся участниками уникального совместного опыта. Каждому пришедшему предстоит ответить на вопросы из нескольких анкет, пробуждающих интуицию и фантазию, и узнать что-то новое, важное и сокровенное о самом себе.</p><p>Последовательность анкет все глубже погружает участников в себя, и при этом все больше открывает глаза на мир, в котором мы живем, и на связи, которые нас соединяют.</p><p>Кульминацией перформанса становится знакомство и непосредственное живое общение всех участников. Но на этом спектакль не заканчивается, потому что каждый унесет с собой из театра самый настоящий секрет, который – по правилам игры – можно будет раскрыть только наедине с собой.</p><p>При поддержке швейцарского совета по культуре ProHelvetia и компании «Комус».</p><p></p>", "shortDescription": "Интерактивный перфоманс.", "min_price": 1000, "max_price": 1000, "link": "https://gogolcenter.com/events/questioning-kto-ty/", "needCheck": true, "status": "accepted", "updateDate": 1635164075850, "start": 1631368800000, "end": 1636304400000, "createDate": 1628798310200, "inAccepted": true, "acceptDate": 1635164102178, "image": {"author": "Ира Полярная", "name": "6cbdd1f3e50acfa0d17ab48d7d79d3e2.jpeg", "realName": "d97e962cac4ac1ca1b82d271cd5ec1c5.jpg", "source": "https://gogolcenter.com/events/questioning-kto-ty/"}, "photo": "https://pro.culture.ru/uploads/6cbdd1f3e50acfa0d17ab48d7d79d3e2.jpeg", "gallery": ["https://pro.culture.ru/uploads/dd3bc72d325524d5abbc24b1f761f273.jpeg", "https://pro.culture.ru/uploads/91d0f831d441bcbbd6e1dbb4382be172.jpeg", "https://pro.culture.ru/uploads/611efdec8b09e4eab4ad340e7aaff01d.jpeg"], "category": {"name": "Прочие", "sysName": "prochie"}, "time": {"start": "2021-09-11 14:00:00", "end": "2021-11-07 17:00:00"}}, {"id": 1270356, "name": "Спектакль «Мне 30 лет»", "age": 16, "description": "<p>Не­боль­шой се­анс кол­лектив­ной пси­хоте­рапии и ис­то­рии о том, что в раз­ное вре­мя вол­ну­ет и бес­по­ко­ит каж­до­го, но о чем не очень при­нято го­ворить. <br /></p><p>«Мне 30 лет» – спектакль музыканта, сценариста и креативного директора фестиваля «Пикник «Афиши» Василия Зоркого. Он основан на колонках «Неизвестный горожанин», которые Василий писал с 2014 по 2016 год для сайта The Village. Тексты «Неизвестного горожанина» – это размышления о жизни человека в современной Москве. О себе, друзьях, любви и отношениях, о работе, о том, что происходит вокруг. Попытка понять и сформулировать, чем поколение сегодняшних 30-летних отличается от тех, кто был до них и будет после. К 30 годам начинаешь задумываться о каких-то очевидных базовых вопросах. Кто я такой? Чем я занимаюсь? Как я живу? Зачем?</p><p>«Мне 30 лет» – это рассказ о кризисе самоопределения, через который проходят многие, и не у всех получается разобраться в себе и в том, что делать и как жить дальше, чтобы быть счастливым. Это песни, тексты, правдивые рассказы из жизни, музыка группы «Зоркий» и графика молодого, но очень талантливого художника Полины Кукушкиной.</p><p></p>", "shortDescription": "Постановка о проб­ле­ме са­мо­оп­ре­деле­ния.", "min_price": 1000, "max_price": 2500, "link": "https://gogolcenter.com/events/mne-30-let/", "status": "accepted", "updateDate": 1639572935750, "start": 1631035800000, "end": 1643563800000, "createDate": 1628796783077, "inAccepted": true, "acceptDate": 1639572935805, "image": {"author": "Ира Полярная", "name": "b0588248b7504f6314e5257622949070.jpeg", "realName": "b36fe0daeb3c405622d86fd1210d93c4.jpeg", "source": "https://gogolcenter.com/events/mne-30-let/"}, "photo": "https://pro.culture.ru/uploads/b0588248b7504f6314e5257622949070.jpeg", "gallery": ["https://pro.culture.ru/uploads/a55d2625ec00afb84b2d05048e1d25ef.jpeg", "https://pro.culture.ru/uploads/d136677b702bb52080574bfab59ee81a.jpeg", "https://pro.culture.ru/uploads/d74741f98a11c81a7edc743d08dd5c51.jpeg"], "category": {"name": "Спектакли", "sysName": "spektakli"}, "time": {"start": "2021-09-07 17:30:00", "end": "2022-01-30 17:30:00"}}, {"id": 1249811, "name": "Спектакль «Что делать»", "age": 16, "description": "<p>«Что делать» – это спектакль-семинар, спектакль-диспут: партер театра превращен в амфитеатр, сцена – в кафедру, зрительный зал – в аудиторию. Авторы спектакля пытаются ответить на вопрос, что значат сегодня свобода, любовь, честность, искренность; как смотрит современный человек в будущее; какие новые «утопии», надежды питают его сегодня; как эти понятия и темы, поставленные в контекст нашего времени, соотносятся с контекстом XIX века.<br /> <br /> Главный герой романа – женщина. Главная тема – свобода. В самом начале спектакля Вера Павловна произносит текст, который становится манифестом ее жизни: «Я хочу быть свободна, не хочу никому быть обязана ничем, не хочу, чтобы кто-нибудь говорил мне: ты обязана сделать это для меня! Нет, я хочу делать только то, чего буду хотеть. И пусть другие делают так же; я не хочу ни от кого требовать ничего, я не хочу стеснять ничьей свободы и сама хочу быть свободна».<br /></p>", "shortDescription": "Постановка А. Могучего по мотивам романа Н. Чернышевского.", "min_price": 2000, "max_price": 7000, "link": "https://bdt.spb.ru/спектакли/что-делать/", "status": "accepted", "updateDate": 1640642099696, "start": 1634918400000, "end": 1635096900000, "createDate": 1627914338314, "inAccepted": true, "acceptDate": 1630078923826, "image": {"author": "Стас Левшин ", "name": "157b47141e432d80088751fb913df226.jpeg", "realName": "ЧД-1.JPG", "source": "bdt.spb.ru "}, "photo": "https://pro.culture.ru/uploads/157b47141e432d80088751fb913df226.jpeg", "gallery": ["https://pro.culture.ru/uploads/2e7d302fc0d4bf75dbfdb81e0a2f8d79.jpeg", "https://pro.culture.ru/uploads/fbfb645188e4bb242b1ab8be238a681d.jpeg", "https://pro.culture.ru/uploads/f72ee97855f3834a4d799db9cd42eeab.jpeg", "https://pro.culture.ru/uploads/04d54abb4ec317ef2342818669a17bba.jpeg", "https://pro.culture.ru/uploads/c602fae6222be916f9c2d5e206522b50.jpeg", "https://pro.culture.ru/uploads/e6de5a12c9758d018a7e135f517a1c10.jpeg", "https://pro.culture.ru/uploads/2144dcd117cf2ae7b6ae4f693e15d5c4.jpeg", "https://pro.culture.ru/uploads/f312b8ea27c463daee707e9f90ea30fb.jpeg", "https://pro.culture.ru/uploads/1b35e9aec41018e9a7d5733e25f1389b.jpeg"], "category": {"name": "Спектакли", "sysName": "spektakli"}, "time": {"start": "2021-10-22 16:00:00", "end": "2021-10-24 17:35:00"}}]}