{"12711": [{"id": 1438850, "name": "Концерт фестиваля «Джаз-лихорадка»", "age": 6, "description": "<p><span>Один из известнейших джазовых фестивалей Прикамья вновь соберет любителей музыки уже в ноябре. </span><span>Состоится большой фестивальный концерт. Гостями события станут два совершенно замечательных коллектива. Э</span><span>то Alexander Dovgopoly Project (Александр Довгополый), солист саксофонист знаменитого оркестра Игоря Бутмана. Он сыграет со своим известным квинтетом. Во втором отделении свое творчество по многочисленным просьбам пермских любителей джаза представит Большой джазовый оркестр Петра Востокова.</span></p><p><span> </span></p><p>По традиции в перерывах между выступлениями в фойе Большого зала Филармонии пермяки и гости города смогут увидеть выставку ретроспективных фотографий, где будут представлены уникальных кадры с фестивалей прошлых лет. </p><p>Фестиваль организован с соблюдением требований Роспотребнадзора. Вход – по QR-кодам. </p><p>Подробная программа – на <a href=\"https://center-projects.ru/event/jazz-2021/\">сайте</a>.<a href=\"https://center-projects.ru/event/jazz-2021/\"></a><br /></p><p></p><p></p> <p></p><p><span></span> </p><p style=\"margin-left:0px;text-align:justify\"><span></span></p> <p style=\"margin-left:0px;text-align:justify\"><span></span></p>", "shortDescription": "Яркие джазовые коллективы со всей России. ", "min_price": 300, "max_price": 800, "link": "https://perm.kassy.ru/events/koncerty-i-shou/2-69462/hall/", "status": "accepted", "updateDate": 1637834153898, "start": 1638108000000, "end": 1638118800000, "createDate": 1636439997638, "inAccepted": true, "acceptDate": 1637834154003, "image": {"author": "Шайбакова Регина", "name": "a953514b17f875a42777b2bef312684a.jpeg", "realName": "572lDGPXDgI.jpg", "source": "https://center-projects.ru/"}, "photo": "https://pro.culture.ru/uploads/a953514b17f875a42777b2bef312684a.jpeg", "gallery": [], "category": {"name": "Концерты", "sysName": "koncerty"}, "time": {"start": "2021-11-28 14:00:00", "end": "2021-11-28 17:00:00"}}]}