{"12435": [{"id": 1500082, "name": "Спектакль «Академия смеха»", "age": 12, "description": "<p>Драматург Цубаки пытается получить разрешение на постановку своей новой комедии. Но, как назло, в должность цензора недавно вступил лишенный юмора и далекий от искусства солдафон Сакисаки, который при каждом визите творца просит его внести в текст новые изменения. По требованию чиновника Цубаки добавляет в текст патриотические лозунги, специально придумывает роль для начальника полиции, отчего пьеса с каждым разом становится все смешнее и абсурднее. Результатом этого изматывающего процесса становится полная победа над цензором, который настолько проникается театральным делом, что разыгрывает импровизированный спектакль прямо в своем кабинете.</p> <p>Это остроумный парадокс, шкатулка с секретом, которая открывается не сразу. Прочитав в анонсе спектакля сюжет о борьбе художника с цензором, не спешите с выводами. Мрачный цензор Сакисаки засмеется на протяжении семи дней 83 раза.</p>", "shortDescription": "Остроумная философская комедия японского драматурга и сценариста Коки Митани.", "min_price": 300, "max_price": 300, "link": "https://quicktickets.ru/shadrinsk-dramteatr/e29", "status": "accepted", "updateDate": 1639556708367, "start": 1641646800000, "end": 1641653700000, "createDate": 1638433892573, "inAccepted": true, "acceptDate": 1639556708439, "image": {"author": "Шадринский драматический театр", "name": "9a5a8cf69e9af6713a9d2b1807e74ed1.jpeg", "realName": "DSC_1629.JPG", "source": "https://vk.com/shgdt"}, "photo": "https://pro.culture.ru/uploads/9a5a8cf69e9af6713a9d2b1807e74ed1.jpeg", "gallery": ["https://pro.culture.ru/uploads/81a244b4bf0c92377c40ab92f6b76afa.jpeg", "https://pro.culture.ru/uploads/b047556876822e5addb1b73dee50f3a0.jpeg", "https://pro.culture.ru/uploads/03e02aac86fd017c9e188c1b959bec53.jpeg", "https://pro.culture.ru/uploads/908698c5e5c7430a31e427e6592d4640.jpeg"], "category": {"name": "Спектакли", "sysName": "spektakli"}, "time": {"start": "2022-01-08 13:00:00", "end": "2022-01-08 14:55:00"}}, {"id": 1333190, "name": "Спектакль «Чудеса пренебрежения, или Женщины – это дьяволы»", "age": 12, "description": "<p> Действие происходит в Испании XVI века. Богатая красавица Донья Хуана, завидная невеста. Ее руки и сердца добиваются женихи со всей округи. Страдает от любви к ней и Дон Педро де Хирона. Но она принципиально игнорирует мужчин, по ее словам они: «бедствие, чума… и постыдно из-за них стать рабой страсти … И чтоб покориться воле мужчины, лучше быть прикованным к скале!» Но мудрый весельчак Эрнандо, слуга Дон Педро, знает толк в амурных делах. Он своими хитроумными комбинациями добивается, казалось бы, невозможного … Неприступная Донья Хуана снимает с лица маску мужененавистника. Она, как и все, женщина из плоти и крови, и не может больше держать в себе живой огонь любви. </p><p> </p><p>Продолжительность – 1 ч. 30 мин., без антракта.</p> <p></p>", "shortDescription": "Комедия по пьесе Лопе де Вега.", "min_price": 250, "max_price": 300, "link": "https://quicktickets.ru/shadrinsk-dramteatr/s23", "status": "accepted", "updateDate": 1632988000543, "start": 1635069600000, "end": 1635079200000, "createDate": 1631775941143, "inAccepted": true, "acceptDate": 1632988000546, "image": {"author": "Мордовский государственный национальный театр", "name": "4c163bf088f36f83fbfb0392de8a6276.jpeg", "realName": "IMG_2427 (1).JPG", "source": "http://mordvateatr.ru/repertoire/wonders-of-neglect"}, "photo": "https://pro.culture.ru/uploads/4c163bf088f36f83fbfb0392de8a6276.jpeg", "gallery": ["https://pro.culture.ru/uploads/6e3c7ce969ac6951220f2942667bd2c4.jpeg", "https://pro.culture.ru/uploads/aa119a86da360214cdd0acbfaa5e8ae3.jpeg"], "category": {"name": "Спектакли", "sysName": "spektakli"}, "time": {"start": "2021-10-24 10:00:00", "end": "2021-10-24 12:40:00"}}, {"id": 1333175, "name": "Спектакль «Пижама на шестерых»", "age": 12, "description": "<p> Вечер накануне выходных. Муж, узнав о том, что его жена собирается навестить любимую маму, решил воспользоваться ситуацией и пригласил к себе домой любовницу. Но жена, Жаклин, заподозрившая что-то неладное, остается. К тому же, по словам оправдывающегося мужа, к нему должен приехать его близкий друг Роберт – любовник Жаклин. А тут еще выясняется, что у любовницы мужа день рождения, и он пригласил домой повариху приготовить праздничный ужин. По забавному стечению обстоятельств каждому приходится играть совсем не ту роль, которая была запланирована вначале. Вот такой вот запутанный, но вкусный гарнир по-французски! </p>", "shortDescription": "Комедия по пьесе Марка Камолетти.", "min_price": 250, "max_price": 295, "link": "https://quicktickets.ru/shadrinsk-dramteatr/s24", "status": "accepted", "updateDate": 1632988065212, "start": 1634994000000, "end": 1635003000000, "createDate": 1631775796045, "inAccepted": true, "acceptDate": 1632988065216, "image": {"author": "Мордовский национальный театр", "name": "c46ab6a2f745c53a9a8f6628c941f1c3.jpeg", "realName": "IMG_0161.JPG", "source": "http://mordvateatr.ru/repertoire/m-kamoletti-pijama-na-shesteryih"}, "photo": "https://pro.culture.ru/uploads/c46ab6a2f745c53a9a8f6628c941f1c3.jpeg", "gallery": ["https://pro.culture.ru/uploads/62b516f86d96be559fcc9ce08e21f480.jpeg", "https://pro.culture.ru/uploads/087008a974618a33f23555c4e666a2c8.jpeg", "https://pro.culture.ru/uploads/6077e745bccc346ff5cb9f268e577fbd.jpeg"], "category": {"name": "Спектакли", "sysName": "spektakli"}, "time": {"start": "2021-10-23 13:00:00", "end": "2021-10-23 15:30:00"}}, {"id": 1288110, "name": "Спектакль «Подходцев и двое других»", "age": 16, "description": "<p> Драматург Аркадий Аверченко писал о себе и своих друзьях. О тех, кто не строит планов, потому что понимает: надо радоваться настоящему. Он писал о дружбе, о «человеческой троице, которая причудливо сошлась разными путями к одной и той же точке». Сошлись, познакомились, привыкли друг к другу и поверили, что стали друзьями навсегда. Никогда не знаешь, что этой лихой троице – Подходцеву, Громову и Клинкову – взбредет в голову. То они издают юмористический журнал с вкусным названием «Апельсин», то нянчатся с крикливым подкидышем, то решают проучить жадного и трусливого нувориша... Живут дружной цветистой жизнью, то и дело влезают в авантюры, попадают в приключения. </p>", "shortDescription": "Грустная комедия жизни по юмористической повести Аркадия Аверченко.", "min_price": 250, "max_price": 300, "link": "https://quicktickets.ru/shadrinsk-dramteatr/e5", "needCheck": true, "status": "new", "updateDate": 1637652774019, "start": 1644066000000, "end": 1644152400000, "createDate": 1629742251736, "inAccepted": true, "acceptDate": 1636710783602, "image": {"author": "Шадринский драматический театр", "name": "d9ba5d933a2aa09e0d69a38741df283d.jpeg", "realName": "itpVPditqZ8.jpg", "source": "https://vk.com/shgdt?z=album-6116392_278957986"}, "photo": "https://pro.culture.ru/uploads/d9ba5d933a2aa09e0d69a38741df283d.jpeg", "gallery": ["https://pro.culture.ru/uploads/e0b495c6fb170fa1eaed257a400b7544.jpeg", "https://pro.culture.ru/uploads/c7d54dbce5c5652db0ecb8a254707237.jpeg", "https://pro.culture.ru/uploads/c0936d1839edf6250f73abf55123e7e8.jpeg", "https://pro.culture.ru/uploads/0a083b4b0d2d01023bcd0783eb24d5ea.jpeg", "https://pro.culture.ru/uploads/baf3fed73cd1dd5f896c55c35cae3443.jpeg", "https://pro.culture.ru/uploads/a2368356667dfb036554c5b83d3cd304.jpeg"], "category": {"name": "Спектакли", "sysName": "spektakli"}, "time": {"start": "2022-02-05 13:00:00", "end": "2022-02-06 13:00:00"}}, {"id": 1244882, "name": "Спектакль «Любимые чудики»", "age": 12, "description": "<p> У Шукшина нет выдуманных героев. Он писал о тех, кого знал, с кем жил в одном селе, учился и работал. Его главный герой – простой человек, искренний в своих проявлениях, часто «чудик» с особым взглядом на мир, умеющий видеть радость в горе и счастье в печали.</p><p>Пять рассказов – пять историй, в которых, как всегда у Шукшина, один главный герой – загадочная русская Душа. Пишут ли герои рассказ в местную газету о своей любви и обиде, рассматривают ли в микроскоп микробов, покупают ли за «огромные деньги» жене сапожки для радости, ругаются с тещей, собираются в гости к сыну, живущему за тысячи километров, – все они делают искренне и от души. </p>", "shortDescription": "Пять историй по замечательным рассказам Василия Макаровича Шукшина от молодых артистов.", "min_price": 200, "max_price": 250, "link": "https://quicktickets.ru/shadrinsk-dramteatr/s11", "needCheck": true, "status": "accepted", "updateDate": 1640083408096, "start": 1636203600000, "end": 1642863600000, "createDate": 1627635371396, "inAccepted": true, "acceptDate": 1637652714497, "image": {"author": "Шадринский драматический театр", "name": "8efe39b1361edd0b1bd7d636d31e6ce7.jpeg", "realName": "d477c2c772-3.jpg", "source": "shgdt.ru"}, "photo": "https://pro.culture.ru/uploads/8efe39b1361edd0b1bd7d636d31e6ce7.jpeg", "gallery": ["https://pro.culture.ru/uploads/c0e98d5a4b025398bebb65ad6c73d84b.jpeg", "https://pro.culture.ru/uploads/8ab5cd9f60422ddd8a3e32bf30f7d487.jpeg"], "category": {"name": "Спектакли", "sysName": "spektakli"}, "time": {"start": "2021-11-06 13:00:00", "end": "2022-01-22 15:00:00"}}, {"id": 1244856, "name": "Спектакль «Укрощение строптивой»", "age": 16, "description": "<p> Любовь как поединок между мужчиной и женщиной! Место, где терпкие страсти похожи на молодое вино! А сама постановка яркая, веселая, эмоциональная, как шумный и пестрый уличный карнавал! Прекрасный язык, ажурная вязь остроумных диалогов, необузданные характеры, музыка, танцы, бои на шпагах, элементы комедии дель арте и великолепный сюжет на все времена! </p><p>«Рожден я, чтобы укротить тебя и сделать кошечкой из дикой кошки». Кто кого укротит?! Вы узнаете в конце этого увлекательнейшего и яркого спектакля!</p> <p> </p><p></p>", "shortDescription": "Зрителей ждет комедия Шекспира.", "min_price": 250, "max_price": 300, "link": "https://quicktickets.ru/shadrinsk-dramteatr", "needCheck": true, "status": "new", "updateDate": 1637759109725, "start": 1638536400000, "end": 1641481200000, "createDate": 1627634979939, "inAccepted": true, "acceptDate": 1637653801508, "image": {"author": "Шадринский драматический театр", "name": "5cbf78055feb52494d9eff574d660258.jpeg", "realName": "DSC_1232.JPG", "source": "https://vk.com/shgdt"}, "photo": "https://pro.culture.ru/uploads/5cbf78055feb52494d9eff574d660258.jpeg", "gallery": ["https://pro.culture.ru/uploads/10c584191eba290845e91853be983cfb.jpeg", "https://pro.culture.ru/uploads/6ea2b5c03cfe03a36bff0ad160217359.jpeg", "https://pro.culture.ru/uploads/2983cb1d92666b6fb5e27e145524c28d.jpeg"], "category": {"name": "Спектакли", "sysName": "spektakli"}, "time": {"start": "2021-12-03 13:00:00", "end": "2022-01-06 15:00:00"}}, {"id": 1244801, "name": "Улётная комедия «Боинг-Боинг»", "age": 16, "description": "<p style=\"text-align:justify\"></p><p>Комедия Марка Камолетти «Боинг-Боин» стала настоящим театральным бестселлером XX века. Пьеса французского драматурга поставлена в 60 странах мира, и известные театры всегда не прочь взять ее в свой репертуар. </p><p>Много невест не бывает, считает архитектор Бернар. У него, например, целых три. Француженка Мишель, американка Мэри и немка Марта. Все красавицы и умницы, но самое главное – все они стюардессы. В то время, когда Мэри собирается вылетать, Мишель приземляется, а Марта находится в рейсе. Точное расписание самолетов – залог спокойствия и счастливой жизни Бернара. В один прекрасный день отлаженная система дает сбой и все летит кувырком! <br /></p>", "shortDescription": "Эти легкомысленные французы, по мнению которых жизнь – только тогда жизнь, когда кровь играет!", "min_price": 250, "max_price": 300, "link": "https://quicktickets.ru/shadrinsk-dramteatr/e28", "status": "accepted", "updateDate": 1639062329829, "start": 1639227600000, "end": 1641396000000, "createDate": 1627634251444, "inAccepted": true, "acceptDate": 1639062329917, "image": {"author": "Шадринский драматический театр", "name": "d378b914a4f8d3343b87afa398010d26.jpeg", "realName": "-8sCst0CdP8.jpg", "source": "https://vk.com/shgdt"}, "photo": "https://pro.culture.ru/uploads/d378b914a4f8d3343b87afa398010d26.jpeg", "gallery": ["https://pro.culture.ru/uploads/75f0882bc5b22dda4b6be17c4a32c1fc.jpeg", "https://pro.culture.ru/uploads/90d68398da15519b9ff8653eb972e9ec.jpeg"], "category": {"name": "Спектакли", "sysName": "spektakli"}, "time": {"start": "2021-12-11 13:00:00", "end": "2022-01-05 15:20:00"}}, {"id": 1244707, "name": "Сказка «Царевна-лягушка»", "age": 6, "description": "<p>Невиданные чудеса в сказке, знакомой с детства! Не все то золото, что блестит. Первое впечатление часто бывает обманчиво: за неприглядной внешностью лягушки может скрываться прекрасная да искусная Василиса Премудрая. А чтобы спасти ее от чар Кащея Бессмертного, нужно Ивану пройти испытания непростые, три пары железных сапог износить, три железных хлеба изгрызть. Но, кто за счастье борется, к тому оно и клонится!<br />Жанр: Сказка</p><p>Автор пьесы: Николай Коляда</p><p>Режиссер: Алексей Сысоев</p><p>Художник: Алексей Унесихин</p><p></p>", "shortDescription": "Волшебная сказка о поисках своего счастья и непростых испытаниях на пути к нему.", "min_price": 150, "max_price": 200, "link": "https://quicktickets.ru/shadrinsk-dramteatr/s16", "needCheck": true, "status": "accepted", "updateDate": 1640420687494, "start": 1642917600000, "end": 1642921200000, "createDate": 1627632954128, "inAccepted": true, "acceptDate": 1637822265627, "image": {"author": "Шадринский драматический театр", "name": "1186dea95200da61686e2cfe2b0c5766.jpeg", "realName": "F_R8c-eIsE8.jpg", "source": "https://vk.com/photo-6116392_457244244"}, "photo": "https://pro.culture.ru/uploads/1186dea95200da61686e2cfe2b0c5766.jpeg", "gallery": ["https://pro.culture.ru/uploads/a927c25af2e171decf835ae1af2ec4a3.jpeg", "https://pro.culture.ru/uploads/8142298c89d8b2c8f2482015306f16ea.jpeg"], "category": {"name": "Спектакли", "sysName": "spektakli"}, "time": {"start": "2022-01-23 06:00:00", "end": "2022-01-23 07:00:00"}}, {"id": 563742, "name": "Спектакль «...и Пес с ними»", "age": 12, "description": "<p> Задумывались ли вы, отчего иногда так завораживающе красиво танцуют рыбки в аквариуме? Видели ли когда-нибудь, как плачут весенние коты? Проносилась ли перед вашими глазами вся долгая жизнь старого пса, в которой тебя любят?.. И ты любишь?..</p><p>Вас ждет море эмоций и три истории, рассказанные животными, легкие и шутливые на первый взгляд. Но они заставляют серьезно задуматься о жизни, любви, отношениях, а может, и увидеть в героях себя.</p><p> Написал и поставил эту замечательную пьесу режиссер Александр Штендлер, а художником спектакля стала Светлана Яговитина. <br /></p>", "shortDescription": "Театральная постановка.", "min_price": 250, "max_price": 300, "link": "https://quicktickets.ru/shadrinsk-dramteatr/s67", "needCheck": true, "status": "accepted", "updateDate": 1640587291182, "start": 1580994000000, "end": 1643464800000, "createDate": 1580117881501, "inAccepted": true, "acceptDate": 1640585704946, "image": {"author": "Шадринский драматический театр", "name": "5eb0c70825c900cf89ecdf5a10719b05.jpeg", "realName": "DSC_0394.JPG", "source": "https://vk.com/shgdt"}, "photo": "https://pro.culture.ru/uploads/5eb0c70825c900cf89ecdf5a10719b05.jpeg", "gallery": ["https://pro.culture.ru/uploads/2dd5c51bd6425170f8f697f6c75e9dda.jpeg"], "category": {"name": "Спектакли", "sysName": "spektakli"}, "time": {"start": "2020-02-06 13:00:00", "end": "2022-01-29 14:00:00"}}]}