{"11131": [{"id": 1546244, "name": "Программа «История новогодней игрушки»", "age": 12, "description": "<p>Новый год – самый любимый, семейный праздник. Праздник с чудесным превращением и подарками от Деда Мороза. Наряжать елку – это предпраздничный творческий процесс. У каждого человека есть своя любимая елочная игрушка и, конечно же, интересная история, связанная с появлением этих игрушек. Во время познавательной новогодней программы участники узнают: откуда пошла традиция наряжать праздничное дерево, когда появилась новогодняя игрушка, какие елочные украшение были актуальны в разные времена и кто первым нарисовал новогоднюю открытку. </p><p>Также зрителей ждет встреча с интересными людьми – старожилами поселка, которые расскажут о своем детстве и о том, как они встречали Новый год во время войны. Прозвучат песни и стихи на новогоднюю тему в исполнении самодеятельных артистов Центра культуры и досуга. В конце состоится мастер-класс по изготовлению новогодней игрушки «Ангел».</p> <p style=\"margin-left:9px\"><span></span></p><p></p>", "shortDescription": "Мероприятие повысит интерес к истории елочной игрушки, традиции празднования Нового года.", "min_price": 250, "link": "http://dk-sovremennik.ru/", "status": "accepted", "updateDate": 1640326243365, "start": 1640599200000, "end": 1640689200000, "createDate": 1639988698757, "inAccepted": true, "acceptDate": 1640326243375, "image": {"author": "яндекс", "name": "b8144b6e30d2edec0477cc8214eebbe9.jpeg", "realName": "игрушка.jpg", "source": "https://image.jimcdn.com/app/cms/image/transf/dimension=4096x4096:format=jpg/path/s8ce9a7daab9f19eb/image/i9236383a8ee60aee/version/1449761862/image.jpg"}, "photo": "https://pro.culture.ru/uploads/b8144b6e30d2edec0477cc8214eebbe9.jpeg", "gallery": [], "category": {"name": "Встречи", "sysName": "vstrechi"}, "time": {"start": "2021-12-27 10:00:00", "end": "2021-12-28 11:00:00"}}, {"id": 1527818, "name": "Концерт «Снежная карусель»", "age": 12, "description": "<p>Концертный зал гостеприимно распахнет свои двери для зрителей и пригласит всех присутствующих окунуться в волшебный мир новогодней сказки. Самодеятельные артисты руднянской сцены готовят для своих поклонников снежно-музыкальный вихрь из задорных песен, зажигательных танцев и завораживающих композиций. С наступившим Новым годом присутствующих поздравят Дед Мороз, Снегурочка и символ наступившего года – Тигр. </p><p>В программе примут участие:</p><ul><li>народные вокальные ансамбли «Криница» и «Дубравушка»;</li><li>мужской вокальный ансамбль «Русская душа»;</li><li>образцовая вокальная студия «Новая волна»;</li><li>солисты: Елена Бирюкова, Анна Резникова, Марина Квитко и др.</li></ul>", "shortDescription": "Яркое музыкальное представление подарит зрителям волшебное новогоднее настроение.", "min_price": 200, "link": "https://forma1.ru/bcalendar?site=dk-sovremennik.ru&cald_id=54821", "status": "accepted", "updateDate": 1640326302442, "start": 1640959200000, "end": 1640964600000, "createDate": 1639381355672, "inAccepted": true, "acceptDate": 1640326302451, "image": {"name": "5f9411e7da1943069a9385a9aa7ab812.jpeg", "realName": "202edc0c4db7efc80c907310415f8ae5.jpeg"}, "photo": "https://pro.culture.ru/uploads/5f9411e7da1943069a9385a9aa7ab812.jpeg", "gallery": ["https://pro.culture.ru/uploads/1b5168123a75f8c50a229b68801e7329.jpeg", "https://pro.culture.ru/uploads/f42adfc457b7d86981f0218238c43263.jpeg", "https://pro.culture.ru/uploads/129d177d3e2bff25e7be7d11fae99163.jpeg", "https://pro.culture.ru/uploads/2bcddae182fc9615729005ced3dfa716.jpeg"], "category": {"name": "Концерты", "sysName": "koncerty"}, "time": {"start": "2021-12-31 14:00:00", "end": "2021-12-31 15:30:00"}}]}