{"11610": [{"id": 1348193, "name": "Мастер-класс «Дыхательная гимнастика Стрельниковой для жизни и для сцены»", "age": 12, "description": "<p>Мастер-класс проводят опытный педагог, профессиональный актер театра. Гимнастика считается уникальной, так как у нее нет аналогов во всем мире. Система предусматривает совершенно необычный вдох носом вместе с движениями, сжимающими грудную клетку и посылающими воздух на предельную глубину легких. Таким образом вырабатывается полное диафрагмальное дыхание. <br /> На слизистой оболочке носа располагаются рецепторы, которые рефлекторно связаны почти со всеми органами и системами человеческого организма. Так как, физическая активность требует поступления большого количества кислорода, то именно при выполнении этой гимнастики он значительно лучше усваивается тканями всего организма, повышая его иммунитет.</p>", "shortDescription": "Участники получат навыки умения выполнять специальные дыхательные упражнения.", "min_price": 350, "max_price": 350, "link": "https://www.mos.ru/afisha/event/139092257/", "status": "accepted", "updateDate": 1636479726564, "start": 1638543600000, "end": 1638546300000, "createDate": 1632405825238, "inAccepted": true, "acceptDate": 1636479726571, "image": {"author": "pixabay", "name": "f9a53960cf7e6f42fc949c1a16eaf5d4.jpeg", "realName": "IMG-20210813-WA0032.jpg", "source": "pixabay"}, "photo": "https://pro.culture.ru/uploads/f9a53960cf7e6f42fc949c1a16eaf5d4.jpeg", "gallery": [], "category": {"name": "Обучение", "sysName": "obuchenie"}, "time": {"start": "2021-12-03 15:00:00", "end": "2021-12-03 15:45:00"}}]}