{"11675": [{"id": 1520590, "name": "Серия мастер-классов «Время суток»", "age": 0, "description": "<p>Жили на свете четыре сестры. Были они совершенно разные: одна – задумчивая, тихая, любила звезды и луну, вторая – немного сонная, с кучей планов, обожала все светлое, третья – хохотушка-веселушка, ей нравились яркие цвета и много движения, а четвертая – романтичная, летающая в облаках. Сестры вечно ссорились. Доброму волшебнику стало жалко девушек. Решил он их собрать и зачаровать – сделать так, чтобы они бодрствовали по очереди. Так и появились ночь, утро, день и вечер. Вы сможете запечатлеть этих сестер. </p><p>Мастер-класс рассчитан на четыре дня. На первом занятии вас ждет рисунок «Утро на море» с тропическими цветами. На втором – «Жаркий полдень на пляже» с раскидистыми пальмами. На третьем– «Вечерний закат». На четвертом – «Ночное море». Каждый пейзаж может быть отдельным рисунком. </p><p>Работа над полиптихом начинается с подбора красок для фона каждого времени суток. После высыхания прорисовывается задний план, светотени. Затем – детальная проработка рисунка. По завершении работы вас ждет фотосессия с работой в волшебной рамочке. В каждой последующей картине используются детали от предыдущего творения, чтобы пейзажи были связаны.</p>", "shortDescription": "Занятия по интуитивному рисованию полиптих.", "min_price": 1000, "max_price": 1000, "link": "http://tkskuncevo.ru", "status": "accepted", "updateDate": 1639749278998, "start": 1647352800000, "end": 1647615600000, "createDate": 1639044026331, "inAccepted": true, "acceptDate": 1639749279098, "image": {"author": "ТКС \"Кунцево\"", "name": "3ed0976e1b31d4568a20b3774bf53cae.png", "realName": "Полиптих.png", "source": "http://tkskuncevo.ru"}, "photo": "https://pro.culture.ru/uploads/3ed0976e1b31d4568a20b3774bf53cae.png", "gallery": [], "category": {"name": "Обучение", "sysName": "obuchenie"}, "time": {"start": "2022-03-15 14:00:00", "end": "2022-03-18 15:00:00"}}]}