{"10949": [{"id": 1528709, "name": "Спектакль «Когда приходит чудо»", "age": 0, "description": "<p> Чудеса живут вокруг. Они открывают свои объятия каждому, особенно в новогодние дни. И это предвкушение праздника делает людей счастливее. Сказочные персонажи спектакля призывают надеяться, верить, фантазировать и мечтать.</p><p>Возрастных ограничений нет. Телефон для справок: 2-72-97. По поводу коллективных заявок обращаться по номеру: +7 (950) 624-50-64. </p><p>Вход возможен только при наличии средств защиты органов дыхания, QR-кода, подтверждающего вакцинацию от COVID-19 или перенесенную коронавирусную инфекцию не более 6 месяцев назад. </p>", "shortDescription": "По мотивам сказки «Девочка со спичками».", "min_price": 400, "max_price": 400, "link": "https://vmuzey.com/event/kogda-prihodit-chudo", "status": "accepted", "updateDate": 1640353751763, "start": 1640422800000, "end": 1640869200000, "createDate": 1639391662348, "inAccepted": true, "acceptDate": 1640353751884, "image": {"author": "https://organization.vmuzey.com/tickets/activity", "name": "06ed73e8b4a4d6e5fa86e9695993aaa4.jpeg", "realName": "с.jpeg", "source": "https://organization.vmuzey.com/tickets/activity"}, "photo": "https://pro.culture.ru/uploads/06ed73e8b4a4d6e5fa86e9695993aaa4.jpeg", "gallery": ["https://pro.culture.ru/uploads/5f0263c91d7d79b73bbb1849f5ad1326.jpeg", "https://pro.culture.ru/uploads/49d37c18c393def7ea6a04f4bb3aca5c.jpeg"], "category": {"name": "Спектакли", "sysName": "spektakli"}, "time": {"start": "2021-12-25 09:00:00", "end": "2021-12-30 13:00:00"}}]}