{"12073": [{"id": 1366899, "name": "Выставка «Московский быт военной поры»", "age": 0, "description": "<p><span>30 сентября 2021 года в Музее обороны Москвы открылась фотовыставка «Московский быт военной поры», на которой представлены снимки фотокорреспондентов, работавших в годы войны в Москве, таких как А. Устинов, Н. Грановский, Я. Халип, Ф. Кислов, Н. Кубеев, З. Неверова, В. Шаровский и др. Выставка состоит из двух разделов: «Улицы города» и «Новые занятия москвичей».<span> </span></span></p><p><span>В 1941 году в Москве жили 4,2 миллиона человек. Примерно половина жителей до конца лета покинули город: ушли на фронт или были эвакуированы. Город опустел, враги приближались стремительно – все понимали, что скоро начнется битва за Москву. Жители города начали учиться делать то, чего раньше никогда не делали. Конечно, большей частью это были женщины, заменившие ушедших на фронт мужчин. Они работали по 10–11 часов на заводах, ночью отражали вражеские налеты, строили оборонительные рубежи, дежурили в госпиталях, отдавали свою кровь раненым. Тяготы военных будней почувствовали на себе и юные жители столицы, во многом взявшие на себя обязанности взрослых. </span></p><p> </p><p><span>Часть представленных на выставке фотографий рассказывает о столичной медицине в годы войны, часть<span> </span>– о работе оборонных предприятий, на некоторых фотоснимках можно увидеть жизнь детей и подростков в прифронтовой столице.</span></p><p><i> </i></p><p></p><p></p>", "shortDescription": "Военные годы столицы на фотографиях современников.", "min_price": 175, "max_price": 175, "link": "https://www.mos.ru/afisha/event/181892257/", "status": "accepted", "updateDate": 1633512951903, "start": 1633762800000, "end": 1644159600000, "createDate": 1633334853525, "inAccepted": true, "acceptDate": 1633512951921, "image": {"author": "Музей обороны Москвы", "name": "083f48fa974330f6ef688cfded9f761b.jpeg", "realName": "0TVB6gNDvOnASvRHkk_CD7duGf7-GwSfAXPcDDGc7Dgv3elCx1R4CrG-g3H5F45T.jpg", "source": "Музей обороны Москвы"}, "photo": "https://pro.culture.ru/uploads/083f48fa974330f6ef688cfded9f761b.jpeg", "gallery": [], "category": {"name": "Выставки", "sysName": "vystavki"}, "time": {"start": "2021-10-09 07:00:00", "end": "2022-02-06 15:00:00"}}, {"id": 1269469, "name": "Интерактивная программа «Противовоздушная оборона столицы в период Московской битвы»", "age": 0, "description": "<p> В ходе программы «Противовоздушная оборона столицы в период Московской битвы» посетители узнают о светомаскировке Москвы, о гитлеровских самолетах-бомбардировщиках и сбрасываемых ими на город боеприпасах, о боевых средствах защиты города. Экскурсовод расскажет о героях противовоздушной обороны Москвы – прожектористах, аэростатчиках, летчиках и зенитчиках, а также о подвигах простых москвичей в спасении родной столицы от пожаров и разрушений. Ребята, посетившие интерактивную программу в игровой форме смогут почувствовать себя в составе дружины противовоздушной обороны. </p>", "shortDescription": "Программа знакомит с работой местной противовоздушной обороны столицы в период Московской битвы.", "min_price": 300, "max_price": 450, "link": "https://www.mos.ru/afisha/event/155706257/", "status": "accepted", "updateDate": 1630477258227, "start": 1630479600000, "end": 1660662000000, "createDate": 1628768905146, "inAccepted": true, "acceptDate": 1630573098939, "image": {"author": "Государственный музей обороны Москвы", "name": "d38877f4b5a308a41dc9971b2de317d2.jpeg", "realName": "3F9A5164.JPG", "source": "Государственный музей обороны Москвы"}, "photo": "https://pro.culture.ru/uploads/d38877f4b5a308a41dc9971b2de317d2.jpeg", "gallery": [], "category": {"name": "Экскурсии", "sysName": "ekskursii"}, "time": {"start": "2021-09-01 07:00:00", "end": "2022-08-16 15:00:00"}}, {"id": 1269340, "name": "Интерактивная программа «Оружие защитников Москвы»", "age": 0, "description": "<p> Интерактивная программа познакомит с наиболее распространенными образцами стрелкового вооружения Красной Армии и Вермахта периода Московской битвы. Участники программы смогут подержать в руках револьвер системы Нагана, пистолет ТТ, легендарную винтовку Мосина и ППШ-41 и узнают об истории создания оружия времен Великой Отечественной войны, особенностях его конструкции и применения в боевых условиях. Каждый из образцов может поведать свою историю, стоит лишь захотеть ее узнать. Можно ли с одной винтовкой остановить роту противника? Почему не найти двух одинаковых ППШ? Ответы на эти и многие другие вопросы гости музея узнают, посетив программу. </p>", "shortDescription": "Программа знакомит с распространенными образцами вооружения стран – участников Московской битвы.", "min_price": 300, "max_price": 450, "link": "https://www.mos.ru/afisha/event/155720257/", "status": "accepted", "updateDate": 1630477382953, "start": 1630479600000, "end": 1660662000000, "createDate": 1628766921700, "inAccepted": true, "acceptDate": 1630573111869, "image": {"author": "Государственный музей обороны Москвы", "name": "84bee3ecd98c8dfc2d96317080e07911.jpeg", "realName": "п2.jpg", "source": "Государственный музей обороны Москвы"}, "photo": "https://pro.culture.ru/uploads/84bee3ecd98c8dfc2d96317080e07911.jpeg", "gallery": [], "category": {"name": "Экскурсии", "sysName": "ekskursii"}, "time": {"start": "2021-09-01 07:00:00", "end": "2022-08-16 15:00:00"}}, {"id": 1249089, "name": "Экскурсия «Детство, опаленное войной»", "age": 0, "description": "<p>Выставка посвящена юным годам самого старшего поколения в нашей стране. В период Великой Отечественной войны детям и молодежи в Москве приходилось много учиться и трудиться, чтобы заменить ушедших воевать взрослых. Их ровесникам, оказавшимся в зоне боевых действий, бывало, приходилось брать в руки оружие. Сыновья полка, юные партизаны, сироты – трагичные образы, представленные в творчестве практически всех фронтовых художников и фотографов. Среди представленной на выставке графические работы таких известных фронтовых художников, как Виталий Горяев, Иван Евстигнеев, Николай Жуков, Виктор Макеев, Софья Уранова. </p>", "shortDescription": "Обзор выставки, посвященной детям периода Великой Отечественной войны.", "min_price": 175, "max_price": 175, "link": "https://www.mos.ru/afisha/event/77400257/", "status": "accepted", "updateDate": 1630910410806, "start": 1627974000000, "end": 1632668400000, "createDate": 1627902010264, "inAccepted": true, "acceptDate": 1630910568134, "image": {"author": "В.С. Кинеловский", "name": "5429f04da678ef2621985ff44becc963.jpeg", "realName": "жжж.jpg", "source": "Государственный музей обороны Москвы"}, "photo": "https://pro.culture.ru/uploads/5429f04da678ef2621985ff44becc963.jpeg", "gallery": [], "category": {"name": "Встречи", "sysName": "vstrechi"}, "time": {"start": "2021-08-03 07:00:00", "end": "2021-09-26 15:00:00"}}, {"id": 1249005, "name": "Выставка «Нюрнберг: к 75-летию приговора»", "age": 0, "description": "<p>75 лет назад, 1 октября 1946 года, в немецком городе Нюрнберг Международным военным трибуналом был озвучен приговор высшему руководству Третьего рейха. Помимо участников процесса, в зале суда находились также репортеры и художники. Одним из них был Николай Жуков – корреспондент газеты «Правда». Он сделал сотни зарисовок, которые затем легли в основу серии нюрнбергских рисунков, выполненных для Музея Вооруженных сил в год 25-летия Нюрнбергского процесса. Оригиналы хранятся в разных музеях России, часть из них – в фонде Государственного музея обороны Москвы. </p><p>Посетители увидят судебные зарисовки Николая Жукова, ценные и как документальные свидетельства важного исторического события, и как произведения выдающегося художника. </p><p>«Вернувшись в Москву и работая сейчас над композициями Нюрнбергского процесса, я рад, что мне удалось видеть и зафиксировать этот важный исторический процесс, являющийся результатом борьбы и усилий всего свободолюбивого человечества, борьбой моего народа с ненавистным фашизмом», – писал Николай Жуков.</p>", "shortDescription": "Судебные зарисовки Николая Жукова.", "min_price": 175, "max_price": 175, "link": "https://www.mos.ru/afisha/event/119238257/", "status": "accepted", "updateDate": 1630910541953, "start": 1629183600000, "end": 1642863600000, "createDate": 1627900697906, "inAccepted": true, "acceptDate": 1630910579145, "image": {"author": "Государственный музей обороны Москвы", "name": "b69e74fa0db6848e62c19c91d112755c.jpeg", "realName": "Геринг.jpg", "source": "Государственный музей обороны Москвы"}, "photo": "https://pro.culture.ru/uploads/b69e74fa0db6848e62c19c91d112755c.jpeg", "gallery": [], "category": {"name": "Выставки", "sysName": "vystavki"}, "time": {"start": "2021-08-17 07:00:00", "end": "2022-01-22 15:00:00"}}, {"id": 1248944, "name": "Экскурсия «Великий подвиг защитников Москвы»", "age": 0, "description": "<p>На выставке представлены подлинные предметы, относящиеся к событиям тех лет. Посетители узнают, как формировалось народное ополчение и проводилась противовоздушная оборона столицы, каким был быт москвичей в 1941–1942 годах. В первом зале рассказывается о начале Великой Отечественной войны, во втором – об отражении воздушных налетов на Москву (с июля 1941 года по апрель 1942-го), в третьем – о самой битве. В четвертом зале посетители узнают о периоде контрнаступления, а в пятом – об остальных этапах войны. </p>", "shortDescription": "Экспозиция, посвященная Московской битве.", "min_price": 500, "max_price": 500, "link": "https://www.mos.ru/afisha/event/339257/", "status": "accepted", "updateDate": 1640610243214, "start": 1628233200000, "end": 1654095600000, "createDate": 1627899559790, "inAccepted": true, "acceptDate": 1631116465452, "image": {"author": "Государственный музей обороны Москвы", "name": "7adb2ee668cec92613a7a0339664c016.jpeg", "realName": "Зал №3 Композиция Цех военного времени, экспозиция ГМОМ.jpg", "source": "Государственный музей обороны Москвы"}, "photo": "https://pro.culture.ru/uploads/7adb2ee668cec92613a7a0339664c016.jpeg", "gallery": [], "category": {"name": "Экскурсии", "sysName": "ekskursii"}, "time": {"start": "2021-08-06 07:00:00", "end": "2022-06-01 15:00:00"}}]}