{"11290": [{"id": 1513795, "name": "Театрализованная программа «В гостях у традиций»", "age": 0, "description": "<p> Детская библиотека № 31 приглашает на театрализованное представление в честь празднования Масленицы. Мероприятие посвящено национальным традициям и предполагает знакомство с бытом, праздничными и трудовыми обрядами, искусством древних славян на основе устного народного творчества. Ведь знать свое прошлое – значит сохранять духовные ценности и поддерживать связь времен. А фольклор – это кладезь знаний о предках, зеркало народной культуры. </p><p>Вниманию гостей будет предложен спектакль, который поможет погрузиться в атмосферу прошлого и познакомиться с обычаями прощания с зимой и встречи весны. Зрители также смогут принять участие в народных играх и забавах. В конце гостям будет предложен творческий мастер-класс по созданию народной куколки «Крестьяночка». Событие будет интересно представителям всех возрастных категорий.</p>", "shortDescription": "Представление, игры, мастер-класс.", "min_price": 250, "max_price": 250, "link": "https://tickets.mos.ru/#/event-read/11983", "status": "accepted", "updateDate": 1639639136086, "start": 1645963200000, "end": 1645968600000, "createDate": 1638872788674, "inAccepted": true, "acceptDate": 1639639136166, "image": {"author": "-", "name": "8afdf30ccd8696540598f53abbfa4599.jpeg", "realName": "«В гостях у традиций».jpg", "source": "-"}, "photo": "https://pro.culture.ru/uploads/8afdf30ccd8696540598f53abbfa4599.jpeg", "gallery": [], "category": {"name": "Встречи", "sysName": "vstrechi"}, "time": {"start": "2022-02-27 12:00:00", "end": "2022-02-27 13:30:00"}}]}