{"11487": [{"id": 1300349, "name": "Концерт «Моя земля»", "age": 0, "description": "<p><span>Гостей библиотеки ждет звучание традиционного музыкального инструмента «тумран» из кости оленя, которое погружает в атмосферу северных просторов, а звуки бубна и нарс-юха (звучащее дерево) рождают вибрации природы, песни и танцы, как этно-код наших предков. <span> </span>Гости вечера <span>погрузятся в иное измерение, даже не понимая слов, почувствуют свою вселенскую сопричастность к миру красивого народа ханты, к миру самой природы.</span></span></p> <p><span>Вера Кондратьева – музыкант, композитор, новатор в области исполнения традиционных песен коренных малочисленных народов Севера, исполнитель фольклора ханты и манси. Участник международной музыкальной группы Yggdrasil («Дерево Рода»). Актриса театра обско-угорских народов «Солнце», г. Ханты-Мансийск. </span></p> <p><span>Вырученные денежные средства с концерта пойдут в благотворительный фонд им. Антона Кульш «Югра в беде не бросает».</span></p>", "shortDescription": "Зрители услышат глубину и силу голоса народа ханты.", "min_price": 350, "link": "https://www.mos.ru/afisha/event/156518257/?utm_source=search&utm_term=serp", "status": "accepted", "updateDate": 1630392690131, "start": 1631286000000, "end": 1631290800000, "createDate": 1630327529030, "inAccepted": true, "acceptDate": 1630573485302, "image": {"author": "Вера Кондратьева ", "name": "715dbc9be160909c3dbf1e6bfbe5b644.jpeg", "realName": "1ea65f63.jpg", "source": "Архив автора "}, "photo": "https://pro.culture.ru/uploads/715dbc9be160909c3dbf1e6bfbe5b644.jpeg", "gallery": [], "category": {"name": "Концерты", "sysName": "koncerty"}, "time": {"start": "2021-09-10 15:00:00", "end": "2021-09-10 16:20:00"}}]}