{"10801": [{"id": 1249314, "name": "Экскурсия по выставке «Ощущенья детских лет…»: Есенин и Рубцов»", "age": 0, "description": "<p>Экскурсия охватывает весь творческий путь поэтов, прослеживая закономерности их пути и сложности выбора, их творческие достижения и поиски. </p><p>Посетители услышат проникновенные строки лирики С. Есенина и Н. Рубцова, яркий рассказ о поэтических сборниках, выставках, выступлениях поэтов, их личных привязанностях, друзьях, увидят предметы быта, которые окружали поэтов с детства, проникнутся атмосферой их детских и юношеских лет, смогут прочувствовать схожесть биографических и жизненных мироощущений.</p><p> </p><p>Обязательна предварительная запись по телефону: +7 (495) 483-95-15. </p><p></p><p></p>", "shortDescription": "Рассказ об образах детства в творчестве поэтов.", "min_price": 250, "max_price": 350, "link": "https://listim.com/iframe/158/api?document_referrer=https%3A%2F%2Fyandex.ru%2F&site=esenin-museum.ru&cat_id=undefined&building_id=undefined#/place/367749?view_mode=undefined", "status": "accepted", "updateDate": 1640212146754, "start": 1630576800000, "end": 1672480800000, "createDate": 1627905868821, "inAccepted": true, "acceptDate": 1632142365462, "image": {"author": "Московский государственный музей С.А. Есенина", "name": "0045bcd2beb75e79ed9a806015ab61f4.jpeg", "realName": "f.jpg", "source": "https://esenin-museum.ru/"}, "photo": "https://pro.culture.ru/uploads/0045bcd2beb75e79ed9a806015ab61f4.jpeg", "gallery": [], "category": {"name": "Экскурсии", "sysName": "ekskursii"}, "time": {"start": "2021-09-02 10:00:00", "end": "2022-12-31 10:00:00"}}, {"id": 1249145, "name": "Выставка «Ощущенья детских лет…»: Есенин и Рубцов»", "age": 6, "description": "<p>«Все живое особой метой / Отмечается с ранних пор», – писал Сергей Есенин в пору «Москвы кабацкой». Даже те предметы быта, которые окружали поэта с детства, дают ключ к пониманию его мировоззрения.</p><p>На выставке представлены предметы домашнего обихода и этнографические реликвии из фондов музея, связанные с жизнью не только Есенина, но и Рубцова – во многом его продолжателя, вобравшего тематику и риторику любимого поэта. Посетители увидят предметы быта, которые окружали поэтов с детства, проникнутся атмосферой их детских и юношеских лет, смогут прочувствовать схожесть биографических и жизненных мироощущений.</p><p>Информация – по телефону: +7 (495) 483-95-15.</p>", "shortDescription": "Экспозиция, посвященная образам детства в творчестве С. Есенина и Н. Рубцова.", "min_price": 150, "max_price": 300, "link": "https://listim.com/iframe/158/api?document_referrer=https%3A%2F%2Fyandex.ru%2F&site=esenin-museum.ru&cat_id=undefined&building_id=undefined#/place/146646?view_mode=undefined", "needCheck": true, "status": "accepted", "updateDate": 1640212182417, "start": 1630576800000, "end": 1672498800000, "createDate": 1627903084183, "inAccepted": true, "acceptDate": 1629278179787, "image": {"author": "Московский государственный музей С. А. Есенина", "name": "e455a36079faa08bfc214209a7cc7a80.jpeg", "realName": "moy_dom-moy_mir1.jpg", "source": "https://esenin-museum.ru/"}, "photo": "https://pro.culture.ru/uploads/e455a36079faa08bfc214209a7cc7a80.jpeg", "gallery": [], "category": {"name": "Выставки", "sysName": "vystavki"}, "time": {"start": "2021-09-02 10:00:00", "end": "2022-12-31 15:00:00"}}]}