{"12653": [{"id": 1484810, "name": "Концерт «Верни мне музыку»", "age": 6, "description": "<p><span>Концертный оркестр духовых инструментов «Классик-модерн бэнд» под управлением заслуженного артиста России Виктора Кочнева и солисты Антон Николаев, Виктор Кузнецов, Евгения Ливинец, Анна Карасова (фортепиано), Федор Бочкарев (труба) создали новую программу к 100-летнему юбилею композитора. </span></p><p><span>Имя Арно Бабаджаняна хорошо известно и любителям советских песен, и поклонникам классической музыки. Эстрадные шлягеры «Королева красоты», «Лучший город земли», «Свадьба», «Чертово колесо», «Верни мне музыку» до сих пор на слуху, эти песни знает старшее поколение и молодежь. Композитор обрел огромную популярность, сотрудничая с поэтами Р. Рождественским, Е.Евтушенко, А.Вознесенским, Л.Дербеневым. </span></p><p><span>Многие песни армянского композитора исполнил Муслим Магомаев. Немало написал композитор произведений для фортепиано, скрипки, виолончели, оркестровых произведений, многое сделал в области инструментального джаза, музыкально-театральных жанров. </span></p><p><span></span><span>В программе прозвучат такие известные и любимые произведения, как «Ноктюрн» для фортепиано с оркестром, «Серенада» для трубы с оркестром, «Грезы» для фортепиано с оркестром, песни «Королева красоты», «Благодарю тебя», «Море зовет», «Судьба», «Твои следы», «Год любви», «Пока я помню, я живу» и др.</span></p>", "shortDescription": "Выступление оркестра «Классик-модерн бэнд» к 100-летию композитора Арно Бабаджаняна.", "min_price": 350, "max_price": 600, "link": "https://quicktickets.ru/vologda-direkciya-prazdnikov/s11", "needCheck": true, "status": "accepted", "updateDate": 1638435768209, "start": 1639832400000, "end": 1639839600000, "createDate": 1637912662008, "inAccepted": true, "acceptDate": 1638435768437, "image": {"author": "Валентина Марютина", "name": "e5f7a4f1ee9c68f2211efcb8e1fe7fbe.jpeg", "realName": "23ver17.jpg", "source": "https://vk.com/vgmha"}, "photo": "https://pro.culture.ru/uploads/e5f7a4f1ee9c68f2211efcb8e1fe7fbe.jpeg", "gallery": [], "category": {"name": "Концерты", "sysName": "koncerty"}, "time": {"start": "2021-12-18 13:00:00", "end": "2021-12-18 15:00:00"}}, {"id": 1438945, "name": "Концерт «Молодые дарования»", "age": 0, "description": "<p> Перед слушателями выступит Губернаторский оркестр русских народных инструментов, художественный руководитель и главный дирижер – заслуженная артистка России Галина Перевозникова. В вечере принимают участие талантливые юные музыканты Вологодской области, которые покажут навыки владения музыкальными инструментами и вокальные способности. </p><p></p><p></p><p> </p><p></p><p>Программа</p><p> </p><ol><li>И. Шильцева. «Рондо трех поросят».</li><li>Г. Клин. «Соловей и дрозд».</li><li>Ж. Матита. «Дьявольский рег».</li><li>Ю. Полунин. «Концертино».</li><li>П. Чайковский. Концерт для фортепиано с оркестром № 1 b moll, 3 часть Allegro con fuoco.</li><li>И. Дунаевский, сл. М. Матусовского. «Молчание» из к/ф «Веселые звезды».</li><li>Е. Дербенко. «Гуляй, россияне!».</li><li>Русская народная песня «Утушка луговая», обр. В. Гридина. </li><li>А. Вивальди. Концерт G dur, 1 часть. </li><li>Ю. Гаврилов. «Метелица».</li><li>Украинская народная песня «Ехал казак за Дунай», обр. В. Гридина. </li><li>З. Абреу. «Тико-Тико».</li><li>А. Цыганков. «Гусляр и скоморох». </li><li>Русская народная песня «Ванюшка мой». </li><li>Э. Боцца. Contepastoral.</li><li>А. Шалов. «Цыганская фантазия».</li><li>Русская народная песня «Чижик–пыжик», обр. И. Тамарина.</li></ol>", "shortDescription": "Программа с участием одаренных детей Вологодской области.", "min_price": 150, "max_price": 150, "link": "https://volfilarmonia.ru/meropriyatiya/molodyie-darovaniya.html", "status": "accepted", "updateDate": 1636611290861, "start": 1637416800000, "end": 1637422200000, "createDate": 1636440904233, "inAccepted": true, "acceptDate": 1636611296604, "image": {"author": "Захарова Татьяна", "name": "fbbacf09ad3086770f40292ba98f6b3b.jpeg", "realName": "hFC9qrVinr4.jpg", "source": "Архив Вологодской филармонии"}, "photo": "https://pro.culture.ru/uploads/fbbacf09ad3086770f40292ba98f6b3b.jpeg", "gallery": [], "category": {"name": "Концерты", "sysName": "koncerty"}, "time": {"start": "2021-11-20 14:00:00", "end": "2021-11-20 15:30:00"}}, {"id": 1364466, "name": "Литературно-музыкальный вечер «Поверьте мне: я чист душою»", "age": 6, "description": "<p>Литературно-музыкальная композиция «Поверьте мне, я чист душой...» раскрывает природу и характер творческого наследия поэта через его письма, отзывы современников. Образ лирического героя поэзии Рубцова воплотит на сцене артист Камерного драматического театра М. Слепченков. Песни на стихи поэта прозвучат в исполнении солиста Хоровой академической капеллы им. В. Сергеева А. Николаева и солистки оркестра Русских народных инструментов «Перезвоны» М. Зайцевой. Соло на гармони – лауреат всероссийских и международных конкурсов А. Труфанов.</p><p>В программе – музыка В. Гаврилина, С. Рахманинова, Г. Шендерева, А. Ларина, песни на стихи Н. Рубцова известных современных композиторов – А. Петрова, А. Морозова, Е. Крылатова, А. Барыкина. Прозвучат малоизвестные произведения Н. Рубцова – стихи для детей и песни самого поэта.</p>", "shortDescription": "Концерт подготовлен к 85-летию со дня рождения поэта Н. Рубцова.", "min_price": 400, "max_price": 400, "link": "https://quicktickets.ru/vologda-direkciya-prazdnikov/e5", "needCheck": true, "status": "accepted", "updateDate": 1634808726588, "start": 1639314000000, "end": 1639321200000, "createDate": 1633093139874, "inAccepted": true, "acceptDate": 1634808726705, "image": {"author": "Елена Легчанова", "name": "b47bca302569f8d6b1bba4e50081bf44.jpeg", "realName": "IMG_1019.jpg", "source": "http://cultinfo.ru/news/2021/9/programmu-poverte-mne-ya-chist-dushoyu-posvyashche"}, "photo": "https://pro.culture.ru/uploads/b47bca302569f8d6b1bba4e50081bf44.jpeg", "gallery": [], "category": {"name": "Концерты", "sysName": "koncerty"}, "time": {"start": "2021-12-12 13:00:00", "end": "2021-12-12 15:00:00"}}, {"id": 1346709, "name": "Концерт «Сотворение»", "age": 12, "description": "<p>На закрытии фестиваля «Кружева» выступит Ярославский академический губернаторский симфонический оркестр, Художественный руководитель и главный дирижер – Мурад Аннамамедов. Солирует Марина Катаржнова (скрипка).</p><p>Программа:</p><ol><li> Иоганн Себастьян Бах. Концерт № 1 для скрипки с оркестром ре минор, BWV 1052r (Allegro, Adagio, Allegro).</li><li>Николай Попов. «Вологодские кружева» (VIII) для симфонического оркестра с электроникой (2021) Мировая премьера, по заказу Музыкального фестиваля «Кружева» – 2021.</li><li>Рихард Вагнер. Увертюра к опере «Тангейзер» (1845, опера написана в 32 года).</li><li> Морис Равель. «Болеро». Opus 32. Проект газеты «Музыкальное обозрение» (2021).</li></ol><p>Концерт пройдет при поддержке Министерства культуры Российской Федерации.</p>", "shortDescription": "Классические музыкальные произведения для симфонического оркестра.", "min_price": 350, "max_price": 550, "link": "https://volfilarmonia.ru/meropriyatiya/zakryitie-festivalya-%C2%ABkruzheva%C2%BB-%C2%ABsotvorenie%C2%BB.html", "status": "accepted", "updateDate": 1636478508017, "start": 1633874400000, "end": 1633879800000, "createDate": 1632385366591, "inAccepted": true, "acceptDate": 1636478508025, "image": {"author": "Пресс-служба Свердловской филармонии", "name": "8f40f3d4b4873d6e1ca3b6cf3ea27d89.jpeg", "realName": "1.jpg", "source": "https://sgaf.ru/festival/11841/foto#0"}, "photo": "https://pro.culture.ru/uploads/8f40f3d4b4873d6e1ca3b6cf3ea27d89.jpeg", "gallery": [], "category": {"name": "Концерты", "sysName": "koncerty"}, "time": {"start": "2021-10-10 14:00:00", "end": "2021-10-10 15:30:00"}}, {"id": 1322870, "name": "Концерт «Осень в ритме джаза»", "age": 0, "description": "<p><span>В этот вечер впервые объединятся певец Алексей Светлов и концертный оркестр духовых инструментов «Классик-модерн бэнд» под руководством заслуженного артиста РФ Виктора Кочнева. Они воссоздадут атмосферу самых ярких музыкальных шоу середины прошлого века. Живое звучание оркестра вместе с потрясающим голосом солиста не оставят вас равнодушными: в этом могут убедится все, кто придет на концерт 29 сентября в Колледж Искусств</span><span>.</span></p> <p><span>Алексея Светлова по праву ценят за его уникальный бархатный баритон: в прошлом участник телепроекта «Фабрика звезд», Алексей несколько лет назад серьезно увлекся джазом и теперь успешно выступает на различных концертных площадках России. Его харизма, актерский талант и более чем 20-летний опыт выступлений, всегда делают появление артиста на сцене ярким и запоминающимся.</span></p>", "shortDescription": "Вы услышите самые знаковые композиции ХХ века, начиная с золотой эпохи джаза.", "min_price": 300, "max_price": 400, "link": "https://quicktickets.ru/vologda-direkciya-prazdnikov/s1", "status": "accepted", "updateDate": 1631429945003, "start": 1632929400000, "end": 1632934800000, "createDate": 1631263637284, "inAccepted": true, "acceptDate": 1631531585192, "image": {"author": "Елена Легчанова", "name": "7a25f52a22f90094000949b1076bcef7.jpeg", "realName": "светлов.jpg", "source": "http://cultinfo.ru/news/index.php?CODE=orkestr-klassik-modern-bend-i-pevets-aleksey-svetl"}, "photo": "https://pro.culture.ru/uploads/7a25f52a22f90094000949b1076bcef7.jpeg", "gallery": [], "category": {"name": "Концерты", "sysName": "koncerty"}, "time": {"start": "2021-09-29 15:30:00", "end": "2021-09-29 17:00:00"}}]}