{"10033": [{"id": 1556550, "name": "Концерт «Музыкальные открытия Вены»", "age": 6, "description": "<p> Единственный в России ансамбль гобоистов Shepherd trio откроет для зрителей загадочный мир гобоя и заставит забыть о технических трудностях игры на инструменте. Выпускники Московской государственной консерватории имени П. И. Чайковского, лауреаты международных конкурсов Кристина Степанова, Петр Степанов и Святослав Поздняков покажут себя не только виртуозными гобоистами, но и яркими представителями молодого поколения музыкальной России. Для чебоксарцев прозвучат произведения Людвига ван Бетховена, чешских композиторов Иоганна Вендта и Франца Кроммера. </p>", "shortDescription": "Дивертисменты, трио, вариации и попурри для двух гобоев и английского рожка.", "min_price": 200, "max_price": 1000, "link": "https://cheboksary.kassir.ru/koncert/muzyikalnyie-otkryitiya-venyi#985355", "status": "accepted", "updateDate": 1640613456786, "start": 1644073200000, "end": 1644076800000, "createDate": 1640331414814, "inAccepted": true, "acceptDate": 1640613456944, "image": {"author": "chfila.ru", "name": "621f717bbf34f7f928c2bcfc766216e5.jpeg", "realName": "DSC_5910-Bearbeitet-2.jpg", "source": "chfila.ru"}, "photo": "https://pro.culture.ru/uploads/621f717bbf34f7f928c2bcfc766216e5.jpeg", "gallery": [], "category": {"name": "Концерты", "sysName": "koncerty"}, "time": {"start": "2022-02-05 15:00:00", "end": "2022-02-05 16:00:00"}}, {"id": 1538040, "name": "Концерт «Золотые хиты мировой оперы»", "age": 0, "description": "<p>Только в светлый праздник Рождества и только для истинных ценителей прекрасного – эксклюзивная концертная программа от трех знаменитых басов современности! Заслуженные артисты России Михаил Гужов и Владимир Кудашев, а также лауреат международных конкурсов Отар Кунчулиа, с успехом выступающие на сценах Большого театра, московских театров «Новая опера» и «Геликон-опера», готовят для чебоксарцев яркое музыкальное поздравление.</p><p> «Золотые хиты мировой оперы» – это и концерт, и зажигательное шоу, и творческая встреча, и уютные посиделки в кругу друзей, когда даришь друг другу частичку своего тепла и заряжаешься позитивом на весь предстоящий год. Зрителей ждет целая россыпь жанров и стилей. Оперные арии, давно вошедшие в разряд популярной классики, и русские народные песни, способные затронуть самые тонкие струны души. Старинные романсы, позволяющие насладиться выразительностью мелодики и поэтического слога, и такие полюбившиеся меломанам разных поколений хиты отечественного репертуара, как «Очи черные», «Эх, Настасья», «Улица, улица», «Вдоль по Питерской».</p>", "shortDescription": "Самые яркие басы современности споют арии и дуэты, русские народные песни и старинные романсы.", "min_price": 200, "max_price": 1000, "link": "https://cheboksary.kassir.ru/koncert/zolotyie-hityi-mirovoy-operyi#978398", "status": "accepted", "updateDate": 1640594469518, "start": 1641564000000, "end": 1641567600000, "createDate": 1639637820170, "inAccepted": true, "acceptDate": 1640416013305, "image": {"author": "gazprom.com", "name": "584fea6449715e7d799ab1bd5c20828c.jpeg", "realName": "w1400_landysh-opera-15.jpg", "source": "https://www.gazprom.com/preview/f/posts/10/131346/w1400_landysh-opera-15.jpg"}, "photo": "https://pro.culture.ru/uploads/584fea6449715e7d799ab1bd5c20828c.jpeg", "gallery": ["https://pro.culture.ru/uploads/8fc583fe9dc612c4d38c26416157243b.jpeg"], "category": {"name": "Концерты", "sysName": "koncerty"}, "time": {"start": "2022-01-07 14:00:00", "end": "2022-01-07 15:00:00"}}, {"id": 1536090, "name": "Концерт «В ожидании чуда»", "age": 0, "description": "<p>Огненные цветы бенгальских огней и таинственные шаги Деда Мороза по снегу, бой курантов и ароматный оливье на праздничном столе. А еще зажигательная, сумасшедшая, сногсшибательная концертная программа «В ожидании чуда» от артистов Чувашской государственной филармонии!</p><p>Очень часто на концертах зрители не просто слушают любимые песни, но и подпевают артистам. Несомненно, так будет и на этот раз, ведь в программу, составленную с заметной долей изобретательности и разнообразия, войдут такие хорошо знакомые и уже ставшие классикой хиты отечественного песенного репертуара, как «Три белых коня», «Будет Новый год», «А снег идет», «Зима, зима», «Новый год на планете», «Это же жизнь», «Радуйся» и другие эстрадные композиции.</p><p>Меломаны проникнутся атмосферой праздника, насладятся ярким исполнительским мастерством солистов и получат заряд бодрости и отличного настроения на весь 2022 год.</p>", "shortDescription": "В программе знаменитые зимние хиты.", "min_price": 300, "max_price": 400, "link": "https://cheboksary.kassir.ru/koncert/v-ojidanii-chuda-1", "status": "accepted", "updateDate": 1640250572448, "start": 1640588400000, "end": 1641463200000, "createDate": 1639565533358, "inAccepted": true, "acceptDate": 1640081773720, "image": {"author": "chfila.ru", "name": "b58d9c12ab7557875f02877f62b43bf5.jpeg", "realName": "34f9f02e-81d3-4363-9433-98506fc3c722.jpg", "source": "chfila.ru"}, "photo": "https://pro.culture.ru/uploads/b58d9c12ab7557875f02877f62b43bf5.jpeg", "gallery": [], "category": {"name": "Концерты", "sysName": "koncerty"}, "time": {"start": "2021-12-27 07:00:00", "end": "2022-01-06 10:00:00"}}, {"id": 1531166, "name": "Концерт «Soundtrack. Перезагрузка»", "age": 12, "description": "<p><span> </span><span>В этот день гости услышат много прекрасных мелодий и песен из потрясающих и неповторимых фильмов, бесконечно любимых всеми зрителями, оставивших в сердцах радость и самые теплые воспоминания. </span></p><p><span>Нередко бывает так, что музыка, созданная для какого-то фильма, перешагивает границы экрана и начинает жить своей собственной </span><span></span><span>жизнью. Как правило, у каждого зрителя есть свои любимые артисты, режиссеры, фильмы, которые человек будет пересматривать еще и еще, которые не просто уводят в мир грез, но дарят незабываемые минуты соприкосновения с прекрасным. Если ты познакомился с действительно хорошим кино, оно навсегда останется в твоем сердце.</span></p><p><span>Коллектив Чувашской государственной академической симфонической капеллы подарит зрителям ж</span><span>ивое исполнение любимых саундтреков из кинофильмов «Звездные войны», «Игра престолов», «Гарри Поттер», «Матрица», «Пираты Карибского моря», «Шрек» и многих других.</span></p> <p></p><p> </p>", "shortDescription": "В программе – музыкальные произведения из любимых фильмов.", "min_price": 300, "max_price": 500, "link": "https://capella21.ru", "status": "accepted", "updateDate": 1639990009475, "start": 1643385600000, "end": 1643392800000, "createDate": 1639467110254, "inAccepted": true, "acceptDate": 1639990009560, "image": {"author": "Окружнова Алина Николаевна", "name": "a46efac2dda7d420b8b5c3a1373f9655.jpeg", "realName": "Перезагрузка.jpg", "source": "https://vk.com/albums-179076957"}, "photo": "https://pro.culture.ru/uploads/a46efac2dda7d420b8b5c3a1373f9655.jpeg", "gallery": [], "category": {"name": "Концерты", "sysName": "koncerty"}, "time": {"start": "2022-01-28 16:00:00", "end": "2022-01-28 18:00:00"}}, {"id": 1504794, "name": "Концерт Happy New Year", "age": 6, "description": "<p><span>Новый год – волшебный праздник чудес и добрых сказок, которого ждут не только дети, но и взрослые. Ожидание чуда, исполнение желаний, встреча с друзьями...</span></p> <p><span>Внимание зрителей привлечет зрелищность и красочность звучания, возможность познакомиться поближе во всей полноте с неповторимыми по тембру инструментами и виртуозными возможностями их исполнителей, а выступление солистов добавит богатство красок, неповторимость и красоту концертной программы.<span> </span><span> </span><span> </span></span><span></span></p><p><span>В программе музыка известных музыкальных группа </span><span>ABBA</span><span> и «Битлз». Прозвучат</span><span> </span><span>известные</span><span> </span><span>композиции</span><span>: Honey-honey, Thank you for the music, SOS, Fernando, Imjust a git, Money, money, money, Something, Lady Madonna, Mishelle, Oh! Darling (Trombone solo), Girl, Please, please me.</span></p>", "shortDescription": "Прозвучат песни ABBA и The Beatles.", "min_price": 300, "max_price": 500, "link": "https://csy.ticketland.ru/koncertnye-zaly/chuvashskaya-gosudarstvennaya-filarmoniya/happy-new-year-shou/", "status": "accepted", "updateDate": 1640270853087, "start": 1640273400000, "end": 1640282400000, "createDate": 1638528665233, "inAccepted": true, "acceptDate": 1639403522287, "image": {"author": "Окружнова Алина Николаевна", "name": "3c976285d70e57a07fa1cbf541d4f23d.jpeg", "realName": "Битлз и Абба  11111.jpg", "source": "https://vk.com/album-179076957_275488638"}, "photo": "https://pro.culture.ru/uploads/3c976285d70e57a07fa1cbf541d4f23d.jpeg", "gallery": [], "category": {"name": "Концерты", "sysName": "koncerty"}, "time": {"start": "2021-12-23 15:30:00", "end": "2021-12-23 18:00:00"}}, {"id": 1503801, "name": "Концерт Дмитрия Риберо", "age": 0, "description": "<p> Певец в совершенстве владеет целым спектром вокальных жанров. Вниманию зрителей будут представлены неаполитанские песни и старинные русские романсы, образцы отечественной и зарубежной эстрады, арии из опер, вошедшие в разряд популярной классики, и золотые хиты мюзиклов. </p><p>Уникальный бас-баритон солиста, льющийся широко и свободно, позволит насладиться всеми прелестями академического вокала и проникнуться красотой и неисчерпаемым интонационным богатством любимых мелодий, открыв их с новой, неожиданной стороны. </p>", "shortDescription": "Прозвучат оперные арии и хиты мюзиклов, русские народные песни и романсы.", "min_price": 800, "max_price": 1200, "link": "https://cheboksary.kassir.ru/koncert/dmitriy-ribero#967585", "status": "accepted", "updateDate": 1639729141656, "start": 1639839600000, "end": 1639843200000, "createDate": 1638518083144, "inAccepted": true, "acceptDate": 1639678198483, "image": {"author": "chfila.ru", "name": "58ec0b93ccb711e9d5d461738ade857f.jpeg", "realName": "large_й1.jpg", "source": "chfila.ru"}, "photo": "https://pro.culture.ru/uploads/58ec0b93ccb711e9d5d461738ade857f.jpeg", "gallery": ["https://pro.culture.ru/uploads/07e40044f37e9dd52f6f9db8edb0e135.jpeg"], "category": {"name": "Концерты", "sysName": "koncerty"}, "time": {"start": "2021-12-18 15:00:00", "end": "2021-12-18 16:00:00"}}, {"id": 1503432, "name": "Концерт Бориса Андрианова", "age": 0, "description": "<p>Об этом можно было только мечтать, ибо плотный гастрольный и концертный графики декабрьского гостя, многочисленные проекты, автором и участником которых он является, и, без преувеличения, всемирная известность и востребованность делали призрачной надежду увидеть его в Чебоксарах. И все же чудо свершится – на обновленной сцене филармонии в концерте камерного оркестра под управлением Сергея Григорьева примет участие блистательный виолончелист Борис Андрианов.</p><p>Программу составят шедевры Й. Гайдна, Г-Ф. Генделя, П. И. Чайковского, Э. Грига.</p><p>Любителей музыки с удовольствием приглашают на это эпохальное событие в культурной жизни Чебоксар!</p>", "shortDescription": "Выступление блистательного виолончелиста.", "min_price": 800, "max_price": 1200, "link": "https://cheboksary.kassir.ru/koncert/boris-adrianov#967588", "status": "accepted", "updateDate": 1639645031287, "start": 1640016000000, "end": 1640019600000, "createDate": 1638514903855, "inAccepted": true, "acceptDate": 1639289009937, "image": {"author": "chfila.ru", "name": "061ac302f8057d19ca3f3e953d1e1a21.jpeg", "realName": "3a49161c-a5f8-41b7-b4ae-442377323459.jpg", "source": "chfila.ru"}, "photo": "https://pro.culture.ru/uploads/061ac302f8057d19ca3f3e953d1e1a21.jpeg", "gallery": ["https://pro.culture.ru/uploads/0a112d120ba24f2c597d35b37253f2e9.jpeg"], "category": {"name": "Концерты", "sysName": "koncerty"}, "time": {"start": "2021-12-20 16:00:00", "end": "2021-12-20 17:00:00"}}, {"id": 1501377, "name": "Концерт #МузыкаВместе Live", "age": 6, "description": "<p>На сцене Чувашской государственной филармонии будет представлена концертная версия популярного интернет-проекта, а его участниками впервые станут ансамбли «Сеспель» и «Сявал», фолк-группа «Дуняша Style» и танцевальная компания Nota G, Камерный оркестр под руководством маэстро Сергея Григорьева, а также народная артистка Чувашии Маргарита Финогентова, заслуженные артисты Чувашии Иван Снигирев и Юрий Катков, заслуженный артист Республики Хакасия Сергей Кузнецов, лауреаты международных конкурсов Динара Юнисова, Татьяна Васильева и Мария Михайлова.<br /></p><p>Специальные гости вечера – популярный певец, участник передачи «Романтика романса» на телеканале «Россия-Культура», лауреат Международного конкурса «Романсиада» Дмитрий Риберо-Феррейра (Колумбия – Россия), а также известный виолончелист, заслуженный артист России, художественный руководитель проекта «Поколение звезд» Борис Андрианов и музыкант-мультиинструменталист, певец, композитор и продюсер Тимур Ведерников.</p><p>Такого в Чебоксарах еще не было!</p>", "shortDescription": "Живая версия популярного в стране и мире интернет-проекта с участием гостей и звезд чувашской сцены.", "min_price": 1000, "max_price": 1500, "link": "https://cheboksary.kassir.ru/koncert/muzyikavmeste-live#964152", "status": "accepted", "updateDate": 1639644969159, "start": 1639926000000, "end": 1639929600000, "createDate": 1638447169707, "inAccepted": true, "acceptDate": 1639487688617, "image": {"author": "chfila.ru", "name": "f611ff5a28898a2c9b96538192a28479.jpeg", "realName": "baa7515a-d0b1-4b63-9409-5768ee924f95.jpg", "source": "chfila.ru"}, "photo": "https://pro.culture.ru/uploads/f611ff5a28898a2c9b96538192a28479.jpeg", "gallery": ["https://pro.culture.ru/uploads/6b1dde37459cb93ccb05998a6b40ec17.jpeg"], "category": {"name": "Концерты", "sysName": "koncerty"}, "time": {"start": "2021-12-19 15:00:00", "end": "2021-12-19 16:00:00"}}, {"id": 1496476, "name": "Концерт «Юбилей Концертно-духового оркестра»", "age": 0, "description": "<p>Гостей ждяет яркая концертная программа, в которой примут участие известные исполнители классической, народной и эстрадной музыки Августа Уляндина, Маргарита Финогентова, Наталья Ильц, Алексей Шадриков, Ольга Пеганова, Сергей Кузнецов, Алина Кудрявцева, Федор Казанов, Софья Кузнецова, Юлия Борисова, Наталья Гранта, Марина Закирова, Дмитрий Сафронов, Любовь Лакман. Самые ритмичные композиции оркестра поддержат танцевальные коллективы театр танца «Восторг» и танцевальная компания «Нота G». </p><p> В концерте прозвучат хиты мировой музыки: фрагменты из оперы Беллини «Норма», из музыки Хачатуряна к спектаклю «Маскарад», из мюзикла Уэббера «Кошки», а также Vivaldi vs Vertigo, Sway П. Б. Руиса, Puttin’ on the Ritz И. Берлина, Isn’t She Lovely С. Уандера, песни Д.Тухманова, А. Зацепина, Р. Паулса, чувашские национальные композиции «Сик-Тух» и «Элехи Сируран».<br /></p>", "shortDescription": "В программе – фрагменты из опер, мюзиклов, песни из кинофильмов, хиты чувашской эстрады.", "min_price": 400, "max_price": 700, "link": "https://cheboksary.kassir.ru/koncert/yubiley-kontsertno-duhovogo-orkestra#964327", "status": "accepted", "updateDate": 1639373523766, "start": 1639670400000, "end": 1639674000000, "createDate": 1638352514590, "inAccepted": true, "acceptDate": 1639124830337, "image": {"author": "chfila.ru", "name": "02495d4c937d23aaa8e2aee4aa39d1ea.jpeg", "realName": "ret43.jpg", "source": "chfila.ru"}, "photo": "https://pro.culture.ru/uploads/02495d4c937d23aaa8e2aee4aa39d1ea.jpeg", "gallery": ["https://pro.culture.ru/uploads/b04166451463668f9ec859288a85d038.jpeg"], "category": {"name": "Концерты", "sysName": "koncerty"}, "time": {"start": "2021-12-16 16:00:00", "end": "2021-12-16 17:00:00"}}, {"id": 1122827, "name": "Спектакль «Там, где сказка живет»", "age": 0, "description": "<p>С помощью удивительной волшебной книги зрители оказываются в сказочной стране, где встречают любимых героев: Мэри Поппинс, Старика Хоттабыча, Золушку, Буратино и других. Волшебное путешествие по дорогам сказок ненавязчиво учит детей мечтать и фантазировать, отличать плохие поступки от хороших, становиться добрыми, справедливыми, поступать правильно в различных ситуациях... </p><p>Увлекательный музыкальный спектакль дает каждому ребенку возможность почувствовать себя не просто наблюдателем, но и полноценным участником происходящих событий. Яркое зрелищное представление вполне может стать для маленьких зрителей первым приятным знакомством с большим миром искусства. </p>", "shortDescription": "Музыкальная постановка.", "min_price": 200, "max_price": 200, "link": "https://cheboksary.kassir.ru/detyam/tam-gde-skazka-jivet", "status": "accepted", "updateDate": 1640266019103, "start": 1622703600000, "end": 1641376800000, "createDate": 1621413881286, "inAccepted": true, "acceptDate": 1639385674439, "image": {"author": "chfila.ru", "name": "c5426a7abd8669aa746bc9d63a93ff64.jpeg", "realName": "P1177124.JPG", "source": "chfila.ru"}, "photo": "https://pro.culture.ru/uploads/c5426a7abd8669aa746bc9d63a93ff64.jpeg", "gallery": [], "category": {"name": "Концерты", "sysName": "koncerty"}, "time": {"start": "2021-06-03 07:00:00", "end": "2022-01-05 10:00:00"}}, {"id": 987112, "name": "Программа «Золотые хиты мюзиклов»", "age": 6, "description": "<p>Калейдоскоп ярких лиц и незабываемых образов, красочные костюмы, оригинальное световое решение и незабываемые спецэффекты – все это будет в шоу. Блистательная концертная программа, покорившая тысячи зрительских сердец, вновь засияет миллионами огней.</p><p>«Нотр-Дам де Пари», «12 стульев», «Призрак Оперы», «Ромео и Джульетта», «Вестсайдская история», «Иисус Христос – суперзвезда», «Кабаре», «Чикаго», «Моцарт»... Каждый мюзикл – это настоящее шоу с зажигательными танцами, выразительным вокалом и, конечно же, любимыми мелодиями, узнаваемыми буквально с первой ноты. «Короли ночной Вероны», Belle, «Если твой вечер опять одинок», «Матрона Мама Мортон» и многие другие популярные номера в исполнении артистов Чувашской государственной филармонии подарят вам заряд бодрости и отличного весеннего настроения. Почувствуйте аромат Бродвея и окунитесь в море драйва.</p>", "shortDescription": "Театрализованное шоу.", "min_price": 500, "max_price": 500, "link": "https://cheboksary.kassir.ru/koncert/zolotyie-hityi-myuziklov#960054", "needCheck": true, "status": "accepted", "updateDate": 1640532283177, "start": 1618848000000, "end": 1641484800000, "createDate": 1615381023121, "inAccepted": true, "acceptDate": 1639137039504, "image": {"author": "Семён Николаев", "name": "a1b60015f5e834222299e27b702b0527.jpeg", "realName": "iJ1Ljk7irjU.jpg", "source": "Геометрия"}, "photo": "https://pro.culture.ru/uploads/a1b60015f5e834222299e27b702b0527.jpeg", "gallery": [], "category": {"name": "Концерты", "sysName": "koncerty"}, "time": {"start": "2021-04-19 16:00:00", "end": "2022-01-06 16:00:00"}}]}