{"11455": [{"id": 1523807, "name": "Спектакль «Дети войны и победы»", "age": 12, "description": "<p>Спектакль основан на подлинных личных дневниках блокадных детей. Они жили во время жесточайших испытаний и оставили в наследство свои мысли и слова, чтобы сегодня люди помнили о самом важном – о ценности и хрупкости человеческой жизни.<br /></p><p>В музыкально-драматическом спектакле принимают участие оркестр, солисты оперы, которые исполнят вокальные произведения разных эпох и жанров, а также драматические актеры. Кульминационный момент – выступление актрисы Веры Журавлевой, которая сама, будучи ребенком, пережила блокаду и теперь делится своими воспоминаниями.</p>", "shortDescription": "Музыкально-драматическая постановка.", "min_price": 500, "max_price": 500, "link": "http://www.filspb.ru/afisha/437?pid=18170379&data=1643292000#performance=18170379", "status": "accepted", "updateDate": 1640160755268, "start": 1643292000000, "end": 1643295600000, "createDate": 1639134619173, "inAccepted": true, "acceptDate": 1639833486545, "image": {"author": "Архив филаромнии", "name": "69ab955a4e8479f9a7d5c9de101b4a29.jpeg", "realName": "99FE59A6-F016-4821-A160-D8DF9B33E880.jpeg", "source": "https://vk.com/peterburgkidsfilarmonija"}, "photo": "https://pro.culture.ru/uploads/69ab955a4e8479f9a7d5c9de101b4a29.jpeg", "gallery": [], "category": {"name": "Спектакли", "sysName": "spektakli"}, "time": {"start": "2022-01-27 14:00:00", "end": "2022-01-27 15:00:00"}}, {"id": 1484195, "name": "Новогоднее шоу Дмитрия Гайворонского", "age": 12, "description": "<p>Классика, джаз, broadway, поп-музыка, фанк, рок, фьюжин, latin, new age прозвучат со сцены филармонии. Это подарок всем любителям музыки от Дмитрия Гайворонского – пианиста-виртуоза с классическим образованием, который покорил своими импровизациями Соединенные Штаты.</p><p>«Появление этого горячего, талантливого русского парня для американской аудитории подобно солнечному удару, которого она не испытывала со времен «Доктора Живаго». Он делает с фортепиано такие же чудеса, что и Барышников в балете. От французской Ривьеры до Азии, от Европы до Южной Америки, от Скандинавии до Южной Африки эта молодая «динамо-машина» выбивает из седла. Каждое его шоу на сцене или на телевизионном экране заставляет даже самых требовательных и искушенных критиков говорить о нем восторженно», – писали в ведущей газете Флориды «Палм Бич Пост».</p><p>Сейчас музыкант живет и плодотворно работает в городе на Неве, подтверждая, что Санкт-Петербург является культурной столицей России. Концерты Дмитрия Гайворонского всегда превращаются в красивое шоу. При этом он большой мастер вести диалог с залом, легко и непринужденно рассказывать о том, что такое импровизация, и немедленно воплощать идеи зрителей. </p><p>Каждый услышит свои любимые мелодии и просто отлично проведет вечер воскресенья. За ударной установкой – Евгений Дмитриев. <br /></p><p></p>", "shortDescription": "Пианист и шоумен из США с феноменальным музыкальным диапазоном.", "min_price": 300, "max_price": 300, "link": "http://www.filspb.ru/afisha/431?pid=18168315&data=1639926000", "needCheck": true, "status": "accepted", "updateDate": 1638443094034, "start": 1639926000000, "end": 1639931400000, "createDate": 1637876430103, "inAccepted": true, "acceptDate": 1638443094326, "image": {"author": "Пресс-служба Государственной филармонии для детей и молодёжи", "name": "693d4c4117aaace10148b49bc0528d0b.jpeg", "realName": "VV2_9198.jpg", "source": "http://www.filspb.ru/afisha/431?pid=18168315&data=1639926000"}, "photo": "https://pro.culture.ru/uploads/693d4c4117aaace10148b49bc0528d0b.jpeg", "gallery": [], "category": {"name": "Концерты", "sysName": "koncerty"}, "time": {"start": "2021-12-19 15:00:00", "end": "2021-12-19 16:30:00"}}, {"id": 1378720, "name": "Спектакль «Диккенсова ночь»", "age": 16, "description": "<p>«Какой ты большой, дьявольски большой артист, Марина!». Эти слова Бориса Пастернака можно поставить эпиграфом к постановке Юрия Томошевского. Актриса Татьяна Морозова не просто читает произведения Цветаевой. Она исполняет их, передавая особый драматизм, театральную природу цветаевской поэзии, создавая яркий и глубокий, многогранный и красивый образ. </p><p>Особое очарование этому по-петербуржски изысканной и элегантной постановке придает музыка композитора Натальи Чубаровой, исполняемая дуэтом в составе скрипки и фортепиано.</p><p></p><p>В программе – Марина Цветаева «Поэма конца», стихи разных лет. Постановка стала дипломантом фестиваля «Монокль».</p>", "shortDescription": "Вечер поэзии Марины Цветаевой.", "min_price": 400, "max_price": 401, "link": "http://www.filspb.ru/afisha/38#performance=18157227", "status": "accepted", "updateDate": 1634298711194, "start": 1636732800000, "end": 1636740000000, "createDate": 1633694067263, "inAccepted": true, "acceptDate": 1634298711199, "image": {"author": "Архив филаромнии", "name": "8eabfc7c41e7198ca890530cd36fc8a1.jpeg", "realName": "2011-02-17_12-59-43_713513122.jpg", "source": "https://vk.com/peterburgkidsfilarmonija"}, "photo": "https://pro.culture.ru/uploads/8eabfc7c41e7198ca890530cd36fc8a1.jpeg", "gallery": [], "category": {"name": "Спектакли", "sysName": "spektakli"}, "time": {"start": "2021-11-12 16:00:00", "end": "2021-11-12 18:00:00"}}, {"id": 1364570, "name": "Спектакль «Горе от ума»", "age": 12, "description": "<p>Всякий шаг Чацкого, почти всякое слово в пьесе тесно связаны с игрой чувства его к Софье, раздраженного какой-то ложью в ее поступках, которую он и бьется разгадать до самого конца. Весь ум его и все силы уходят в эту борьбу: она и послужила поводом к тому «мильону терзаний», под влиянием которых он только и мог сыграть указанную ему Грибоедовым роль, роль гораздо большего, высшего значения, нежели неудачная любовь, словом, роль, для которой и родилась вся комедия.</p><p>В спектакле звучит музыка Шуберта, Рубинштейна, Чайковского, Скрябина, Ростовского.</p>", "shortDescription": "Постановка по комедии Александра Грибоедова.", "min_price": 400, "max_price": 400, "link": "http://www.filspb.ru/afisha/425?pid=18150362&data=1637679600#performance=18150362", "status": "accepted", "updateDate": 1633936781230, "start": 1637679600000, "end": 1637863200000, "createDate": 1633094782107, "inAccepted": true, "acceptDate": 1633936781242, "image": {"author": "Архив филармонии", "name": "eed7d99734ddd2dfa9ad01910f9dcf74.jpeg", "realName": "pW2g1Twy67g.jpg", "source": "https://vk.com/kazantseva_valeriya"}, "photo": "https://pro.culture.ru/uploads/eed7d99734ddd2dfa9ad01910f9dcf74.jpeg", "gallery": [], "category": {"name": "Спектакли", "sysName": "spektakli"}, "time": {"start": "2021-11-23 15:00:00", "end": "2021-11-25 18:00:00"}}, {"id": 1364535, "name": "Спектакль «Мещанин во дворянстве»", "age": 12, "description": "<p> «Мещанин во дворянстве» – одна из самых известных в нашей стране пьес великого комедиографа Жана-Батиста Мольера. Безусловный классик Мольер актуален и сегодня, что предполагает множество разнообразных, подчас диаметрально противоположных, трактовок. Еще один довод в пользу «Мещанина во дворянстве» – возможность поставить настоящую, «высокую» комедию с узнаваемыми характерами и броскими драматическими коллизиями, в которых вспышки человеческих страстей проявляются необычайно наглядно. </p><p> </p><p>Постановка предназначена для учащихся старших классов школы, изучающих литературные произведения эпохи классицизма – ведущего направления французской литературы XVII века.</p><p></p> <p></p>", "shortDescription": "Комедия в двух действиях.", "min_price": 400, "max_price": 400, "link": "http://www.filspb.ru/afisha/281?pid=18157215&data=1637247600#performance=18157215", "status": "accepted", "updateDate": 1634298763412, "start": 1637247600000, "end": 1637258400000, "createDate": 1633094314713, "inAccepted": true, "acceptDate": 1634298763416, "image": {"author": "Архив филармонии", "name": "8f245dc52d43c17d8d501ccd22dfda70.jpeg", "realName": "2019-02-26_22-45-40_6308136843.jpg", "source": "https://vk.com/peterburgkidsfilarmonija"}, "photo": "https://pro.culture.ru/uploads/8f245dc52d43c17d8d501ccd22dfda70.jpeg", "gallery": [], "category": {"name": "Спектакли", "sysName": "spektakli"}, "time": {"start": "2021-11-18 15:00:00", "end": "2021-11-18 18:00:00"}}, {"id": 1364445, "name": "Спектакль «Записки из журнала Печорина»", "age": 12, "description": "<p>Литературная композиция в одном отделении по роману М.Лермонтова «Герой нашего времени»</p><p>«Герой нашего времени» – одно из поворотных сочинений русской литературы, которое в каждую вновь наступающую историческую эпоху становится актуальным. Произведение Лермонтова – первый психологический роман русской литературы. И это роман, созданный в переходную пору от романтизма к реализму. Тем интереснее проникнуть в психологические переживания героев романа, притом что ко многим из них – особенно, к незаурядной личности главного героя – неприменимы завершенные характеристики. Нравственные искания персонажей, глубокие страсти, жажда бури и разрушительная холодность, любовный порыв и усталость души, привычка к самоанализу и наблюдательность, показанные через призму современности, помогут сделать произведение классики понятнее и доступнее новому поколению зрителей. А исполнение канонического текста молодыми актерами еще раз даст почувствовать неуходящую «энергию лиризма» гениального автора.</p><p>В сценической композиции «Записки из журнала Печорина» использованы главы: «Максим Максимыч», «Тамань», «Княжна Мери», «Фаталист».</p><p> </p>", "shortDescription": "Постановка по роману М. Лермантова «Герой нашего времени».", "min_price": 400, "max_price": 400, "link": "http://www.filspb.ru/afisha/434?pid=18150363&data=1642518000#performance=18150363", "needCheck": true, "status": "accepted", "updateDate": 1640078930721, "start": 1637074800000, "end": 1642527000000, "createDate": 1633092719943, "inAccepted": true, "acceptDate": 1637487049801, "image": {"author": "Архив филармонии ", "name": "aa5f13bfc60c5c0461eb78d13fdf2441.jpeg", "realName": "АААААААА.jpg", "source": "https://vk.com/peterburgkidsfilarmonija"}, "photo": "https://pro.culture.ru/uploads/aa5f13bfc60c5c0461eb78d13fdf2441.jpeg", "gallery": [], "category": {"name": "Спектакли", "sysName": "spektakli"}, "time": {"start": "2021-11-16 15:00:00", "end": "2022-01-18 17:30:00"}}, {"id": 1302845, "name": "Спектакль «Про Федота-стрельца, удалого молодца»", "age": 16, "description": "<p>Верьте аль не верьте, но Юрий Томошевский поставил спектакль «Про Федота – стрельца» по сказке Леонида Филатова. Да как поставил! Легко, искрометно! Сказка засверкала новыми гранями и оказалась весьма злободневной. Занятые в постановке молодые артисты драматической труппы, мастерски работая со словом, отлично передают колорит произведения Леонида Филатова и создают яркие образы, одновременно гротескные и узнаваемые. Спектакль полон замечательных хореографических и музыкальных номеров, которые создают атмосферу легкой ироничной истории. Социально-философский смысл произведения при этом не только не утрачивается, но становится яснее благодаря контрасту серьезного и смешного.</p><p></p><p></p><p></p><p></p><p></p><p></p><p>В спектакле звучат фрагменты музыкальных произведений К. Молчанова, А. Цыганкова, Л. Минкуса, П. Чайковского, К. Торреси, Г. Свиридова, И. Дунаевского, Т. Кутуньо, В. Шаинского, а также русские народные песни.</p>", "shortDescription": "Сказка для взрослых, спектакль в двух действиях.", "min_price": 400, "max_price": 500, "link": "http://www.filspb.ru/afisha/100?pid=18156191&data=1634313600#performance=18156191", "status": "accepted", "updateDate": 1630931796258, "start": 1634313600000, "end": 1634320800000, "createDate": 1630414958328, "inAccepted": true, "acceptDate": 1631194011184, "image": {"author": "Архив Филармонии", "name": "0f117bd17fa5e797493b107ee738424d.jpeg", "realName": "7253C00D-D424-4138-AF94-EB1FC172E790.jpeg", "source": "http://www.filspb.ru/"}, "photo": "https://pro.culture.ru/uploads/0f117bd17fa5e797493b107ee738424d.jpeg", "gallery": [], "category": {"name": "Спектакли", "sysName": "spektakli"}, "time": {"start": "2021-10-15 16:00:00", "end": "2021-10-15 18:00:00"}}, {"id": 1302822, "name": "Спектакль «Недоросль»", "age": 12, "description": "<p>Знаменитая комедия Д. И. Фонвизина.<br /></p><p> В. О. Ключевский писал: «Что смешно в «Недоросле» и одно ли и то же смешит в нем разные возрасты? Молодежь больше всего смеется, разумеется, над Митрофаном, героем драмы, неистощимым предметом смеха, нарицательным именем смешной несовершеннолетней глупости и учащегося невежества. Но да будет позволено немного заступиться за Митрофана: он слишком засмеян…».</p><p></p><p>Действие происходит в деревне Простаковых. В постановке звучит музыка Дмитрия Шостаковича и русские народные мелодии.</p><p></p><p></p><p>Для учащихся 9-х и 10-х классов.</p><p></p><p></p>", "shortDescription": "Комедия в двух действиях.", "min_price": 400, "max_price": 400, "link": "http://www.filspb.ru/afisha/50?pid=18156190&data=1634137200#performance=18156190", "status": "accepted", "updateDate": 1630934719117, "start": 1634137200000, "end": 1634146200000, "createDate": 1630414605311, "inAccepted": true, "acceptDate": 1631194015214, "image": {"author": "Архив Филармонии ", "name": "02802fb42d6d34f5f3e80d5c3a5516fa.jpeg", "realName": "F7847B51-AD44-422A-AFBF-556A08867B6D.jpeg", "source": "http://www.filspb.ru/"}, "photo": "https://pro.culture.ru/uploads/02802fb42d6d34f5f3e80d5c3a5516fa.jpeg", "gallery": [], "category": {"name": "Спектакли", "sysName": "spektakli"}, "time": {"start": "2021-10-13 15:00:00", "end": "2021-10-13 17:30:00"}}, {"id": 1302623, "name": "Спектакль «Вишневый сад»", "age": 12, "description": "<p>Каркас дома, посреди черной пустоты, прозрачные стены-занавеси – хрупкий, ирреальный мир, в котором все предметы быта: деревянные столики, стулья, кофейные чашки кажутся случайными, заблудившимися. Герои пьют чай, танцуют, принимают гостей, живут так, как будто дом еще есть, но дом распадается, исчезает, он уже полупрозрачен, как воспоминание. Продается имение, уходит в прошлое дворянская, дореволюционная Россия, а хозяйка дома – Раневская, лишь печально улыбается, опустив тонкие, нежные руки.</p><p></p><p>«Вишневый сад» – последняя пьеса Чехова, завершенная им на пороге первой русской революции. Спектакль, поставленный Юрием Томошевским, рассказывает о прощании с домом, с землей, со старым миром. Но Чехов не говорит о печальном без улыбки, и в спектакле, нежная грусть соседствует с цирковым весельем, пронзительная тоска – с терпкой, истинно чеховской иронией.</p>", "shortDescription": "Комедия в двух действиях.", "min_price": 400, "max_price": 400, "link": "http://www.filspb.ru/afisha/39?pid=18156188&data=1633618800#performance=18156188", "status": "accepted", "updateDate": 1630412951520, "start": 1633618800000, "end": 1633629600000, "createDate": 1630412106492, "inAccepted": true, "acceptDate": 1630927932104, "image": {"author": "Архив Филармонии ", "name": "73c51165c0e53dcc5824572e39e02c48.jpeg", "realName": "17AAC5B6-6543-44ED-81D5-8C74EE0C58DC.jpeg", "source": "http://www.filspb.ru/afisha/39?pid=18156188&data=1633618800"}, "photo": "https://pro.culture.ru/uploads/73c51165c0e53dcc5824572e39e02c48.jpeg", "gallery": [], "category": {"name": "Спектакли", "sysName": "spektakli"}, "time": {"start": "2021-10-07 15:00:00", "end": "2021-10-07 18:00:00"}}, {"id": 1302521, "name": "Спектакль «Капитанская дочка»", "age": 12, "description": "<p>«Семейственные записки» (так у Пушкина названа рукопись Петра Гринева) определили жанр этого спектакля. Он строится как воспоминания уже взрослого Гринева о двух годах юности. Это самое яркое, одновременно трагическое и счастливое для него время, определившее дальнейшую его участь. По ходу спектакля воспоминания «оживают», на сцене рядом с автором записок начинает действовать молодой Гринев. Именно ему в каждом из последующих эпизодов предстоит сделать выбор. И часто предлагаемые обстоятельства будут колебаться между жизнью и смертью.</p>", "shortDescription": "Постановка в двух действиях. ", "min_price": 400, "max_price": 400, "link": "http://www.filspb.ru/afisha/206?pid=18156193&data=1634655600#performance=18156193", "status": "accepted", "updateDate": 1637322761604, "start": 1634655600000, "end": 1634750400000, "createDate": 1630410986443, "inAccepted": true, "acceptDate": 1630927937448, "image": {"author": "Архив Филармонии для детей и молодёжи ", "name": "50f804f39035e918eb5f14d654de3878.jpeg", "realName": "8FBD02BD-F4A6-405F-A821-D4094E01F10A.jpeg", "source": "http://www.filspb.ru/afisha/206?pid=18156193&data=1634655600"}, "photo": "https://pro.culture.ru/uploads/50f804f39035e918eb5f14d654de3878.jpeg", "gallery": [], "category": {"name": "Спектакли", "sysName": "spektakli"}, "time": {"start": "2021-10-19 15:00:00", "end": "2021-10-20 17:20:00"}}, {"id": 1300749, "name": "Спектакль «Господин из Сан-Франциско»", "age": 12, "description": "<p>«Счастья в жизни нет, есть только зарницы его, – цените их, живите ими», – писал Иван Бунин. Спектакль Юрия Томошевского позволяет зрителю прочувствовать и оценить эти слова классика. Анна Некрасова и Константин Сироткин мастерски передают красоту, насыщенность, особую пластику бунинской речи и его изящную иронию.</p><p>Перед зрителем встают картины элегантных светских вечеров, изысканных обедов, прогулок по древним городам и цветущим садам Италии. Но среди этой сказочной роскоши человек остается одиноким, а душа его пустой.</p>", "shortDescription": "Литературно-драматический вечер.", "min_price": 400, "max_price": 400, "link": "http://www.filspb.ru/afisha/43?pid=%2018151604&data=1633017600#performance=%2018151604", "status": "accepted", "updateDate": 1631019948221, "start": 1633017600000, "end": 1634923800000, "createDate": 1630336439913, "inAccepted": true, "acceptDate": 1631019951694, "image": {"author": "Архив Филармонии для детей и молодежи", "name": "f93d26233039d3a0439d513756ea9227.jpeg", "realName": "2011-01-18_12-19-42_1143165299.jpg", "source": "http://www.filspb.ru/"}, "photo": "https://pro.culture.ru/uploads/f93d26233039d3a0439d513756ea9227.jpeg", "gallery": [], "category": {"name": "Спектакли", "sysName": "spektakli"}, "time": {"start": "2021-09-30 16:00:00", "end": "2021-10-22 17:30:00"}}, {"id": 1300743, "name": "Спектакль «Лимонад»", "age": 16, "description": "<p>«Лимонад» – эта легкая и веселая постановка, позволяющая зрителю не только посмеяться от души, но и оценить остроту и своеобразие речи Михаила Зощенко.</p><p> </p><p>В программе рассказы М. Зощенко:</p><ul><li> «Сильное средство» – Василий Титунин;</li><li>«Кошка и люди», «Кризис» – Андрей Калеев;</li><li>«Письма Капочки», «Рассказ об одной корыстной молочнице» – Нина Архипова;</li><li>«Монтер», «Административный восторг» – Виктория Зайцева;</li><li>«Баня», «Пассажир», «Галоша» – Александр Блинов;</li><li>«Любовь», «Операция» – Анна Некрасова;</li><li>«Приятная встреча», «Дамское Горе» – Татьяна Морозова;</li><li>«Лимонад», «История болезни» – Константин Сироткин.</li></ul><p></p>", "shortDescription": "Постановка по рассказам Михаила Зощенко.", "min_price": 400, "max_price": 400, "link": "http://www.filspb.ru/afisha/48?pid=18151602&data=1632412800#performance=18151602", "status": "accepted", "updateDate": 1631020025467, "start": 1632412800000, "end": 1633716000000, "createDate": 1630335980319, "inAccepted": true, "acceptDate": 1631020028812, "image": {"author": "Архив Филармонии для детей и молодежи", "name": "c55aa19e51eee6a15e2ae1d92780f3ee.jpeg", "realName": "2010-11-06_22-35-35_918927910.jpg", "source": "http://www.filspb.ru/"}, "photo": "https://pro.culture.ru/uploads/c55aa19e51eee6a15e2ae1d92780f3ee.jpeg", "gallery": [], "category": {"name": "Спектакли", "sysName": "spektakli"}, "time": {"start": "2021-09-23 16:00:00", "end": "2021-10-08 18:00:00"}}, {"id": 1060609, "name": "Спектакль «Король зонтов»", "age": 12, "description": "<p>Стихи Олега Григорьева принято называть парадоксальными и абсурдными, потому что смешное и пугающее в них переплетены и удивительным образом неразрывны. При этом творчество Григорьева чрезвычайно театрально: его поэтический мир полон ярких, гротескных образов, словно созданных для того, чтобы быть воплощенными на сцене. Но подо всеми театральными масками, в которые рядятся герои Григорьева, угадывается ранимый, по-детски лукавый и «подначивающий» автор – подросток и чудак. </p><p>Программа, поставленная Юрием Томошевским, точно передает парадоксальную природу поэзии Олега Григорьева – веселое озорство и черный юмор, наивность и жесткая ирония неизменно рядом. И зритель на протяжении спектакля успеет и испугаться, и задуматься, и посмеяться от души.</p>", "shortDescription": "Вечер по стихам Олега Григорьева и прозе Леонида Енгибарова.", "min_price": 400, "max_price": 400, "link": "http://www.filspb.ru/afisha/143?pid=18166008&data=1639756800#performance=18166008", "status": "accepted", "updateDate": 1638378273544, "start": 1621008000000, "end": 1639762200000, "createDate": 1618581256584, "inAccepted": true, "acceptDate": 1637843491152, "image": {"author": "Пресс-служба Государственной филармонии для детей и молодёжи", "name": "112b9edd9a1b1d6fe5f0b61d4e308435.jpeg", "realName": "1682546.jpg", "source": "https://vk.com/peterburgkidsfilarmonija"}, "photo": "https://pro.culture.ru/uploads/112b9edd9a1b1d6fe5f0b61d4e308435.jpeg", "gallery": [], "category": {"name": "Спектакли", "sysName": "spektakli"}, "time": {"start": "2021-05-14 16:00:00", "end": "2021-12-17 17:30:00"}}, {"id": 333630, "name": "Спектакль «Чайка»", "age": 12, "description": "<p>«Чайка» Юрия Томошевского – спектакль атмосферный и исключительно чистый по своей структуре. Он для тех, кто не разучился видеть прекрасное в самых простых вещах. Режиссер толерантен к чеховским героям: он и жалеет, и журит их, но главное – он их очень любит.</p><p>Спектакль совмещает бережный подход к тексту классического драматургического источника и особую доверительно-камерную театральную атмосферу.</p><p>Легкая меланхолия Дорна, трепетная влюбленность Кости Треплева, бурный восторг начинающей актрисы Нины Заречной, и много других оттенков настроений сливаются в необыкновенную драматическую «симфонию», в которой присутствуют лишь чистые ноты.</p>", "shortDescription": "Комедия в двух действиях по пьесе Антона Чехова.", "min_price": 400, "max_price": 400, "link": "http://www.filspb.ru/afisha/428?pid=18150370&data=1638889200#performance=18150370", "status": "accepted", "updateDate": 1638380087886, "start": 1548172800000, "end": 1638900000000, "createDate": 1544100786599, "inAccepted": true, "acceptDate": 1638188376912, "image": {"author": "Пресс-служба Государственной филармонии для детей и молодёжи", "name": "9f32892b9f8ccb99b92141be7ef811a0.jpg", "realName": "IMG_7233.jpg", "source": "http://www.filspb.ru/afisha/428?pid=18150370&data=1638889200"}, "photo": "https://pro.culture.ru/uploads/9f32892b9f8ccb99b92141be7ef811a0.jpg", "gallery": [], "category": {"name": "Спектакли", "sysName": "spektakli"}, "time": {"start": "2019-01-22 16:00:00", "end": "2021-12-07 18:00:00"}}, {"id": 268276, "name": "Спектакль «Достоевский. Монологи»", "age": 12, "description": "<p><span><span>Монологи – это не просто фрагменты, вырванные из контекста. Герои показаны в кульминационные моменты своей жизни, когда наиболее ярко проявляется их характер, обнажается душа. Собранные вместе истории этих столь различных персонажей позволяют зрителю увидеть широкую гамму чувств, желаний, мыслей героев Достоевского. Монологи Достоевского – попытка осмыслить законы бытия человеческой души, о которых мучительно размышлял писатель. Возникает полифония голосов, зрителям открывается внутренний мир обеспокоенного своей участью человека, пути самопознания личности. </span></span></p><p>В программе:</p><ul><li><span><span><span><span>«</span></span>Бедные люди</span></span><span style=\"vertical-align:baseline\"><span style=\"vertical-align:baseline\"><span style=\"vertical-align:baseline\"><span style=\"vertical-align:baseline\">»</span></span> – Анна Михеева;</span></span></li><li><span><span><span>«</span></span>Записки из Мертвого дома</span><span style=\"vertical-align:baseline\"><span style=\"vertical-align:baseline\"><span style=\"vertical-align:baseline\"><span style=\"vertical-align:baseline\">»</span></span> – Александр Блинов;</span></span></li><li><span><span><span>«</span></span>Белые ночи</span><span style=\"vertical-align:baseline\"><span style=\"vertical-align:baseline\"><span style=\"vertical-align:baseline\"><span style=\"vertical-align:baseline\">»</span></span> – Анна Некрасова;</span></span></li><li><span><span><span><span>«</span></span>Бесы</span></span><span style=\"vertical-align:baseline\"><span style=\"vertical-align:baseline\"><span style=\"vertical-align:baseline\"><span style=\"vertical-align:baseline\">»</span></span> – Маргарита Сакович;</span></span></li><li><span><span><span>«</span></span>Неточка Незванова</span><span style=\"vertical-align:baseline\"><span style=\"vertical-align:baseline\"><span style=\"vertical-align:baseline\"><span style=\"vertical-align:baseline\">»</span></span> – Виктория Зайцева;</span></span></li><li><span><span><span>«</span></span>Бобок</span><span style=\"vertical-align:baseline\"><span style=\"vertical-align:baseline\"><span style=\"vertical-align:baseline\"><span style=\"vertical-align:baseline\">»</span></span> – Константин Сироткин;</span></span></li><li><span><span><span>«</span></span>Преступление и наказание</span><span style=\"vertical-align:baseline\"><span style=\"vertical-align:baseline\"><span style=\"vertical-align:baseline\"><span style=\"vertical-align:baseline\">»</span></span> – Татьяна Морозова.</span></span></li></ul><p>Билеты – на <a href=\"http://www.filspb.ru/afisha/183?pid=16229995&amp;data=1549382400\">сайте</a> Филармонии для детей и юношества. </p>", "shortDescription": "Литературный концерт. Монологи из произведений Достоевского.", "min_price": 400, "max_price": 400, "link": "http://www.filspb.ru/afisha/183?pid=18166001&data=1638547200#performance=18166001", "status": "accepted", "updateDate": 1638380023935, "start": 1530975600000, "end": 1638554400000, "createDate": 1529504006333, "inAccepted": true, "acceptDate": 1637843783658, "image": {"author": "Пресс-служба Государственной филармонии для детей и молодёжи", "name": "6de2fd90505481cd8de9e8051bb0f75f.jpg", "realName": "4.jpg", "source": "https://vk.com/peterburgkidsfilarmonija"}, "photo": "https://pro.culture.ru/uploads/6de2fd90505481cd8de9e8051bb0f75f.jpg", "gallery": ["https://pro.culture.ru/uploads/c43506767d5f4e3c022ba7ba3b7b8615.jpg", "https://pro.culture.ru/uploads/986a194676873c89421eb32642bc4d01.jpg", "https://pro.culture.ru/uploads/ba1d7e5fdebdea1b2c0f558c9657d552.jpg"], "category": {"name": "Спектакли", "sysName": "spektakli"}, "time": {"start": "2018-07-07 15:00:00", "end": "2021-12-03 18:00:00"}}, {"id": 264302, "name": "Спектакль «Отравленная туника»", "age": 16, "description": "<p><span style=\"vertical-align:baseline\">События «Отравленной туники» разворачиваются в Византии VI века. Часть персонажей – подлинные исторические лица: император Юстиниан I, императрица Феодора, арабский поэт <span><span>домусульманской</span></span> эпохи <span><span>Имр</span></span> (Имру-уль-Кайс). Другие персонажи – дочь императора, юная Зоя, царь <span><span>Трапезондский</span></span> – плод творческой фантазии автора. Пьеса наполнена жарким дыханием давней цивилизации. Каждый персонаж хранит свою тайну. В финале все загадки стягиваются в гибельный узел, несущий крах страстной любви.</span></p><p><span>Артисты драматической труппы Филармонии, бережно сохраняя поэтическую форму, внутренний ритм белого стиха, играют напряженную, наполненную живой страстью, непредсказуемую историю. Им помогает обволакивающая тайной, создающая специфическую атмосферу сценография, четкая графика костюмов, <span><span>танцы-видения</span></span>, завораживающая музыка. Здесь чувство противостоит неосознаваемому долгу, любовный треугольник разбивается вдребезги, а злодеяния становятся продолжением естественных порывов.</span></p>", "shortDescription": "Трагедия в двух действиях по произведению Н. Гумилева.", "min_price": 400, "max_price": 400, "link": "http://www.filspb.ru/afisha/153?pid=18166004&data=1639494000#performance=18166004", "status": "accepted", "updateDate": 1638375870100, "start": 1530115200000, "end": 1639506600000, "createDate": 1528302278427, "inAccepted": true, "acceptDate": 1638188768785, "image": {"author": "Пресс-служба Государственной филармонии для людей и молодёжи", "name": "dbfda378bdcbe8755cce7e2fbd26c4f5.jpg", "realName": "IMG_7541.jpg", "source": "http://www.filspb.ru/afisha/153?pid=18166004&data=1639494000"}, "photo": "https://pro.culture.ru/uploads/dbfda378bdcbe8755cce7e2fbd26c4f5.jpg", "gallery": ["https://pro.culture.ru/uploads/4e566c4065af04ca46215047dd0874db.jpg", "https://pro.culture.ru/uploads/d5b55afea06b938e82f01dc51c07431f.jpg", "https://pro.culture.ru/uploads/98e788939518a008f71b96600e6558c4.jpg", "https://pro.culture.ru/uploads/b934e9aafbfa3b57d7c52723412cb9ff.jpg", "https://pro.culture.ru/uploads/d260b523b6a6cf2112262d6841132b22.jpg", "https://pro.culture.ru/uploads/b1a07d17c6fe8dfc9724d9bad32a8bb4.jpg"], "category": {"name": "Спектакли", "sysName": "spektakli"}, "time": {"start": "2018-06-27 16:00:00", "end": "2021-12-14 18:30:00"}}]}