{"11336": [{"id": 1505785, "name": "Концерт «Лучшее – 2021»", "age": 12, "description": "<p> Концертный зал ждет зрителя на новогодний праздничный концерт. Как уже понятно из названия, программа включает в себя лучшие номера творческих коллективов города и новые специально подготовленные композиции. </p><p>На сцене будет царить поистине новогодняя атмосфера. Каждый музыкальный номер приблизит зрителя к празднику. Знакомые мелодии найдут отголосок в сердце, а новые песни, как и новые имена, приятно порадуют и удивят. Центр культуры подарит зрителю еще один праздник – праздник души в этот предновогодний вечер. </p>", "shortDescription": "Новогодняя программа – своего рода подведение итогов года.", "min_price": 300, "max_price": 300, "link": "https://vmuzey.com/event/koncert-luchshee-2021", "status": "accepted", "updateDate": 1639662419320, "start": 1640350800000, "end": 1640358000000, "createDate": 1638539134995, "inAccepted": true, "acceptDate": 1639662419401, "image": {"author": "Заведующий художественной частью МАУК «УГЦК» Жукова Ольга Евгеньевна", "name": "9d287bd572e1014bf6c104e95b294cc2.jpeg", "realName": "9fu7Gog7rC4.jpg", "source": "http://urgck.org/"}, "photo": "https://pro.culture.ru/uploads/9d287bd572e1014bf6c104e95b294cc2.jpeg", "gallery": [], "category": {"name": "Концерты", "sysName": "koncerty"}, "time": {"start": "2021-12-24 13:00:00", "end": "2021-12-24 15:00:00"}}]}