{"11900": [{"id": 1272326, "name": "Арт-кейс «Несколько кругов»", "age": 6, "description": "<p>На встрече участники познакомятся с творчеством выдающегося русского художника, известного всему миру авангардиста Василия Васильевича. Прообразом для изучения технических приемов мастера станет картина, которую художник написал в успешный и яркий период. Участники узнают, каким был путь Василия Васильевича, ведь художником он стал лишь в тридцать лет. Однако в своей жизни, как талантливый и узнаваемый специалист, он успел многое. Участники услышат и о взглядах художника на изобразительное искусство. </p>", "shortDescription": "Участников ждет погружение в жизнь и творчество русского художника.", "min_price": 500, "link": "https://www.mos.ru/afisha/event/145668257/?utm_source=search&utm_term=serp", "status": "accepted", "updateDate": 1630442125519, "start": 1629286200000, "end": 1636898400000, "createDate": 1628860720604, "inAccepted": true, "acceptDate": 1630442130959, "image": {"author": "василий кандинский", "name": "46a930ed082e346bfb62e12ebae3d949.jpeg", "realName": "кандинский несколько кругов ебс.jpg", "source": "интернет"}, "photo": "https://pro.culture.ru/uploads/46a930ed082e346bfb62e12ebae3d949.jpeg", "gallery": [], "category": {"name": "Обучение", "sysName": "obuchenie"}, "time": {"start": "2021-08-18 11:30:00", "end": "2021-11-14 14:00:00"}}, {"id": 1272207, "name": "Арт-кейс «Девочка на шаре»", "age": 6, "description": "<p><span>Лекция и мастер–класс по творчеству испанского и французского художника Пабло Пикассо к юбилейной дате – 140–летию со для рождения. Пикассо с Россией связывает многое. Русские коллекционеры были одними из первых, кто оценил его картины и начал щедро за них платить. Художнику была даже вручена Ленинская премия, и именно он стал первым современным западным художником, выставлявшимся в СССР. На встрече участники узнают многое о жизни этого автора, включая интересные факты и случаи. Образцом для знакомства с техникой художника станет его популярная во всем мире картина «Девочка на шаре», написанная в рамках «розового периода», написанная в 1905 году. Картина была приобретена коллекционером Морозовым в 2013 году, а после национализации выставлена в Государственном музее изобразительных искусств имени А. С. Пушкина. Участники попробуют повторить известное изображение. </span></p>", "shortDescription": "Участники познакомятся с творчеством художника Пабло Пикассо.", "min_price": 500, "link": "https://www.mos.ru/afisha/event/145667257/?utm_source=search&utm_term=serp", "status": "accepted", "updateDate": 1629806705498, "start": 1633865400000, "end": 1633874400000, "createDate": 1628858742441, "inAccepted": true, "acceptDate": 1629908347154, "image": {"author": "пабло пикассо ", "name": "d189e775f44f305e034a4471a1bea400.jpeg", "realName": "девочка на шаре больш.jpg", "source": "интернет"}, "photo": "https://pro.culture.ru/uploads/d189e775f44f305e034a4471a1bea400.jpeg", "gallery": [], "category": {"name": "Обучение", "sysName": "obuchenie"}, "time": {"start": "2021-10-10 11:30:00", "end": "2021-10-10 14:00:00"}}, {"id": 1250311, "name": "Piano Day «Шум времени»", "age": 12, "description": "<p>Лекция и концерт по творчеству Дмитрия Шостаковича к 115-летнему юбилею композитора – это целое путешествие по жизни и творчеству крупнейшего советского композитора. Ведущие и исполнители программы познакомят зрителей со знаковыми событиями в судьбе всемирно известного человека, остановятся на самых известных произведениях, поделятся интересными фактами о нем. В ходе встречи прозвучат отрывки из произведений Дмитрия Дмитриевича, как в записи, так и вживую воспроизведенные с помощью концертного рояля.</p>", "shortDescription": "Участники услышат произведения Д. Шостаковича и узнают его биографию.", "min_price": 350, "link": "http://dkklenovo.ru/", "status": "accepted", "updateDate": 1628865900952, "start": 1634828400000, "end": 1634835600000, "createDate": 1627971833829, "inAccepted": true, "acceptDate": 1628866132892, "image": {"author": "Петр Вильямс", "name": "cb416a2020ddeaa7adeb9f9da89802e3.jpeg", "realName": "шостакович.jpg", "source": "http://orpheusmusic.ru/news/v_muzee_p_i_chajkovskij_i_moskva_pokazhut_redkie_portrety_russkikh_kompozitorov_xix_xx_vekov/2015-09-25-298"}, "photo": "https://pro.culture.ru/uploads/cb416a2020ddeaa7adeb9f9da89802e3.jpeg", "gallery": [], "category": {"name": "Концерты", "sysName": "koncerty"}, "time": {"start": "2021-10-21 15:00:00", "end": "2021-10-21 17:00:00"}}, {"id": 1250278, "name": "TED-шоу «Мечты сбываются»", "age": 6, "description": "<p>Мотивационная культурная программа с участием популярных молодых певцов для молодежи в рамках празднования 100–летия книги Александра Грина «Алые паруса». Демьян и Виктор Шумковы – эстрадные певцы, участники известных телевизионных проектов, молодежных форумов. Вместе братья достигли высокого уровня исполнения в родном Мурманске и отправились покорять Москву. Взлеты, удачи, педагогический стаж, пробы, создание собственной студии, свой мюзикл и многочисленные выступления. Виктор и Демьян поделятся своим опытом, правилами жизни, расскажут, как заниматься любимым делом и жить в гармонии с собой. </p><p></p>", "shortDescription": "Мотивационная культурная программа.", "min_price": 350, "link": "http://dkklenovo.ru/", "status": "accepted", "updateDate": 1628864947760, "start": 1637236800000, "end": 1637242200000, "createDate": 1627971234150, "inAccepted": true, "acceptDate": 1628865725937, "image": {"author": "неизвестный фотограф молодежного форума", "name": "66e482abf3d68c9b4846826daa4e2bd8.jpeg", "realName": "ubcx2Nkg1tk-2.jpg", "source": "личный архив братьев Шумковых"}, "photo": "https://pro.culture.ru/uploads/66e482abf3d68c9b4846826daa4e2bd8.jpeg", "gallery": [], "category": {"name": "Встречи", "sysName": "vstrechi"}, "time": {"start": "2021-11-18 12:00:00", "end": "2021-11-18 13:30:00"}}, {"id": 1250227, "name": "Арт-кейс «Родных просторов живописец»", "age": 12, "description": "<p>Лекция и мастер-класс по творчеству Аполлинария Васнецова к 165-летию русского художника позволят участникам познакомиться с его творчеством, жизнью и работами. Образцом для изображений и подражания автору станет картина «Шум старого парка», наполненная символами и отражающая собирательный образ русской усадьбы. У картины два названия, второе – «Все в прошлом». Участники вспомнят известные усадьбы Подмосковья, их знаковые виды, попробуют свои силы в изобразительном творчестве, используя приемы художника. </p>", "shortDescription": "Участники познакомятся с творчеством художника А. Васнецова.", "min_price": 300, "link": "https://www.mos.ru/afisha/event/145554257/?utm_source=search&utm_term=serp", "status": "accepted", "updateDate": 1630442210150, "start": 1632655800000, "end": 1632664800000, "createDate": 1627969745267, "inAccepted": true, "acceptDate": 1630442214439, "image": {"author": "Апполинарий Васнецов", "name": "19f2f9f7d3c9ed1f9483b113fc3ded39.jpeg", "realName": "апполинарий васнецов шум старого парка.jpg", "source": "http://small_museums_near.tretyakovgallery.ru/oldpark"}, "photo": "https://pro.culture.ru/uploads/19f2f9f7d3c9ed1f9483b113fc3ded39.jpeg", "gallery": [], "category": {"name": "Встречи", "sysName": "vstrechi"}, "time": {"start": "2021-09-26 11:30:00", "end": "2021-09-26 14:00:00"}}, {"id": 1250062, "name": "Лекция «Создатели иллюзий»", "age": 12, "description": "<p>Цикл встреч на тему современного искусства фотографии начнется с рассказа о дореволюционном периоде и появлении в мире техники, которую сначала использовали для замены работы художников и фиксации изображения. Понимание, что фотография – отдельный вид искусства и что он зависит от работы фотографа, пришло позже. На встрече участники узнают, с чего все началось, какие фотоизображения стали знаковыми в самом начале пути, кто повлиял на развитие этого жанра. Судьбы самых ярких фотографов обязательно будут подробно рассмотрены, зрители увидят их лучшие работы.</p>", "shortDescription": "Слушатели узнают, как зародилось и развивалось искусство фотографии.", "min_price": 300, "link": "https://www.mos.ru/afisha/event/145670257/?utm_source=search&utm_term=serp", "status": "accepted", "updateDate": 1631534513941, "start": 1638459000000, "end": 1638466200000, "createDate": 1627938657924, "inAccepted": true, "acceptDate": 1631534518484, "image": {"author": "интернет, бесплатные обои", "name": "3d1b160d3539823fa8fde823e17b6616.jpeg", "realName": "камера 1.jpg", "source": "https://obojki.ru/tehnologii/1115-zimnee-ozero-i-fotik.html"}, "photo": "https://pro.culture.ru/uploads/3d1b160d3539823fa8fde823e17b6616.jpeg", "gallery": [], "category": {"name": "Обучение", "sysName": "obuchenie"}, "time": {"start": "2021-12-02 15:30:00", "end": "2021-12-02 17:30:00"}}]}