{"11761": [{"id": 1271413, "name": "Спектакль «Книга Дедушки Мороза»", "age": 12, "description": "<p>Сказка «Книга Дедушки Мороза» – это красочный новогодний спектакль, в котором озорной, но очаровательный Ваня Скоморох изо всех сил старается помочь Деду Морозу в борьбе с вредным Кощеем, который задумал навсегда отнять у людей праздники. </p><p>Сказочные превращения и новогодние чудеса будут происходить прямо на глазах у зрителей. И это только начало: представление полностью интерактивное. Каждый сможет почувствовать себя участником этого магического действия. Ребятам предстоит преодолеть волшебные захватывающие испытания, чтобы спасти книгу, без которой Новый год просто не сможет наступить.</p>", "shortDescription": "Новогоднее представление-сказка.", "min_price": 250, "link": "https://www.mos.ru/afisha/event/138800257/", "needCheck": true, "status": "accepted", "updateDate": 1636376411729, "start": 1640512800000, "end": 1640523600000, "createDate": 1628846483828, "inAccepted": true, "acceptDate": 1636376411894, "image": {"author": "Театр Профили", "name": "c00193577b5d4dee03817cbabd3136be.jpeg", "realName": "fUSBIBZ5X-o.jpg", "source": "Театр Профили"}, "photo": "https://pro.culture.ru/uploads/c00193577b5d4dee03817cbabd3136be.jpeg", "gallery": [], "category": {"name": "Спектакли", "sysName": "spektakli"}, "time": {"start": "2021-12-26 10:00:00", "end": "2021-12-26 13:00:00"}}]}