{"11332": [{"id": 1467308, "name": "Шоу-викторина «Вокруг да около книг»", "age": 6, "description": "<p>Для ребят будет проведена шоу-викторина, в ходе которой они ответят на вопросы по произведениям и биографии писателей-юбиляров. </p><p>Участники отправятся в увлекательное путешествие по страницам любимых книг, где их ожидают удивительные герои. «Сказки», «Поэтическая страница» и другие не менее интересные станции окунут гостей в атмосферу литературного мира и потрясающих историй. </p><p>На мероприятии ребята обобщат знания о детских и молодежных произведениях, разовьют умение узнавать героев текстов и авторов, их написавших.</p>", "shortDescription": "Интерактивное занятие о писателях и их произведениях.", "min_price": 500, "max_price": 500, "link": "https://vmuzey.com/event/shou-viktorina-vokrug-da-okolo-knig", "status": "accepted", "updateDate": 1638788904248, "start": 1639548000000, "end": 1639562400000, "createDate": 1637301355931, "inAccepted": true, "acceptDate": 1638788904297, "image": {"author": "Зякина Т.Л.", "name": "08c76c007436cdf920eec201a655751d.jpeg", "realName": "i (4).jpeg", "source": "личный архив"}, "photo": "https://pro.culture.ru/uploads/08c76c007436cdf920eec201a655751d.jpeg", "gallery": ["https://pro.culture.ru/uploads/bccb8cc427f650843ccd3045f267d389.jpeg", "https://pro.culture.ru/uploads/84f27dd697e8319fab8bb453125f72ac.jpeg"], "category": {"name": "Встречи", "sysName": "vstrechi"}, "time": {"start": "2021-12-15 06:00:00", "end": "2021-12-15 10:00:00"}}, {"id": 1467234, "name": "Информационный час «Формула здоровья»", "age": 0, "description": "<p>На мероприятии ребята с большим удовольствием обсудят тему здорового образа жизни, поучаствуют в интерактивных заданиях, ответят на актуальные вопросы о здоровье, поделятся своими хорошими привычками и не только. </p><p>Программа информационного часа состоит из разделов «Здоровье», «Вредные привычки», «Мои советы сверстникам», «Утренние ритуалы». Ребятам наглядно продемонстрируют, из чего состоит формула здорового образа жизни: закаливание, рациональное питание, личная гигиена, режим дня, отсутствие вредных привычек, физическая нагрузка.</p>", "shortDescription": "Знакомство с полезными привычками.", "min_price": 500, "max_price": 500, "link": "https://vmuzey.com/event/informacionnyy-chas-formula-zdorovya", "status": "accepted", "updateDate": 1637735253947, "start": 1639980000000, "end": 1640001600000, "createDate": 1637299724605, "inAccepted": true, "acceptDate": 1637735254050, "image": {"author": "Скрипкина А.Н.", "name": "9046fdbdaa7f8ac606fdc7fb957ab4ff.jpeg", "realName": "i (19).jpeg", "source": "личный архив"}, "photo": "https://pro.culture.ru/uploads/9046fdbdaa7f8ac606fdc7fb957ab4ff.jpeg", "gallery": ["https://pro.culture.ru/uploads/62282a764996d60a64fb3f77e118026d.jpeg", "https://pro.culture.ru/uploads/f473b6603996695c7c1e4bd1189a8a64.jpeg", "https://pro.culture.ru/uploads/c49d02dfd6b3281d92c20a567aeab9b1.jpeg"], "category": {"name": "Встречи", "sysName": "vstrechi"}, "time": {"start": "2021-12-20 06:00:00", "end": "2021-12-20 12:00:00"}}, {"id": 1465880, "name": "Информационный час «Россия против террора!»", "age": 12, "description": "<p>Посетители информационного часа узнают о природе такого явления, как терроризм, о борьбе с террористами, о распространении влияния террористических организаций на территории страны и в мире. </p><p>Много внимания будет уделено тем моментам в жизни, когда угроза становится реальной, и правилам поведения в подобных ситуациях. На мероприятии будут рассмотрены возможные варианты поведения в условиях насильственных действий террористов, ситуации, в которых необходимо уметь защищать свою жизнь. </p><p> По завершении информационной части участники мероприятия почтят память погибших во всех террористических актах минутой молчания. </p>", "shortDescription": "Мероприятие по профилактике терроризма и межнациональных конфликтов.", "min_price": 500, "max_price": 500, "link": "https://vmuzey.com/event/informacionnyy-chas-rossiya-protiv-terrora", "status": "accepted", "updateDate": 1637847977598, "start": 1638943200000, "end": 1638957600000, "createDate": 1637237530124, "inAccepted": true, "acceptDate": 1637847977721, "image": {"author": "Скрипкина А.Н.", "name": "44003870b689eb7780e6ccac50214682.jpeg", "realName": "i (13).jpeg", "source": "личный архив"}, "photo": "https://pro.culture.ru/uploads/44003870b689eb7780e6ccac50214682.jpeg", "gallery": ["https://pro.culture.ru/uploads/0279c3fb3e1ccdecaa9a294bdc7ba4c9.jpeg", "https://pro.culture.ru/uploads/ca322242f8ce35a4d87877627ff673fb.jpeg", "https://pro.culture.ru/uploads/60b835b0900c3bc1137c1369318bed39.jpeg"], "category": {"name": "Встречи", "sysName": "vstrechi"}, "time": {"start": "2021-12-08 06:00:00", "end": "2021-12-08 10:00:00"}}, {"id": 1465596, "name": "Исторический час «День Героев Отечества»", "age": 12, "description": "<p>В течение исторического часа участники познакомятся с памятной датой. Ведущий мероприятия расскажет о важных моментах из истории становления Дня Героев Отечества. С рассказом о героях-земляках выступит председатель Старополтавского районного совета ветеранов В. В. Грищенко. </p><p>День Героев Отечества в России был введен для чествования Героев Советского Союза, Героев Российской Федерации, кавалеров ордена Святого Георгия и ордена Славы. Памятная дата способствует формированию идеалов самоотверженного и бескорыстного служения своему отечеству.</p> <p></p>", "shortDescription": "Гостям расскажут об истории и значении одного из праздников России.", "min_price": 500, "max_price": 500, "link": "https://vmuzey.com/event/den-geroev-otechestva", "status": "accepted", "updateDate": 1637736959125, "start": 1638770400000, "end": 1638777600000, "createDate": 1637234542468, "inAccepted": true, "acceptDate": 1637736959172, "image": {"author": "Скрипкина А. Н. ", "name": "ca84098b4e34e2db126656cb28769741.jpeg", "realName": "12ea231b6bde75da2dd42e943c556a2e.jpeg", "source": "личный архив"}, "photo": "https://pro.culture.ru/uploads/ca84098b4e34e2db126656cb28769741.jpeg", "gallery": ["https://pro.culture.ru/uploads/54eb6e73ead143b9a3df196918210013.jpeg"], "category": {"name": "Встречи", "sysName": "vstrechi"}, "time": {"start": "2021-12-06 06:00:00", "end": "2021-12-06 08:00:00"}}, {"id": 1459097, "name": "Праздник «Зимняя сказка»", "age": 0, "description": "<p>Дети мало знают историю происхождения русских праздников, их традиции и обычаи. Родители не привлекают детей к изготовлению подарков, а дают уже все готовое. Мероприятие разработано в силу особой актуальности проблемы патриотического воспитания подрастающего поколения. Оно сформирует у детей навыки праздничной культуры через ознакомление с традициями празднования Нового года и Рождества в России. </p><p>Дети не только посмотрят театрализованное представление, но и примут участие в интерактивных играх. Вас будут ждать Дед Мороз, Снегурочка и другие герои представления.</p>", "shortDescription": "В программе – театрализованное представление, игры.", "min_price": 500, "max_price": 500, "link": "https://vmuzey.com/event/teatralizovannoe-predstavlenie-zimnyaya-skazka", "status": "accepted", "updateDate": 1640322420959, "start": 1640152800000, "end": 1640865600000, "createDate": 1637062406993, "inAccepted": true, "acceptDate": 1640322060627, "image": {"author": "Скрипкина А.Н.", "name": "8da819df1b3a105c7c5cc4b24f476073.jpeg", "realName": "iх.jpeg", "source": "личныйархив"}, "photo": "https://pro.culture.ru/uploads/8da819df1b3a105c7c5cc4b24f476073.jpeg", "gallery": ["https://pro.culture.ru/uploads/64c1e99b7e0d110eb3f081afc4619629.jpeg", "https://pro.culture.ru/uploads/9a9a3efd8683522a7487df5903c95b30.jpeg", "https://pro.culture.ru/uploads/38d3e2fa4fc8ca4f93824018c9851c48.jpeg", "https://pro.culture.ru/uploads/681535019c12604ecf7404b83c84a0f4.jpeg", "https://pro.culture.ru/uploads/44369fd21388877afaddbdaa9faa2e4c.jpeg", "https://pro.culture.ru/uploads/b889c51090a2dcf6f9beebac0c44d3ab.jpeg", "https://pro.culture.ru/uploads/19bc8d95bf764013ab65838c03a6c7df.jpeg", "https://pro.culture.ru/uploads/280669279936f48961bf092ad3f849c0.jpeg", "https://pro.culture.ru/uploads/fc6da97b628fd2f5687dbe73a940642d.jpeg"], "category": {"name": "Праздники", "sysName": "prazdniki"}, "time": {"start": "2021-12-22 06:00:00", "end": "2021-12-30 12:00:00"}}, {"id": 1446214, "name": "Информационный час «Народов много – страна одна»", "age": 12, "description": "<p>В ходе мероприятие ведущий проведет беседу на тему толерантного отношения к окружающим, в ходе которой расскажет, что означает толерантность, какие ее виды и типы существуют в современном обществе. Гости узнаают, что уважение друг к другу, взаимопонимание, терпимость – это необходимое условие для счастливой жизни в мире и согласии как в школьном коллективе, так и в обществе.<br />Для участников мероприятия выступят сотрудник полиции, представители разных национальностей.</p><p> Будет затронута тема многонациональности России и сел, в которых проживает одна национальность.</p>", "shortDescription": "Беседа на тему толерантности. ", "min_price": 500, "max_price": 500, "link": "https://vmuzey.com/event/kinolektoriy", "status": "accepted", "updateDate": 1637844658088, "start": 1639461600000, "end": 1639483200000, "createDate": 1636621046863, "inAccepted": true, "acceptDate": 1637844658170, "image": {"author": "Скрипкина А.Н.", "name": "799d1132dccc6a331ab4b07518d03506.jpeg", "realName": "i (1).jpeg", "source": "архив"}, "photo": "https://pro.culture.ru/uploads/799d1132dccc6a331ab4b07518d03506.jpeg", "gallery": ["https://pro.culture.ru/uploads/b9804ea883527a2b92f96358d2d222dc.jpeg"], "category": {"name": "Встречи", "sysName": "vstrechi"}, "time": {"start": "2021-12-14 06:00:00", "end": "2021-12-14 12:00:00"}}]}