{"11317": [{"id": 1259188, "name": "Программа «Создай свой проект»", "age": 12, "description": "<p>Для молодых людей, задумывающихся о будущей карьере, готовых приобретать полезные и уникальные навыки:<br /> Цикл занятий (абонемент) по проектной деятельности, разработанный специалистами – создателями современных успешных культурных и социальных проектов. <br /> Занятия проводятся в форме деловых игр, дискуссий, практикумов. <br /> Осваиваем:<br /> Навыки эффективных действий в кризисных ситуациях. Продуктивная работа в ситуациях максимальной неопределенности. Составляющие, определяющие успех любого проекта. <br /> Группы 14:16 лет. Одно занятие в неделю продолжительностью 2 часа с перерывом. <br /> Темы занятий: Проект и проектная деятельность, Проектные технологии, Инициация проекта, Планирование и реализация проекта, Презентация проекта. </p>", "shortDescription": "Цикл занятий (абонемент) по проектной деятельности.", "min_price": 3000, "max_price": 3000, "link": "https://www.mos.ru/afisha/event/136166257/", "status": "accepted", "updateDate": 1628858902648, "start": 1633096800000, "end": 1636128000000, "createDate": 1628257944483, "inAccepted": true, "acceptDate": 1628858915343, "image": {"author": "-", "name": "f0d3fc2a9ee7d4a39304dacf9a25d748.jpeg", "realName": "pexels-pixabay-159711 (1).jpg", "source": "-"}, "photo": "https://pro.culture.ru/uploads/f0d3fc2a9ee7d4a39304dacf9a25d748.jpeg", "gallery": [], "category": {"name": "Встречи", "sysName": "vstrechi"}, "time": {"start": "2021-10-01 14:00:00", "end": "2021-11-05 16:00:00"}}]}