{"12519": [{"id": 1443324, "name": "Спектакль «Волк и семеро козлят»", "age": 0, "description": "<p> Вы помните старую добрую сказку? Мама коза отправляется за подарками на ярмарку, а непослушные козлята открывают дверь волку. Но не все так просто в этом сказочном лесу. </p><p>Оказывается, волку давным-давно надоело быть злым и пугать всех вокруг. На самом деле он – артист, который мечтает выступать в цирке и показывать детворе фокусы! Только хитрая лиса этого совсем не желает. Она всячески старается заставить волка разбойничать. </p><p>Приходите в театр и узнайте, чем закончится эта история. Здесь вас ждут неожиданные исчезновения и превращения, погони и разоблачения, много музыки и песен! </p>", "shortDescription": "Новогодняя поучительная постановка для малышей.", "min_price": 300, "max_price": 300, "link": "https://ufa.kassy.ru/events/detskie/2-11802/", "status": "accepted", "updateDate": 1636958877341, "start": 1639807200000, "end": 1639903500000, "createDate": 1636539740924, "inAccepted": true, "acceptDate": 1636958902093, "image": {"author": "Диана Гараева", "name": "24bdcbba606701957474dd448be72fa5.jpeg", "realName": "волк и 7 козлят (3).jpg", "source": "http://www.teatrkukol-ufa.ru/"}, "photo": "https://pro.culture.ru/uploads/24bdcbba606701957474dd448be72fa5.jpeg", "gallery": ["https://pro.culture.ru/uploads/0a9501c3364618c75a819bbdae8e436f.jpeg", "https://pro.culture.ru/uploads/2fb73e75b38508732b28731e4fac477e.jpeg", "https://pro.culture.ru/uploads/647773650565becdf044dbc443b9cd15.jpeg", "https://pro.culture.ru/uploads/c3cc1cbb65d14c9761f4767e0366b28a.jpeg", "https://pro.culture.ru/uploads/a7f73a93dc378fc7de009381ec6a41ad.jpeg", "https://pro.culture.ru/uploads/ba4f3e0b24751c21b106bfa4110ca9f1.jpeg", "https://pro.culture.ru/uploads/0fcbcce2c3fbfa6e5e72a7bb562c9ba4.jpeg"], "category": {"name": "Спектакли", "sysName": "spektakli"}, "time": {"start": "2021-12-18 06:00:00", "end": "2021-12-19 08:45:00"}}, {"id": 1398557, "name": "Спектакль «Знаменитый Незнайка»", "age": 0, "description": "<p>Башкирский государственный театр кукол приглашает на премьеру спектакля по произведению Николая Носова «Знаменитый Незнайка»!</p><p> В одном маленьком-маленьком городе жили-были веселые коротышки. И были они очень любознательными: мечтали отправиться в увлекательное путешествие и увидеть весь мир! Все они были очень дружными и собирались вместе строить воздушный шар, но лишь один малыш – Незнайка – не хотел делать то, что делали все остальные. Он дразнил и дергал малышек за косички, постоянно что-то ломал, разбивал.</p><p>Состоится ли их путешествие? Об этом можно узнать, посмотрев спектакль.</p>", "shortDescription": "Постановка по сказке Николая Носова.", "min_price": 300, "max_price": 300, "link": "https://ufa.kassy.ru/venue/bashkirskijj-gosudarstvennyjj-teatr-kukol-4/", "status": "accepted", "updateDate": 1640504487993, "start": 1637992800000, "end": 1643532300000, "createDate": 1634564538258, "inAccepted": true, "acceptDate": 1640504488091, "image": {"author": "Диана Гараева", "name": "9d3f7e439dd8681dbf95ca064c8eee82.jpeg", "realName": "DSC_0527.JPG", "source": "http://www.teatrkukol-ufa.ru/"}, "photo": "https://pro.culture.ru/uploads/9d3f7e439dd8681dbf95ca064c8eee82.jpeg", "gallery": ["https://pro.culture.ru/uploads/7b30ee40170a7407b106c173926b04fa.jpeg", "https://pro.culture.ru/uploads/c3bde63af60d5e45112debc79e15aa57.jpeg", "https://pro.culture.ru/uploads/b44d068b13727157f7443ccea8dcd56e.jpeg", "https://pro.culture.ru/uploads/0d66a36e1e75e2e2d61e94e70f9e695a.jpeg"], "category": {"name": "Спектакли", "sysName": "spektakli"}, "time": {"start": "2021-11-27 06:00:00", "end": "2022-01-30 08:45:00"}}, {"id": 1398491, "name": "Спектакль «Шесть чувств»", "age": 6, "description": "<p> Вы когда-нибудь мечтали почувствовать все, что ощущает главный герой спектакля? Пройтись вместе с ним под дождем, услышать запах свежих цветов, ощутить прикосновение загадочных существ? Действие происходит в полумраке, используется техника театра теней, песочная анимация и контактный массаж! И все это в любимом театре кукол!</p><p>Главный герой принимает решение оставить работу в парке аттракционов и уйти на пенсию, полагая, что одиночество – это все, что ему нужно. Много ли пройдет времени, прежде чем он поймет, что глубоко заблуждался? И что он будет делать? </p>", "shortDescription": "Постановка-синестезия.", "min_price": 350, "max_price": 350, "link": "https://ufa.kassy.ru/events/detskie/2-11608/", "needCheck": true, "status": "accepted", "updateDate": 1636538094587, "start": 1636639200000, "end": 1637247000000, "createDate": 1634563694356, "inAccepted": true, "acceptDate": 1636538094896, "image": {"author": "Диана Гараева", "name": "25c35fdd5b3d8610544fa95fb3a0c20a.jpeg", "realName": "Тот который любил тишину (5).jpg", "source": "http://www.teatrkukol-ufa.ru/"}, "photo": "https://pro.culture.ru/uploads/25c35fdd5b3d8610544fa95fb3a0c20a.jpeg", "gallery": ["https://pro.culture.ru/uploads/ac79b37805408fda6d5e518fbee7d6a7.jpeg", "https://pro.culture.ru/uploads/eb35b54382e0f7921e068042875ac1a1.jpeg", "https://pro.culture.ru/uploads/77105465eb610217ba63b720e13da2c1.jpeg", "https://pro.culture.ru/uploads/a92a2265107aa1d47c319acd7f8f700d.jpeg"], "category": {"name": "Спектакли", "sysName": "spektakli"}, "time": {"start": "2021-11-11 14:00:00", "end": "2021-11-18 14:50:00"}}, {"id": 1339332, "name": "Спектакль «Кошкин дом»", "age": 0, "description": "<p> В спектакле «Кошкин дом» по сказке известного детского писателя Самуила Маршака рассказывается о зажиточной Кошке, которая устраивала богатые пиры и любила приглашать на них всю знать города: Свинью, Петуха, Козла... Но были у нее еще и бедные племянники, перебивавшиеся лишь жалкими крохами. </p><p>И вот однажды студеной зимой, оставшись без хлеба, котята решили обратиться за помощью к тетушке Кошке, но та с надменным видом прогнала их прочь... Что же стало с бедными котятами? Об этом вы узнаете, посмотрев спектакль!</p>", "shortDescription": "По произведению С. Маршака.", "min_price": 300, "max_price": 300, "link": "https://ufa.kassy.ru/events/detskie/2-11387/", "status": "accepted", "updateDate": 1634560482940, "start": 1635573600000, "end": 1636015500000, "createDate": 1632136519136, "inAccepted": true, "acceptDate": 1634560483108, "image": {"author": "Александра Ковалева", "name": "346ed092f45a3fab497a4ad293b35471.jpeg", "realName": "za_778_5_milliona_rubley_otremontiruyut_teatr_kukol_v_ufe_image_6139b1142fd4b8.79754614.jpg", "source": "https://gorobzor.ru/novosti/obschestvo/160451-za-778-5-milliona-rubley-otremontiruyut-teatr-kukol-v-ufe"}, "photo": "https://pro.culture.ru/uploads/346ed092f45a3fab497a4ad293b35471.jpeg", "gallery": [], "category": {"name": "Спектакли", "sysName": "spektakli"}, "time": {"start": "2021-10-30 06:00:00", "end": "2021-11-04 08:45:00"}}, {"id": 1338706, "name": "Спектакль «Золотой волос»", "age": 0, "description": "<p> Храбрый молодой юноша по имени Айлып влюбляется в прекрасную Алтынсэс, дочь золотого змея, Великого Полоза. Все подземное золото находится в его полной власти. Немало искушений, трудностей и испытаний придется пройти смелому Айлыпу для того, чтобы научиться ценить свою любовь, отличать настоящее от поддельного, хорошее от плохого, духовные ценности от материальных.<br /><br />И, конечно же, маленьких зрителей ждет счастливый финал и море радостных впечатлений от прекрасного, красочного оформления спектакля!</p>", "shortDescription": "По мотивам сказки Павла Бажова.", "min_price": 300, "max_price": 300, "link": "https://ufa.kassy.ru/events/detskie/2-11382/hall/", "status": "accepted", "updateDate": 1632375540659, "start": 1634220000000, "end": 1634222700000, "createDate": 1632123265676, "inAccepted": true, "acceptDate": 1632375540670, "image": {"author": "Диана Гараева", "name": "6ec4d76c53b5b9cc0d3401ae45e90db1.jpeg", "realName": "Y6QgbrX5KBk.jpg", "source": "http://www.teatrkukol-ufa.ru/"}, "photo": "https://pro.culture.ru/uploads/6ec4d76c53b5b9cc0d3401ae45e90db1.jpeg", "gallery": ["https://pro.culture.ru/uploads/3994f221028d396735febc859adb130f.jpeg", "https://pro.culture.ru/uploads/69db2a94cd520dab122c55d057be8248.jpeg"], "category": {"name": "Спектакли", "sysName": "spektakli"}, "time": {"start": "2021-10-14 14:00:00", "end": "2021-10-14 14:45:00"}}, {"id": 1338571, "name": "Спектакль «Лиса-сирота»", "age": 0, "description": "<p> Как-то раз встретились в лесу Медведь, Волк, Пес и Заяц. Решили они жить вместе большой дружной семьей. Построили себе дом, стали работать и купили корову, которая давала так много молока, что друзья смогли приготовить огромные запасы масла на зиму. </p><p>Пришла к ним однажды в гости «сиротка» Лиса, попросилась у них пожить да прознала про масло. За каких-то три дни съела она у друзей все запасы, да вот только виноватой себя не признала. Раскроется ли ее обман? Об этом вы узнаете, посмотрев спектакль! </p>", "shortDescription": "Постановка по мотивам башкирской народной сказки.", "min_price": 300, "max_price": 300, "link": "https://ufa.kassy.ru/events/detskie/2-11789/", "status": "accepted", "updateDate": 1636960038670, "start": 1633777200000, "end": 1639464000000, "createDate": 1632121134088, "inAccepted": true, "acceptDate": 1636960038735, "image": {"author": "Диана Гараева", "name": "c275e3586c5abf8cd3cc9f9f15bcfba6.jpeg", "realName": "dQjLQhgGaIE.jpg", "source": "http://www.teatrkukol-ufa.ru/"}, "photo": "https://pro.culture.ru/uploads/c275e3586c5abf8cd3cc9f9f15bcfba6.jpeg", "gallery": ["https://pro.culture.ru/uploads/e21896e6f4aba93ba5750275a9f31d69.jpeg", "https://pro.culture.ru/uploads/dabd26e481a386df07956a61a59e795b.jpeg"], "category": {"name": "Спектакли", "sysName": "spektakli"}, "time": {"start": "2021-10-09 11:00:00", "end": "2021-12-14 06:40:00"}}, {"id": 1289197, "name": "Спектакль «Приключения доктора Айболита и его друзей»", "age": 0, "description": "<p> «Добрый доктор Айболит, он под деревом сидит…»&nbsp;Многие помнят наизусть выученные в детстве строчки! А что было потом, помните? Доктор, который больше всего на свете любил животных, отправляется лечить заболевших малышей в Африку, мужественно превозмогая все трудности: непогоду, океан, горы, большие расстояния… </p><p>В этом спектакле зрители увидят новую версию любимой сказки, созданной Корнеем Ивановичем Чуковским, выдержанную в стиле лирической клоунады, щедро сдобренную веселой музыкой и заводными танцами! </p>", "shortDescription": "Постановка по мотивам произведений Корнея Ивановича Чуковского.", "min_price": 250, "max_price": 300, "link": "https://ufa.kassy.ru/events/detskie/2-11605/", "status": "accepted", "updateDate": 1634649195936, "start": 1630735200000, "end": 1636274700000, "createDate": 1629797211251, "inAccepted": true, "acceptDate": 1634649195945, "image": {"author": "Диана Гараева ", "name": "ba767a01a79886f2760f8f678a4bc52f.jpeg", "realName": "Айболит (3).JPG", "source": "http://www.teatrkukol-ufa.ru/"}, "photo": "https://pro.culture.ru/uploads/ba767a01a79886f2760f8f678a4bc52f.jpeg", "gallery": ["https://pro.culture.ru/uploads/c1661a43ae59b15e5d95f9671014b21b.jpeg", "https://pro.culture.ru/uploads/d04fbb57e6fe5fec0d07554adf20bd9d.jpeg"], "category": {"name": "Спектакли", "sysName": "spektakli"}, "time": {"start": "2021-09-04 06:00:00", "end": "2021-11-07 08:45:00"}}, {"id": 1243140, "name": "Спектакль «Любовное приключение»", "age": 18, "description": "<p> Главный герой комедии – Петрушка. Но не тот добренький весельчак, в которого он превратился в ходе театральной эволюции. Здесь он выступил в своей первоначальной ипостаси – трикстера. Многим вряд ли даже знакомо это слово, обозначающее вечное существо, которое чувствует себя как дома и на земле, и под землей, и в небе. Плут, разрушитель, скоморох, балаганный шутник и весельчак – вот такой у него уникальный набор качеств, от минуса до плюса.<br /><br />Петрушка в поисках любви посещает разные страны, знакомится с разными женщинами (прототипами известных актрис и политиков) и даже Смертью, которая, как известно, тоже представительница прекрасного пола. На пути к счастью он попадает во всевозможные ситуации: порой комичные, порой драматичные, смешные и нелепые, из которых он удачно выпутывается... </p>", "shortDescription": "Современный вариант представления Петрушки, полный искрометного юмора и знаменитых персонажей.", "min_price": 250, "max_price": 300, "link": "https://ufa.kassy.ru/venue/bashkirskijj-gosudarstvennyjj-teatr-kukol-4/", "needCheck": true, "status": "accepted", "updateDate": 1634560971683, "start": 1635429600000, "end": 1638626400000, "createDate": 1627560478380, "inAccepted": true, "acceptDate": 1634560971869, "image": {"author": "Диана Гараева", "name": "9edfccd8976f36f774272be5a929363b.jpeg", "realName": "bVTWdpZqmfY.jpg", "source": "http://www.teatrkukol-ufa.ru"}, "photo": "https://pro.culture.ru/uploads/9edfccd8976f36f774272be5a929363b.jpeg", "gallery": ["https://pro.culture.ru/uploads/7f48978f6e8f766f87be4c91fe45ff76.jpeg"], "category": {"name": "Спектакли", "sysName": "spektakli"}, "time": {"start": "2021-10-28 14:00:00", "end": "2021-12-04 14:00:00"}}, {"id": 1242726, "name": "Спектакль «О чем поет орнамент?»", "age": 12, "description": "<p>Впервые на сцене театра кукол зрители увидят все метаморфозы, которые претерпевал башкирский орнамент, начиная с мотивов, изображенных на стенах пещеры Шульган-Таш, и заканчивая тем, каким его видят сегодня – преобразившимся, накопившим энергетику и опыт предыдущих поколений. Зрители смогут узнать, о чем же, все-таки, поет орнамент, и что он сегодня может рассказать современникам.<br /></p><p>В основе спектакля – разные по стилю, жанру и содержанию истории: «Сотворение мира», «На чем земля держится», «Два сердца», «Мешок с хитростями», «Конгур-буга». Все они объединены в одну историю, связующим звеном которой стал орнамент...</p><p></p>", "shortDescription": "Постановка по мотивам башкирских сказаний и легенд, включающая в себя пять разных по жанру историй.", "min_price": 250, "max_price": 250, "link": "https://ufa.kassy.ru/venue/bashkirskijj-gosudarstvennyjj-teatr-kukol-4/", "needCheck": true, "status": "accepted", "updateDate": 1635228600804, "start": 1635948000000, "end": 1635953400000, "createDate": 1627553146276, "inAccepted": true, "acceptDate": 1635228600914, "image": {"author": "Диана Гараева", "name": "f8d7c1dff62cea8c1a44bcfa804255f9.jpeg", "realName": "KiCC-X4Sk58.jpg", "source": "http://www.teatrkukol-ufa.ru"}, "photo": "https://pro.culture.ru/uploads/f8d7c1dff62cea8c1a44bcfa804255f9.jpeg", "gallery": ["https://pro.culture.ru/uploads/bcc2230ccf5cb26845096b749d38c13e.jpeg", "https://pro.culture.ru/uploads/34a1e98463f8f3b9ca453acb22af1b59.jpeg", "https://pro.culture.ru/uploads/c48e0d3c1ad8879b2de633276852f59f.jpeg", "https://pro.culture.ru/uploads/dbf670a82bb9a8529a3d377ca7085d2a.jpeg"], "category": {"name": "Спектакли", "sysName": "spektakli"}, "time": {"start": "2021-11-03 14:00:00", "end": "2021-11-03 15:30:00"}}, {"id": 1236286, "name": "Спектакль «Мустай Карим. Близкий горизонт»", "age": 12, "description": "<p>Постановка знакомит с личностью народного поэта Республики Башкортостан Мустая Карима. В спектакле поэт показан с разных сторон – образ воплощен на сцене несколько раз – маленький Мустафа, молодой поэт, солдат, капитан и, наконец, состоявшийся Мустай Карим. В спектакле представлены его стихотворения, воспоминания о детстве и войне, рассуждения о любви, отрывки из произведений. </p><p>Постановка необычная еще и тем, что вобрала в себя несколько жанров: это синтез кинематографии, драматического и кукольного театра, документалистики и анимации. <br /></p> <p></p>", "shortDescription": "Спектакль о народном поэте, писателе и драматурге Республики Башкортостан Мустае Кариме.", "min_price": 250, "link": "https://ufa.kassy.ru/venue/bashkirskijj-gosudarstvennyjj-teatr-kukol-4/", "status": "accepted", "updateDate": 1631688906235, "start": 1634652000000, "end": 1634657400000, "createDate": 1627279493921, "inAccepted": true, "acceptDate": 1631688906249, "image": {"author": "Гараева Диана", "name": "f73afa8a5d21b38d5d01008db61d45d3.jpeg", "realName": "Мустай Карим -3.JPG", "source": "http://teatrkukol-ufa.ru/"}, "photo": "https://pro.culture.ru/uploads/f73afa8a5d21b38d5d01008db61d45d3.jpeg", "gallery": ["https://pro.culture.ru/uploads/17dc689cb7027d84a6024ee689ba17f2.jpeg", "https://pro.culture.ru/uploads/7ab56c6aab1cb749d54f17949163a6b1.jpeg", "https://pro.culture.ru/uploads/b1b95cbb9a22fa2baba2562c6c64859c.jpeg"], "category": {"name": "Спектакли", "sysName": "spektakli"}, "time": {"start": "2021-10-19 14:00:00", "end": "2021-10-19 15:30:00"}}, {"id": 1225919, "name": "Спектакль «Тысяча и одна ночь»", "age": 16, "description": "<p><span>После измены жены царь Шахрияр решил утешиться в поисках приключений. Окунувшись в интриги и страсти, он находит все новых и новых жен, но окончательно разочаровывается в любви и казнит их одну за другой. Спасти город от бесчинств царя берется дочь главного визиря Шахерезада. Только она сможет научить жестокого и своенравного Шахрияра тому, что кроме телесных наслаждений в мире есть и духовные радости.</span></p><p><span></span></p><p>По пьесе Петра Васильева.<br /> </p><p>Режиссер-постановщик – Петр Васильев (г. Петрозаводск).<br /> Художник-постановщик – Алевтина Торик (г. Санкт-Петербург).<br /></p><p></p>", "shortDescription": "Волшебная история с восточным колоритом по мотивам сказок о царе Шахрияре и красавице Шахерезаде.", "min_price": 250, "max_price": 250, "link": "http://teatrkukol-ufa.ru/afisha/tysyacha-i-odna-noch/", "status": "accepted", "updateDate": 1628497194540, "start": 1633010400000, "end": 1633015800000, "createDate": 1626419301058, "inAccepted": true, "acceptDate": 1629175207559, "image": {"author": "Гараева Диана", "name": "5eb9fc9c8789db86ff97c3dd650f80a1.jpeg", "realName": "1001 ночь-1.jpg", "source": "http://teatrkukol-ufa.ru/"}, "photo": "https://pro.culture.ru/uploads/5eb9fc9c8789db86ff97c3dd650f80a1.jpeg", "gallery": ["https://pro.culture.ru/uploads/189829894be6d7c147054aa3a4c90f68.jpeg", "https://pro.culture.ru/uploads/cb0eeb1b88474f7959b6236a3a0c4628.jpeg", "https://pro.culture.ru/uploads/1fd06a05c2cc73bc12c863eec4daddff.jpeg"], "category": {"name": "Спектакли", "sysName": "spektakli"}, "time": {"start": "2021-09-30 14:00:00", "end": "2021-09-30 15:30:00"}}, {"id": 820620, "name": "Спектакль «Верные друзья»", "age": 0, "description": "<p>Добро пожаловать в волшебную страну Мульти-Пульти! Уж кто-кто, а вы-то знаете, что такая страна существует! И пусть даже самый примерный отличник не сможет найти ее ни на одной карте – она все равно есть. Например, в Башкирском государственном театре кукол. </p><p>Здесь в одном спектакле собрались вместе все ваши любимые герои из известных советских мультфильмов! А сюжет весьма и весьма интригует: крокодил Гена и его верные друзья будут спасать Чебурашку, которого похитила старуха Шапокляк и злые разбойники…</p>", "shortDescription": "Новогодняя постановка с участием героев мультфильмов.", "min_price": 300, "max_price": 300, "link": "https://ufa.kassy.ru/venue/bashkirskijj-gosudarstvennyjj-teatr-kukol-4/", "status": "accepted", "updateDate": 1636920061015, "start": 1609394400000, "end": 1640522700000, "createDate": 1605716258390, "inAccepted": true, "acceptDate": 1636920061241, "image": {"author": "Диана Гараева", "name": "a6912fe66b0c1f424ff5f9414cd350e9.jpeg", "realName": "Верные друзья.jpg", "source": "http://teatrkukol-ufa.ru/"}, "photo": "https://pro.culture.ru/uploads/a6912fe66b0c1f424ff5f9414cd350e9.jpeg", "gallery": ["https://pro.culture.ru/uploads/f98a5236e8dde92ff221c2d99a2c06f7.jpeg", "https://pro.culture.ru/uploads/3dfee50b44f5c49ae5db5c7d5ba0a06d.jpeg", "https://pro.culture.ru/uploads/e1028a187c620584e7c5d419d2b5dd76.jpeg", "https://pro.culture.ru/uploads/2cad4dc18b96736179a566b1b8b72796.jpeg", "https://pro.culture.ru/uploads/cf6ee2196901c368c56e840be5aacb89.jpeg"], "category": {"name": "Спектакли", "sysName": "spektakli"}, "time": {"start": "2020-12-31 06:00:00", "end": "2021-12-26 12:45:00"}}, {"id": 820546, "name": "Спектакль «Морозко»", "age": 0, "description": "<p>Старая добрая сказка о хорошей девушке по имени Дашенька, которая вынуждена жить со своей злой, не любящей ее мачехой и капризной сестрой Пашей. Чтобы избавиться от Даши, мачеха отправляет ее зимой в лесную чащу в надежде, что Дашенька оттуда уже никогда не вернется. Но, как всегда бывает в сказках, добро побеждает зло, и Дашеньке встречается добрый дед по имени Морозко. Он наградит ее за доброту и трудолюбие, а вот ленивую Пашу... А вот что случится с Пашей, вы узнаете, посмотрев спектакль!</p><p>Приглашаются все желающие!</p>", "shortDescription": "Новогодняя сказка с добрым концом.", "min_price": 300, "link": "https://ufa.kassy.ru/venue/bashkirskijj-gosudarstvennyjj-teatr-kukol-4/", "status": "accepted", "updateDate": 1636923436078, "start": 1610780400000, "end": 1641721500000, "createDate": 1605711206100, "inAccepted": true, "acceptDate": 1636923436089, "image": {"author": "Диана Гараева", "name": "5a4d996eb4f6a6e11337ceb0738babcc.jpeg", "realName": "Морозко.jpg", "source": "http://teatrkukol-ufa.ru/"}, "photo": "https://pro.culture.ru/uploads/5a4d996eb4f6a6e11337ceb0738babcc.jpeg", "gallery": [], "category": {"name": "Спектакли", "sysName": "spektakli"}, "time": {"start": "2021-01-16 07:00:00", "end": "2022-01-09 09:45:00"}}, {"id": 820509, "name": "Спектакль «История одной снежинки»", "age": 0, "description": "<p>Высоко в небе десятки тысяч снежинок готовятся к новогоднему балу. Но одна из них недовольна своим узором – он кажется ей слишком заурядным, на нем почти не видно отблесков света. Снежинка покидает дом и отправляется на поиски узора. Ей предстоит встретиться с вольными ветрами, попасть в царство суровых морозов, вырваться из Сугроб-тюрьмы. </p><p>Она подставит себя под лучи южного солнца и чуть было не растает. Но узор ей изменить так и не удастся. Героиня вернется домой – и, к ее изумлению, все окружающие будут поражены светом, исходящим от нее.</p>", "shortDescription": "Новогоднее представление для самых маленьких.", "min_price": 300, "max_price": 300, "link": "https://ufa.kassy.ru/venue/bashkirskijj-gosudarstvennyjj-teatr-kukol-4/", "status": "accepted", "updateDate": 1636919993599, "start": 1608357600000, "end": 1639298700000, "createDate": 1605709243132, "inAccepted": true, "acceptDate": 1636919993744, "image": {"author": "Диана Гараева", "name": "7ef683cef4fb4cbf881972dde90b0d55.jpeg", "realName": "История одной снежинки.jpg", "source": "http://teatrkukol-ufa.ru/"}, "photo": "https://pro.culture.ru/uploads/7ef683cef4fb4cbf881972dde90b0d55.jpeg", "gallery": [], "category": {"name": "Спектакли", "sysName": "spektakli"}, "time": {"start": "2020-12-19 06:00:00", "end": "2021-12-12 08:45:00"}}, {"id": 731026, "name": "Спектакль «Коза-дереза»", "age": 0, "description": "<p>Жили-были как-то дедушка, бабушка и внучка. Жили они душа в душу, пока не купил дед у старика козу. Да не простую, а хитрую, озорную и очень веселую. Ох и намучаются же с ней ее хозяева! Смогут ли они ее приручить? Поймет ли козочка, что ведет себя неправильно? Об этом вы узнаете, посмотрев спектакль!</p><p>Спектакль полон юмора и задора, однако носит при этом еще и воспитательный характер. В случае, если дети узнают в главной героине себя, то они непременно захотят поменять что-то в своем характере, поступках, как сделает это и сама Коза-дереза.</p>", "shortDescription": "Постановка по мотивам русской народной сказки.", "min_price": 300, "max_price": 300, "link": "https://ufa.kassy.ru/events/detskie/2-11609/", "status": "accepted", "updateDate": 1635339080762, "start": 1600498800000, "end": 1636793100000, "createDate": 1599650814223, "inAccepted": true, "acceptDate": 1635339080770, "image": {"author": "Диана Гараева", "name": "8f3927f234feef20764862c10d925e67.jpeg", "realName": "DSC_0492 (2) сжат.jpg", "source": "http://www.teatrkukol-ufa.ru"}, "photo": "https://pro.culture.ru/uploads/8f3927f234feef20764862c10d925e67.jpeg", "gallery": ["https://pro.culture.ru/uploads/d18dfabaa277f1f037cc9f0655ca09ce.jpeg", "https://pro.culture.ru/uploads/f3df85f2e1143a5413bfd7781a6e7dff.jpeg", "https://pro.culture.ru/uploads/d66c4af82ed1762baec17c1f1253b425.jpeg", "https://pro.culture.ru/uploads/e3f16086286141eacbb52ce9dabbceb9.jpeg"], "category": {"name": "Спектакли", "sysName": "spektakli"}, "time": {"start": "2020-09-19 07:00:00", "end": "2021-11-13 08:45:00"}}, {"id": 584266, "name": "Спектакль «Гуси-лебеди»", "age": 0, "description": "<p> Жила-была девочка Аленушка, и была она очень непослушным ребенком. Но, потеряв брата Ванечку и столкнувшись с трудностями, она осознает свои ошибки, становится мудрой и ответственной. В этой сказке ребята встретятся и с Бабой-ягой, и с добрыми Печкой, Яблонькой, Речкой, и другими персонажами, которых воплотят на сцене артисты театра кукол. </p><p>В своей новой работе постановщики хотят донести до маленьких зрителей самые простые, но важные истины о том, как важны в жизни доброта и любовь, что всегда, при любых обстоятельствах, нужно держать свое слово и почитать родителей.</p>", "shortDescription": "Постановка по мотивам русской народной сказки.", "min_price": 300, "max_price": 300, "link": "https://ufa.kassy.ru/venue/bashkirskijj-gosudarstvennyjj-teatr-kukol-4/", "status": "accepted", "updateDate": 1640504622926, "start": 1600844400000, "end": 1642938000000, "createDate": 1582106172824, "inAccepted": true, "acceptDate": 1640504623034, "image": {"author": "Диана Гараева", "name": "0b04be65ce24a5da2b6708d5127a7fea.jpeg", "realName": "DSC_0205.JPG", "source": "http://www.teatrkukol-ufa.ru/repertoire/gusi-lebedi-premera-/"}, "photo": "https://pro.culture.ru/uploads/0b04be65ce24a5da2b6708d5127a7fea.jpeg", "gallery": ["https://pro.culture.ru/uploads/7e460ea05d03cb749f6fbd39d2e3d91b.jpeg", "https://pro.culture.ru/uploads/f5dfd20ae7a692af127e9154d6d36e33.jpeg", "https://pro.culture.ru/uploads/7119bf1316b6d9a926a51ce3e115679e.jpeg"], "category": {"name": "Спектакли", "sysName": "spektakli"}, "time": {"start": "2020-09-23 07:00:00", "end": "2022-01-23 11:40:00"}}, {"id": 546005, "name": "Спектакль «Приключения белых мышей»", "age": 0, "description": "<p>Это история о двух маленьких, непослушных домашних мышатах, вырвавшихся на свободу и отправившихся путешествовать по всему свету в поисках приключений, заставит зрителей от души смеяться и сопереживать героям, а также погрузиться в сказочную атмосферу праздника…</p><p>На сцене театра, помимо мышей, вас встретят традиционные спутники Нового года – Дед Мороз со Снегурочкой, а также Кот, Принцесса, грозный Великан и огнедышащий Дракончик. Эта веселая компания развеселит даже самого серьезного ребенка, зарядит праздничным новогодним настроением на целый год! </p>", "shortDescription": "Новогодняя постановка для детей.", "min_price": 300, "max_price": 300, "link": "https://ufa.kassy.ru/venue/bashkirskijj-gosudarstvennyjj-teatr-kukol-4", "status": "accepted", "updateDate": 1636923625417, "start": 1577944800000, "end": 1642322700000, "createDate": 1577274943505, "inAccepted": true, "acceptDate": 1636923625598, "image": {"author": "Диана Гараева", "name": "15f663c1fb5e11f3910fc63a2b88036f.jpeg", "realName": "DSC_5501.JPG", "source": "http://teatrkukol-ufa.ru/"}, "photo": "https://pro.culture.ru/uploads/15f663c1fb5e11f3910fc63a2b88036f.jpeg", "gallery": ["https://pro.culture.ru/uploads/8ada49178480ec6a8ef9fb1ab0e66887.jpeg", "https://pro.culture.ru/uploads/f5a59fa952ff7bc4addd13e66ad68c3c.jpeg", "https://pro.culture.ru/uploads/71e98570a596ff0364e59d0f506e99e9.jpeg", "https://pro.culture.ru/uploads/7ea77394f3040e4381cef85ae67820ad.jpeg", "https://pro.culture.ru/uploads/d06365dc186b126a35f76232122f014d.jpeg", "https://pro.culture.ru/uploads/427cd5c97d536182cc627f532c9b153d.jpeg", "https://pro.culture.ru/uploads/c53a6e18e315f14fc080a6bfeaba9e7d.jpeg", "https://pro.culture.ru/uploads/560df4dda6a0e599c586a768baf3142a.jpeg", "https://pro.culture.ru/uploads/33da87131d8f851816fc2722b37cb34a.jpeg"], "category": {"name": "Спектакли", "sysName": "spektakli"}, "time": {"start": "2020-01-02 06:00:00", "end": "2022-01-16 08:45:00"}}, {"id": 521724, "name": "Спектакль «Гадкий утенок»", "age": 0, "description": "<p>История для юных зрителей про маленького и беззащитного птенца, который оказался чужим и непонятым во всем птичьем дворе. </p><p>Жизнь его полна суровых и опасных испытаний: он уходит с птичьего двора и отправляется путешествовать по миру. На своем пути птенчик встречает птиц, которые то и дело проявляют малопривлекательные качества, порой, к сожалению, присущие людям: в них внимательный зритель легко разглядит и свое окружение, и даже иногда себя...</p><p>Но справедливость, как всегда это бывает в сказках, восторжествует.<br /></p>", "shortDescription": "По мотивам сказки Ганса Христиана Андерсена.", "min_price": 300, "max_price": 300, "link": "https://ufa.kassy.ru/venue/bashkirskijj-gosudarstvennyjj-teatr-kukol-4/", "needCheck": true, "status": "accepted", "updateDate": 1640242228120, "start": 1576306800000, "end": 1643542800000, "createDate": 1574338533195, "inAccepted": true, "acceptDate": 1637923788448, "image": {"author": "Диана Гараева", "name": "e17cda73cf2060390794050618f165df.jpeg", "realName": "DSC_0252.JPG", "source": "http://www.teatrkukol-ufa.ru"}, "photo": "https://pro.culture.ru/uploads/e17cda73cf2060390794050618f165df.jpeg", "gallery": ["https://pro.culture.ru/uploads/162e46d1a81b58cebab2623e21071514.jpeg", "https://pro.culture.ru/uploads/527391fd040f12ac93b9f7c791e6ddb9.jpeg", "https://pro.culture.ru/uploads/74b7e9c594d1ff3f0eefb035cec6681e.jpeg", "https://pro.culture.ru/uploads/ac78960c9cead24ebfb10882e6aac603.jpeg", "https://pro.culture.ru/uploads/91a600218c4b5eade2ac9acb87fc7672.jpeg"], "category": {"name": "Спектакли", "sysName": "spektakli"}, "time": {"start": "2019-12-14 07:00:00", "end": "2022-01-30 11:40:00"}}, {"id": 481782, "name": "Спектакль «Красная Шапочка»", "age": 0, "description": "<p>Башкирский государственный театр кукол приглашает на спектакль «Красная Шапочка».</p><p> В основе спектакля лежит популярная сказка Шарля Перро про девочку по прозвищу Красная Шапочка, которая по наказу мамы отправилась навещать свою бабушку. Однако девочка нарушила запрет мамы не разговаривать с незнакомцами и заговорила с волком…</p><p>«Красная Шапочка» – одна из самых популярных сказок не только среди творений&nbsp;Шарля Перро, но и среди сказок всех авторов во всем мире. Это произведение входит в список тех, которые родители читают своим детям одними из первых. Простая и на первый взгляд незамысловатая история девочки в красной шапочке на самом деле является сказкой с глубоким смыслом и психологическим подтекстом. </p>", "shortDescription": "Знакомая всем с детства сказка Шарля Перро.", "min_price": 300, "max_price": 300, "link": "https://ufa.kassy.ru/events/detskie/2-11601/", "status": "accepted", "updateDate": 1634727107867, "start": 1571554800000, "end": 1636101900000, "createDate": 1569781500321, "inAccepted": true, "acceptDate": 1634727107875, "image": {"author": "Диана Гараева", "name": "6d230914184bb84b108f08344df487a2.jpeg", "realName": "DSC_8526.JPG", "source": "http://www.teatrkukol-ufa.ru/"}, "photo": "https://pro.culture.ru/uploads/6d230914184bb84b108f08344df487a2.jpeg", "gallery": ["https://pro.culture.ru/uploads/22601be18681ae90b95ad7b272d57bc8.jpeg", "https://pro.culture.ru/uploads/3cec46521f5fd058b485dc0f26a53875.jpeg", "https://pro.culture.ru/uploads/9318530d531bada2933177634aec6df7.jpeg", "https://pro.culture.ru/uploads/96d30649c7937fb32947aa0349272444.jpeg"], "category": {"name": "Спектакли", "sysName": "spektakli"}, "time": {"start": "2019-10-20 07:00:00", "end": "2021-11-05 08:45:00"}}, {"id": 473806, "name": "Спектакль «Сказка о царе Салтане»", "age": 0, "description": "<p>Давным-давно жил-был на свете царь по имени Салтан.</p><p>Услышал он как-то под окнами разговор трех девиц, а в скором времени женился на одной из них. Когда же у царя появился наследник, по навету злому, не увидев сына, отправил он жену с ребенком в море, законопатив их в бочку.</p><p>Да только вот царевич Гвидон рос не по дням, а по часам, да и сломал он эту бочку, спас от гибели заколдованную Царевну Лебедь, которая отплатила ему за спасение и службой, и советом, и любовью…</p><p>В спектакле полностью сохранен и великолепно звучит бессмертный пушкинский текст и его неповторимый, искрометный юмор.</p>", "shortDescription": "Постановка по сказке А. С. Пушкина.", "min_price": 250, "max_price": 250, "link": "https://ufa.kassy.ru/venue/bashkirskijj-gosudarstvennyjj-teatr-kukol-4/", "status": "accepted", "updateDate": 1630042538949, "start": 1569049200000, "end": 1631199000000, "createDate": 1568570424371, "inAccepted": true, "acceptDate": 1630324218323, "image": {"author": "Диана Гараева", "name": "3fbb2ba8aedee77a476d611f8093f4bf.jpeg", "realName": "DSC_0024.JPG", "source": "http://www.teatrkukol-ufa.ru/"}, "photo": "https://pro.culture.ru/uploads/3fbb2ba8aedee77a476d611f8093f4bf.jpeg", "gallery": ["https://pro.culture.ru/uploads/1592bf8e8077ad16914b63cdee4c7109.jpeg", "https://pro.culture.ru/uploads/fb7cc27403116b9a96bc8c5c58a5ccb8.jpeg", "https://pro.culture.ru/uploads/0047779ade92240d91b288f08d00a0dd.jpeg", "https://pro.culture.ru/uploads/5589076b90ad96e4e1602007a1f877f4.jpeg", "https://pro.culture.ru/uploads/f486053920b01b0c1630e184ddd9afbb.jpeg", "https://pro.culture.ru/uploads/cb495b07e7d539c82f46bc36d8d0972e.jpeg"], "category": {"name": "Спектакли", "sysName": "spektakli"}, "time": {"start": "2019-09-21 07:00:00", "end": "2021-09-09 14:50:00"}}, {"id": 331559, "name": "Спектакль «Волшебные приключения игрушек»", "age": 0, "description": "<p> Новый год – это удивительная пора, когда каждый взрослый мечтает пусть ненадолго, но побыть ребенком. Поэтому и детям, и взрослым предлагается отправиться в увлекательное путешествие в страну детства! </p><p>В этом увлекательном путешествии на волшебном корабле вместе с яркими новогодними игрушками из мастерской Деда Мороза маленькие зрители узнают, как и где Дед Мороз мастерит свои игрушки, почему Еж Иванович выгнал из сказочной мастерской Торопыгу Недоделкина и встретятся ли ребята со своими долгожданными игрушками...</p>", "shortDescription": "Новогодняя постановка.", "min_price": 300, "max_price": 300, "link": "https://ufa.kassy.ru/venue/bashkirskijj-gosudarstvennyjj-teatr-kukol-4/?", "status": "accepted", "updateDate": 1637429175281, "start": 1545285600000, "end": 1638693900000, "createDate": 1543843381995, "inAccepted": true, "acceptDate": 1637429175551, "image": {"author": "Альберт Загиров", "name": "f2b23a7d58cbb50c12fb3a3e40192de3.jpeg", "realName": "Волшебные приключения игрушек.jpg", "source": "https://www.facebook.com/profile.php?id=100002069874598"}, "photo": "https://pro.culture.ru/uploads/f2b23a7d58cbb50c12fb3a3e40192de3.jpeg", "gallery": ["https://pro.culture.ru/uploads/1121a8a6f797174d2fbbcafd675fdde4.jpeg", "https://pro.culture.ru/uploads/c43c650e28d3cd2161732fd7fc56a542.jpeg", "https://pro.culture.ru/uploads/25f598b590fccf768c7e2dbd304cf363.jpeg", "https://pro.culture.ru/uploads/bca2ed14acc72578e6c09334ff46a276.jpeg", "https://pro.culture.ru/uploads/6b1055214b7d9463278c7782503f0745.jpeg"], "category": {"name": "Спектакли", "sysName": "spektakli"}, "time": {"start": "2018-12-20 06:00:00", "end": "2021-12-05 08:45:00"}}, {"id": 301974, "name": "Спектакль «О чем поет осень?»", "age": 0, "description": "<p>Башкирский государственный театр кукол представляет вашему вниманию специальную программу для самых маленьких зрителей от 1 года до 3 лет «О чем поет осень?». В рамках этой программы на малой сцене театра вы увидите спектакль, где по ходу действия главные герои Зайчик, Белочка и Медвежонок покажут вашим детям интерактивную сказку, из которой ребенок узнает, что же это за время года такое – осень? Грустное, дождливое или же, наоборот, веселое и прекрасное? </p><p>Одним лишь спектаклем программа не ограничится. На увлекательном мастер-классе по скрапбукингу вы и ваш ребенок сможете смастерить осеннюю открытку, а затем вас ждет сказочная фотосессия в чудесных декорациях спектакля. Открытку вы сможете забрать с собой.</p>", "shortDescription": "Специальная программа для самых маленьких.", "min_price": 350, "max_price": 350, "link": "https://ufa.kassy.ru/events/detskie/2-11363/", "needCheck": true, "status": "accepted", "updateDate": 1634560614881, "start": 1539428400000, "end": 1636284900000, "createDate": 1538984042490, "inAccepted": true, "acceptDate": 1634560615089, "image": {"author": "Диана Гараева", "name": "27c36dc3cc0fd0368e516d1b68aecdef.jpg", "realName": "Куку.jpg", "source": "http://www.teatrkukol-ufa.ru"}, "photo": "https://pro.culture.ru/uploads/27c36dc3cc0fd0368e516d1b68aecdef.jpg", "gallery": ["https://pro.culture.ru/uploads/f6865dcfc194525c97e9259589b4b0a1.JPG", "https://pro.culture.ru/uploads/3e50b907396e26472bb53c95b07ae65a.JPG", "https://pro.culture.ru/uploads/7918ac84b62e11f02c7d449a71e146d5.JPG", "https://pro.culture.ru/uploads/300a7fa8eb940072807d3f8fceea3637.JPG", "https://pro.culture.ru/uploads/4c4384e4be3741630f99e0b970b4ae19.JPG"], "category": {"name": "Спектакли", "sysName": "spektakli"}, "time": {"start": "2018-10-13 11:00:00", "end": "2021-11-07 11:35:00"}}, {"id": 301957, "name": "Спектакль «Волшебник Изумрудного города»", "age": 0, "description": "<p>Что делать, если по воле злой волшебницы ты оказался вдали от дома? Шагай по желтой кирпичной дороге и непременно встретишь верных друзей, которые помогут тебе вернуться на родину. Именно так и поступают девочка Элли и ее пес Тотошка. </p><p>Новый спектакль Башкирского театра кукол рассказывает о путешествии девочки Элли и ее песика со Страшилой, Железным дровосеком и Трусливым львом, о тайнах Изумрудного города, в котором живет Великий Гудвин, о борьбе с коварной ведьмой Бастиндой. </p><p>Зрители вместе с героями пройдутся по дороге из желтого кирпича и убедятся, что настоящая дружба преодолеет любые невзгоды!</p>", "shortDescription": "По мотивам сказки Александра Волкова.", "min_price": 250, "max_price": 300, "link": "https://ufa.kassy.ru/events/detskie/2-11082/", "status": "accepted", "updateDate": 1632143021956, "start": 1540105200000, "end": 1633164300000, "createDate": 1538982959398, "inAccepted": true, "acceptDate": 1632143021964, "image": {"author": "Диана Гараева", "name": "a9d35fe5b74720883578b98ce892b3e0.JPG", "realName": "волшебник изумрудного города (5).JPG", "source": "http://www.teatrkukol-ufa.ru/"}, "photo": "https://pro.culture.ru/uploads/a9d35fe5b74720883578b98ce892b3e0.JPG", "gallery": ["https://pro.culture.ru/uploads/b8fd6841165e6c19821342f59ba8e94f.JPG", "https://pro.culture.ru/uploads/9b94052a75f08c77307ca8a522db1283.JPG", "https://pro.culture.ru/uploads/836d1f245485da188719568ee6b0f460.JPG", "https://pro.culture.ru/uploads/68b0644ac7c3144cf144752de44b7a4a.JPG", "https://pro.culture.ru/uploads/73e358bf298f5ace7500d8b85fa97350.JPG"], "category": {"name": "Спектакли", "sysName": "spektakli"}, "time": {"start": "2018-10-21 07:00:00", "end": "2021-10-02 08:45:00"}}, {"id": 301951, "name": "Спектакль «Урал-батыр»", "age": 12, "description": "<p>Театр кукол возрождает народный эпос для широкой зрительской аудитории, и, в первую очередь, для подрастающего поколения. Вы узнаете о подвигах легендарного героя Урал-батыра и злодеяниях его брата Шульгена, переметнувшегося на сторону темных сил. Кто победит – добро или зло? </p><p>На сцене используются лазерные технологии, песочная анимация, оригинальные маски и костюмы, масштабные сцены, пластические картины. Все это определяет высокий уровень исполнительского мастерства и художественного новаторства.</p>", "shortDescription": "По мотивам башкирского народного эпоса.", "min_price": 300, "max_price": 300, "link": "https://ufa.kassy.ru/events/teatr/2-12125/", "needCheck": true, "status": "accepted", "updateDate": 1638338206072, "start": 1539954000000, "end": 1639037700000, "createDate": 1538982486014, "inAccepted": true, "acceptDate": 1638256813147, "image": {"author": "Диана Гараева", "name": "5fa444e6b14ba2bf0fefd0f9efae6fff.jpg", "realName": "Ural-batyr-5-1024x683.jpg", "source": "http://www.teatrkukol-ufa.ru/"}, "photo": "https://pro.culture.ru/uploads/5fa444e6b14ba2bf0fefd0f9efae6fff.jpg", "gallery": ["https://pro.culture.ru/uploads/f6f1d62bb1262d982b49f81e25e8e522.jpg", "https://pro.culture.ru/uploads/86419c0270d3ebe9ba478e14b40e836e.jpg"], "category": {"name": "Спектакли", "sysName": "spektakli"}, "time": {"start": "2018-10-19 13:00:00", "end": "2021-12-09 08:15:00"}}, {"id": 301897, "name": "Спектакль «Буратино»", "age": 0, "description": "<p> Башкирский государственный театр кукол приглашает посмотреть увлекательную историю о деревянном мальчике, который вместо того, чтобы пойти в школу, идет в театр и обменивает свою азбуку на входной билет. Храбрый и смелый Буратино разгадает тайну золотого ключика, победит не только разбойников, но и самого Карабаса-Барабаса, а в финале он подарит маленьким зрителям настоящий кукольный театр! </p><p>Гостей ждет новая, красочная и необычная версия известной всем сказки, выдержанная в традициях балаганного театра и итальянской комедии масок дель арте. </p>", "shortDescription": "Посетители увидят знакомую историю в необычном формате.", "min_price": 300, "max_price": 300, "link": "https://ufa.kassy.ru/events/detskie/2-11603/", "status": "accepted", "updateDate": 1634655359081, "start": 1540018800000, "end": 1636188300000, "createDate": 1538980107399, "inAccepted": true, "acceptDate": 1634655359092, "image": {"author": "Диана Гараева", "name": "916f217fd8fbbcbdc043ef9937d5839d.JPG", "realName": "Буратино.JPG", "source": "http://www.teatrkukol-ufa.ru"}, "photo": "https://pro.culture.ru/uploads/916f217fd8fbbcbdc043ef9937d5839d.JPG", "gallery": ["https://pro.culture.ru/uploads/f939ebf0db231299b144c937c29e2225.JPG", "https://pro.culture.ru/uploads/0139c0fef51045667a519eb30b51a7a4.JPG", "https://pro.culture.ru/uploads/2dd7026f3f94abf79950776ac232b40e.JPG", "https://pro.culture.ru/uploads/95383b448a379d87b8694340e144fd70.JPG"], "category": {"name": "Спектакли", "sysName": "spektakli"}, "time": {"start": "2018-10-20 07:00:00", "end": "2021-11-06 08:45:00"}}, {"id": 204996, "name": "Спектакль «Муха-цокотуха»", "age": 0, "description": "<p>Известная, любимая малышами сказка в стихах про удачливую Муху-цокотуху, которая нежданно-негаданно нашла на дороге денежку, приобрела самовар и на радостях созвала на чаепитие всех своих друзей и знакомых. Гости веселились, пили чай, расхваливали гостеприимную, хлебосольную Муху-именинницу и совершенно не заметили неожиданного исчезновения хозяйки. А тем временем коварный злодей Паук похитил бедную Муху, опутал паутиной и намеревался полакомиться ею. Испугались друзья, разбежались, никто не спешил выручать Муху из беды. Вдруг, откуда ни возьмись, возник маленький храбрый Комарик, который отважно бросился на помощь Мухе-цокотухе…</p>", "shortDescription": "По мотивам произведения К. Чуковского.", "min_price": 300, "max_price": 300, "link": "https://ufa.kassy.ru/events/detskie/2-11383/", "status": "accepted", "updateDate": 1632146342795, "start": 1518937200000, "end": 1634373900000, "createDate": 1516713410966, "inAccepted": true, "acceptDate": 1632146371971, "image": {"author": "Диана Гараева", "name": "33d8bb2cc6817f093a9cfc53878d43d4.JPG", "realName": "Муха2.JPG", "source": "http://www.teatrkukol-ufa.ru"}, "photo": "https://pro.culture.ru/uploads/33d8bb2cc6817f093a9cfc53878d43d4.JPG", "gallery": ["https://pro.culture.ru/uploads/cb1136e5f4c9053719fc9db42c68e228.JPG", "https://pro.culture.ru/uploads/583c06564bf7005301f348b1e48ee53c.JPG"], "category": {"name": "Спектакли", "sysName": "spektakli"}, "time": {"start": "2018-02-18 07:00:00", "end": "2021-10-16 08:45:00"}}, {"id": 204934, "name": "Спектакль «Дюймовочка»", "age": 0, "description": "<p>Трудно отыскать сказку более трепетную, печальную и в то же время обнадеживающую, чем «Дюймовочка». Эта волшебная история уже давно стала символом беззащитной, хрупкой красоты, которая, несмотря ни на что, выдержит все испытания и в конце концов будет спасена.</p> <p> Башкирский государственный театр кукол приглашает детей и взрослых окунуться в волшебный мир великого сказочника, стать спутником Дюймовочки в ее странствиях, посочувствовать во всех ее злоключениях и, конечно же, порадоваться счастливому финалу.</p>", "shortDescription": "Кукольная постановка по сказке Ганса Христиана Андерсена.", "min_price": 300, "max_price": 300, "link": "https://ufa.kassy.ru/venue/bashkirskijj-gosudarstvennyjj-teatr-kukol-4/", "status": "accepted", "updateDate": 1640241777043, "start": 1516683600000, "end": 1642927500000, "createDate": 1516710580130, "inAccepted": true, "acceptDate": 1632375727068, "image": {"author": "Диана Гараева", "name": "df5c18cfc27716fde96be7c087a369a2.JPG", "realName": "Дюймовочка.JPG", "source": "http://www.teatrkukol-ufa.ru/"}, "photo": "https://pro.culture.ru/uploads/df5c18cfc27716fde96be7c087a369a2.JPG", "gallery": ["https://pro.culture.ru/uploads/2cfe52c976eba074d7653bd5eb685930.JPG", "https://pro.culture.ru/uploads/d924a802d18135630999570813a6d102.JPG"], "category": {"name": "Спектакли", "sysName": "spektakli"}, "time": {"start": "2018-01-23 05:00:00", "end": "2022-01-23 08:45:00"}}, {"id": 188298, "name": "Спектакль «Что такое Новый год?»", "age": 0, "description": "<p>Ваш малыш еще слишком мал и может испугаться большой елки и громогласного Деда Мороза? Не беда! На малой сцене театра главные герои представления Зайчик, Белочка и Медвежонок покажут интерактивную сказку, из которой ребенок узнает, что такое Новый год, научится сам наряжать елочку и познакомится с самым добрым на свете Дедом Морозом.</p><p>После этого всех зрителей ожидает увлекательный мастер-класс от художника театра кукол. На нем ребенок с вашей помощью сделает свою первую елочную игрушку, которую вы заберете с собой домой. </p><p>А в конце всей программы вас ждет фотосессия в декорациях новогоднего спектакля.</p>", "shortDescription": "Праздничное представление, мастер-класс, фотосессия.", "min_price": 350, "max_price": 350, "link": "https://ufa.kassy.ru/events/detskie/2-11779/", "status": "accepted", "updateDate": 1636959348023, "start": 1512630000000, "end": 1639914300000, "createDate": 1512115494238, "inAccepted": true, "acceptDate": 1636959348169, "image": {"author": "Диана Гараева", "name": "c95d0b3048a5e1cc9bed0e4438eab84d.JPG", "realName": "Что такое новый год.JPG", "source": "http://teatrkukol-ufa.ru/"}, "photo": "https://pro.culture.ru/uploads/c95d0b3048a5e1cc9bed0e4438eab84d.JPG", "gallery": ["https://pro.culture.ru/uploads/c508fbe294ace0909ef4dcf2a9044d87.jpg", "https://pro.culture.ru/uploads/b9892118286632784585e22b3db3a94e.jpg", "https://pro.culture.ru/uploads/605f5632aee8bac612c012a851424097.jpg", "https://pro.culture.ru/uploads/8c6adba5832f02f961c78a13b1d9ecd7.jpg"], "category": {"name": "Спектакли", "sysName": "spektakli"}, "time": {"start": "2017-12-07 07:00:00", "end": "2021-12-19 11:45:00"}}, {"id": 51522, "name": "Спектакль «Три поросенка»", "age": 0, "description": "<p>Жили-были на свете три маленьких поросенка. Все они были одинакового роста, кругленькие, розовые, с одинаковыми веселыми хвостиками. Даже имена у них были похожи: Ниф-Ниф, Наф-Наф и Нуф-Нуф. Все лето они кувыркались в зеленой траве, грелись на солнышке, нежились в лужах, пели песни, и даже не подозревали об опасностях, которые могут подстерегать их на каждом шагу…</p><p>Старая, добрая сказка, рассказанная посредством языка театра кукол, подарит маленьким зрителям немало ярких впечатлений и радостных эмоций. В этом веселом и очень музыкальном спектакле про трех братьев поросят, спасшихся от злого волка, дети встретят очаровательных кукол, увидят актеров в живом плане, и, конечно же, все вместе порадуются счастливому финалу!</p>", "shortDescription": "Постановка по мотивам сказки Сергея Михалкова.", "min_price": 250, "max_price": 300, "link": "https://ufa.kassy.ru/events/detskie/2-11073/", "status": "accepted", "updateDate": 1634561584420, "start": 1471158000000, "end": 1636879500000, "createDate": 1470733960857, "inAccepted": true, "acceptDate": 1634561584570, "image": {"author": "Игорь Тишков", "name": "1a7d09a25170407143c763303dd619c1.jpeg", "realName": "2I8A2052.jpg", "source": "http://www.teatrkukol-ufa.ru/"}, "photo": "https://pro.culture.ru/uploads/1a7d09a25170407143c763303dd619c1.jpeg", "gallery": ["https://pro.culture.ru/uploads/40e3832b9ec6e0ee2f0a3f36ee736afb.jpeg", "https://pro.culture.ru/uploads/7c40219a6cfb2db0b1a87c22f6c87798.jpeg", "https://pro.culture.ru/uploads/a1d6986cb561d9814bed503c71144aa9.jpeg"], "category": {"name": "Спектакли", "sysName": "spektakli"}, "time": {"start": "2016-08-14 07:00:00", "end": "2021-11-14 08:45:00"}}, {"id": 51194, "name": "Спектакль «Лесная ярмарка»", "age": 0, "description": "<p>Башкирский государственный театр кукол приглашает детей и их родителей посетить красочное, яркое шоу ростовых кукол «Лесная ярмарка»! Но будьте готовы: привычных товаров – овощей, фруктов, меда, конфет и прочих сладостей – вы здесь приобрести не сможете. «А зачем же нам тогда туда идти?» – воскликнут любители плотно покушать. А затем, что вас там ждут песни и танцы в исполнении героев любимых сказок – веселых ростовых кукол, а также увлекательные и смешные истории из жизни любимых сказочных героев! </p>", "shortDescription": "Ожившие герои сказок, веселые песни и забавные истории ждут маленьких зрителей.", "min_price": 300, "max_price": 300, "link": "https://ufa.kassy.ru/events/detskie/2-11376/", "status": "accepted", "updateDate": 1632375744717, "start": 1471071600000, "end": 1633769100000, "createDate": 1470313831728, "inAccepted": true, "acceptDate": 1632375744730, "image": {"author": "Диана Гараева", "name": "a3fb8b9e954f3cbb3e856541a0b8454c.JPG", "realName": "Лесная ярмарка.JPG", "source": "http://www.teatrkukol-ufa.ru/"}, "photo": "https://pro.culture.ru/uploads/a3fb8b9e954f3cbb3e856541a0b8454c.JPG", "gallery": [], "category": {"name": "Спектакли", "sysName": "spektakli"}, "time": {"start": "2016-08-13 07:00:00", "end": "2021-10-09 08:45:00"}}, {"id": 29235, "name": "Спектакль «Слоненок»", "age": 0, "description": "<p>Замечательный музыкальный спектакль по одноименному произведению классика английской литературы Редьярда Киплинга дает ответ на один из самых важных детских вопросов – откуда у слона хобот? Как вообще в природе могла возникнуть столь необычная часть тела? Заинтересовались не только дети, но и их родители. В таком случае вам стоит отправиться на спектакль Башкирского государственного театра кукол и посмотреть увлекательную историю полную песен, танцев, африканского задора и – поверьте – простой, но вместе с тем великой мудрости.</p>", "shortDescription": "Детская музыкальная история.", "min_price": 300, "max_price": 300, "link": "https://ufa.kassy.ru/venue/bashkirskijj-gosudarstvennyjj-teatr-kukol-4/", "needCheck": true, "status": "accepted", "updateDate": 1640241482495, "start": 1456642800000, "end": 1642841100000, "createDate": 1456310314764, "inAccepted": true, "acceptDate": 1632375741101, "image": {"author": "Диана Гараева", "name": "c26dee04a3f2e942d5bda32eb20686ed.jpeg", "realName": "IMG_9897.JPG", "source": "http://www.teatrkukol-ufa.ru/"}, "photo": "https://pro.culture.ru/uploads/c26dee04a3f2e942d5bda32eb20686ed.jpeg", "gallery": ["https://pro.culture.ru/uploads/9111e6e22f375c73649b508a934f8dea.jpeg", "https://pro.culture.ru/uploads/a7ad89457dcd23710ded72506ae91edd.jpeg", "https://pro.culture.ru/uploads/3134ca548a0987b0c87cf3195f2c848b.jpeg", "https://pro.culture.ru/uploads/972f5facec2c2c02aa28a8c5685732d9.jpeg", "https://pro.culture.ru/uploads/cb010091644675323471ecf14b0fb2a4.jpeg"], "category": {"name": "Спектакли", "sysName": "spektakli"}, "time": {"start": "2016-02-28 07:00:00", "end": "2022-01-22 08:45:00"}}]}