{"12100": [{"id": 1487232, "name": "Спектакль «Доктор сада»", "age": 16, "description": "<p>Спектакль рассказывает об утраченной молодости, о кризисе и необходимости преодолеть этот сложный период, вернуть ощущение и силу юности. Возможно ли это? Вопрос остается открытым.</p><p>«Мне хотелось найти современную пьесу. Но такую, где сохраняется нить между традициями русского театра и современностью. Пьеса Нины Садур мне понравилась, потому что ее язык поэтичен, и для меня важна аналогия с «Вишневым садом» Чехова. Сад – как аллегория человека, его жизни, его души, нуждающейся в лечении, в работе над собой», – делится режиссер спектакля Игорь Яцко.</p>", "shortDescription": "Нина Садур. Провинциальное в трех картинах.", "min_price": 800, "max_price": 1000, "link": "https://w.intickets.ru/seance/12034997/?wkey=4114492", "status": "accepted", "updateDate": 1639763878456, "start": 1640538000000, "end": 1640542200000, "createDate": 1638024332844, "inAccepted": true, "acceptDate": 1638534653087, "image": {"author": "Наталия Чебан", "name": "239ae378ce690d69b62054ffa9cab415.jpeg", "realName": "Doktor-Sada-00002.jpg", "source": "https://sdart.ru/project/doktor-sada/"}, "photo": "https://pro.culture.ru/uploads/239ae378ce690d69b62054ffa9cab415.jpeg", "gallery": ["https://pro.culture.ru/uploads/9781c41a2cbd36733c781128bf18dbc4.jpeg", "https://pro.culture.ru/uploads/1e17cc2fbe2363013961dbf2780394ca.jpeg", "https://pro.culture.ru/uploads/eb059d0d261eb4f9abe71686dee09caa.jpeg", "https://pro.culture.ru/uploads/d515f145f6ac97e6c7164fa0f47385b2.jpeg", "https://pro.culture.ru/uploads/af86eb9b4761b87fad82a60a147b7dd4.jpeg", "https://pro.culture.ru/uploads/4f16660920a252fa622a1d439510f68b.jpeg", "https://pro.culture.ru/uploads/bdbf567300e22951b1225183eadd45de.jpeg"], "category": {"name": "Спектакли", "sysName": "spektakli"}, "time": {"start": "2021-12-26 17:00:00", "end": "2021-12-26 18:10:00"}}, {"id": 1484076, "name": "Спектакль «Разбитый кувшин»", "age": 16, "description": "<p>Новый спектакль Игоря Яцко «Разбитый кувшин» поставлен по пьесе Генриха Клейста, немецкого автора, жившего более 200 лет назад. Новатор в литературе, опередивший свое время, писатель, которого Кафка считал одним из своих учителей, во многом предвосхитивший театр абсурда, Клейст – человек с глубоко трагическим восприятием жизни, сознательно покинувший этот мир в достаточно молодом возрасте. «Разбитый кувшин» – единственная его пьеса, написанная в комическом ключе.</p><p>В постановке заслуженного артиста РФ Игоря Яцко феерично раскрывается буффонадная, гротесковая стилистика пьесы классика немецкой драматургии Генриха фон Клейста. Здесь многое напоминает легкую комедию дель арте с ее плутовскими проделками и романтическими героями, и в то же время неповторимая красота текста в переводе Бориса Пастернака открывает зрителям поистине мифологическую глубину.</p><p>«Разбитый кувшин» собрал вокруг себя замечательный актерский ансамбль и обнаружил индивидуальные комические дарования!</p>", "shortDescription": "Постановка по комической пьесе Генриха фон Клейста, перевод – Борис Пастернак.", "min_price": 1000, "max_price": 3000, "link": "https://w.intickets.ru/seance/12034991/?wkey=4114492", "needCheck": true, "status": "accepted", "updateDate": 1639763878456, "start": 1640448000000, "end": 1645124400000, "createDate": 1637862280028, "inAccepted": true, "acceptDate": 1638467141850, "image": {"author": "Наталия Чебан", "name": "404ba952a26340a13dcb8ea979b55880.jpeg", "realName": "Razbityj-kuvshin-00036.jpg", "source": "https://sdart.ru/project/razbityj-kuvshin/"}, "photo": "https://pro.culture.ru/uploads/404ba952a26340a13dcb8ea979b55880.jpeg", "gallery": ["https://pro.culture.ru/uploads/8fdc1dd05590c71650bdd60afa40f6bd.jpeg", "https://pro.culture.ru/uploads/ffdaa0e9108ba6f5329507471480f210.jpeg", "https://pro.culture.ru/uploads/26a6a402ad52428cbedb0869b843458c.jpeg", "https://pro.culture.ru/uploads/0cd9b54252e1f99e74e783ac6e3790ff.jpeg", "https://pro.culture.ru/uploads/e7b61ffeaf62e47c1d6091259e27849c.jpeg", "https://pro.culture.ru/uploads/872fb4f4093a1f5949f9d30fda045d01.jpeg", "https://pro.culture.ru/uploads/8dc6a9861cedee1b688b4dee2b4b31be.jpeg"], "category": {"name": "Спектакли", "sysName": "spektakli"}, "time": {"start": "2021-12-25 16:00:00", "end": "2022-02-17 19:00:00"}}, {"id": 1481099, "name": "Спектакль «Мертвые души»", "age": 18, "description": "<p>Увлеченно и кропотливо погрузившись в работу над текстом классика, в своем спектакле режиссер Игорь Яцко создал многогранную картину «гоголевской вселенной». Открытием спектакля стала неожиданная трактовка хрестоматийно известных персонажей помещиков. В новой постановке они обрели гротескную образность и современное звучание. Галерею ярких актерских работ возглавил образ Чичикова в исполнении Игоря Яцко.</p><p>Эффектные костюмы, стильное и концептуальное сценографическое решение создал для спектакля известный театральный художник Владимир Ковальчук.</p>", "shortDescription": "Постановка по поэме Н. В. Гоголя.", "min_price": 1000, "max_price": 3000, "link": "https://w.intickets.ru/seance/12034842/?wkey=4114492", "needCheck": true, "status": "accepted", "updateDate": 1639763878456, "start": 1639756800000, "end": 1645385400000, "createDate": 1637769324181, "inAccepted": true, "acceptDate": 1638467240815, "image": {"author": "Наталия Чебан", "name": "7bed5b4380538f3f68dfa2f4b950554a.jpeg", "realName": "Mertvye-dushi-00006.jpg", "source": "https://sdart.ru/project/mertvye-dushi/#"}, "photo": "https://pro.culture.ru/uploads/7bed5b4380538f3f68dfa2f4b950554a.jpeg", "gallery": ["https://pro.culture.ru/uploads/6ca570b9470ff07bfe83a1b6c07f3249.jpeg", "https://pro.culture.ru/uploads/6177e7a1084453310fb7ec40dbef81f7.jpeg", "https://pro.culture.ru/uploads/c385a07fb244908573cb554ffbfdc7f2.jpeg", "https://pro.culture.ru/uploads/860941cacc4e93a6ff19b397bec287d2.jpeg", "https://pro.culture.ru/uploads/5e8d1163ca0f4cf33cc1c8283c917cb6.jpeg", "https://pro.culture.ru/uploads/dc83c9f4ac379f7d161a6f1d3b81b26a.jpeg", "https://pro.culture.ru/uploads/b6775291e2682465dfeaf5cbea8f1661.jpeg", "https://pro.culture.ru/uploads/79c022b9dfb825a6b6054119aebe8c56.jpeg"], "category": {"name": "Спектакли", "sysName": "spektakli"}, "time": {"start": "2021-12-17 16:00:00", "end": "2022-02-20 19:30:00"}}, {"id": 1478175, "name": "Спектакль «О-й. Поздняя любовь»", "age": 18, "description": "<p> Это людюские страсти, переживания, которые будоражат и руководят человеком. Персонажи пьесы существуют «на дне», где за копейку удавят, не задумываясь. И на этом дне общества ни с того ни с сего поселилась любовь, которой здесь не место. Она, словно бабочка, которая залетела в шахту… Правда, бабочка в угольной шахте тоже уже не совсем бабочка, она уже «мутировала». </p><p>Здесь все «мутировало» – и любовь, и деньги, – все приобрело гипертрофированный, но при этом обыденный вид. Пружина пьесы – человеческие чувства, которые, в общем, никому не нужны: их разменивают, но кто-то продолжает в них верить… </p>", "shortDescription": "Постановка пьесы А. Н. Островского «Поздняя любовь».", "min_price": 1000, "max_price": 6000, "link": "https://w.intickets.ru/seance/12194844/?wkey=4114492", "needCheck": true, "status": "accepted", "updateDate": 1639763878456, "start": 1640102400000, "end": 1644949200000, "createDate": 1637694742756, "inAccepted": true, "acceptDate": 1639387323185, "image": {"author": "Наталия Чебан", "name": "aeb63bf08ecfab2aa829a29d28b6f0f7.jpeg", "realName": "O-i-.-Pozdnjaja-ljubov-00107.jpg", "source": "https://sdart.ru/project/pozdnyaya-lyubov/"}, "photo": "https://pro.culture.ru/uploads/aeb63bf08ecfab2aa829a29d28b6f0f7.jpeg", "gallery": ["https://pro.culture.ru/uploads/217eef2a5301482ac28a92f49469462b.jpeg", "https://pro.culture.ru/uploads/a922988bb87537d6cc0956f408c2fab8.jpeg", "https://pro.culture.ru/uploads/d622fcdfe0107d15d76c7b1ac9355abb.jpeg", "https://pro.culture.ru/uploads/fffb3dc9c52bacc501debb780faf6437.jpeg", "https://pro.culture.ru/uploads/8b4b9d1bfd67f624dfb44dba81ddf3cd.jpeg", "https://pro.culture.ru/uploads/4e7dc9c3b3ab3889505e53a4c7cd387d.jpeg"], "category": {"name": "Спектакли", "sysName": "spektakli"}, "time": {"start": "2021-12-21 16:00:00", "end": "2022-02-15 18:20:00"}}, {"id": 1478156, "name": "Спектакль «БеЗприданница»", "age": 18, "description": "<p>Совместный проект «Школы драматического искусства» и продюсера Леонида Робермана. </p><p>Режиссер Дмитрий Крымов обратился к драматургии Александра Островского, представив зрителям авторское прочтение пьесы «Бесприданница». Современное звучание драмы получило горячий отклик зрительской аудитории и театральных экспертов.</p><p> В центре истории – «русская Кармен», только окружена она не романтическими тореадорами и нарушающими воинский устав солдатами, а строго иерархической и жестокой командой деловых людей со странными, выдуманными именами, например Мокий Парменыч и Харита Игнатьевна. Это позволяет взглянуть на них как на персонажей русской черной комедии дель арте, а на Островского – как на родоначальника особого жанра в русской драматургии.<br /></p>", "shortDescription": "Постановка по пьесе Александра Островского «Бесприданница».", "min_price": 1000, "max_price": 8000, "link": "https://w.intickets.ru/seance/12194804/?wkey=4114492", "needCheck": true, "status": "accepted", "updateDate": 1640182230743, "start": 1639238400000, "end": 1644000000000, "createDate": 1637693518391, "inAccepted": true, "acceptDate": 1640181870953, "image": {"author": "Наталия Чебан", "name": "858900a013aa3e1b2cb78d07526c2911.jpeg", "realName": "Bezpridannica-00008.jpg", "source": "https://sdart.ru/project/bezpridannica/#"}, "photo": "https://pro.culture.ru/uploads/858900a013aa3e1b2cb78d07526c2911.jpeg", "gallery": ["https://pro.culture.ru/uploads/9a82ba7bf1ec6c1f98a95bc04c371d7b.jpeg", "https://pro.culture.ru/uploads/aec1c406175b4e7b4d3f6170abd91373.jpeg", "https://pro.culture.ru/uploads/8178c7cf462f8d776ff3070a13064a31.jpeg", "https://pro.culture.ru/uploads/ca03237fba757129beb1b04d3e8eb94c.jpeg", "https://pro.culture.ru/uploads/60bc36751b1ad0153939706d0f4baf34.jpeg", "https://pro.culture.ru/uploads/68477c25be3342497a1feae662855e7a.jpeg", "https://pro.culture.ru/uploads/236f54b88d8e91c7b871fc6fc9b728bb.jpeg", "https://pro.culture.ru/uploads/5e23ef18a63ba7781797785952f13e3d.jpeg"], "category": {"name": "Спектакли", "sysName": "spektakli"}, "time": {"start": "2021-12-11 16:00:00", "end": "2022-02-04 18:40:00"}}, {"id": 1478087, "name": "Спектакль «Звуковые ландшафты»", "age": 12, "description": "<p>Зрителям будет представлено не только совершенно новое произведение, но и новый жанр. Автор определяет его как звукопись, или акустический театр. Это симфония-мистерия в четырех частях, которая исполняется на шумовых аппаратах, музыкальных инструментах и различных звуковых объектах, которые объединяются для создания звуковых картин.</p><p>«Звуковые ландшафты» будут исполнены на аппаратах, предназначенных для шумового оформления в театре, кино и получивших широкое распространение до того, как стала использоваться граммофонная и магнитная запись. После этого они были совершенно забыты.</p><p>Оригинальные приборы имели сугубо прикладное назначение и поэтому всегда оставались за сценой. В «Звуковых ландшафтах» они служат не реквизитом или подсобной техникой, которую следует скрыть от зрителя, а музыкальными инструментами, способными создавать самобытные звуковые картины.</p>", "shortDescription": "Уникальный звуковой перформанс П. Айду.", "min_price": 1000, "max_price": 3000, "link": "https://w.intickets.ru/seance/12034776/?wkey=4114492", "status": "accepted", "updateDate": 1639763878456, "start": 1638633600000, "end": 1638723600000, "createDate": 1637690333874, "inAccepted": true, "acceptDate": 1637928455815, "image": {"author": "Наталия Чебан", "name": "abb7efe73d26d3e1fa5cd35ec79a96f3.jpeg", "realName": "Zvukovye-landshafty-00103.jpg", "source": "https://sdart.ru/project/zvukovye-landshafty/#"}, "photo": "https://pro.culture.ru/uploads/abb7efe73d26d3e1fa5cd35ec79a96f3.jpeg", "gallery": ["https://pro.culture.ru/uploads/b1fbcf9055e02401676226d78c4b859e.jpeg", "https://pro.culture.ru/uploads/cae3be3c32a95d4b7bce089869da3915.jpeg", "https://pro.culture.ru/uploads/0c4359e39d8d1ac230f36ecc5edff739.jpeg", "https://pro.culture.ru/uploads/204a89f4525662a6b22a69de490f291a.jpeg", "https://pro.culture.ru/uploads/cbfede3ece1f2f9864090b282014e628.jpeg"], "category": {"name": "Спектакли", "sysName": "spektakli"}, "time": {"start": "2021-12-04 16:00:00", "end": "2021-12-05 17:00:00"}}, {"id": 1478016, "name": "Спектакль «Вишневый сад»", "age": 16, "description": "<p>Сад замер. Слышен только шум времени, неумолимо приближающий смену эпохи, уход идеалов и прежних ценностей. В холодном свете, льющемся в окна старого дома, герои Чехова рассказывают о себе. Режиссер приходит к последней пьесе драматурга «Вишневый сад», осмысляя тему человеческого существования как мистерию.</p><p>Художник Николай Симонов создает поэтическую атмосферу постановки, в которой смешались приметы ушедшего века – от живописи Сальвадора Дали до эстетики фильмов Тарковского.</p><p> Игорь Яцко: «Для меня «Вишневый сад» – это русская мистерия: герои этой пьесы и есть тот вишневый сад, который погибает, и вместе с которым уходит идеал. Однако, несмотря на мощный символизм пьесы, ее невозможно поставить без психологического подхода, без рассказа о человеке. Поэтому многие сцены я решаю через монологи, которые герои произносят как исповедь».<em></em></p>", "shortDescription": "Игорь Яцко обращается к последней пьесе А. П. Чехова.", "min_price": 1000, "max_price": 3000, "link": "https://w.intickets.ru/seance/12089986/?wkey=4114492", "status": "accepted", "updateDate": 1639763878456, "start": 1643472000000, "end": 1643569200000, "createDate": 1637687891332, "inAccepted": true, "acceptDate": 1637926404810, "image": {"author": "Наталия Чебан", "name": "0facf70de4a2dac77bfb82c8bac7eecb.jpeg", "realName": "Vishnevyi-sad-00103.jpg", "source": "https://sdart.ru/project/vishnevyy-sad/#"}, "photo": "https://pro.culture.ru/uploads/0facf70de4a2dac77bfb82c8bac7eecb.jpeg", "gallery": ["https://pro.culture.ru/uploads/9317b32ca0e5db01250c2f356ec2c02d.jpeg", "https://pro.culture.ru/uploads/3b78df71c8b335f00d53f5b24be2ee95.jpeg", "https://pro.culture.ru/uploads/790bac1c22fecb98c1db0df8841a1170.jpeg", "https://pro.culture.ru/uploads/b575fb3efdcc4da910bcaccebe7baf40.jpeg", "https://pro.culture.ru/uploads/9fbe43f1fbaa1e60dfb931ec67085e14.jpeg", "https://pro.culture.ru/uploads/7c0d76ea9096fccb2b766838f45961d8.jpeg"], "category": {"name": "Спектакли", "sysName": "spektakli"}, "time": {"start": "2022-01-29 16:00:00", "end": "2022-01-30 19:00:00"}}, {"id": 1477976, "name": "Спектакль «Сага века: битва за любовь»", "age": 18, "description": "<p>Пуантилистский роман, стихи в прозе – вот лишь некоторые черты произведения, созданного известной шведской писательницей Эббой Витт-Браттстрем. Авангардный по форме и провокационный по содержанию текст о конфликте мужского и женского видений мира. Сопротивление женщин грубой патриархальной системе координат и упрямое нежелание мужчин ничего в ней менять, подчиняться новым веяниям и вызовам времени. Работа над этим непростым материалом была начата Игорем Яцко и Марией Зайковой еще во время карантина.</p><p>Игорь и Мария в жизни – супруги с большим стажем. И вот их совместные творческие поиски вылились в этот откровенный разговор Pro et Contra: кто же виноват, что любовь оборачивается войной. Беспощадный, как битва, в которой никогда не бывает победителей, спор, свидетелями которого становятся зрители и женский хор феминисток.</p>", "shortDescription": "В основе сюжета – пуантилистский роман в стихах шведской писательницы-феминистки Э. Витт-Браттстрем.", "min_price": 1000, "max_price": 1500, "link": "https://w.intickets.ru/seance/12035075/?wkey=4114492", "status": "accepted", "updateDate": 1639763878456, "start": 1640106000000, "end": 1643393700000, "createDate": 1637686320149, "inAccepted": true, "acceptDate": 1637930512371, "image": {"author": "Наталия Чебан", "name": "b0d9ab434abbbfb424fcaa8fed4dda49.jpeg", "realName": "Saga-veka-bitva-za-ljubov-00025.jpg", "source": "https://sdart.ru/project/saga-veka/#"}, "photo": "https://pro.culture.ru/uploads/b0d9ab434abbbfb424fcaa8fed4dda49.jpeg", "gallery": ["https://pro.culture.ru/uploads/87a884eda3fb1446a7379c317af07a69.jpeg", "https://pro.culture.ru/uploads/25a2c5886766f9ecb7e25f594a21bac6.jpeg", "https://pro.culture.ru/uploads/e83eac99a01796d3bd1754badd22ee7e.jpeg", "https://pro.culture.ru/uploads/572dc666a44eff95deacdb699f69c1e0.jpeg", "https://pro.culture.ru/uploads/ce5f4249f6b8c7a5a143891b49b27770.jpeg"], "category": {"name": "Спектакли", "sysName": "spektakli"}, "time": {"start": "2021-12-21 17:00:00", "end": "2022-01-28 18:15:00"}}, {"id": 1477786, "name": "Концерт «Зимняя феерия»", "age": 6, "description": "<p>На новогоднем концерте зрителям представят светскую и рождественскую музыку разных направлений и традиций: спиричуэлс, госпел, гимны и популярные песни Америки, духовные стихи, колядки России и других славянских народов, а также авторские произведения.</p><p>Многоголосная феерия любимых, хорошо знакомых мелодий и малоизвестных духовных народных песен, виртуозно исполненных хором акапелла, создаст восхитительную атмосферу праздника, в котором музыка, радость жизни и ожидание чуда сольются в единую стихию новогоднего торжества.</p>", "shortDescription": "Новогоднее музыкальное представление в исполнении хора театра под управлением Светланы Анистратовой.", "min_price": 1500, "max_price": 1500, "link": "https://w.intickets.ru/seance/12035012/?wkey=4114492", "status": "accepted", "updateDate": 1639763878456, "start": 1640880000000, "end": 1642006800000, "createDate": 1637679136139, "inAccepted": true, "acceptDate": 1638177566804, "image": {"author": "Наталия Чебан", "name": "a70200b55655c9ec14573d10cd35b477.jpeg", "realName": "Zimnjaja-feerija.jpg", "source": "https://sdart.ru/project/zimnjaja-feerija/#"}, "photo": "https://pro.culture.ru/uploads/a70200b55655c9ec14573d10cd35b477.jpeg", "gallery": ["https://pro.culture.ru/uploads/9c7f27c01c2b4d103b4b4ed0284d3070.jpeg", "https://pro.culture.ru/uploads/d134350c1ca7f6c4e48e07fd40e5cf07.jpeg", "https://pro.culture.ru/uploads/d861ffbd841bdbed1271603b41b41378.jpeg", "https://pro.culture.ru/uploads/514e214aa915633ca6712b211ce7765f.jpeg", "https://pro.culture.ru/uploads/d6185d47c2c20629d304e1957a6e392c.jpeg", "https://pro.culture.ru/uploads/d7c36fefab259f8263b97af2c4f216fe.jpeg", "https://pro.culture.ru/uploads/2091d8f612923e0dbeaefe09d83da815.jpeg", "https://pro.culture.ru/uploads/a0b0d9fd3dcd28ce379a241b25a6f0d7.jpeg"], "category": {"name": "Концерты", "sysName": "koncerty"}, "time": {"start": "2021-12-30 16:00:00", "end": "2022-01-12 17:00:00"}}, {"id": 1477556, "name": "Спектакль «Опасные связи»", "age": 18, "description": "<p>Легендарный роман Шодерло де Лакло, вдохновивший не одно поколение знаменитых художников и режиссеров, о нравах французской аристократии XVIII века (и шире – о низком и высоком в природе человека) стал основой нового яркого спектакля театра. Зрители увидят вполне современный сюжет, а великолепная игра актеров заставит на одном дыхании пережить вместе с персонажами страсть, любовь, подлость и раскаяние.</p><p>Режиссер спектакля Игорь Яцко расширил и осовременил текст спектакля, включив в него пьесу Кристофера Хемптона «Опасные связи» в переводе Сергея Таска и пьесу Леонида Филатова «Опасный, опасный, очень опасный…».</p> <p> Лауреат премии «Звезда театрала» в номинации «Лучший спектакль. Малая форма».<br /></p>", "shortDescription": "Сценическая версия одноименного романа Пьера Шодерло де Лакло.", "min_price": 1000, "max_price": 5000, "link": "https://w.intickets.ru/seance/12089911/?wkey=4114492", "needCheck": true, "status": "accepted", "updateDate": 1639763878456, "start": 1641657600000, "end": 1644348600000, "createDate": 1637674381092, "inAccepted": true, "acceptDate": 1638290960160, "image": {"author": "Наталия Чебан", "name": "da1c2516ec0de8831c323b67f82ec124.jpeg", "realName": "Opasnye-svjazi-00011-1.jpg", "source": "https://sdart.ru/project/opasnye-svjazi/#"}, "photo": "https://pro.culture.ru/uploads/da1c2516ec0de8831c323b67f82ec124.jpeg", "gallery": ["https://pro.culture.ru/uploads/b2dbaf4a62baa586d8cfdee89bba1888.jpeg", "https://pro.culture.ru/uploads/0e658c476f3697a62d7e462d69d2af69.jpeg", "https://pro.culture.ru/uploads/21aba13d25689a43c1291ab99c9794b3.jpeg", "https://pro.culture.ru/uploads/b7e70b260af90f2216becf9cf77ada26.jpeg", "https://pro.culture.ru/uploads/4dfd1fc7d7315bbe37152d6725c4ffdb.jpeg", "https://pro.culture.ru/uploads/2ac19db350b1867213d1710f80ca2039.jpeg", "https://pro.culture.ru/uploads/54f244f3f6fadf80c2e34dbbadc347d2.jpeg"], "category": {"name": "Спектакли", "sysName": "spektakli"}, "time": {"start": "2022-01-08 16:00:00", "end": "2022-02-08 19:30:00"}}, {"id": 1477468, "name": "Спектакль «Собака с дамочкой»", "age": 16, "description": "<p>Сюрреалистическая постановка по мотивам историй, рассказанных режиссером под впечатлением от прочтения произведений Антона Чехова.</p><p>Это, безусловно, яркий, необычный дебютный проект Георгия Мнацаканова, студента пятого курса режиссерского факультета Российского института театрального искусства мастерской Сергея Женовача, в котором он выступает автором идеи, режиссером и композитором. </p><p> В спектакле – замечательные актерские работы. Максим Маминов и Алина Ходжеванова (Анна Сергеевна и Гуров) вместе проходят через все действие. Наравне с Анной и Гуровым – центральным, невероятно харизматичным персонажем – стала та самая собака, роль которой талантливо исполнил актер Студии театрального искусства Александр Антипенко. <br /></p><p> Георгий Мнацаканов о задумке постановки: «У меня возникает вопрос по поводу рассказа «Дама с собачкой», где в названии пристальное внимание уделяется собаке. Однако в самом рассказе ее роль мала, я бы даже сказал, что ее практически там нет. Почему? Разве собака не может любить? Или жизнь собаки совсем неинтересна? Может быть, у нее есть свои фантазии, свои страхи, свои сны?...».</p>", "shortDescription": "Постановка по рассказам А. П. Чехова.", "min_price": 2500, "max_price": 3000, "link": "https://w.intickets.ru/seance/12089903/?wkey=4114492", "needCheck": true, "status": "accepted", "updateDate": 1639763878456, "start": 1638378000000, "end": 1644433200000, "createDate": 1637673363688, "inAccepted": true, "acceptDate": 1638290976843, "image": {"author": "Наталия Чебан", "name": "5dcdfb2aeb25dcc5e3cabb8f8e6de73e.jpeg", "realName": "Sobaka-s-damochkoj-00021.jpg", "source": "https://sdart.ru/project/sobaka-s-damochkoj/"}, "photo": "https://pro.culture.ru/uploads/5dcdfb2aeb25dcc5e3cabb8f8e6de73e.jpeg", "gallery": ["https://pro.culture.ru/uploads/45aa1d49e09dc2ebb5a6924ab1b59f0a.jpeg", "https://pro.culture.ru/uploads/25740633db5c462012242ebd55daa401.jpeg", "https://pro.culture.ru/uploads/6880bc8547a9b614540a3d20cffa0cbe.jpeg", "https://pro.culture.ru/uploads/9c059dd3582aa72f8d547c01eb9da6a9.jpeg", "https://pro.culture.ru/uploads/b5db6bff60588c00cd21f1a7c9a6a353.jpeg", "https://pro.culture.ru/uploads/b3036edab11541f0ced0c00851847637.jpeg", "https://pro.culture.ru/uploads/63a07713d99976cea69d194a5a6816f9.jpeg", "https://pro.culture.ru/uploads/923a3d086d948e2cfce1b0d3dfbd4c87.jpeg"], "category": {"name": "Спектакли", "sysName": "spektakli"}, "time": {"start": "2021-12-01 17:00:00", "end": "2022-02-09 19:00:00"}}, {"id": 1471444, "name": "Спектакль «Скамейка (прелюдия на досках)»", "age": 16, "description": "<p>«Скамейка» – камерная пьеса, сюжет которой, на первый взгляд, прост: мужчина знакомится с женщиной, в рамках легкого флирта, но все оказывается не так однозначно. Ведь он и она – две планеты, в результате встречи которых может произойти катаклизм, затягивание в «черную дыру», а может образоваться новая солнечная система…</p><p>«Скамейка (прелюдия на досках)» в театре «Школа драматического искусства» – авторская фантазия на вечную тему, поставленная с большой любовью и блестяще разыгранная Марией Викторовой и Олегом Охотниченко, чьи темперамент, искренность, мастерство покорили зрителей премьерного показа. Отдельно хочется отметить смелую режиссерскую находку: появление на сцене нового персонажа – иронического, собирательного образа советской эстрадной дивы (Ольга Ермакова), с блеском исполняющей шлягеры 70-х, 80-х годов.</p>", "shortDescription": "По пьесе Александра Гельмана «Скамейка».", "min_price": 1000, "max_price": 1000, "link": "https://w.intickets.ru/seance/12034788/?wkey=4114492", "status": "accepted", "updateDate": 1639763878456, "start": 1639155600000, "end": 1642702500000, "createDate": 1637517573696, "inAccepted": true, "acceptDate": 1637755364773, "image": {"author": "Наталия Чебан", "name": "a62763231482102844531f05c55c290d.jpeg", "realName": "Skamejka-preljudija-na-doskah-00016.jpg", "source": "https://sdart.ru/project/skamejka/#"}, "photo": "https://pro.culture.ru/uploads/a62763231482102844531f05c55c290d.jpeg", "gallery": ["https://pro.culture.ru/uploads/9fb9e7f44817b4b059f119584ec4ac93.jpeg", "https://pro.culture.ru/uploads/0150c74516a3acc276b52ff2905fc77f.jpeg", "https://pro.culture.ru/uploads/a60fa578cd9f5c1edae5d1bad2dffbcc.jpeg", "https://pro.culture.ru/uploads/84c529ae932fd2ff7293720df7144c6e.jpeg", "https://pro.culture.ru/uploads/a7f8564bcb3413856d8155399f662802.jpeg"], "category": {"name": "Спектакли", "sysName": "spektakli"}, "time": {"start": "2021-12-10 17:00:00", "end": "2022-01-20 18:15:00"}}, {"id": 1471430, "name": "Спектакль «Орфей спускается в ад»", "age": 18, "description": "<p>В пьесе Теннесси Уильямса «Орфей спускается в ад», премьера которой состоялась в 1957 году, сюжет древнегреческого мифа перенесен в захолустный американский городок. Ординарность и типичность этого места, с одной стороны, и драматизм судеб его обитателей, с другой, становятся размышлением на тему «ада с человеческим лицом» и попытки разорвать его внешние и внутренние цепи.</p><p>«В самом названии пьесы обозначены тема художника и тема ада. В «Орфее» герои существуют в совершенно беспросветном, безнадежном мире, но мне интересно найти в этой истории свет, найти выход. В пьесе есть сгущенный американский колорит. Я хочу воплотить в постановке атмосферу 30-х годов, насытить музыкой времени Теннесси Уильямса, которая будет звучать в спектакле на аппаратуре той эпохи», – Игорь Яцко.</p>", "shortDescription": "Драма Теннесси Уильямса. Перевод Я. Березницкого.", "min_price": 1000, "max_price": 3000, "link": "https://w.intickets.ru/seance/12086079/?wkey=4114492", "status": "accepted", "updateDate": 1639763878456, "start": 1638892800000, "end": 1638901800000, "createDate": 1637516790896, "inAccepted": true, "acceptDate": 1637754055305, "image": {"author": "Наталия Чебан", "name": "7b7d5315954fdcc814e47e9cf91da9c8.jpeg", "realName": "Orfei-spuskaetsja-v-ad-00119.jpg", "source": "https://sdart.ru/project/orfej-spuskaetsja-v-ad/#"}, "photo": "https://pro.culture.ru/uploads/7b7d5315954fdcc814e47e9cf91da9c8.jpeg", "gallery": ["https://pro.culture.ru/uploads/375b9b75e3dd5483917f8fec9a24396a.jpeg", "https://pro.culture.ru/uploads/09412037e69e544801ca28bad2c366cd.jpeg", "https://pro.culture.ru/uploads/2773651388963bcd1c9996fc85e3a420.jpeg", "https://pro.culture.ru/uploads/9fbd2ee85c6563c2e1810ad92a7b25a6.jpeg", "https://pro.culture.ru/uploads/0ef96316ddbbf29c22e33ff5e18a7f5e.jpeg", "https://pro.culture.ru/uploads/b828a92df7fbdc266b9b575d10e0eeb2.jpeg", "https://pro.culture.ru/uploads/08f40fbb57be736cfc579b1b5416dc39.jpeg"], "category": {"name": "Спектакли", "sysName": "spektakli"}, "time": {"start": "2021-12-07 16:00:00", "end": "2021-12-07 18:30:00"}}, {"id": 1471415, "name": "Спектакль «Путешествие Пушкина в Африку»", "age": 16, "description": "<p>Фантастическая поэма из обрывков текстов Пушкина, Бродского и музыкальных произведений Чайковского, Генделя, Римского-Корсакова, Глинки, Рахманинова и Хачатуряна.</p><p> Отрывки из стихов великого классика, произведения, исполненные хором театра a cappella, превращаются в фантастический сюжет, где возможно все: Пушкин встречается с персонажами из своих поэм и пускается в странствие, хотя известно, что Пушкин никогда не выезжал за пределы России, даже происходит путешествие во времени. </p><p>В спектакле великий поэт XIX века Александр Сергеевич Пушкин беседует с другим великим поэтом XX века Иосифом Бродским. <br /></p>", "shortDescription": "Фантастическая поэма из обрывков текстов классических музыкальных произведений.", "min_price": 800, "max_price": 800, "link": "https://w.intickets.ru/seance/11991946/?wkey=4114492", "status": "accepted", "updateDate": 1639763878456, "start": 1637946000000, "end": 1638036600000, "createDate": 1637515223407, "inAccepted": true, "acceptDate": 1637749319579, "image": {"author": "Наталия Чебан", "name": "576aceafda0a4df80983164f039740ba.jpeg", "realName": "Puteshestvie-Pushkina-v-Afriku-00067.jpg", "source": "https://sdart.ru/project/pushkin-v-afrike/#"}, "photo": "https://pro.culture.ru/uploads/576aceafda0a4df80983164f039740ba.jpeg", "gallery": ["https://pro.culture.ru/uploads/636b1dc4bc650b3fe77051fe2fa2ad56.jpeg", "https://pro.culture.ru/uploads/8c6232d8461639e41741f5bf91047a38.jpeg", "https://pro.culture.ru/uploads/ae52fadf179eb312950758e6a71c0ffa.jpeg", "https://pro.culture.ru/uploads/2ca2d5099dd78eb74beedd3595a7d8c1.jpeg", "https://pro.culture.ru/uploads/3ea20f65f26909f2b5a1cc939eaec3fc.jpeg", "https://pro.culture.ru/uploads/8c61b5bf9d49b8b47319e67da5e2f80a.jpeg", "https://pro.culture.ru/uploads/00952320205b7f623ca16c76445a3ed3.jpeg"], "category": {"name": "Спектакли", "sysName": "spektakli"}, "time": {"start": "2021-11-26 17:00:00", "end": "2021-11-27 18:10:00"}}, {"id": 1471391, "name": "Спектакль «Екатерина»", "age": 16, "description": "<p><span>«Действо о злосчастной молодости, напрасной любви и торжествующем коварстве. Слухи и домыслы». </span><span>Именно с этих слов начинается пьеса, ведь ее сюжет соткан из всевозможных догадок и анекдотов </span><span>XVIII</span><span> века.</span></p> <p><span>Произведение Елены Греминой «За зеркалом» – это историческая драма. В ее основе лежит роман молодого поручика Александра Ланского и Екатерины </span><span>II</span><span>, которую он ласково называет Матушкой. </span><span></span></p><p><span>Александр Ланской, он же Сашенька, был приставлен «на службу» к Екатерине. Будучи ее фаворитом, он живет в особой комнате, которая находится в парадной спальне императрицы, за зеркалом. Отсюда и название пьесы.</span></p><p><span><span>В постановке Максима Иванова большая роль отведена хору. Он существует как отдельный персонаж. Пение хора сопровождает зрителя на протяжении всего спектакля, помогая раскрыть историю и прочувствовать атмосферу того времени. </span><br /></span></p>", "shortDescription": "Постановка по пьесе Елены Греминой «За зеркалом».", "min_price": 800, "max_price": 1500, "link": "https://w.intickets.ru/seance/12034987/?wkey=4114492", "status": "accepted", "updateDate": 1640237723157, "start": 1640275200000, "end": 1644687900000, "createDate": 1637513428916, "inAccepted": true, "acceptDate": 1640237723379, "image": {"author": "Наталия Чебан", "name": "4c6b743ec82b1bd979522f88b25f908c.jpeg", "realName": "Ekaterina-00011.jpg", "source": "https://sdart.ru/project/ekaterina/"}, "photo": "https://pro.culture.ru/uploads/4c6b743ec82b1bd979522f88b25f908c.jpeg", "gallery": ["https://pro.culture.ru/uploads/6233100f35774d02f524591e08eb9b7d.jpeg", "https://pro.culture.ru/uploads/0da55a7a20ecef459a4e51a5108614fd.jpeg", "https://pro.culture.ru/uploads/dacf789912a156a1bdb3e7dfcf2e729c.jpeg"], "category": {"name": "Спектакли", "sysName": "spektakli"}, "time": {"start": "2021-12-23 16:00:00", "end": "2022-02-12 17:45:00"}}, {"id": 1433482, "name": "Моноспектакль «Молитва о Марине»", "age": 12, "description": "<p>Ольга Малинина, Антонио Грамши представляют чудесный часовой моноспектакль «Молитва о Марине» – необыкновенно чувственный, откровенный, проникающий в самые отдаленные закоулки души.<br /></p><p>Боль Марины Цветаевой отзывается в каждом сердце, принявшем ее стихи как откровение, как свою собственную исповедь. «Молитва о Марине» – это возможность прикоснуться к гениальной поэзии, попытка услышать и разгадать смыслы, сокрытые в словах, увидеть трагедию и одиночество поэта, почувствовать душу, «обреченную на любовь, но не на счастье».</p><p> </p>", "shortDescription": "Композиция по произведениям Марины Цветаевой. ", "min_price": 800, "max_price": 800, "link": "https://sdart.ru/project/molitva-o-marine/", "status": "accepted", "updateDate": 1639763878456, "start": 1636736400000, "end": 1636740000000, "createDate": 1636049743067, "inAccepted": true, "acceptDate": 1636455592860, "image": {"author": "Наталия Чебан", "name": "5be88a71072eb88836b0ad2e6d5553f8.jpeg", "realName": "Molitva-o-Marine-00006.jpg", "source": "https://sdart.ru/project/molitva-o-marine/#%D0%9C%D0%BE%D0%BB%D0%B8%D1%82%D0%B2%D0%B0%20%D0%BE%20%D0%9C%D0%B0%D1%80%D0%B8%D0%BD%D0%B5%2000005"}, "photo": "https://pro.culture.ru/uploads/5be88a71072eb88836b0ad2e6d5553f8.jpeg", "gallery": ["https://pro.culture.ru/uploads/14fcdc4d5b8a490aadbcb6afa484d3e0.jpeg", "https://pro.culture.ru/uploads/9fb3e6f9f3814901a79615e67f428d85.jpeg", "https://pro.culture.ru/uploads/8351b8d220fc76d9d2f5c60b20643637.jpeg", "https://pro.culture.ru/uploads/becefa3c36bdd4620e770269769e488a.jpeg"], "category": {"name": "Спектакли", "sysName": "spektakli"}, "time": {"start": "2021-11-12 17:00:00", "end": "2021-11-12 18:00:00"}}, {"id": 1433479, "name": "Спектакль «Иностранец»", "age": 16, "description": "<p>Спектакль-монолог по рассказу Леонида Андреева «Иностранец» является синтезом слова и пластики, где герой находится в диалоге не только со зрителем, но и с музыкальной структурой самого спектакля. </p><p> Создатели проекта не стали определять историю «Иностранца» как историю о русском человеке, о России. Именно такие одиночки, как Чистяков, герой рассказа, по убеждению главного актера спекаткля – Андрея Финягина – и двигают этот мир. Не люди, толпы, не основная масса населения планеты Земля, а те, кто в силу обстоятельств идут против волны, потому что не могут идти по течению.</p><p>Таким одиночкам сложно везде, но в России особенно, хотя благодаря им и существует русская культура. История человеческого достоинства – одна из важнейших тем в спектакле. Пронизывающий слом в рассказе – необходимость ощущения собственной земли, который транслируется через другого человека, у которого эта родина есть в сердце. Это и есть патриотизм, глубокое и сложное чувство, попытка нахождения родины и, собственно, себя в ней. Легко ощущать себя иностранцем в любой точке мира, сложно быть иностранцем внутри себя.</p>", "shortDescription": "Постановка-монолог по произведению Леонида Андреева.", "min_price": 800, "max_price": 800, "link": "https://sdart.ru/project/inostranec/", "needCheck": true, "status": "accepted", "updateDate": 1639763878456, "start": 1636650000000, "end": 1641924000000, "createDate": 1636049411296, "inAccepted": true, "acceptDate": 1637513864557, "image": {"author": "Наталия Чебан", "name": "b3029b6cb37b90509105be115212d3a6.jpeg", "realName": "Inostranec-00050.jpg", "source": "https://sdart.ru/project/inostranec/#Иностранец%2000051"}, "photo": "https://pro.culture.ru/uploads/b3029b6cb37b90509105be115212d3a6.jpeg", "gallery": ["https://pro.culture.ru/uploads/09304ceeecb20f0b30a8419d64356958.jpeg", "https://pro.culture.ru/uploads/c5c78dcb5b8b4c26ecce85211bc6dd80.jpeg", "https://pro.culture.ru/uploads/d6ba3590ae52c894631d2cec145ba1b1.jpeg"], "category": {"name": "Спектакли", "sysName": "spektakli"}, "time": {"start": "2021-11-11 17:00:00", "end": "2022-01-11 18:00:00"}}, {"id": 1431259, "name": "Спектакль «Рулетенбургъ»", "age": 16, "description": "<p> Известно, что «Игрок» – самое автобиографическое произведение Федора Достоевского. </p><p>Страсть азарта, которая полностью владеет человеком и его поступками, долгие годы была спутницей великого русского писателя. Достоевский написал «Игрока» за 26 дней, что само по себе уже являлось авантюрой, поступком на грани безумия, игрой.</p><p>Рулетенбургъ – европейский город, выдуманный автором. Это место кажущейся свободы и мифических возможностей: здесь живут сегодняшним днем, здесь не скрывают своих пороков, здесь все в ожидании огромного куша, который вот-вот должен явиться то ли из богатейшего наследства, то ли из шального выигрыша… Но что это за выигрыш, если на кону человеческие души, а все ставки сделаны на Zero?..</p><p>Театральное прочтение романа необычно, спектакль разбит на три части, в каждой из которых используются особые гротесковые стилистические приемы. Это смелое режиссерское решение сквозь разные жанры уверенно ведет персонажей и зрителей к неизбежной и трагической развязке, оставляя сильное эмоциональное впечатление. </p><p></p><p> Тема игры продолжается и в антракте. В фойе зрителей ждет сюрприз – веселый розыгрыш, его участники получат возможность лично испытать легкий азарт, а победители – выиграть памятные подарки и вкусные призы от партнеров театра. <br /></p>", "shortDescription": "К 200-летнему юбилею великого писателя Ф. М. Достоевского постановка по его роману «Игрок».", "min_price": 1000, "max_price": 3000, "link": "https://sdart.ru/project/ruletenburg/#", "status": "accepted", "updateDate": 1639763878456, "start": 1636473600000, "end": 1642878000000, "createDate": 1635869602504, "inAccepted": true, "acceptDate": 1638784177208, "image": {"author": "Наталия Чебан", "name": "f6077dec0d6b1c5b434272f4132df2d9.jpeg", "realName": "Ruletenburg-00023.jpg", "source": "https://sdart.ru/project/ruletenburg/#Рулетенбургъ%2000023"}, "photo": "https://pro.culture.ru/uploads/f6077dec0d6b1c5b434272f4132df2d9.jpeg", "gallery": ["https://pro.culture.ru/uploads/51022bcbd372dc8fe63efb0a5b0bc210.jpeg", "https://pro.culture.ru/uploads/3989b1cf3c2279f0b8ad8deefa8d4279.jpeg", "https://pro.culture.ru/uploads/198f7a908d57eb34b2c88900850406f4.jpeg", "https://pro.culture.ru/uploads/decfb503de2a88389e0cad74f09386df.jpeg", "https://pro.culture.ru/uploads/c139146fca1955a9ae505a755a20f126.jpeg", "https://pro.culture.ru/uploads/39b46eadb84d39e0e12d0370ec2c6522.jpeg", "https://pro.culture.ru/uploads/b364adec720c627b7d6f0abd8120af32.jpeg", "https://pro.culture.ru/uploads/f3f683e51a462b262058f68e08692541.jpeg", "https://pro.culture.ru/uploads/53303e8dddc2ab81e1d8a41d72631bbd.jpeg", "https://pro.culture.ru/uploads/39a422df0ed0afe8a1a4da3e455dbdf2.jpeg"], "category": {"name": "Спектакли", "sysName": "spektakli"}, "time": {"start": "2021-11-09 16:00:00", "end": "2022-01-22 19:00:00"}}, {"id": 1303394, "name": "Спектакль «Лес. Диалоги по дороге»", "age": 18, "description": "<p> Режиссер Александр Огарев предлагает свой взгляд на пьесу «Лес» Островского. Избегая дидактики и привычных трактовок персонажей, он рассматривает историю в ключе притчи, на стыке реальности и фантазии. </p><p>История начинается со встречи двух старых приятелей – актеров, с четкими амплуа трагика и комика. Находясь в кризисе, в поисках места работы, творческого удовлетворения, они с горечью рассуждают о вырождении искусства театра…</p><p>Неожиданно они оказываются на территории Жизни, в поместье Раисы Гурмыжской. Здесь они находят отдохновение от профессиональных проблем и надежду на простое человеческое счастье. Но законы жизни абсурдны и жестоки: счастья и справедливости нет и здесь. Истина вывернута наизнанку. Любовь и благородство обесценены и не востребованы.</p><p>Диалоги Искусства и Жизни, комического и трагического – основные темы спектакля.</p> <p></p>", "shortDescription": "Авторский взгляд на знаменитую пьесу Александра Островского.", "min_price": 1000, "max_price": 3000, "link": "https://sdart.ru/project/les-dialogi-po-doroge/", "status": "accepted", "updateDate": 1639763878456, "start": 1638115200000, "end": 1642359600000, "createDate": 1630438376518, "inAccepted": true, "acceptDate": 1639036531981, "image": {"author": "Наталия Чебан", "name": "48333f4776fde03b1cba03479a8576ed.jpeg", "realName": "Les.-Dialogi-po-doroge-00110.jpg", "source": "https://sdart.ru/project/les-dialogi-po-doroge/#%D0%9B%D0%B5%D1%81.%20%D0%94%D0%B8%D0%B0%D0%BB%D0%BE%D0%B3%D0%B8%20%D0%BF%D0%BE%20%D0%B4%D0%BE%D1%80%D0%BE%D0%B3%D0%B5%2000110"}, "photo": "https://pro.culture.ru/uploads/48333f4776fde03b1cba03479a8576ed.jpeg", "gallery": ["https://pro.culture.ru/uploads/c6789f38a57a96e5e20587357e6d2ca1.jpeg", "https://pro.culture.ru/uploads/d3cb1bf7e343f5535352f5683b9f3009.jpeg", "https://pro.culture.ru/uploads/55115b5af8e26dbffab4651d2ce86edd.jpeg", "https://pro.culture.ru/uploads/9871230afb4cae508f7b67e7f6cf511b.jpeg", "https://pro.culture.ru/uploads/0a68d03dcc833c28474473c729e74f77.jpeg", "https://pro.culture.ru/uploads/2d5097d6855c033a43ac42cd8f19883d.jpeg", "https://pro.culture.ru/uploads/9150e60913b340f823edb03d14e283c2.jpeg", "https://pro.culture.ru/uploads/ccbeb328dbc3d45685ed16319b6653a8.jpeg"], "category": {"name": "Спектакли", "sysName": "spektakli"}, "time": {"start": "2021-11-28 16:00:00", "end": "2022-01-16 19:00:00"}}, {"id": 1303307, "name": "Спектакль «Каменный ангел»", "age": 12, "description": "<p><span>Несмотря на расхожее мнение, что пьесы Марины Цветаевой не подходят для постановки, </span><a href=\"https://sdart.ru/yacko/\">Игорю Яцко</a><span> удалось найти сценический эквивалент «Каменному ангелу» – пьесе, которая считалась утерянной и была найдена только в середине 60-х годов.</span><br /></p><p>Зал «Глобус» стал идеальным пространством для воплощения замысла: трехуровневая структура соответствует измерениям, в которых разворачивается действие постановки. Начинается оно на земле, в средневековом городе у фонтана с Каменным ангелом, к которому юные девицы приходят рассказать о своей несчастной любви, и лишь одна, Аврора – о счастливой, о любви к нему. Вслед за Авророй зрителю предстоит спуститься в нижний, демонический мир, где в роскошных чертогах царствуют Венера с Амуром, насылая на смертных душевные страдания (сцена «Глобуса» устроена так, что этот спуск стоит понимать буквально). С небес же, из-под купола зала, появляется Ангел, уже во плоти и крови, чтобы разогнать темный морок преисподней и проводить обманутую душу Авроры к Богоматери.</p><p>В этой постановке Игорь Яцко обращается сразу к нескольким ключевым темам «Школы драматического искусства» – он, вслед за Анатолием Васильевым, изучает «несценичное» поэтическое слово. Режиссер совмещает драматический спектакль с небольшим концертом с участием колоколов, клавесина, органа, лютни и тамбур-пайпа. Также в спектакле звучит клавирная и лютневая музыка европейских композиторов XVI и начала XVII веков.</p>", "shortDescription": "Постановка по пьесе гениального русского поэта Марины Цветаевой.", "min_price": 600, "max_price": 1000, "link": "https://w.intickets.ru/seance/12089915/?wkey=4114492", "needCheck": true, "status": "accepted", "updateDate": 1639763878456, "start": 1634054400000, "end": 1645034400000, "createDate": 1630430545563, "inAccepted": true, "acceptDate": 1638939290122, "image": {"author": "Наталия Чебан", "name": "ef2b69879e9ca4f5170391f5df647d44.jpeg", "realName": "Kamennyj-angel.-Viktorova-00006.jpg", "source": "https://sdart.ru/project/kamennyy-angel/#%D0%9A%D0%B0%D0%BC%D0%B5%D0%BD%D0%BD%D1%8B%D0%B9-%D0%B0%D0%BD%D0%B3%D0%B5%D0%BB.-%D0%92%D0%B8%D0%BA%D1%82%D0%BE%D1%80%D0%BE%D0%B2%D0%B0-00006"}, "photo": "https://pro.culture.ru/uploads/ef2b69879e9ca4f5170391f5df647d44.jpeg", "gallery": ["https://pro.culture.ru/uploads/3ab0e51745b89f6b57cdd94931e1a413.jpeg", "https://pro.culture.ru/uploads/69db4a69b7e45bbc7b892c9730fd1b27.jpeg", "https://pro.culture.ru/uploads/3c1117854e8703c8f5d43759ed67fa50.jpeg", "https://pro.culture.ru/uploads/97529c648060fe4bda90debbe8c1f3e0.jpeg", "https://pro.culture.ru/uploads/7bcd04aa8fb482b182e9a3418aeb30e4.jpeg", "https://pro.culture.ru/uploads/f8b1e10ce00691221e405e86ce81088e.jpeg", "https://pro.culture.ru/uploads/e2288e2e4387fca0a95c27845aa3d3d3.jpeg"], "category": {"name": "Спектакли", "sysName": "spektakli"}, "time": {"start": "2021-10-12 16:00:00", "end": "2022-02-16 18:00:00"}}, {"id": 1303291, "name": "Спектакль «Игроки»", "age": 18, "description": "<p> Пьеса Гоголя – своего рода трактат об игре, притча о душах, которые вновь и вновь переживают азарт и риск. Игра – опасная, пограничная территория: с одной стороны – искусство, с другой – рабство и зависимость. В этом произведении очень остро показана нравственная составляющая риска, а также образ души, вступающей в союз с некими силами, которые могут ее не только возвысить, но и низвергнуть. </p><p>В спектакле раскрыты тайные пружины и сущность игры. </p><p>Главные роли в спектакле исполнят женщины. Режиссер спектакля убежден, что актриса наиболее способна к сценической трансформации и наилучшим образом может выразить природу игрока. </p><p></p>", "shortDescription": "Постановка по одноименной комедии Н. В. Гоголя.", "min_price": 1000, "max_price": 1000, "link": "https://w.intickets.ru/seance/12034823/?wkey=4114492", "status": "accepted", "updateDate": 1639763878456, "start": 1633104000000, "end": 1645988400000, "createDate": 1630429811786, "inAccepted": true, "acceptDate": 1639042521709, "image": {"author": "Наталия Чебан", "name": "8942db6cad4cc7ef0a75f37f8e5a88db.jpeg", "realName": "Balandina.-Malahov-00003.jpg", "source": "https://sdart.ru/project/igroki/#%D0%91%D0%B0%D0%BB%D0%B0%D0%BD%D0%B4%D0%B8%D0%BD%D0%B0.%20%D0%9C%D0%B0%D0%BB%D0%B0%D1%85%D0%BE%D0%B2%2000003"}, "photo": "https://pro.culture.ru/uploads/8942db6cad4cc7ef0a75f37f8e5a88db.jpeg", "gallery": ["https://pro.culture.ru/uploads/7dc7b4bebc109617ff2bd9fbf98948aa.jpeg", "https://pro.culture.ru/uploads/dd54a293fa07be739ddc1b75a591939c.jpeg", "https://pro.culture.ru/uploads/37268cb5c910cba686553736d9d47c0d.jpeg", "https://pro.culture.ru/uploads/67703b9ee082205cc259d76ec8513723.jpeg", "https://pro.culture.ru/uploads/331e313e0528d2df75e07e83a58d04eb.jpeg", "https://pro.culture.ru/uploads/529cb0226188bccbd4ec7017e001d69d.jpeg"], "category": {"name": "Спектакли", "sysName": "spektakli"}, "time": {"start": "2021-10-01 16:00:00", "end": "2022-02-27 19:00:00"}}, {"id": 1271268, "name": "Спектакль «Обломки»", "age": 16, "description": "<p>Автор идеи и режиссер Михаил Уманец смело перенес действие знаменитого романа Ивана Гончарова «Обломов» в 90-е годы прошлого века, со всеми его особыми приметами: ворвавшимися на телеэкраны бесконечными сериалами, американскими фильмами, клипами, появлением домашнего компьютера и первой колоссально популярной компьютерной игры «Тетрис». Здесь проступают и более серьезные детали времени – возможность открыть свой бизнес, появление нечистых на руку дельцов, использующих непрактичность и доверчивость Обломова.</p><p>Режиссер, не пытаясь судить эпоху, делает ее живым фоном любовного треугольника: Обломов – Ольга Ильинская – Штольц, сохраняя основную коллизию произведения. А ответ на вопрос, кто же оседлает время больших возможностей, а кто станет лишним человеком, который чист душой, но совершенно потерян для общества останется тем же, что и 1859 году, когда роман впервые увидел свет.</p>", "shortDescription": "Постановка по сюжету знаменито романа «Обломов» Ивана Гончарова. ", "min_price": 600, "max_price": 1500, "link": "https://w.intickets.ru/seance/12089939/?wkey=4114492", "needCheck": true, "status": "accepted", "updateDate": 1639763878456, "start": 1632240000000, "end": 1645811100000, "createDate": 1628844121428, "inAccepted": true, "acceptDate": 1639039638224, "image": {"author": "Наталия Чебан", "name": "2d7c226b8c5f7ca1a8f2f15763276c35.jpeg", "realName": "Oblomki-00073.jpg", "source": "https://sdart.ru/project/oblomki/#%D0%9E%D0%B1%D0%BB%D0%BE%D0%BC%D0%BA%D0%B8%2000073"}, "photo": "https://pro.culture.ru/uploads/2d7c226b8c5f7ca1a8f2f15763276c35.jpeg", "gallery": ["https://pro.culture.ru/uploads/ca7a86195a82f8aa0d995773415e7cd9.jpeg", "https://pro.culture.ru/uploads/9f9c26f7b273404d5fad967a62f80b88.jpeg", "https://pro.culture.ru/uploads/00587f8ff990adae9032fd627a1a553b.jpeg", "https://pro.culture.ru/uploads/7ee5ac7fc0b566fd6fb7a298bc65279b.jpeg", "https://pro.culture.ru/uploads/c8dcac2a154cd87a9e25cf3c3bb09a67.jpeg", "https://pro.culture.ru/uploads/e9d7c3c7d65b2e7d57ceaebb196de31f.jpeg", "https://pro.culture.ru/uploads/64b6de54c233f925da6bfa245be43e8b.jpeg", "https://pro.culture.ru/uploads/3e5875463add9a75928299f1a9aaf241.jpeg", "https://pro.culture.ru/uploads/324641f0687b0962f5945ca94cdb22d1.jpeg"], "category": {"name": "Спектакли", "sysName": "spektakli"}, "time": {"start": "2021-09-21 16:00:00", "end": "2022-02-25 17:45:00"}}, {"id": 1271209, "name": "Спектакль «Безымянная звезда»", "age": 16, "description": "<p> Пьеса «Безымянная звезда» написана в 1942 году Иосифом Гехтером, носившим желтую звезду и жившим в гетто. </p><p>Это грустная сказка, но печаль пьесы не хотелось бы окрашивать в мелодраматические тона. В этой истории возможно вычитать притчу о посвященных, наделенных знанием о не очевидных вещах. В этот круг приобщенных допущена и Мона, не подозревающая о невидимых внешнему зрению тайнах бытия. Посвящение приносит ей радости встреч с сокрытым, влюбленность, но и последующий трагический выбор. О двух возможных путях – горизонтальном и вертикальном – размышление румынского автора, писавшего под псевдонимом Михай Себастиан. </p>", "shortDescription": "Грустная сказка для взрослых о вспыхнувшей любви и о ее невозможности.", "min_price": 800, "max_price": 1500, "link": "https://w.intickets.ru/seance/12034845/?wkey=4114492", "status": "accepted", "updateDate": 1639763878456, "start": 1631721600000, "end": 1643219100000, "createDate": 1628843232737, "inAccepted": true, "acceptDate": 1639042466596, "image": {"author": "Наталия Чебан", "name": "bcd5c99e79da2a80e9ac6bc91dd5ec38.jpeg", "realName": "Bezymjannaja-zvezda-00011-1.jpg", "source": "https://sdart.ru/project/bezymjannaja-zvezda/#"}, "photo": "https://pro.culture.ru/uploads/bcd5c99e79da2a80e9ac6bc91dd5ec38.jpeg", "gallery": ["https://pro.culture.ru/uploads/3c950f29e9f5ae7e62ec04d25185ff8c.jpeg", "https://pro.culture.ru/uploads/3ce0a8fa1f8047851160bc6bc6de1e43.jpeg", "https://pro.culture.ru/uploads/4f872a270e1a34b1cf8c967c10149b56.jpeg", "https://pro.culture.ru/uploads/04ffe6dfe04181dc5da2c63768d8a759.jpeg", "https://pro.culture.ru/uploads/228e6ebecb92174a5445d8af5da193c0.jpeg", "https://pro.culture.ru/uploads/ce1b7299882b2237929bc83de830be51.jpeg", "https://pro.culture.ru/uploads/81bfe95825dab29e279c547bfc5e2673.jpeg"], "category": {"name": "Спектакли", "sysName": "spektakli"}, "time": {"start": "2021-09-15 16:00:00", "end": "2022-01-26 17:45:00"}}, {"id": 1271151, "name": "Спектакль «Луна-парк имени Луначарского»", "age": 16, "description": "<p> Москва vs город Крышкин – две территории. Их разделяет всего 200 верст, но жизнь становится кардинально иной. Граница между ними – еще одно пространство, будто бы непроницаемое, затянутое абсурдом – то ли из романов Франца Кафки, то ли из фантасмагорического фильма о будущем. Смогут ли жители этих столь разных миров преодолеть разделение? Смогут ли понять друг друга? Что составляет их жизнь, их счастье? </p><p> Музыкальное сопровождение – иностранная ретромузыка в исполнением хора театра под руководством хормейстера Светланы Анистратовой. <br /></p>", "shortDescription": "Постановка по пьесе Ксении Драгунской о жизни современного мегаполиса и провинции.", "min_price": 600, "max_price": 1500, "link": "https://w.intickets.ru/seance/12035008/?wkey=4114492", "needCheck": true, "status": "accepted", "updateDate": 1639763878456, "start": 1632672000000, "end": 1644170400000, "createDate": 1628842338198, "inAccepted": true, "acceptDate": 1639043133441, "image": {"author": "Наталия Чебан", "name": "cc25f09ec78be82bbcce6f53112bff77.jpeg", "realName": "Luna-park-imeni-Lunacharskogo-00109-1.jpg", "source": "https://sdart.ru/project/luna-park/#%D0%9B%D1%83%D0%BD%D0%B0-%D0%BF%D0%B0%D1%80%D0%BA%20%D0%B8%D0%BC%D0%B5%D0%BD%D0%B8%20%D0%9B%D1%83%D0%BD%D0%B0%D1%87%D0%B0%D1%80%D1%81%D0%BA%D0%BE%D0%B3%D0%BE%2000109"}, "photo": "https://pro.culture.ru/uploads/cc25f09ec78be82bbcce6f53112bff77.jpeg", "gallery": ["https://pro.culture.ru/uploads/fcf6c433fc42c6fdf875249d02b50b2d.jpeg", "https://pro.culture.ru/uploads/3e2a17a2d161394cb5dffb192a62859b.jpeg", "https://pro.culture.ru/uploads/1512fb03cd3ebe1dfe77d1541b850c0d.jpeg", "https://pro.culture.ru/uploads/5908609297fd64f79aa9b4b534a18d39.jpeg", "https://pro.culture.ru/uploads/fbbb3960dcd9eb574b1e07d8be811e60.jpeg"], "category": {"name": "Спектакли", "sysName": "spektakli"}, "time": {"start": "2021-09-26 16:00:00", "end": "2022-02-06 18:00:00"}}, {"id": 1270998, "name": "Спектакль «Как важно быть серьезным»", "age": 18, "description": "<p>Важность серьезности утверждается пьесой, в которой нет ни одного действительно серьезного слова. Даже заглавие The Importance of Being Earnest – это игра слов, намекающая на некоего Эрнеста, которым постоянно притворяются герои пьесы. Ироничный и афористичный англичанин Уайльд предлагает игру со словом, со стилем, с парадоксом, игру в джентльменов и денди.</p><p>В этой комедии сходится множество историй – и детективная, и любовная, и эстетическая… Но ни в чем не оказывается подлинно серьезной вещи. Ирония будто очищает жизнь героев от ложных смыслов. И тогда возникает смех. Отточенные актерские диалоги соединяются в спектакле с изящным пластическим решением, а также богатой музыкальной концепцией – звучат мотивы Бетховена, Шопена, Вагнера в исполнении пианиста Федора Амирова и струнного квартета театра.</p> <p> «Как важно быть серьезным» – это самая настоящая захватывающая игра с сюжетом, текстом и зрителями. Игра, которая надолго остается в памяти и смотреть которую – сплошное удовольствие.<br /></p>", "shortDescription": "Постановка по одноименной пьесе Оскара Уайльда.", "min_price": 1000, "max_price": 3000, "link": "https://w.intickets.ru/seance/12194830/?wkey=4114492", "status": "accepted", "updateDate": 1640349785532, "start": 1632499200000, "end": 1644607800000, "createDate": 1628840548536, "inAccepted": true, "acceptDate": 1640349785607, "image": {"author": "Наталия Чебан", "name": "bd857688ae3e2d8dd9b141307523e51a.jpeg", "realName": "Kak-vazhno-byt-sereznym-00001-2.jpg", "source": "https://sdart.ru/project/kak-vazhno-byt-sereznym/"}, "photo": "https://pro.culture.ru/uploads/bd857688ae3e2d8dd9b141307523e51a.jpeg", "gallery": ["https://pro.culture.ru/uploads/1f32d7d603a88b47f40f0c857c3791ec.jpeg", "https://pro.culture.ru/uploads/4b462bbe46938dfca737bca94a4a2539.jpeg", "https://pro.culture.ru/uploads/c230499a6ad51f91b114c94915d78b2d.jpeg", "https://pro.culture.ru/uploads/69e15d4874844cc6a7c8e335cf3d2d0b.jpeg", "https://pro.culture.ru/uploads/797b4979740313c723ed12d9d65c8f99.jpeg", "https://pro.culture.ru/uploads/c83c6ea18ab4f037fc91b3ad908957c1.jpeg"], "category": {"name": "Спектакли", "sysName": "spektakli"}, "time": {"start": "2021-09-24 16:00:00", "end": "2022-02-11 19:30:00"}}, {"id": 1270872, "name": "Спектакль «Кони за окном»", "age": 16, "description": "<p> Можно ли с улыбкой на устах и со слезами на глазах поговорить о самом страшном зле, которое творит человек, созидая войну? Можно и даже нужно! </p><p>Три макабрические новеллы языком абсурда и с невероятным авторским остроумием повествуют о душах, над которыми надругалась война, о хрупкости человеческой жизни и о самой природе войны, в которую ежедневно ввергает себя человечество. Это попытка сказать «нет» этому безумию и посмотреть в глаза красной лошади с черным пятном, которая ржет и храпит, пытаясь убить своим преследованием. </p>", "shortDescription": "Российская премьера пьесы известного европейского драматурга Матея Вишнека.", "min_price": 1000, "max_price": 1000, "link": "https://w.intickets.ru/seance/12089957/?wkey=4114492", "status": "accepted", "updateDate": 1639763878456, "start": 1630857600000, "end": 1642963500000, "createDate": 1628838956354, "inAccepted": true, "acceptDate": 1639037051354, "image": {"author": "Наталия Чебан", "name": "2c86369bdc21b4738acdc659a0aa5017.jpeg", "realName": "Koni-za-oknom-00015.jpg", "source": "https://sdart.ru/project/koni-za-oknom/#%D0%9A%D0%BE%D0%BD%D0%B8%20%D0%B7%D0%B0%20%D0%BE%D0%BA%D0%BD%D0%BE%D0%BC%2000015"}, "photo": "https://pro.culture.ru/uploads/2c86369bdc21b4738acdc659a0aa5017.jpeg", "gallery": ["https://pro.culture.ru/uploads/fdfbc01a8b972bf38de05dccd8dafdf4.jpeg", "https://pro.culture.ru/uploads/2d0744f2aae22305a2d196d84dcc8dff.jpeg", "https://pro.culture.ru/uploads/274612c4324245e371d05dedfb554adc.jpeg", "https://pro.culture.ru/uploads/94cedc1ad108bb24eaf9aebc0fd9a907.jpeg", "https://pro.culture.ru/uploads/9fcebfe15928d38385b57616ab9acc55.jpeg", "https://pro.culture.ru/uploads/4a6fe291ed7ce10217c1099577218b6b.jpeg"], "category": {"name": "Спектакли", "sysName": "spektakli"}, "time": {"start": "2021-09-05 16:00:00", "end": "2022-01-23 18:45:00"}}]}