{"11653": [{"id": 1253728, "name": "Спектакль «Джокер»", "age": 12, "description": "<p><span> Театр «Искатели» представляет спектакль «Джокер»</span><span> по пьесе Вуди Аллена «Смерть». Это драматическое произведение, детектив, сочетающий в себе элементы трагического и комического, перерастающий в фарс, который заканчивается трагедией.</span></p> <p><span>Жители города, возмущенные трагическими событиями последних дней, принимают решение выйти на улицы и отправиться на поиски маньяка-убийцы. Теперь-то ему не уйти. Ведь у них есть план. Хорошо продуманный план... Но чтобы план не сорвался – нужны все жители города, все<a name=\"_GoBack\"></a> без исключения.</span></p> <p><span>Все в ужасе! По вечерам люди боятся выйти на улицу. В домах оставаться небезопасно. По городу говорят разгуливает маньяк-убийца! Все в панике! Все! Кроме вас?!</span></p>", "shortDescription": "Трагифарс ведущего творческого коллектива Москвы – Театра «Искатели».", "min_price": 200, "max_price": 200, "link": "https://www.mos.ru/afisha/event/136319257/", "needCheck": true, "status": "accepted", "updateDate": 1634295114744, "start": 1633021200000, "end": 1634923800000, "createDate": 1628074316542, "inAccepted": true, "acceptDate": 1634295114901, "image": {"author": "Мирошниченко Татьяна", "name": "aae167c0a11030dd5530c570f08af6f8.jpeg", "realName": "Наш театр - Джокер.jpg", "source": "Личный архив Ведущего творческого коллектива города Москвы Театр \"Искатели\""}, "photo": "https://pro.culture.ru/uploads/aae167c0a11030dd5530c570f08af6f8.jpeg", "gallery": [], "category": {"name": "Спектакли", "sysName": "spektakli"}, "time": {"start": "2021-09-30 17:00:00", "end": "2021-10-22 17:30:00"}}]}