{"11097": [{"id": 1550373, "name": "Концерт «Давайте верить в чудеса»", "age": 12, "description": "<p>Концертная программа включает в себя интерактивные викторины, конкурсы на знание истории празднования Нового года. Участники попробуют свои силы в различных испытаниях – «Где логика?», «Черный квадрат», «Легко ли стать звездой?».</p><p>В программе примут участие лучшие творческие коллективы Клетского муниципального района:</p><ul><li>танцевальная команда «Миридэнс»;</li><li>вокальная группа «Выше неба»;</li><li>солисты учреждения.</li></ul><p>Главные герои праздника – Дед Мороз и Снегурочка – перенесут всех присутствующих в незабываемое путешествие в Новый год. </p>", "shortDescription": "Новогодняя программа.", "min_price": 500, "link": "https://vmuzey.com/event/praznovanie-novogo-goda", "status": "accepted", "updateDate": 1640269725177, "start": 1640592000000, "end": 1640599200000, "createDate": 1640096200620, "inAccepted": true, "acceptDate": 1640269725229, "image": {"author": "Михаил ", "name": "b2c6d7ff56bc9ed5ac47e4f1c62d9d4f.jpeg", "realName": "нг.jpeg", "source": "архив МБУК ЦД и НТ \"Карагод\""}, "photo": "https://pro.culture.ru/uploads/b2c6d7ff56bc9ed5ac47e4f1c62d9d4f.jpeg", "gallery": ["https://pro.culture.ru/uploads/1182f9ec2185c207a6c8db746669a98e.jpeg"], "category": {"name": "Концерты", "sysName": "koncerty"}, "time": {"start": "2021-12-27 08:00:00", "end": "2021-12-27 10:00:00"}}, {"id": 1413797, "name": "Концерт «Я лечу над Россией»", "age": 6, "description": "<p> Солисты ансамбля песни и инструментальной музыки «Фолк-экспресс» исполнят песенные хиты Г. Пономаренко, Е. Василек и Е. Ваенги, авторские песни руководителя коллектива Владимира Коньшина. В программе концерта также прозвучат старинный казачий романс «Домик стоит над рекою» и инструментальные обработки известных русских народных песен «Ой, то не вечер», «Валенки». </p><p>Гармоничное сочетание народного и эстрадного стилей музыки сделают концерт ярким и разнообразным, а оригинальность аранжировок и виртуозность солистов подарят отличное настроение! </p>", "shortDescription": "В программе – народные песни, романс.", "min_price": 500, "max_price": 600, "link": "https://volgogradfilarmonia.ru/tickets#/event/322", "status": "accepted", "updateDate": 1639320985321, "start": 1637661600000, "end": 1639999800000, "createDate": 1635166341577, "inAccepted": true, "acceptDate": 1639320985381, "image": {"author": "Семен Кияшко", "name": "facfa1f3880a85db35af8aafa740f927.jpeg", "realName": "IMG_1709.JPG", "source": "Волгоградская филармония"}, "photo": "https://pro.culture.ru/uploads/facfa1f3880a85db35af8aafa740f927.jpeg", "gallery": [], "category": {"name": "Концерты", "sysName": "koncerty"}, "time": {"start": "2021-11-23 10:00:00", "end": "2021-12-20 11:30:00"}}]}