{"12240": [{"id": 1486915, "name": "Спектакль «Сказочное шоу для Снегурочки»", "age": 0, "description": "<p>«Сказочное шоу для Снегурочки» – новогоднее представление в лучших традициях театра кукол «Экият»! Динамичный, насыщенный фокусами и спецэффектами сюжет спектакля вовлечет в волшебную атмосферу Нового года как детей, так и взрослых. Вас ждут удивительные приключения непослушной Снегурочки, Емели, Бабы-яги, Кощея Бессмертного и многих других персонажей народных сказок! Найдет ли Снегурочка дорогу домой? Состоится ли Новый Год? <span>Конечно же, состоится! Но «сказка – ложь, да в ней намек».</span></p><p><span>На мероприятие приглашаются все желающие!</span></p>", "shortDescription": "Постановка по народным сказкам.", "min_price": 450, "max_price": 700, "link": "https://tickets.puppet-show.ru/event?id_event=4981", "needCheck": true, "status": "accepted", "updateDate": 1640621035041, "start": 1639746000000, "end": 1641744000000, "createDate": 1638005401855, "inAccepted": true, "acceptDate": 1639552053588, "image": {"author": "Рустем Сабиров", "name": "6a4551ba6ad65589aad357d4f5e3fd67.jpeg", "realName": "KSF09463.jpg", "source": "www.puppet-show.ru"}, "photo": "https://pro.culture.ru/uploads/6a4551ba6ad65589aad357d4f5e3fd67.jpeg", "gallery": [], "category": {"name": "Спектакли", "sysName": "spektakli"}, "time": {"start": "2021-12-17 13:00:00", "end": "2022-01-09 16:00:00"}}, {"id": 1441010, "name": "Спектакль «Хвастливый петух»", "age": 0, "description": "<p>Два неразлучных друга – Гусь и Утка – ведут долгие разговоры о том, что происходит у них на птичьем дворе. Они осуждают и критикуют чванливого и высокомерного Петуха, страшатся козней коварного Коршуна. Собираются все обитатели – важный и медлительный Индюк, хвастливый Петух и простодушные цыплята, для которых Петух – супермен и пример для подражания.</p><p> Но геройствовать у Петуха не получается. Когда Коршун забирает цыплят себе на обед, Петух в страхе убегает от него. Весь птичий двор возмущается его трусостью и строит планы, как помочь невинным цыпляткам освободиться из когтей злого Коршуна. Все в страхе, в том числе и бравый Петух. <br /></p>", "shortDescription": "События, в центре которых – Петух, развертываются на птичьем дворе. ", "min_price": 250, "max_price": 510, "link": "https://tickets.puppet-show.ru/event?id_event=4800", "status": "accepted", "updateDate": 1638891366782, "start": 1638608400000, "end": 1638612600000, "createDate": 1636464026848, "inAccepted": true, "acceptDate": 1636703112817, "image": {"author": "Рустем Сабиров", "name": "5a4814c5d11514cb34a23c3e36f1b5f6.jpeg", "realName": "P5255065.jpg", "source": "www.puppet-show.ru"}, "photo": "https://pro.culture.ru/uploads/5a4814c5d11514cb34a23c3e36f1b5f6.jpeg", "gallery": [], "category": {"name": "Спектакли", "sysName": "spektakli"}, "time": {"start": "2021-12-04 09:00:00", "end": "2021-12-04 10:10:00"}}, {"id": 1440713, "name": "Спектакль «Приключения кота Мырау батыра»", "age": 6, "description": "<p> Почему простой кот по имени Мырау батыр, скромно проживающий в Березе, прославился на весь мир? И чем он отличается от других котов и кошек? Почему этому коту, совершившему большие подвиги, до сих пор поют хвалебные гимны? Мырау батыр – известный герой из детства. Многие родители захотят привести на эту постановку своих детей, потому что сами выросли на этих произведениях.</p><p>Приключения Мырау батыра – это пример того, как, любя родную землю и прилежно трудясь, можно стать героем и преодолеть любые трудности, победив свой страх! </p>", "shortDescription": "Музыкальная сказка для детей о необычном коте.", "min_price": 250, "max_price": 400, "link": "https://tickets.puppet-show.ru/event?id_event=4790", "status": "accepted", "updateDate": 1640598426673, "start": 1638694800000, "end": 1638706800000, "createDate": 1636460427410, "inAccepted": true, "acceptDate": 1636703126813, "image": {"author": "Лариса Пасынкова", "name": "43e4b3f85c3216b2116300dc23981892.jpeg", "realName": "IMG_8718.jpg", "source": "www.puppet-show.ru"}, "photo": "https://pro.culture.ru/uploads/43e4b3f85c3216b2116300dc23981892.jpeg", "gallery": [], "category": {"name": "Спектакли", "sysName": "spektakli"}, "time": {"start": "2021-12-05 09:00:00", "end": "2021-12-05 12:20:00"}}, {"id": 1440645, "name": "Спектакль «Кроткая»", "age": 16, "description": "<p> В основе сюжетной линии лежит история конфликтных взаимоотношений двух людей, в которых каждый проходит свой сложный путь духовного развития.</p><p>Картина на первый взгляд достаточно противоречива: здесь и судьба глубоко несчастной в браке молодой женщины, финал жизненного пути которой предсказуем и печален, и последующие размышления пожилого скорбящего мужа-ростовщика, стенавшего в попытках осознания случившегося. </p><p>На протяжении всего действа автор совместно с героями и зрителями рассуждает, что стало предпосылкой к столь трагической развязке – самоубийству юной жены ростовщика. Где же она, та тонкая грань между жизнью и смертью, любовью и расчетом, жалостью и жестокостью? Режиссер направляет зрителя в его стремлении остро чувствовать, думать о происходящем на сцене, улавливать малейшее дуновение помыслов и эмоций героев, проживая с каждым из них тот или иной момент, где муки раскаяния цепко переплетаются с болью одиночества, смятение – с чувством вины.</p>", "shortDescription": "Кукольная постановка по произведению Ф. М. Достоевского.", "min_price": 270, "max_price": 520, "link": "https://tickets.puppet-show.ru/event?id_event=4865", "status": "accepted", "updateDate": 1638891366782, "start": 1638532800000, "end": 1638536400000, "createDate": 1636459839820, "inAccepted": true, "acceptDate": 1636703130290, "image": {"author": "Рустем Сабиров", "name": "483d84db6a6d40f5a5fe6b5ef63e4a29.jpeg", "realName": "358A1788.JPG", "source": "puppet-show.ru"}, "photo": "https://pro.culture.ru/uploads/483d84db6a6d40f5a5fe6b5ef63e4a29.jpeg", "gallery": [], "category": {"name": "Спектакли", "sysName": "spektakli"}, "time": {"start": "2021-12-03 12:00:00", "end": "2021-12-03 13:00:00"}}, {"id": 1387925, "name": "Спектакль «Золотой цыпленок»", "age": 0, "description": "<p> Что есть настоящее золото, что важнее – материальное благополучие или любовь?<br />Волк по наущению лисы крадет золотое яйцо у Курочки Рябы, сам же его и высиживает. Лиса мечтает разбогатеть, рассчитывая на то, что из яйца вылупится курочка, которая будет нести золотые яйца. Но вот незадача: из яйца вылупилась не курочка, а петушок. К тому же цыпленок называет волка папой…</p><p> Сказка учит быть терпеливым, настойчивым в достижении цели. Учит не делать поспешных выводов о человеке, не испытав его в делах. </p>", "shortDescription": "Добрая сказка.", "min_price": 250, "max_price": 499, "link": "https://tickets.puppet-show.ru/event?id_event=4758", "status": "accepted", "updateDate": 1638891366782, "start": 1636272000000, "end": 1636282800000, "createDate": 1634117359922, "inAccepted": true, "acceptDate": 1634189290138, "image": {"author": "Рустем Сабиров", "name": "eedc148ac475e93e602e84ee0fce7b5a.jpeg", "realName": "IMG_6656.jpg", "source": "puppet-show.ru"}, "photo": "https://pro.culture.ru/uploads/eedc148ac475e93e602e84ee0fce7b5a.jpeg", "gallery": [], "category": {"name": "Спектакли", "sysName": "spektakli"}, "time": {"start": "2021-11-07 08:00:00", "end": "2021-11-07 11:00:00"}}, {"id": 1387904, "name": "Спектакль «Принцесса на горошине»", "age": 0, "description": "<p> Придворные актеры радуют Короля и Королеву сказками. Сегодня они рассказывают старую добрую сказку о Принцессе на горошине. Вместе с ними и мы переживем знакомую историю. Финал ее известен… А вот история Короля и Королевы, их личного счастья разыграется на наших глазах. Потому что, как и положено в сказке, Счастье непременно постучится в ворота взгрустнувшего королевства. </p><p> Сказка учит быть терпеливым, настойчивым в достижении цели. Учит не делать поспешных выводов о человеке, не испытав его в делах. <br /></p>", "shortDescription": "Романтическая сказка.", "min_price": 250, "max_price": 500, "link": "https://tickets.puppet-show.ru/event?id_event=4760", "status": "accepted", "updateDate": 1638891366782, "start": 1636876800000, "end": 1637492400000, "createDate": 1634117108216, "inAccepted": true, "acceptDate": 1634189293188, "image": {"author": "Рустем Сабиров", "name": "b8fd83f94e56cd7296da308455b9f3b6.jpeg", "realName": "принцесса на горошине01.JPG", "source": "puppet-show.ru"}, "photo": "https://pro.culture.ru/uploads/b8fd83f94e56cd7296da308455b9f3b6.jpeg", "gallery": [], "category": {"name": "Спектакли", "sysName": "spektakli"}, "time": {"start": "2021-11-14 08:00:00", "end": "2021-11-21 11:00:00"}}, {"id": 1387716, "name": "Спектакль «Дедушкины сказки»", "age": 0, "description": "<p> Оставили на дедушек внучат, а те спать не хотят, вот и давай их дедушки веселить да сказки рассказывать. При помощи разнообразных кукол, сделанных из подручных средств, и слов увлеченных рассказчиков, зрители увидят и услышат сказки для самых маленьких – «Репка», Курочка Ряба», «Рукавичка», «Глиняный парень». Все эти истории поведают дедушки маленьким проказникам-внучатам. </p><p> Спектакль проходит в интерактивной форме, и дети на протяжении всего показа будут непосредственными участниками действия. <br /></p>", "shortDescription": "Кто еще расскажет хорошую сказку, как не мудрый дедушка.", "min_price": 250, "max_price": 500, "link": "https://tickets.puppet-show.ru/event?id_event=4774", "status": "accepted", "updateDate": 1638891366782, "start": 1637395200000, "end": 1637413200000, "createDate": 1634114684864, "inAccepted": true, "acceptDate": 1634624693490, "image": {"author": "Рустем Сабиров", "name": "3119ef5f2fd227033af8788707224588.jpeg", "realName": "Дедушкины сказки2.JPG", "source": "https://www.puppet-show.ru/"}, "photo": "https://pro.culture.ru/uploads/3119ef5f2fd227033af8788707224588.jpeg", "gallery": ["https://pro.culture.ru/uploads/c46103f0dd63925debdb1b053ac5041f.jpeg", "https://pro.culture.ru/uploads/17980df449ff846575f29966cfb173d9.jpeg"], "category": {"name": "Спектакли", "sysName": "spektakli"}, "time": {"start": "2021-11-20 08:00:00", "end": "2021-11-20 13:00:00"}}, {"id": 1387652, "name": "Спектакль «Сказка о потерянном времени»", "age": 0, "description": "<p>Спектакль для семейного просмотра. Он расскажет детям историю приключений четырех незадачливых школьников, не ценивших время и в одночасье превратившихся в старичков. Их заколдовали украли злые волшебники, состарившиеся, но желавшие жить дольше – за счет тех, кто тратит свое время без пользы и понапрасну. Поняли ли ребята свою ошибку и как сумели спастись?</p><p> Классика советской литературы для школьников, рассказанная понятным современным детям языком, несет также и культурный контекст советской эпохи, переданный авторами спектакля бережно и с любовью. Зрители старшего поколения смогут погрузиться в атмосферу своего детства, спектакль наполнен деталями и нюансами советского быта, воссозданными художником спектакля Натальей Павлишиной. </p>", "shortDescription": "История о школьниках, попавших под чары злых колдунов.", "min_price": 250, "max_price": 500, "link": "https://tickets.puppet-show.ru/event?id_event=4735", "status": "accepted", "updateDate": 1638891366782, "start": 1636790400000, "end": 1636810200000, "createDate": 1634114020232, "inAccepted": true, "acceptDate": 1634624696578, "image": {"author": "Рустем Сабиров", "name": "5f7041f22b6446cf8b0354fccdbae31c.jpeg", "realName": "потер врем.2021-01-30_15-45-50.jpg", "source": "https://www.puppet-show.ru/"}, "photo": "https://pro.culture.ru/uploads/5f7041f22b6446cf8b0354fccdbae31c.jpeg", "gallery": ["https://pro.culture.ru/uploads/4425741f6b194a42cea50bdeac571c7f.jpeg"], "category": {"name": "Спектакли", "sysName": "spektakli"}, "time": {"start": "2021-11-13 08:00:00", "end": "2021-11-13 13:30:00"}}, {"id": 1380525, "name": "Спектакль «Страна чудес Алисы»", "age": 0, "description": "<p>Зрители увидят сон Алисы, в котором она борется с несправедливостью в лице жестоких сверстников. Девочка не соглашается с уже сложившейся иерархией в школьном дворе. Доброта, смелость и принципиальность – главное оружие Алисы в этой борьбе. </p><p>Главный смысл сказки состоит в том, что счастье человека зависит от него самого. Если не знаешь, чего хочешь, то ничего и не будет.</p><p> Эта история об удивительных приключениях девочки воспринимается по-разному детьми и взрослыми. Заметьте, как маленький человечек, не шелохнувшись, восторженными глазами наблюдает за событиями картины или слушает эту сказку.<br /></p>", "shortDescription": "Фэнтезийная история.", "min_price": 270, "max_price": 520, "link": "https://tickets.puppet-show.ru/event?id_event=4799", "status": "accepted", "updateDate": 1640598427897, "start": 1636185600000, "end": 1639313100000, "createDate": 1633859310097, "inAccepted": true, "acceptDate": 1636622763674, "image": {"author": "Рустем Сабиров", "name": "d7c0ed3ed0108b1fc0d19d7660ebc78f.jpeg", "realName": "DSC_2674.JPG", "source": "https://www.puppet-show.ru/"}, "photo": "https://pro.culture.ru/uploads/d7c0ed3ed0108b1fc0d19d7660ebc78f.jpeg", "gallery": ["https://pro.culture.ru/uploads/21964f6b7eb1df6fdf711911542717d4.jpeg", "https://pro.culture.ru/uploads/fe38a0690610db1b20e0c16acedc01d3.jpeg", "https://pro.culture.ru/uploads/da5fb85c7ca036b4a4fcd844a37e2425.jpeg"], "category": {"name": "Спектакли", "sysName": "spektakli"}, "time": {"start": "2021-11-06 08:00:00", "end": "2021-12-12 12:45:00"}}, {"id": 1380512, "name": "Спектакль «По щучьему велению»", "age": 0, "description": "<p> Знаменитая русская народная сказка в постановке П. В. Овсянникова на сцене превратится в настоящий русский балаган. Скоморохи расскажут историю о волшебной щуке, добродушном Емеле и о том, как он поможет царевне Несмеяне все-таки улыбнуться. </p><p>В первую очередь сказка учит людей доброте. Учит тому, что если сделать хоть и маленькое доброе дело, то тебе отплатят за него тем же самым добром. Если бы Емеля не отпустил щуку, то ничего не получил бы взамен. Главный смысл сказки «По щучьему велению» состоит в том, что счастье человека зависит от него самого. Если не знаешь, чего хочешь, то ничего и не будет.<br /></p>", "shortDescription": "Балаганное представление для детей.", "min_price": 250, "max_price": 500, "link": "https://tickets.puppet-show.ru/event?id_event=4721", "status": "accepted", "updateDate": 1638891366782, "start": 1636099200000, "end": 1636117200000, "createDate": 1633858410745, "inAccepted": true, "acceptDate": 1634216554764, "image": {"author": "Рустем Сабиров", "name": "adfc5f1ca6c8f42efb63035e154f1840.jpeg", "realName": "IMG_4547.JPG", "source": "puppet-show.ru"}, "photo": "https://pro.culture.ru/uploads/adfc5f1ca6c8f42efb63035e154f1840.jpeg", "gallery": ["https://pro.culture.ru/uploads/2af6179f881cb92af94e46ce82e14eb2.jpeg", "https://pro.culture.ru/uploads/7d4d0be88527b436f46e4c41f3c619be.jpeg"], "category": {"name": "Спектакли", "sysName": "spektakli"}, "time": {"start": "2021-11-05 08:00:00", "end": "2021-11-05 13:00:00"}}, {"id": 1380459, "name": "Спектакль «Заколдованный лес»", "age": 0, "description": "<p> Литературная основа постановки – пьеса по сказкам сибирских казаков Геннадия Дырина. Сочный колорит казачества окрашивает все события, происходящие на сцене, яркими красками. Кот, пес, коза Машка, петух и девочка Даша – жители казачьей станицы, из которой вдруг начали пропадать люди. Верные служаки отправляются в заколдованный лес на поиски хозяев и благодаря своей храбрости и смекалке спасают жителей станицы от злой ведьмы Сычихи.<br /><br />В постановке присутствует много песен, шуток. Она пронизана подлинно народным юмором и понравится не только детям, но и взрослым. </p>", "shortDescription": "Музыкальная история для самых маленьких.", "min_price": 400, "max_price": 500, "link": "https://tickets.puppet-show.ru/event?id_event=4718", "status": "accepted", "updateDate": 1638891366782, "start": 1636012800000, "end": 1636030200000, "createDate": 1633855748978, "inAccepted": true, "acceptDate": 1634129248850, "image": {"author": "Рустем Сабиров", "name": "38d8a9598cbec0057d6ef2b3bdbc97df.jpeg", "realName": "IMG_3800.JPG", "source": "puppet-show.ru"}, "photo": "https://pro.culture.ru/uploads/38d8a9598cbec0057d6ef2b3bdbc97df.jpeg", "gallery": ["https://pro.culture.ru/uploads/2fe5806894c641949bc69a05d99e3469.jpeg", "https://pro.culture.ru/uploads/c75c3f7ff9d758a1576387d372ff7491.jpeg"], "category": {"name": "Спектакли", "sysName": "spektakli"}, "time": {"start": "2021-11-04 08:00:00", "end": "2021-11-04 12:50:00"}}, {"id": 1358340, "name": "Спектакль «Не хочу, не буду»", "age": 0, "description": "<p>Постановка для самых юных зрителей поднимает актуальную тему непослушания. Задорная, капризная внучка отказывается слушаться своего дедушку, на все его просьбы отвечая словами: «Не хочу, не буду». На помощь дедушке приходит домовой, который на примере непослушного цыпленка, не желающего вылупляться, доходчиво объясняет маленькой капризуле, как важно всегда и во всем слушать старших. </p><p>Постановка проходит в интерактивной форме, и дети на протяжении всего времени будут являться непосредственными участниками действия. </p>", "shortDescription": "Поучительная сказка для детей.", "min_price": 250, "max_price": 500, "link": "https://tickets.puppet-show.ru/event?id_event=4801", "status": "accepted", "updateDate": 1638891366782, "start": 1635318000000, "end": 1638703800000, "createDate": 1632902231646, "inAccepted": true, "acceptDate": 1636627884150, "image": {"author": "Рустем Сабиров", "name": "073f48d7c78512ec2dd9c0ae785c3084.jpeg", "realName": "IMG_8340.jpg", "source": "https://www.puppet-show.ru/repertuar/ne-khochu-ne-budu/"}, "photo": "https://pro.culture.ru/uploads/073f48d7c78512ec2dd9c0ae785c3084.jpeg", "gallery": [], "category": {"name": "Спектакли", "sysName": "spektakli"}, "time": {"start": "2021-10-27 07:00:00", "end": "2021-12-05 11:30:00"}}, {"id": 1243844, "name": "Спектакль Misterioso con anima", "age": 12, "description": "<p>Есть пища, которая отличается от обычной. Речь идет о пище впечатлении, проникающей в сознание Человека. Театр это кухня, здесь готовится пища, которая является особым питанием доступным для искателя-зрителя. Это способствует его развитию. Помогает ему разбудить фантазию, воображение, учит прочитывать знаки, расшифровывать символы, повышает внутреннюю самооценку. Театр это Чудо, а функция Чуда в том, чтобы вызывать эмоции, реакции и снабжать питанием особого рода человека, на которого это чудо воздействует.<br /><br />«Misteriozo con anima» – таинственная мистерия о рождении, жизненном пути, о Любви, Мечте, преодолении препятствий, достижении целей, рассказанная волшебным языком театра кукол.</p>", "shortDescription": "Мистерия.", "min_price": 350, "max_price": 450, "link": "https://www.puppet-show.ru/repertuar/premera-misteriozo-con-anima-tainstvenno-odukhotvorenno-po-pese-e-ibragimova/", "needCheck": true, "status": "accepted", "updateDate": 1639266390386, "start": 1634313600000, "end": 1638549600000, "createDate": 1627583179661, "inAccepted": true, "acceptDate": 1631967172164, "image": {"author": "Рустем Сабиров", "name": "e45efa8211d527b0c41d7677e64dd7f0.jpeg", "realName": "17CC3D8F-CBC4-440B-B48A-B9442344E63A.jpeg", "source": "https://www.puppet-show.ru/repertuar/premera-misteriozo-con-anima-tainstvenno-odukhotvorenno-po-pese-e-ibragimova/"}, "photo": "https://pro.culture.ru/uploads/e45efa8211d527b0c41d7677e64dd7f0.jpeg", "gallery": [], "category": {"name": "Спектакли", "sysName": "spektakli"}, "time": {"start": "2021-10-15 16:00:00", "end": "2021-12-03 16:40:00"}}, {"id": 1243841, "name": "Спектакль «Старик из деревни Альдермеш»", "age": 12, "description": "<p>Известнейшее произведение татарского классика Туфана Миннуллина повествует о том, как небесные силы посылают к старику Альмандару, которому исполнился 91 год, посланника смерти. Однако Альмандар из деревни Альдермеш удивительно светлый старик, да и стариком его не назовешь. Он полон жизни, энергии, идей, планов и умирать не собирается. Впервые повстречав такого старика, посланник смерти сам выискивает пути, чтобы продлить ему жизнь.</p><p>Старик из деревни Альдермыш – это одна из самых известных пьес классика татарской драматургии, заслуженного деятеля искусств РФ, народного писателя РТ Туфана Абдулловича Миннуллина, котарая стала знаменитой благодаря постановке Татарского государственного академического театра имени Галиаскара Камала. </p><p>Спектакль, шедший с 1976 по 2008 год, признан одним из достижений современного татарского театрального искусства. В течение многих лет он оставался среди наиболее популярных постановок в репертуаре театра.</p>", "shortDescription": "Постановка по произведению Т. Миннуллина.", "min_price": 350, "max_price": 500, "link": "https://tickets.puppet-show.ru/event?id_event=5052", "status": "accepted", "updateDate": 1640598426886, "start": 1633708800000, "end": 1642786200000, "createDate": 1627582798282, "inAccepted": true, "acceptDate": 1640420633152, "image": {"author": "Альфия Халиуллина", "name": "1601ccabcb91a628854c9aea855c718b.jpeg", "realName": "D37AF789-BE5A-403B-B889-59AD6B59F6C1.jpeg", "source": "https://www.puppet-show.ru/repertuar/premera-ldermesht-n-lm-nd-r-t-mi-nullin/"}, "photo": "https://pro.culture.ru/uploads/1601ccabcb91a628854c9aea855c718b.jpeg", "gallery": [], "category": {"name": "Спектакли", "sysName": "spektakli"}, "time": {"start": "2021-10-08 16:00:00", "end": "2022-01-21 17:30:00"}}, {"id": 1243835, "name": "Спектакль «Ханума»", "age": 16, "description": "<p>Веселая история о никогда не унывающей и предприимчивой свахе Хануме. </p> <p>По сюжету обедневший грузинский князь собирается выгодно жениться и обращается к знаменитой свахе Хануме. И вот невеста найдена, но самое интересное только начинается: оказывается, свахи работают в условиях жесткой конкуренции! Соперница Ханумы Кабато намеревается выдать за князя свою претендентку Сону – но эту девушку любит княжеский племянник Котэ. Конечно, Ханума не допустит разлуки влюбленных и торжества конкурентки. Возникает запутанная интрига со смешными происшествиями и сюрпризами.</p><p>В спектакле много песен и танцев на музыку популярного грузинского композитора Г. Канчели.</p>", "shortDescription": "Комедия-водевиль для взрослых.", "min_price": 350, "max_price": 500, "link": "https://tickets.puppet-show.ru/event?id_event=4632", "status": "accepted", "updateDate": 1638891366782, "start": 1634918400000, "end": 1635532200000, "createDate": 1627582277949, "inAccepted": true, "acceptDate": 1634137009180, "image": {"author": "Рустем Сабиров", "name": "59cbe82fffa281e02a1c12b4bd3518a9.jpeg", "realName": "A811D2BB-BEC0-4CBF-BE27-D65316E7411D.jpeg", "source": "https://www.puppet-show.ru/repertuar/khanuma/"}, "photo": "https://pro.culture.ru/uploads/59cbe82fffa281e02a1c12b4bd3518a9.jpeg", "gallery": [], "category": {"name": "Спектакли", "sysName": "spektakli"}, "time": {"start": "2021-10-22 16:00:00", "end": "2021-10-29 18:30:00"}}, {"id": 1243830, "name": "Спектакль «Альфия»", "age": 12, "description": "<p>Спектакль «Альфия» создавался на основе биографических данных великой татарской певицы Альфии Авзаловой, но постановка не претендует на хронологическую точность.</p><p> </p><p> Авзалова Альфия Авзаловна – выдающийся представитель татарской музыкальной культуры, посвятивший всю свою жизнь пропаганде татарского национального музыкального искусства, легендарная певица, чье имя известно по всему миру, на песнях которой воспитывалось несколько поколений зрителей. </p><p>Действие начинается событиями 1996 года, когда Авзалова борется со страшной болезнью, которая может оборвать ее жизнь или вынудить покинуть сцену. Очнувшись после перенесенной операции, воспоминания героини переносят зрителя в самые ранние годы – детство певицы.</p>", "shortDescription": "Драма из жизни известной татарской певицы.", "min_price": 270, "max_price": 520, "link": "https://tickets.puppet-show.ru/event?id_event=5051", "status": "accepted", "updateDate": 1640598429523, "start": 1631710800000, "end": 1642263000000, "createDate": 1627581779490, "inAccepted": true, "acceptDate": 1640357555003, "image": {"author": "Рустем Сабиров", "name": "f1e1be0c89cae6e5d38523e1b0ce3dbc.jpeg", "realName": "A2FC54EA-4EEF-49C8-AB29-10B2C8E884B9.jpeg", "source": "https://www.puppet-show.ru/repertuar/alfiya/"}, "photo": "https://pro.culture.ru/uploads/f1e1be0c89cae6e5d38523e1b0ce3dbc.jpeg", "gallery": [], "category": {"name": "Спектакли", "sysName": "spektakli"}, "time": {"start": "2021-09-15 13:00:00", "end": "2022-01-15 16:10:00"}}, {"id": 1243827, "name": "Спектакль «Самовары»", "age": 12, "description": "<p>Постановка настолько глубока и эмоциональна, что затрагивает самые тонкие струны души. </p><p>Это рассказ о настоящих чувствах, о живых людях, оказавшихся в тяжелых условиях войны, но не потерявших человеческое лицо. Самоварами цинично, но очень точно называли в послевоенной стране тяжело изувеченных взрывами и осколками людей – инвалидов, у которых не было ни рук, ни ног. </p><p>Данная постановка рассказывает о судьбе «обрубков войны», судьбы которых до сих пор остаются за кадром, а многие из них так и числятся без вести пропавшими. </p><p>Постановка, в которой затронута тема войны, никого не оставит равнодушными. Пронзительная и драматическая история всегда найдет отклик в сердцах зрителей.</p>", "shortDescription": "Драма в честь победы в Великой Отечественной войне.", "min_price": 270, "max_price": 521, "link": "https://tickets.puppet-show.ru/event?id_event=4813", "status": "accepted", "updateDate": 1639071987179, "start": 1636126200000, "end": 1639069800000, "createDate": 1627581165722, "inAccepted": true, "acceptDate": 1636624692628, "image": {"author": "Альфия Халиуллина", "name": "680f077df9c9aa050081b257ab688351.jpeg", "realName": "D07B4CB6-754D-4577-86BF-08859638AED5.jpeg", "source": "https://www.puppet-show.ru/repertuar/samovary-r-tagirov/"}, "photo": "https://pro.culture.ru/uploads/680f077df9c9aa050081b257ab688351.jpeg", "gallery": [], "category": {"name": "Спектакли", "sysName": "spektakli"}, "time": {"start": "2021-11-05 15:30:00", "end": "2021-12-09 17:10:00"}}, {"id": 1243648, "name": "Спектакль «Ночь перед Рождеством»", "age": 16, "description": "<p>«Ночь перед Рождеством», пожалуй, самая сказочная и самая чарующая повесть Н. В. Гоголя из его сборника «Вечера на хуторе близ Диканьки».</p><p>По словам режиссера, любой драматургический материал должен быть актуален и адаптирован для современной публики. Фрагмент из кочевой актерской жизни, который ненароком дают подсмотреть зрителям, становится оригинальным обрамлением гоголевского сюжета: в итоге мы видим классическую композицию «театр в театре».</p><p>Масштабные декорации, колоритные персонажи и различные сценические приемы вкупе со сплетением гоголевской сказки и новой режиссерской интерпретации удивят самого искушенного зрителя. Спектакль «Ночь перед Рождеством» – это романтически-мистическая история, все эпизоды которой мастерски разыгрываются актерами. Тут тебе и любовь кузнеца Вакулы и капризницы Оксаны, и уморительная история пышнотелой Солохи, прячущей своих воздыхателей в мешки. Здесь вареники, залетают прямо в рот колдуна Пацюка, а Вакула верхом на черте летит в Петербург, где получит царские черевички от самой императрицы Екатерины. </p>", "shortDescription": "Театральная фантазия.", "min_price": 350, "max_price": 400, "link": "https://tickets.puppet-show.ru/event?id_event=5013", "status": "accepted", "updateDate": 1640598425876, "start": 1639137600000, "end": 1642180800000, "createDate": 1627569698811, "inAccepted": true, "acceptDate": 1640420456123, "image": {"author": "Рустем Сабиров", "name": "ea2b397a0b84ff65284a5b48f8767773.jpeg", "realName": "0646497F-0232-443D-AB9E-C7AA69371A6C.jpeg", "source": "https://www.puppet-show.ru/"}, "photo": "https://pro.culture.ru/uploads/ea2b397a0b84ff65284a5b48f8767773.jpeg", "gallery": [], "category": {"name": "Спектакли", "sysName": "spektakli"}, "time": {"start": "2021-12-10 12:00:00", "end": "2022-01-14 17:20:00"}}, {"id": 1243160, "name": "Спектакль «Люди»", "age": 16, "description": "<p>Повесть «Люди» – о страшном голоде, свирепствовавшем в Поволжье и на Урале в 1921–1922 годах. Тогда вымирали целые деревни, и смерть – мертвые тела, лежащие на улицах и в домах, – стала жуткой обыденностью.</p><p>В этом произведении голод изображен не просто как явление, он становится действующим персонажем. Галимджан Ибрагимов описывает на примере одной семьи, как человек, страдающий от голода, шаг за шагом, постепенно теряет нравственные ориентиры, перестает быть человеком, умирает духовно. </p><p>Повесть «Люди» на сцене театра кукол обретает особую символичность. Тот, кто потерял свою духовную сущность, становится, по сути, бездушной куклой. А чтобы кукла «ожила», за ней всегда должен быть живой человек.</p>", "shortDescription": "Зрителей ждет драма о голоде.", "min_price": 270, "max_price": 520, "link": "https://tickets.puppet-show.ru/event?id_event=5052", "status": "accepted", "updateDate": 1640598430331, "start": 1631894400000, "end": 1643389800000, "createDate": 1627560824936, "inAccepted": true, "acceptDate": 1640420573708, "image": {"author": "Василия Иванова ", "name": "c6e280b331af672a440fe7ef73c17970.jpeg", "realName": "8464F58B-0ACB-42AC-80D9-11247D61AEDD.jpeg", "source": "https://m.realnoevremya.ru/articles/216924-v-teatre-ekiyat-postavili-spektakl-o-golode-v-povolzhe"}, "photo": "https://pro.culture.ru/uploads/c6e280b331af672a440fe7ef73c17970.jpeg", "gallery": ["https://pro.culture.ru/uploads/24cd6c43d7fa7aad9545282788ccd9b2.jpeg"], "category": {"name": "Спектакли", "sysName": "spektakli"}, "time": {"start": "2021-09-17 16:00:00", "end": "2022-01-28 17:10:00"}}, {"id": 1118890, "name": "Бэби-спектакль «Приключения пингвиненка Пинка»", "age": 0, "description": "<p>«Приключения пингвиненка Пинка» – веселая, яркая, динамичная, необычайно красочная и музыкальная постановка для малышей от 8 месяцев до 3-х лет. Вас ждут удивительные приключения пингвиненка и его друзей. Это интерактивный спектакль, где ребенок познает мир в ощущениях, красках, звуках. Дети на протяжении всего спектакля будут являться непосредственными участниками действия. Это первое знакомство с окружающим миром, глазами детей, приобщение их к восприятию жизненных явлений, и заряда позитивного настроения. В атмосфере маленьких волшебных открытий, под приятное музыкальное сопровождение, рождается большое чудо. </p>", "shortDescription": "Интерактивная постановка для самых маленьких.", "min_price": 400, "max_price": 400, "link": "https://www.puppet-show.ru/repertuar/premera-priklyucheniya-pingvinyenka-pinka5/", "needCheck": true, "status": "accepted", "updateDate": 1639746461215, "start": 1623567600000, "end": 1638689400000, "createDate": 1621320929673, "inAccepted": true, "acceptDate": 1636462340961, "image": {"author": "Лариса Пасынкова", "name": "71e63346c0844865b9b424208a4f5499.jpeg", "realName": "IMG_6828-min.JPG", "source": "https://www.puppet-show.ru/"}, "photo": "https://pro.culture.ru/uploads/71e63346c0844865b9b424208a4f5499.jpeg", "gallery": [], "category": {"name": "Спектакли", "sysName": "spektakli"}, "time": {"start": "2021-06-13 07:00:00", "end": "2021-12-05 07:30:00"}}, {"id": 1115516, "name": "Спектакль «Принцесса Крапинка»", "age": 0, "description": "<p>Музыкально-романтическая история по мотивам сказок самой известной голландской писательницы Анни Шмидт. Вы не были в Голландии? Давайте побываем там. У Короля и Королевы не было детей. На помощь к ним пришла колдунья Аккеба , подарившая им волшебное яйцо, из которого появилась очаровательная Принцесса, которую назвали Глориандарина. Но у колдуньи было одно условие: осенью, когда перелетные птицы собираются в теплые края, закрывать окна и двери… О чем король и королева однажды забыли. И Принцесса, превратившись в птицу, улетела со стаей скворцов. И, конечно, появляется юноша, который находит Принцессу среди птиц и влюбляется в нее. Принцесса снова становится девочкой и все заканчивается свадьбой.</p>", "shortDescription": "Зрителей ждет волшебная история.", "min_price": 250, "max_price": 500, "link": "https://www.puppet-show.ru/repertuar/printsessa-krapinka/", "status": "accepted", "updateDate": 1638891366782, "start": 1622102400000, "end": 1634472000000, "createDate": 1621232846187, "inAccepted": true, "acceptDate": 1632905694294, "image": {"author": "Рустем Сабиров ", "name": "0c8825b48c532fa92f1ff26cc1112231.jpeg", "realName": "Принцесса крапинка.jpg", "source": "https://www.puppet-show.ru/repertuar/printsessa-krapinka/"}, "photo": "https://pro.culture.ru/uploads/0c8825b48c532fa92f1ff26cc1112231.jpeg", "gallery": ["https://pro.culture.ru/uploads/3b25e248fa28fa0688a6fc4af644f3cf.jpeg", "https://pro.culture.ru/uploads/1b201aa5135846d2d1fbe343f803e8da.jpeg"], "category": {"name": "Спектакли", "sysName": "spektakli"}, "time": {"start": "2021-05-27 08:00:00", "end": "2021-10-17 12:00:00"}}, {"id": 1070471, "name": "Спектакль «Гуси-лебеди»", "age": 0, "description": "<p>Пьеса написана по мотивам одноименной русской народной сказки. Девочка Маша не уследила за своим младшим братцем Ванюшей. Унесли его злые Гуси-лебеди к Бабе-яге. Чтобы спасти его, пришлось Маше совершить опасное путешествие в дремучий лес. По дороге она встретилась с Речкой, Яблонькой и Печкой. И если вначале она отнеслась к ним с пренебрежением, то на обратном пути ей пришлось быть с ними вежливой и внимательной. Конечно, добрые силы помогли Маше и она вызволила из беды своего братца Ванюшу.<br /><br />В сказке воспевается умение признавать свои ошибки, ответственность, храбрость.</p>", "shortDescription": "Скоморошьи потешки.", "min_price": 250, "max_price": 500, "link": "https://tickets.puppet-show.ru/event?id_event=4738", "status": "accepted", "updateDate": 1638891366782, "start": 1619942400000, "end": 1636891200000, "createDate": 1618999693176, "inAccepted": true, "acceptDate": 1634129305507, "image": {"author": "Рустем Сабиров", "name": "d28ccc98c64b08a9bea45c1e429f1f40.jpeg", "realName": "88dbd55c8d3a19d5732fb6226fdbea46.jpg", "source": "https://www.puppet-show.ru/"}, "photo": "https://pro.culture.ru/uploads/d28ccc98c64b08a9bea45c1e429f1f40.jpeg", "gallery": [], "category": {"name": "Спектакли", "sysName": "spektakli"}, "time": {"start": "2021-05-02 08:00:00", "end": "2021-11-14 12:00:00"}}, {"id": 1066158, "name": "Спектакль «Сказка о царе Салтане»", "age": 0, "description": "<p>История о Гвидоне, царевне Лебеди, 33 богатырях и дядьке Черноморе хорошо известна всем зрителям. Это одна из самых волшебных сказок А. С. Пушкина! </p><p>Три девицы под окном пряли поздно вечерком и мечтали, а когда желания исполнились – началась целая череда необыкновенных приключений. В спектакле поднимаются вечные темы: любовь, борьба добра со злом, семейные ценности. Герои сказки то и дело становятся перед выбором. </p><p>Постановка посвящена 220-летию со дня рождения великого поэта. В спектакле-сказке гармония пушкинского стиха сочетается с яркими режиссерскими и актерскими находками, многочисленными музыкальными номерами и феерически разнообразными декорациями и костюмами.</p>", "shortDescription": "Музыкальное представление по произведению А. С. Пушкина.", "min_price": 270, "max_price": 520, "link": "https://tickets.puppet-show.ru/event?id_event=4796", "status": "accepted", "updateDate": 1639229280421, "start": 1619769600000, "end": 1639228500000, "createDate": 1618899649490, "inAccepted": true, "acceptDate": 1636703245111, "image": {"author": "Рустем Сабиров", "name": "f901df0ea93b6561162e8936bdbb63ae.jpeg", "realName": "IMG_9905.JPG", "source": "https://www.puppet-show.ru/"}, "photo": "https://pro.culture.ru/uploads/f901df0ea93b6561162e8936bdbb63ae.jpeg", "gallery": ["https://pro.culture.ru/uploads/3410ef52b8966220d7543e7d14157ba3.jpeg", "https://pro.culture.ru/uploads/a81f0c29f18d6938177c16680dee34f3.jpeg"], "category": {"name": "Спектакли", "sysName": "spektakli"}, "time": {"start": "2021-04-30 08:00:00", "end": "2021-12-11 13:15:00"}}, {"id": 1047872, "name": "Спектакль «Волк и семеро козлят»", "age": 0, "description": "<p>Кто же не знает знаменитую сказку о маленьких козлятах и злом сером волке, который хотел обхитрить их, выдав себя за маму-козу? Но сможет ли он провести малышей? Поверят ли ему козлята? Не стоит сразу говорить «да», ведь в этом спектакле знакомая всем с детства сказка обретает новые краски. Благодаря необычному режиссерскому замыслу дети быстро вникнут в суть истории, а взрослые смогут посмотреть на нее с другой стороны. Этот спектакль научит каждого малыша прислушиваться к советам взрослых, чтобы не попасть в беду, а главное – всем надо слушаться маму, тогда и с волками легко совладать. «Волк и семеро козлят» – это чудесная возможность под потрясающую музыку вернуться в беззаботный мир детства, забыть о проблемах и вспомнить, что же такое настоящая дружба!</p>", "shortDescription": "Поучительная сказка.", "min_price": 250, "max_price": 500, "link": "https://tickets.puppet-show.ru/event?id_event=4754", "status": "accepted", "updateDate": 1640598427492, "start": 1618660800000, "end": 1638100800000, "createDate": 1618217875176, "inAccepted": true, "acceptDate": 1634121273634, "image": {"author": "Р.Сабиров", "name": "bb01cfb873b0f55d4205ef330b819d9e.jpeg", "realName": "1T1A0816.jpg", "source": "https://www.puppet-show.ru/repertuar/premera-volk-i-semero-kozlyat/"}, "photo": "https://pro.culture.ru/uploads/bb01cfb873b0f55d4205ef330b819d9e.jpeg", "gallery": ["https://pro.culture.ru/uploads/bb945af9a899bd1012e9e7a448876416.jpeg"], "category": {"name": "Спектакли", "sysName": "spektakli"}, "time": {"start": "2021-04-17 12:00:00", "end": "2021-11-28 12:00:00"}}, {"id": 1047807, "name": "Бэби-спектакль «Добрый день»", "age": 0, "description": "<p>Спектакль «Добрый день!» – это увлекательное путешествие в мир детства. Он проходит в обыкновенной детской комнате, той самой, которая есть у каждого. В этой теплой и душевной обстановке произойдет встреча с чудесами каждого дня. Это первое знакомство с окружающим миром, глазами детей, приобщение их к восприятию жизненных явлений, и заряда позитивного настроения. В атмосфере маленьких волшебных открытий, под приятное музыкальное сопровождение, рождается большое чудо – их добрый день! </p><p> Дело в том, что «Добрый день» – не привычный спектакль, когда тихо зрители сидят в зале, а актеры говорят заученные фразы со сцены. «Добрый день» – интерактивный спектакль, в котором гости могут принять непосредственное участие. Так, детям предлагается покормить мышей, сделать зарядку, вымыть руки и даже порисовать. Все это направлено на формирование у малышей полезных привычек. Параллельно маленькие зрители узнают чуть больше о временах года и животном мире. </p>", "shortDescription": "Интерактивная постановка для малышей.", "min_price": 300, "max_price": 350, "link": "https://www.puppet-show.ru/repertuar/dobryy-den/", "status": "accepted", "updateDate": 1639746461413, "start": 1619161200000, "end": 1633246200000, "createDate": 1618216950629, "inAccepted": true, "acceptDate": 1635670674041, "image": {"author": "Рустем Сабиров", "name": "5c62cc67c1a172b90f5e49dbc858d50a.jpeg", "realName": "KSF_6678.jpg", "source": "https://www.puppet-show.ru/repertuar/dobryy-den/"}, "photo": "https://pro.culture.ru/uploads/5c62cc67c1a172b90f5e49dbc858d50a.jpeg", "gallery": ["https://pro.culture.ru/uploads/93b7f4e5afc56ff681a6ff053275289d.jpeg"], "category": {"name": "Спектакли", "sysName": "spektakli"}, "time": {"start": "2021-04-23 07:00:00", "end": "2021-10-03 07:30:00"}}, {"id": 1038537, "name": "Спектакль «Топотун»", "age": 0, "description": "<p>Тема дружбы и взаимопомощи красной нитью проходит через всю пьесу. Вместе легко и весело шагать по жизни и преодолевать на пути разные трудности, если рядом с тобой друзья. Вот основная суть произведения. Этим спектаклем театр стремится воспитать в зрителе чувство любви к родному краю, к родителям, к своим обычаям, где порядки и моральные устои весьма справедливы. Театр создаст на сцене веселый, музыкальный, спектакль.</p><p> Артисты театра разыгрывают динамичный, дерзкий и смешной спектакль, в котором без назидательности и нравоучений, весело и ненавязчиво ищут ответы на вопросы.<br /></p>", "shortDescription": "Музыкально-сказочное представление.", "min_price": 350, "link": "https://tickets.puppet-show.ru/event?id_event=4807", "status": "accepted", "updateDate": 1638891366782, "start": 1618729200000, "end": 1638517800000, "createDate": 1617782144888, "inAccepted": true, "acceptDate": 1636633008790, "image": {"author": "Рустем Сабиров", "name": "af158fdbd93bd4d6893c42c166b01540.jpeg", "realName": "c3f0b1c23f095ae9547b1aee0897e8cb.jpg", "source": "https://www.puppet-show.ru/"}, "photo": "https://pro.culture.ru/uploads/af158fdbd93bd4d6893c42c166b01540.jpeg", "gallery": ["https://pro.culture.ru/uploads/fe157e9110a4e5b04ca9a661299a20f1.jpeg", "https://pro.culture.ru/uploads/f078bba3836ac15b597b9afcbda48c9d.jpeg"], "category": {"name": "Спектакли", "sysName": "spektakli"}, "time": {"start": "2021-04-18 07:00:00", "end": "2021-12-03 07:50:00"}}, {"id": 1033782, "name": "Спектакль «Красная шапочка»", "age": 0, "description": "<p>Подарила Бабушка своей любимой внученьке красивую Шапочку красного цвета и стали все называть девочку Красная Шапочка, Девочка так любила свою бабушку, что когда та заболела, взяла испеченные мамой пирожки и, не смотря на все запреты взрослых, отправилась через дремучий лес навестить бабушку. А в лесу обитает Волк-оборотень. Он хочет съесть Красную Шапочку и для этого подстерегает девочку, принимая самые безобидные образы. Зло может скрываться за самыми с виду милыми и добродушными масками. Поэтому надо всегда быть очень внимательными и осторожными. Коварный злодей под видом Красной Шапочки проникает в дом Бабушки и проглатывает ее, а затем и девочку, но тут вовремя подоспевшие охотники Жак и Поль расправляются с негодяем, Бабушка и Красная Шапочка спасены! А Волк превращается в Мышку, что служит предостережением для всех неосмотрительных детей, ведь злодей может вернуться в любой момент.</p>", "shortDescription": "Сказка-детектив с песнями, танцами и превращениями.", "min_price": 250, "max_price": 550, "link": "https://tickets.puppet-show.ru/event?id_event=4615", "status": "accepted", "updateDate": 1638891366782, "start": 1618646400000, "end": 1633179600000, "createDate": 1617625357673, "inAccepted": true, "acceptDate": 1634735191765, "image": {"author": "Рустем Сабиров", "name": "0d755a8169d2f08808a58fdc8c9bb622.jpeg", "realName": "P2111074.JPG", "source": "https://www.puppet-show.ru/"}, "photo": "https://pro.culture.ru/uploads/0d755a8169d2f08808a58fdc8c9bb622.jpeg", "gallery": ["https://pro.culture.ru/uploads/1bbcd6fde98276ccbe2b3d0afab1a6eb.jpeg"], "category": {"name": "Спектакли", "sysName": "spektakli"}, "time": {"start": "2021-04-17 08:00:00", "end": "2021-10-02 13:00:00"}}, {"id": 1026396, "name": "Спектакль «Волшебные сны мышонка»", "age": 0, "description": "<p>«Волшебные сны мышонка» – интересная и поучительная сказка. Ленивый мышонок Катук не любит учиться в школе и не слушается маму с папой. Однажды мама рассказывает Катуку о том, что где-то на свете есть Волшебный сад. Но в этот сад могут попасть только хорошие и старательные дети, которые учатся на пятерки и любят трудиться. Перед тем как заснуть, Катук мечтает оказаться в Волшебном саду. Ему кажется, что там он будет намного счастливее, чем в своей обычной жизни. Так начинается путешествие Катука в Мир волшебных снов. Там герою приходится учиться справляться с разными трудностями. </p><p>Этот спектакль о том, как люди стремятся стать лучше: хорошие поступки служат им примером, а плохие – становятся уроком. Любовь к своим близким, храбрость, честность, справедливость и трудолюбие помогают справиться с любым испытанием. </p><p>С синхронным переводом на русский язык.</p>", "shortDescription": "Зрителей ждет сказка-приключение.", "min_price": 250, "max_price": 350, "link": "https://tickets.puppet-show.ru/event?id_event=4757", "status": "accepted", "updateDate": 1640598430544, "start": 1617957000000, "end": 1636192800000, "createDate": 1617280654753, "inAccepted": true, "acceptDate": 1634189349516, "image": {"author": "Салават Камалетдинов", "name": "89a7f1f8bf2e7cef93032711076e3f2a.jpeg", "realName": "KSF01898.jpg", "source": "https://www.puppet-show.ru/"}, "photo": "https://pro.culture.ru/uploads/89a7f1f8bf2e7cef93032711076e3f2a.jpeg", "gallery": ["https://pro.culture.ru/uploads/31d2906c93617e8ea86ecd11feee6d25.jpeg", "https://pro.culture.ru/uploads/a4c06de5ed35e8b2f6c48bdb9054572c.jpeg"], "category": {"name": "Спектакли", "sysName": "spektakli"}, "time": {"start": "2021-04-09 08:30:00", "end": "2021-11-06 10:00:00"}}, {"id": 1025197, "name": "Спектакль «Один день из жизни Улитки»", "age": 0, "description": "<p>Что интересно вашему малышу? Какой персонаж в театре будет ему близок и понятен? Есть ответ! Улитка – маленький герой с большим внутренним миром. Всегда носит с собой свой личный домик и уединяется тогда, когда нужно подумать или отдохнуть. Улитка целеустремленная, поэтому не отвлекается на суету. </p><p>Вместе с главным героем спектакля вы проживете длинный летний день, полный солнца и приключений, ведь для вашего ребенка каждый новый денек – это новый опыт, новые знакомства, новые навыки. В спектакле «Один день из жизни Улитки» много игры и интерактива, ваш малыш не соскучится и будет заинтересован и вовлечен в действие.</p>", "shortDescription": "Настоящий бэби-театр для детей от десяти месяцев до четырех лет с папами и мамами.", "min_price": 500, "link": "https://www.puppet-show.ru/repertuar/premera-odin-den-iz-zhizni-ulitki/", "needCheck": true, "status": "accepted", "updateDate": 1639746362205, "start": 1617865200000, "end": 1639294500000, "createDate": 1617265663653, "inAccepted": true, "acceptDate": 1636462425986, "image": {"author": "Лариса Пасынкова", "name": "31cc335227290675b529e9ac2796fa71.jpeg", "realName": "f505b181-a099-405c-ad5f-2b3840bf3a43.jpg", "source": "https://www.puppet-show.ru/"}, "photo": "https://pro.culture.ru/uploads/31cc335227290675b529e9ac2796fa71.jpeg", "gallery": ["https://pro.culture.ru/uploads/19434c024436dcc15e35041f243303e7.jpeg"], "category": {"name": "Спектакли", "sysName": "spektakli"}, "time": {"start": "2021-04-08 07:00:00", "end": "2021-12-12 07:35:00"}}, {"id": 1020235, "name": "Спектакль «Shurale: новая фантазия»", "age": 12, "description": "<p>Новое прочтение балета «Шурале» Фарида Яруллина представит собой спектакль, в гармоничном синтезе которого переплетены балет и кукольное действо. Публика познакомится с совершенно новым прочтением одной из самых узнаваемых в Татарстане музыки посредством кукол.</p><p> Шурале – антропоморфное мифическое существо татарских и башкирских сказок, персонификация духа леса. </p><p>Автором сценария и постановщиком нового спектакля стал художественный руководитель Татарского Государственного театра кукол «Экият» Ильгиз Зайниев. </p><p>Хореографию поставит Салима Аминова. Художник спектакля – Сергей Рябинин.</p>", "shortDescription": "Постановка в стиле фэнтези.", "min_price": 270, "max_price": 520, "link": "https://tickets.puppet-show.ru/event?id_event=4771", "status": "accepted", "updateDate": 1640598426273, "start": 1617982200000, "end": 1637946600000, "createDate": 1617094492892, "inAccepted": true, "acceptDate": 1634129324098, "image": {"author": "Рустем Сабиров ", "name": "793cf68685e0b89172706e20aef6af5c.jpeg", "realName": "1.jpg", "source": "https://tickets.puppet-show.ru/"}, "photo": "https://pro.culture.ru/uploads/793cf68685e0b89172706e20aef6af5c.jpeg", "gallery": ["https://pro.culture.ru/uploads/8e32081e883c5d06c13d6b14bcdce97b.jpeg"], "category": {"name": "Спектакли", "sysName": "spektakli"}, "time": {"start": "2021-04-09 15:30:00", "end": "2021-11-26 17:10:00"}}, {"id": 1020161, "name": "Спектакль «Малыш и Карлсон»", "age": 0, "description": "<p>Это одна из самых любимых детских сказок. Всем нравятся проделки веселого и находчивого Карлсона, который живет на крыше и прилетает в гости к своему другу Малышу. Малыш и Карлсон – самые неразлучные друзья, вместе они вытворяют такое, от чего у назойливой домоправительницы Хильды Бок волосы становятся дыбом, а душа уходит в пятки. Карлсон в образе летающего привидения страшит даже отъявленных воров. Вместе с тем обаяние и веселый нрав Карлсона очаровывают не только родителей малыша, но и саму домоправительницу. Мир, согласие и гармония воцаряются в доме накануне Рождества. А Рождество с Карлсоном – самое лучшее на свете!</p>", "shortDescription": "Фантастическая история по мотивам произведения Астрид Линдгрен.", "min_price": 250, "max_price": 500, "link": "https://www.puppet-show.ru/repertuar/malysh-i-karlson/", "status": "accepted", "updateDate": 1638891366782, "start": 1617870600000, "end": 1633867200000, "createDate": 1617093513618, "inAccepted": true, "acceptDate": 1634735209014, "image": {"author": "Рустем Сабиров ", "name": "374109196479cec67e9210a4f2c0b5ca.jpeg", "realName": "PC154527.jpg", "source": "https://tickets.puppet-show.ru/"}, "photo": "https://pro.culture.ru/uploads/374109196479cec67e9210a4f2c0b5ca.jpeg", "gallery": [], "category": {"name": "Спектакли", "sysName": "spektakli"}, "time": {"start": "2021-04-08 08:30:00", "end": "2021-10-10 12:00:00"}}, {"id": 944201, "name": "Спектакль «Заколдованный лес»", "age": 0, "description": "<p>Молодой юноша получает от родителей долгожданный подарок – коня по имени Друг. Юноша и конь неразлучны, все и всегда делают вместе, как и полагается настоящим друзьям. Однажды, проснувшись утром, юноша не нашел коня рядом, и поиски были тщетны. Недолго думая, храбрый юноша отправился в дремучий лес, по слухам считавшийся заколдованным. Скитания по лесу, пугающая неизвестность не остановили смелого юношу, искренне переживающего за судьбу коня, придав сил и удали в противостоянии испытаниям заколдованного леса. </p><p>На своем пути он встретит мифических героев, олицетворяющих разные человеческие пороки: жадность, обман, лицемерие, жестокость, великодушие, кто-то из них станет его союзником, кто-то, наоборот, попытается сбить с верного пути. Тем не менее преданность и любовь к Другу позволят герою сохранить смелость, верность, бесстрашие, с честью пройти все испытания.</p><p>Автор пьесы и режиссер-постановщик – Гульназ Нуретдинова.</p><p>Художник-постановщик – деятель культуры Республики Казахстан Асия Курманалина.</p><p>Композитор – заслуженный деятель искусств Республики Татарстан Ильгиз Закиров.</p>", "shortDescription": "Сказка для детей от пяти лет.", "min_price": 250, "max_price": 250, "link": "https://bileton.ru/events/zakoldovannyy-les-54919", "status": "accepted", "updateDate": 1638891366782, "start": 1615024800000, "end": 1637491200000, "createDate": 1613328297178, "inAccepted": true, "acceptDate": 1634044323336, "image": {"author": "Набережночелнинский театр кукол", "name": "04293330401d58e6c740dad575f8f907.jpeg", "realName": "заколдов-лес-2.jpg", "source": "http://www.chelny-puppet.ru/zakoldovannyj-les/"}, "photo": "https://pro.culture.ru/uploads/04293330401d58e6c740dad575f8f907.jpeg", "gallery": ["https://pro.culture.ru/uploads/05c0f57af21cab8ca78df2f716b81406.jpeg", "https://pro.culture.ru/uploads/63f6f9bf0d24f7ddf7cec324b8ac4615.jpeg", "https://pro.culture.ru/uploads/3d09d7afcedfeee3517330a465333fb5.jpeg", "https://pro.culture.ru/uploads/47673edc08e5cee677f9a818a67f5229.jpeg", "https://pro.culture.ru/uploads/55af94035f34b789a677e1d1df63131f.jpeg", "https://pro.culture.ru/uploads/c0db175e0773553ed3454661c9fc3ef5.jpeg", "https://pro.culture.ru/uploads/cfbac764720680c5b6a6b6651a68ff35.jpeg", "https://pro.culture.ru/uploads/30070ea6f6ceda422fce3fcda3b1dacc.jpeg", "https://pro.culture.ru/uploads/8447887395928ce43fa07a83f7bd6ac3.jpeg"], "category": {"name": "Спектакли", "sysName": "spektakli"}, "time": {"start": "2021-03-06 10:00:00", "end": "2021-11-21 10:40:00"}}, {"id": 70331, "name": "Спектакль «Идет коза рогатая»", "age": 0, "description": "<p><span> «Идет коза рогатая» – яркая, музыкальная, интерактивная постановка. Это первый экспериментальный проект в рамках «театра на подушках». </span></p><p><span>Постановка построена с учетом возрастных особенностей малышей, главной деятельностью которых является игра. Именно с помощью незатейливых игр, направленных на развитие речи, мышления, речевой памяти, слуха, внимания, актеры побуждают малышей к действиям. </span></p><p><span>Камерная обстановка, красочные персонажи, уютные мягкие подушки-пуфы создадут благоприятную обстановку для просмотра постановки малышами и приобщения к искусству театра кукол.</span></p>", "shortDescription": "Сказка-потешка для самых юных зрителей.", "min_price": 250, "max_price": 500, "link": "https://tickets.puppet-show.ru/event?id_event=4803", "status": "accepted", "updateDate": 1640598429925, "start": 1484985600000, "end": 1639218900000, "createDate": 1477659448391, "inAccepted": true, "acceptDate": 1636628066386, "image": {"author": "Рустем Сабиров", "name": "7c30c840153d628bf522b9e0e75a26df.jpg", "realName": "IMG_0906.jpg", "source": "https://www.puppet-show.ru/"}, "photo": "https://pro.culture.ru/uploads/7c30c840153d628bf522b9e0e75a26df.jpg", "gallery": [], "category": {"name": "Спектакли", "sysName": "spektakli"}, "time": {"start": "2017-01-21 08:00:00", "end": "2021-12-11 10:35:00"}}, {"id": 64708, "name": "Спектакль «Волшебник Изумрудного города»", "age": 0, "description": "<p><span>«Волшебник Изумрудного города» – увлекательная, добрая сказка о приключениях девочки Элли и ее собачки Тотошки, попавших в волшебную страну. Спектакль театра кукол «Экият» предлагает зрителям на некоторое время почувствовать себя участниками этой истории и совершить увлекательное путешествие в сказочный город. </span></p> <p><span>На пути героев встают самые разные препятствия, в том числе в виде злой колдуньи, которая задумала сделать так, чтобы никто не выбрался из ее дворца живым. Но ничто не может быть сильнее дружбы и доброго сердца. Вместе с новыми друзьями – Трусливым Львом, Страшилой и Железным Дровосеком<span> </span>– девочке Элли удается справиться со злыми колдуньями и разоблачить великого обманщика Гудвина.</span></p> <p><span>Спектакль будет интересен не только детям, но и их родителям, для которых «Волшебник Изумрудного города» – прекрасная возможность вновь окунуться в мир детства.</span></p>", "shortDescription": "Фантастическая сказка для детей.", "min_price": 250, "max_price": 500, "link": "https://tickets.puppet-show.ru/event?id_event=4627", "status": "accepted", "updateDate": 1638891366782, "start": 1484899200000, "end": 1634390100000, "createDate": 1476255765036, "inAccepted": true, "acceptDate": 1633071532510, "image": {"author": "Рустем Сабиров", "name": "22b6cba5f0c47f14a5e7ff6314cd9997.JPG", "realName": "IMG_2543.JPG", "source": "https://www.puppet-show.ru/repertuar/volshebnik-izumrudnogo-goroda/"}, "photo": "https://pro.culture.ru/uploads/22b6cba5f0c47f14a5e7ff6314cd9997.JPG", "gallery": ["https://pro.culture.ru/uploads/cac0f8886ea4efbf9d30f49c8e875e1b.jpg"], "category": {"name": "Спектакли", "sysName": "spektakli"}, "time": {"start": "2017-01-20 08:00:00", "end": "2021-10-16 13:15:00"}}, {"id": 18553, "name": "Спектакль «Болтливая утка»", "age": 0, "description": "<p>А. Алиш</p>  <p><span>Болтливая утка – это увлекательная и поучительная сказка, героями которой являются очаровательные домашние животные.</span></p> <p><span>Ночью Волк нападает на хозяйство Лесника и чуть было не съедает</span><span> </span><span>Барашка. Лесник и его верный пес Актырнак отправляются в лес на поиски злодея. Домашние животные – Петух, Утка, Овца, Баран, Курица и другие остаются в доме одни без хозяина и поэтому очень боятся. Не дождавшись хозяина, они отправляют в лес на его поиски Утку, как самую быструю и ловкую. Животные предостерегают Утку никому не говорить об отсутствии в доме хозяина. Но Утка оказывается очень болтливой и разбалтывает эту тайну лесным жителям. Медведь, Волк, Лиса, узнав о том, что дом остался без присмотра, нападают на хозяйство, и только вовремя вернувшийся хозяин спасает домашних животных. Сама Утка также чудом избегает гибели от лап хитрой Лисы.</span></p> <p><span>Сказка учит нас бережно хранить тайны, чтобы не подвергать опасности себя и своих друзей.</span></p>", "shortDescription": "Поучительная сказка для детей.", "min_price": 250, "max_price": 350, "link": "https://tickets.puppet-show.ru/event?id_event=4767", "status": "accepted", "updateDate": 1638891366782, "start": 1634464800000, "end": 1638007200000, "createDate": 1448434055793, "inAccepted": true, "acceptDate": 1634537135267, "image": {"author": "Рустем Сабиров", "name": "9bf0b2c15e714d0c95727becb0b799dc.jpeg", "realName": "2004 Сертотмас үрдәк (5).jpg", "source": "puppet-show.ru"}, "photo": "https://pro.culture.ru/uploads/9bf0b2c15e714d0c95727becb0b799dc.jpeg", "gallery": [], "category": {"name": "Спектакли", "sysName": "spektakli"}, "time": {"start": "2021-10-17 10:00:00", "end": "2021-11-27 10:00:00"}}, {"id": 12713, "name": "Спектакль «Новые приключения трех поросят»", "age": 0, "description": "<p><span>Поселившись в каменном доме братца Наф-Нафа, Нуф-Нуф и Ниф-Ниф забыли о Волке. Но Волк не забыл о них. Он постоянно следил за всем, что происходило во дворе. А там появилась гостья-инопланетянка </span><span>−</span><span> Нюся, очень хорошая девочка-свинка. Волк похищает ее. Поросята пробираются к нему в логово, чтобы спасти Нюсю.</span></p> <p><span>Волк, притворившись больной старушкой, обманывает бдительного Наф-Нафа. Наф-Наф с помощью волшебного клея, придуманного им самим, приклеивает Волка к скамейке. Но как с ним быть, ведь у Серого день рождения? Поросята прощают Волку все его козни при условии, что он откажется от мысли съесть поросят, а будет есть одну только травку. Волк, скрипя зубами, соглашается. «Но почему травку?! – восклицает Нюся. </span><span>–</span><span> Есть кое-что получше». И выносит большой праздничный торт.</span></p> <p><span>В спектакле много музыки, песен и танцев. </span></p>", "shortDescription": "Веселое представление с песнями и танцами.", "min_price": 250, "max_price": 500, "link": "https://tickets.puppet-show.ru/event?id_event=4787", "status": "accepted", "updateDate": 1638891366782, "start": 1449385200000, "end": 1638622800000, "createDate": 1445079807039, "inAccepted": true, "acceptDate": 1636703249747, "image": {"author": "Рустем Сабиров", "name": "3d2676666144a146273238e96e1cf979.jpg", "realName": "июль.jpg", "source": "https://www.puppet-show.ru/"}, "photo": "https://pro.culture.ru/uploads/3d2676666144a146273238e96e1cf979.jpg", "gallery": [], "category": {"name": "Спектакли", "sysName": "spektakli"}, "time": {"start": "2015-12-06 07:00:00", "end": "2021-12-04 13:00:00"}}, {"id": 11643, "name": "Спектакль «Коза и Овца»", "age": 0, "description": "<p><span>В одной деревне жили-были Бабушка с Дедушкой. Жили они бедно, много трудились. Однако старость свое берет – стали они немощными. </span><span>Соседский Бай совсем замучил их своими претензиями. То они ему одно должны, то другое...</span></p><p><span>Старикам жилось совсем худо. К счастью, у них во дворе жили Коза и Овца, которые помогали во всем. Бай решил забрать у них в счет долга Козу и Овцу. Испугавшись Бая, животные убежали из дома. Блуждая по лесу, они случайно наткнулись на волчью голову. Не долго думая, взяли они и положили ее в мешок. </span><span>Увидев вдалеке костер, Коза и Овца пошли навстречу огню, ожидая встретить там добрых людей. Но это были злые разбойники-волки, которые начали потешаться над бедной Козой и Овцой, грозились сварить их в котле.</span></p><p><span>Применив смекалку и хитрость, Коза и Овца спасли себя. Сказав, что вышел новый указ – теперь овцам и козам положено волчьим мясом питаться и в их мешке лежат 12 голов волков самых разных. Волки разбежались, а</span><span> Коза и Овца забрали все награбленное волками, положили на телегу и отправились к себе в деревню. </span><span>В это время злой Бай пришел за последним долгом. Коза и Овца заставили Бая просить прощения и прогнали его. </span></p><p><span>Спектакль – участник международных фестивалей театров кукол в Баку (Азербайджан), Набережных Челнах (Россия), Уфе (Башкортостан), XI Международного театрального фестиваля тюркских народов «Науруз». </span></p>", "shortDescription": "Мюзикл для детей.", "min_price": 300, "max_price": 350, "link": "https://www.puppet-show.ru/repertuar/koza-i-ovtsa/", "status": "accepted", "updateDate": 1640598430134, "start": 1446624000000, "end": 1634721300000, "createDate": 1444290618105, "inAccepted": true, "acceptDate": 1635670932943, "image": {"author": "https://www.puppet-show.ru/", "name": "92c3e66351c6f562c2ce43b2e27afef9.jpg", "realName": "IMG_3883.jpg", "source": "https://www.puppet-show.ru/"}, "photo": "https://pro.culture.ru/uploads/92c3e66351c6f562c2ce43b2e27afef9.jpg", "gallery": [], "category": {"name": "Спектакли", "sysName": "spektakli"}, "time": {"start": "2015-11-04 08:00:00", "end": "2021-10-20 09:15:00"}}, {"id": 11640, "name": "Спектакль «Буратино»", "age": 0, "description": "<p><span>История деревянного человечка, озорного и непослушного, но доброго, искреннего и простодушного. </span>Сказка потрясает сердца юных зрителей и воспитывает в них чувство патриотизма и доброты. Буратино вместе со своими друзьями Пьеро, Арлекином, Мальвиной и Артемоном, пройдя сквозь козни и преграды Лисы Алисы, Кота Базилио и Карабаса, вывел своих друзей к заветной дверце. А там их ожидает прекрасное будущее... </p><p><span>Дополняют спектакль отличные декорации и яркие необычные костюмы всех персонажей. Самые маленькие зрители, как правило, заворожено смотрят на сцену в течение всей постановки.</span></p>", "shortDescription": "Сказка для детей о приключениях деревянного человечка.", "min_price": 250, "max_price": 500, "link": "https://tickets.puppet-show.ru/event?id_event=4727", "status": "accepted", "updateDate": 1638891366782, "start": 1446361200000, "end": 1636287300000, "createDate": 1444290325051, "inAccepted": true, "acceptDate": 1634121266786, "image": {"author": "Рустем Сабиров", "name": "35ad69651cb077e89e64f4475e6204bf.jpeg", "realName": "PB110676.jpg", "source": "https://www.puppet-show.ru/"}, "photo": "https://pro.culture.ru/uploads/35ad69651cb077e89e64f4475e6204bf.jpeg", "gallery": [], "category": {"name": "Спектакли", "sysName": "spektakli"}, "time": {"start": "2015-11-01 07:00:00", "end": "2021-11-07 12:15:00"}}, {"id": 11475, "name": "Спектакль «Водяная»", "age": 0, "description": "<p><span>Инсценировка, в основе которой лежит мысль – не укради, написана З. Хуснияром по одноименной сказке великого татарского поэта Г. Тукая. Мальчик Байбулат, увидев на мосту Су анасы, и оставленную ею золотой гребень, не удержался от соблазна. Лягушки, сторожившие сокровище, не успели и опомниться, гребень оказался в руках Байбулата. Сокрушаясь горем потери, Су анасы направляется в деревню. Мать Байбулата укоряет сына за кражу, просит вернуть ворованное. Су анасы, получив обратно свой гребень, уходит, наказав недобросовестного мальчика. А за воровство у него отнимается рука. Когда Байбулат, признав свою ошибку, просит прощения, он выздоравливает.</span></p><p>Спектакль – участник Международных фестивалей театров кукол в г. Искешехер, Анкара (Турция), Набережные Челны (Россия), IX Международного театрального фестиваля тюркских народов «Науруз».</p>", "shortDescription": "Поучительная история для детей.", "min_price": 300, "max_price": 350, "link": "https://www.puppet-show.ru/repertuar/vodyanaya/", "status": "accepted", "updateDate": 1639308609607, "start": 1477832400000, "end": 1639306800000, "createDate": 1444208691920, "inAccepted": true, "acceptDate": 1635670957342, "image": {"author": "Рустем Сабиров", "name": "d8de3ecf9cd5dbf7ec63fd47a469ab11.jpg", "realName": "P9033176.jpg", "source": "https://www.puppet-show.ru/"}, "photo": "https://pro.culture.ru/uploads/d8de3ecf9cd5dbf7ec63fd47a469ab11.jpg", "gallery": [], "category": {"name": "Спектакли", "sysName": "spektakli"}, "time": {"start": "2016-10-30 13:00:00", "end": "2021-12-12 11:00:00"}}, {"id": 11469, "name": "Спектакль «Щелкунчик»", "age": 0, "description": "<p><span>Эта история случилась накануне Рождества в празднично украшенном доме. Сверкающая елка. Радостные взрослые. Счастливые дети в ожидании подарков. Главный подарок, который приготовили для Мари, </span><span>–</span><span> деревянный человечек Щелкунчик, заколдованный принц. Доброе, чуткое сердце Мари совершило настоящее чудо. Она полюбила деревянного уродца и избавила его от чар злого волшебника.</span></p> <p><span>Прекрасная музыка П. И. Чайковского и замечательная работа художника В. Губской создают особую атмосферу. Спектакль </span><span>–</span><span> участник международного фестиваля театров кукол «Рязанские смотрины» в Рязани.</span></p>", "shortDescription": "Романтическая сказка для детей.", "min_price": 250, "max_price": 500, "link": "https://www.puppet-show.ru/repertuar/shchelkunchik/", "status": "accepted", "updateDate": 1638891366782, "start": 1480669200000, "end": 1635069600000, "createDate": 1444208048645, "inAccepted": true, "acceptDate": 1635670893239, "image": {"author": "Рустем Сабиров", "name": "9f50db68b7dfb8987bea8e6af5b1d5f8.jpeg", "realName": "P2038234.JPG", "source": "www.puppet-show.ru"}, "photo": "https://pro.culture.ru/uploads/9f50db68b7dfb8987bea8e6af5b1d5f8.jpeg", "gallery": ["https://pro.culture.ru/uploads/00f8af08fc911f498599dbba1ce01f06.jpeg"], "category": {"name": "Спектакли", "sysName": "spektakli"}, "time": {"start": "2016-12-02 09:00:00", "end": "2021-10-24 10:00:00"}}, {"id": 11458, "name": "Спектакль «Приключения Чебурашки»", "age": 0, "description": "<p>Это история, рассказанная артистами, поднимает тему дружбы. Как зарождается дружба? Дружба – это близкие отношения людей, которые основываются на взаимном доверии и общих интересах.</p><p><span>В одном городе жил маленький забавный зверек. Он появился в ящике из-под апельсинов, поселился в телефонной будке и получил странное имя – Чебурашка. </span><span>Также в этом городе был зоопарк, в котором работал крокодил Гена. Он был очень одиноким и непременно хотел завести себе друга. </span><span>Они познакомились, подружились и вместе пережили много забавных приключений – построили Дом дружбы, не раз избегали козней старухи Шапокляк.</span></p>", "shortDescription": "Сказочная история для детей.", "min_price": 250, "max_price": 500, "link": "https://www.puppet-show.ru/repertuar/priklyucheniya-cheburashki/", "status": "accepted", "updateDate": 1638891366782, "start": 1445500800000, "end": 1633784400000, "createDate": 1444207070335, "inAccepted": true, "acceptDate": 1634837384750, "image": {"author": "Рустем Сабиров", "name": "4ae1cdc8d07b78bf71c52d14fbe2941a.jpg", "realName": "IMG_3973.jpg", "source": "www.puppet-show.ru"}, "photo": "https://pro.culture.ru/uploads/4ae1cdc8d07b78bf71c52d14fbe2941a.jpg", "gallery": [], "category": {"name": "Спектакли", "sysName": "spektakli"}, "time": {"start": "2015-10-22 08:00:00", "end": "2021-10-09 13:00:00"}}]}