{"11953": [{"id": 1347367, "name": "Спектакль «Скрипка Ротшильда»", "age": 16, "description": "<p>Помимо основного заработка, Якову приносила доход игра на скрипке, обыкновенно на свадьбах и концертах местечкового оркестра, большинство музыкантов в котором были евреи. Играл он хорошо, но из-за грубого отношения к флейтисту оркестра – Ротшильду, который вызывал у Якова презрение и ненависть за свою жалобную игру, приглашали его не часто и «только в случае крайней необходимости». </p><p>Яков – это алчный, жестокосердный человек, никогда не пребывающий в хорошем расположении духа и постоянно терпящий убытки от сидения сложа руки в праздники, коих набиралось около 200 дней в году. Со страшными мыслями герой обыкновенно справлялся с помощью скрипки, струны которой он предпочитал перебирать в темноте, и ему становилось легче.</p>", "shortDescription": "Валерий Баринов и Игорь Ясулович в постановке Камы Гинкаса по рассказу Антона Чехова. ", "min_price": 500, "max_price": 1900, "link": "https://moscowtyz.ru/skripka-rotshilda", "needCheck": true, "status": "accepted", "updateDate": 1640642028904, "start": 1635696000000, "end": 1645292400000, "createDate": 1632394811074, "inAccepted": true, "acceptDate": 1637749426433, "image": {"author": "архив МТЮЗа", "name": "e435abf532180e1af7d488f5a279d386.jpeg", "realName": "skripka_rotshil_da_90.jpg", "source": "https://moscowtyz.ru/skripka-rotshilda"}, "photo": "https://pro.culture.ru/uploads/e435abf532180e1af7d488f5a279d386.jpeg", "gallery": ["https://pro.culture.ru/uploads/6f5602f1cb715921853905bc4b530893.jpeg"], "category": {"name": "Спектакли", "sysName": "spektakli"}, "time": {"start": "2021-10-31 16:00:00", "end": "2022-02-19 17:40:00"}}, {"id": 1347171, "name": "Спектакль «Леди Макбет нашего уезда»", "age": 18, "description": "<p> Через жестокую криминальную историю Николая Лескова режиссер обращается к извечной, очень русской теме личной свободы и ее границ. Это попытка понять, отчего в России с ее гигантскими распахнутыми просторами люди обречены на такую несвободу, на духоту тюрьмы. Эта постановка – попытка проследить, как порыв к полнокровной жизни и свободе заканчивается чудовищными кровопролитиями, убийствами и разрушением. </p><p> Это история о том, как опасно «душить» человека, ведь, задыхаясь от несвободы, он может превратиться в зверя. <br /></p>", "shortDescription": "На фоне чувственной, животворящей красоты мира разворачивается страшная история любви.", "min_price": 700, "max_price": 2700, "link": "https://moscowtyz.ru/ledi-makbet-nashego-uezda", "needCheck": true, "status": "new", "updateDate": 1640642073359, "start": 1634486400000, "end": 1640196600000, "createDate": 1632391937063, "inAccepted": true, "acceptDate": 1634217615055, "image": {"author": "архив МТЮЗа", "name": "80e66de0684766a68362704e5c0adcd1.jpeg", "realName": "makbet4.jpg", "source": "https://moscowtyz.ru/ledi-makbet-nashego-uezda"}, "photo": "https://pro.culture.ru/uploads/80e66de0684766a68362704e5c0adcd1.jpeg", "gallery": ["https://pro.culture.ru/uploads/b3b6e6fa914ef4c482371b976e2afdab.jpeg"], "category": {"name": "Спектакли", "sysName": "spektakli"}, "time": {"start": "2021-10-17 16:00:00", "end": "2021-12-22 18:10:00"}}, {"id": 1346819, "name": "Спектакль «Пять шагов до тебя»", "age": 16, "description": "<p>Музыкальная пьеса о праве каждого быть собой. О принятии другого, не такого, как ты, выборе между свободой оставаться собой и зависимостью от успеха. О творчестве, любви. </p><p>Режиссер хочет поговорить о парадоксальности и сложности любви в первую очередь с ровесниками главного героя. С теми, кто ищет себя, отстаивает свое право быть таким, какие есть, – с молодыми, входящими сейчас в жизнь. </p><p>Но также режиссер рассчитывает на диалог с родителями этих выросших детей, диалог о том непростом выборе, который им предстоит сделать, отпуская своих любимых. Постановка наполнена музыкой, искренностью, иронией, сильными эмоциями.</p>", "shortDescription": "Зрители увидят постановку, которую лучше всего описывают три слова: любовь, драйв, молодость.", "min_price": 500, "max_price": 1700, "link": "https://moscowtyz.ru/pyat-shagov-do-tebya-2", "status": "accepted", "updateDate": 1640641967795, "start": 1633708800000, "end": 1644604200000, "createDate": 1632386825816, "inAccepted": true, "acceptDate": 1637750020296, "image": {"author": "Елена Лапина", "name": "334157b0c7242d923eaa4ea2747aa08f.jpeg", "realName": "1F6A9443-1024x675.jpg", "source": "https://moscowtyz.ru/pyat-shagov-do-tebya-2"}, "photo": "https://pro.culture.ru/uploads/334157b0c7242d923eaa4ea2747aa08f.jpeg", "gallery": ["https://pro.culture.ru/uploads/d7278d89da9344ea58860475afce0e15.jpeg"], "category": {"name": "Спектакли", "sysName": "spektakli"}, "time": {"start": "2021-10-08 16:00:00", "end": "2022-02-11 18:30:00"}}, {"id": 1270661, "name": "Спектакль «Кроткая»", "age": 16, "description": "<p>«Кроткая» – это спектакль о страшном и сложном духовном пути двух человеческих душ, двух человеческих тел – бесприютных и одиноких, нуждающихся друг в друге бесконечно и гибнущих в этой близости, в этой ее невозможности.</p><p>Жгучее желание повиновения и жажда власти над чужой жизнью толкает на все большую жестокость. Косность, страх пренебрежения, боль презрения вымарывают из души любовь и свет. Жестокость становится нормой отношений, неспособность любить и страстное желание любви – вечной мукой.</p><p>Страшная обыденность этих отношений сквозь ткань спектакля мерцает иным, вечным смыслом, оборачивается поединком гордыни и кротости. И гордыня разбивается о божественный закон мироздания.<br />Разбивается вдребезги, в пыль, в ничто.</p>", "shortDescription": "Постановка молодых режиссеров и художников.", "min_price": 2700, "max_price": 4000, "link": "https://moscowtyz.ru/krotkaya", "status": "accepted", "updateDate": 1640642002613, "start": 1633017600000, "end": 1638296400000, "createDate": 1628835647680, "inAccepted": true, "acceptDate": 1632389984631, "image": {"author": "архив МТЮЗа", "name": "896c5e87d50cc92288e6f68eed30582f.jpeg", "realName": "кроткая 1.jpg", "source": "архив МТЮЗа"}, "photo": "https://pro.culture.ru/uploads/896c5e87d50cc92288e6f68eed30582f.jpeg", "gallery": [], "category": {"name": "Спектакли", "sysName": "spektakli"}, "time": {"start": "2021-09-30 16:00:00", "end": "2021-11-30 18:20:00"}}, {"id": 1270634, "name": "Спектакль «Пьяный Амур»", "age": 16, "description": "<p>Эта история произошла в далеких 70-х, в стране, которой уже нет, во дворе деревянного дома, который давно снесли. Трогательные и нелепые обстоятельства жизни, коммунальное бытие и горе, и счастье, и одиночество у всех на виду становятся тканью спектакля.</p><p>Здесь все смешно, глупо, печально, только все немного по-советски кондово. Но парадоксально, но внезапно и остро. Это история про любовь, про это извечное «а что, если бы…», про несовпадения и непопадания, про то, что Амур, видимо, частенько бывает пьян, когда роняет свои стрелы на землю.</p><p>Спектакль – лауреат театральной премии «Хрустальная Турандот» в номинациях: «Лучший спектакль» и «Лучшая сценография» и лауреат театральной премии «Золотая Маска» (2017 г.) в номинации «Лучшая работа художника по свету»</p>", "shortDescription": "Зрителей ждет комедия про любовь.", "min_price": 500, "max_price": 1700, "link": "https://moscowtyz.ru/pyanyy-amur", "status": "accepted", "updateDate": 1640642105226, "start": 1632412800000, "end": 1641642000000, "createDate": 1628835079220, "inAccepted": true, "acceptDate": 1639041644815, "image": {"author": "архив МТЮЗа", "name": "e555bd5e135f949df825fe686c470e69.jpeg", "realName": "Плешивый Амур 2.jpg", "source": "архив МТЮЗа"}, "photo": "https://pro.culture.ru/uploads/e555bd5e135f949df825fe686c470e69.jpeg", "gallery": ["https://pro.culture.ru/uploads/d8b87b77cf3b1c77a2adb16eec92ee75.jpeg"], "category": {"name": "Спектакли", "sysName": "spektakli"}, "time": {"start": "2021-09-23 16:00:00", "end": "2022-01-08 11:40:00"}}, {"id": 1270598, "name": "Спектакль «Повесть о том, как один мужик двух генералов прокормил»", "age": 12, "description": "<p>Спектакль «Повесть о том, как один мужик двух генералов прокормил» в постановке молодой команды – режиссера Алексея Дубровского и художника Леонида Шулякова продолжает проект Московского театра юного зрителя по поддержке молодых режиссеров и художников, начатый с постановки спектакля «Нос» режиссера Андрея Неделькина и художницы Марии Кривцовой.</p><p>Замечательные артисты старшего поколения с легкостью виртуозов перешагивают тонкую условную грань между реальностью и вымыслом, мягкой иронией и едким юмором, нежностью и подтруниванием, лиризмом и комизмом.</p><p>Белый зал превращается в уютную комнату отставных генералов со всеми ей присущими атрибутами: настенные ходики, обеденный стол, генеральские портреты, патефон… Но этот уютный мирок мгновенно способен обернуться непроходимыми джунглями необитаемого острова с морем, пустынным берегом, жарой и пальмами.</p>", "shortDescription": "Зрители увидят постановку молодой команды театра.", "min_price": 1000, "max_price": 1500, "link": "https://moscowtyz.ru/povest-o-tom-kak-odin-muzhik-dvukh-gener", "status": "accepted", "updateDate": 1632396117329, "start": 1632056400000, "end": 1636203600000, "createDate": 1628834250705, "inAccepted": true, "acceptDate": 1632396117339, "image": {"author": "архив МТЮЗа", "name": "612a167790000738358e60c43639d62a.jpeg", "realName": "как один мужик_фото.jpg", "source": "архив МТЮЗа"}, "photo": "https://pro.culture.ru/uploads/612a167790000738358e60c43639d62a.jpeg", "gallery": [], "category": {"name": "Спектакли", "sysName": "spektakli"}, "time": {"start": "2021-09-19 13:00:00", "end": "2021-11-06 13:00:00"}}, {"id": 1270587, "name": "Спектакль «Вариации тайны»", "age": 16, "description": "<p> На первый взгляд детективно закрученная пьеса оказывается, конечно, о любви. Классический любовный треугольник, две вершины которого хранят верность своей любви, ревностно оберегая ее тайные границы от вторжения соперника.</p> <p>Два выдающихся драматических артиста (Валерий Баринов, Игорь Гордин) в спектакле режиссера Камы Гинкаса дарят всем любителям настоящего театра два часа неподдельного театрального наслаждения.</p> <p>Лихо закрученный сюжет, не предугадываемые события, неожиданная развязка. Стоит купить билет и увидеть, и почувствовать, и проверить – так ли все это.</p>", "shortDescription": "Детективная история.", "min_price": 500, "max_price": 2200, "link": "https://moscowtyz.ru/variacii-tayny-premera", "needCheck": true, "status": "accepted", "updateDate": 1640642081738, "start": 1631808000000, "end": 1643997600000, "createDate": 1628833824966, "inAccepted": true, "acceptDate": 1639043080060, "image": {"author": "архив МТЮЗа", "name": "94095ac4f7965c78bd5f14be90636d14.jpeg", "realName": "Вариации тайны 3.jpg", "source": "архив МТЮЗа"}, "photo": "https://pro.culture.ru/uploads/94095ac4f7965c78bd5f14be90636d14.jpeg", "gallery": ["https://pro.culture.ru/uploads/26961b2ab8f3920b084883ac5589ca7c.jpeg"], "category": {"name": "Спектакли", "sysName": "spektakli"}, "time": {"start": "2021-09-16 16:00:00", "end": "2022-02-04 18:00:00"}}, {"id": 1270569, "name": "Спектакль «Дама с собачкой»", "age": 16, "description": "<p>На ялтинской набережной во время отдыха встречают они свою любовь. Курортный роман, яркий, страстный, обреченный на расставание. Он возвращается к жене и детям, она – к мужу. И только расставшись, понимают они, что их сезонная любовь – настоящая, та, без которой уже невозможно быть прежним. Новые тайные встречи, неизбежные разлуки и счастье, кажущееся им украденным у тех, кого приходится, обманывая, предавать. Небольшой рассказ Чехова о большой любви разыгран театром на специальной площадке, парящей над партером сцены, с пронзительной искренностью и драматизмом.</p><p>Спектакль – лауреат премии «Золотая маска» (2003): «Лучший спектакль малой формы» и «Лучшая режиссура».<span></span></p>", "shortDescription": "История о настоящей любви по рассказу А. П. Чехова.", "min_price": 900, "max_price": 2500, "link": "https://moscowtyz.ru/dama-s-sobachkojj", "status": "accepted", "updateDate": 1640642062130, "start": 1631203200000, "end": 1645207200000, "createDate": 1628833326665, "inAccepted": true, "acceptDate": 1637748897886, "image": {"author": "архив МТЮЗа", "name": "af2ed4f2211730351207007c5ac46aee.jpeg", "realName": "55dffabcbd8a41ac481b931798664e3e.jpeg", "source": "архив МТЮЗа"}, "photo": "https://pro.culture.ru/uploads/af2ed4f2211730351207007c5ac46aee.jpeg", "gallery": ["https://pro.culture.ru/uploads/4978417f0ea7f77bf3618455fd0781cf.jpeg"], "category": {"name": "Спектакли", "sysName": "spektakli"}, "time": {"start": "2021-09-09 16:00:00", "end": "2022-02-18 18:00:00"}}, {"id": 1270553, "name": "Спектакль «Последняя лента Крэппа»", "age": 16, "description": "<p> Перед ним – вся его жизнь, упакованная в картонные коробки. Всю жизнь он вел дневник, наматывая свой голос на катушки кассет. И теперь, садясь за стол, он каждый день включает эти записи, чтобы горько насмехаться над никчемностью прожитых часов и дней, чтобы отчаянно попирать бестолково мелькнувшие годы. Все – мусор, все – шелуха, все – суета и бессмыслица.</p><p>Но вдруг его взгляд застывает. Его привычная ухмылка сходит с лица. Вдруг в воздухе повисает что-то, что становится больше этой белой комнаты, что-то, что стоит всех его седых волос. Обрывок ленты, каких-то пять минут счастья вмиг перевешивают и навсегда определяют все, чем жил и не жил этот человек. </p>", "shortDescription": "Одинокий старик Крэпп сдувает пыль с магнитофонных лент. ", "min_price": 1000, "max_price": 1700, "link": "https://moscowtyz.ru/poslednyaya-lenta-kryeppa-premera", "needCheck": true, "status": "accepted", "updateDate": 1640642043647, "start": 1630080000000, "end": 1644771600000, "createDate": 1628832956724, "inAccepted": true, "acceptDate": 1637751084147, "image": {"author": "Елена Лапина", "name": "fd311fb5aa50b62686b928442cabcf22.jpeg", "realName": "3.jpeg", "source": "архив МТЮЗа"}, "photo": "https://pro.culture.ru/uploads/fd311fb5aa50b62686b928442cabcf22.jpeg", "gallery": ["https://pro.culture.ru/uploads/7bb98855c54e284051171c59627f347f.jpeg", "https://pro.culture.ru/uploads/a50777779b33a7aa38fe205ca5bd105a.jpeg"], "category": {"name": "Спектакли", "sysName": "spektakli"}, "time": {"start": "2021-08-27 16:00:00", "end": "2022-02-13 17:00:00"}}, {"id": 911557, "name": "Спектакль «Таня-Таня»", "age": 16, "description": "<p>Жизнь на верандах летних дач, за прозрачным кружевом занавесок, уютная и загадочная, чья-то чужая жизнь – кажется такой привлекательной. Такой счастливой. Но лишь из окон проносящихся мимо поездов.</p><p>Легкость, невесомость этой чужой жизни, бесконечные разговоры ни о чем, влюбленности, полуулыбки и скоро брошенные взгляды – лишь тонкий покров, за которым маются и требуют любви и ищут смысла жизни прекрасные потерянные люди. </p><p>Обессилевшие от любви и слез, от объяснений и ревности, они застряли где-то между Чеховым и Хармсом. Ни у жизни, ни у любви нет ни логики, ни закона. Стремительный поток полон водоворотов и порогов, и он несет жизни, словно упавшие в воду веточки, словно упавшие листики, словно упавшие девочки, словно упавшие мальчики.</p>", "shortDescription": "Новая постановка Саши Толстошевой по пьесе Ольги Мухиной.", "min_price": 900, "max_price": 1700, "link": "https://moscowtyz.ru/tanya-tanya", "needCheck": true, "status": "accepted", "updateDate": 1640642004913, "start": 1631721600000, "end": 1645727400000, "createDate": 1611736947029, "inAccepted": true, "acceptDate": 1637750785635, "image": {"author": "Елена Лапина", "name": "6ae7f2152693e95840717e059635320a.jpeg", "realName": "1F6A8275.jpg", "source": "архив МТЮЗа"}, "photo": "https://pro.culture.ru/uploads/6ae7f2152693e95840717e059635320a.jpeg", "gallery": ["https://pro.culture.ru/uploads/52d3126e37ad59bed3ce5a405121e10f.jpeg"], "category": {"name": "Спектакли", "sysName": "spektakli"}, "time": {"start": "2021-09-15 16:00:00", "end": "2022-02-24 18:30:00"}}, {"id": 712708, "name": "Спектакль «Улетающий Монахов»", "age": 16, "description": "<p>Алексей Монахов, герой романа Андрея Битова, герой спектакля Сергея Аронина – счастливый влюбленный мальчик. Взлетающий по ступенькам к ее двери. Врывающийся в жизнь, которая обещает так много. Его история любви – мальчишеская, самая обычная, банальная. Прекрасная. Какая бывает с каждым.</p><p>А дальше будет сама жизнь. Линия жизни пунктиром. Мелькание дней, листание страниц: юные влюбленные и скамейка в парке, и кружение снега, и Новый год; случайная встреча в автобусе и все тот же запах ее духов; жены, мужья, дети, деньги, командировки.</p><p>Летящая и пролетающая жизнь в бесконечном ожидании, что вот-вот и откроется та самая единственная дверь. И в каждой женщине он узнает ее образ, той самой девочки, и в каждой женщине ее не обретает. Встречи, расставания, поиск и попытка взлететь.</p><p>Счастливый полет в любовь оборачивается падением. </p>", "shortDescription": "Зрители узнают историю любви.", "min_price": 1000, "max_price": 1200, "link": "https://moscowtyz.ru/uletayushhiy-monakhov", "needCheck": true, "status": "accepted", "updateDate": 1640642011472, "start": 1600014600000, "end": 1645554000000, "createDate": 1597846702139, "inAccepted": true, "acceptDate": 1637750456057, "image": {"author": "архив МТЮЗ", "name": "24bbb90cccb4e217f2ac1db7e51b1457.jpeg", "realName": "Улетающий Монахов (1).jpg", "source": "https://moscowtyz.ru/"}, "photo": "https://pro.culture.ru/uploads/24bbb90cccb4e217f2ac1db7e51b1457.jpeg", "gallery": ["https://pro.culture.ru/uploads/05db77302f391fd29a48c75bf704505d.jpeg"], "category": {"name": "Спектакли", "sysName": "spektakli"}, "time": {"start": "2020-09-13 16:30:00", "end": "2022-02-22 18:20:00"}}, {"id": 712694, "name": "Спектакль «Маленький господин Фридеман»", "age": 16, "description": "<p>Господин Фридеман любил жизнь. Он наслаждался книгами и скрипкой, маленьким садиком у дома, поющей птицей, душистым цветком. Он был благодарен жизни за красоту и гармонию. Маленький господин Фридеман смиренно принимал свое несовершенство, жил без злобы и зависти в большом и спокойном мире. Он отрекся от любви, которая приносила ему лишь боль. Больше не было ни смятения, ни жара, ни мучительной горечи. Но она пришла, как и полагается, не спросясь. Любовь обрушилась лавиной, огромной и стремительной. И все померкло, кроме взгляда госпожи фон Риннлинген, ее влажных, узких, близко посаженых глаз.</p><p>Как примирить универсальный космос и короткую, полную страстей и потерь человеческую жизнь. В огромном мире смешное и трагическое, прекрасное и безобразное совсем рядом. Но для человека так трудно достижима эта цельность жизни. </p>", "shortDescription": "Восхитительный неспешный язык великого Томаса Манна, его ирония, философская мудрость стали театром.", "min_price": 1000, "max_price": 1700, "link": "https://moscowtyz.ru/malenkiy-gospodin-frideman-premer", "needCheck": true, "status": "accepted", "updateDate": 1640642056988, "start": 1599753600000, "end": 1645209000000, "createDate": 1597845815039, "inAccepted": true, "acceptDate": 1637751003853, "image": {"author": "архив МТЮЗ", "name": "cebb551b0efb41e3f212d4041e08ee97.jpeg", "realName": "1F6A1842.jpg", "source": "https://moscowtyz.ru/"}, "photo": "https://pro.culture.ru/uploads/cebb551b0efb41e3f212d4041e08ee97.jpeg", "gallery": ["https://pro.culture.ru/uploads/46c90003e902ba5afac4bd6afa710252.jpeg", "https://pro.culture.ru/uploads/51831a25933fd206edd617a29af63386.jpeg", "https://pro.culture.ru/uploads/65cefe22d87c2be189fd2c83f649a5c3.jpeg", "https://pro.culture.ru/uploads/00984dc32a3d897d76289d572678d9ff.jpeg"], "category": {"name": "Спектакли", "sysName": "spektakli"}, "time": {"start": "2020-09-10 16:00:00", "end": "2022-02-18 18:30:00"}}, {"id": 712685, "name": "Спектакль «День рождения Смирновой»", "age": 16, "description": "<p>Спектакль номинирован на Российскую национальную театральную премию «Золотая маска» в трех категориях: </p><ul><li>«Драма / Спектакль малой формы»;</li><li>«Драма / Работа режиссера» (Саша Толстошева);</li><li>«Драма / Женская роль» (Полина Одинцова).</li></ul><p>Эта коротенькая и странная история о трех женщинах, в общем-то случайно оказавшихся вместе за праздничным столом и не слишком симпатизирующих друг дружке. Внезапно они начинают говорить о самом сокровенном, о том, о чем прежде годами молчали. </p><p> Из обыденности дней, из повседневной привычной тоски постепенно рождается поэзия. Выплескивается с плачем и смехом великая тайна жизни. Она мерцает лишь короткие мгновения, но ее глубина, огромность поражает. И в эти острые и пронзительные секунды они начинают слышать друг друга, сочувствовать друг другу. Как откровение звучит вдруг простенькое: «Смирнова, как хорошо, что ты есть». Как хорошо, что есть каждый, любой. </p><p> Ироничная, беспощадная и бесконечно нежная эта пьеса утверждает уникальность каждой человеческой жизни и каждого прожитого дня. Говорит о возможности приятия пути и судьбы, о прошлом и о будущем. О том, что все всегда происходит здесь и сейчас. </p><p> Слышать и сопереживать, принимать другого – ради этих мгновений поставлен этот спектакль, возможно, ради них существует театр.</p>", "shortDescription": "Эта история, конечно, о любви, об отчаянии и надежде, очень женская и обо всех живущих сразу.", "min_price": 800, "max_price": 1200, "link": "https://moscowtyz.ru/den-rozhdeniya-smirnovoy", "needCheck": true, "status": "accepted", "updateDate": 1640642092207, "start": 1599238800000, "end": 1644604200000, "createDate": 1597845238072, "inAccepted": true, "acceptDate": 1639041714897, "image": {"author": "архив МТЮЗ", "name": "ce066a6eb9505e8160b0590a936f9c16.jpeg", "realName": "смирнова.jpg", "source": "https://moscowtyz.ru/"}, "photo": "https://pro.culture.ru/uploads/ce066a6eb9505e8160b0590a936f9c16.jpeg", "gallery": [], "category": {"name": "Спектакли", "sysName": "spektakli"}, "time": {"start": "2020-09-04 17:00:00", "end": "2022-02-11 18:30:00"}}, {"id": 548358, "name": "Спектакль «Коллекционер»", "age": 18, "description": "<p>Фредерик Клегг похищает девушку. Он запирает ее в подвале, словно накалывает на булавку бабочку для своей коллекции. Фредерик обращается с ней, как с редким и драгоценным экземпляром, не замечая, что убивает ее: «Я знаю – это стыдно, мне должно быть стыдно. Мне хотелось бежать вниз, отвезти ее назад в Лондон, как она просила. А потом уехать за границу. Но я представил ее лицо, волосы, ее огромные ясные глаза, и понял – не смогу ее отпустить. Никто не поймет, все подумают, я просто добиваюсь, чего все добиваются».</p><p>«Коллекционер» – это исследование одного преступления. Преступления, замаскированного мертвой моралью, внешним соблюдением приличий, желанием блага и требованием любви.</p><p>Этот спектакль о любви как мере всех вещей, любви, которая делает человека человеком, без которой он лишь тупая и непредсказуемая сила, удушающее и агрессивное ничто.</p>", "shortDescription": "Постановка по знаменитому роману выдающегося английского писателя Джона Фаулза.", "min_price": 1200, "max_price": 2000, "link": "https://moscowtyz.ru/kollekcioner", "needCheck": true, "status": "accepted", "updateDate": 1640642009743, "start": 1578844800000, "end": 1645899900000, "createDate": 1577717309909, "inAccepted": true, "acceptDate": 1632390648092, "image": {"author": "архив МТЮЗа", "name": "5743538d0254e987c7b48eab124e6267.jpeg", "realName": "24111d77505d4f79ac56a0fae514.jpg", "source": "архив МТЮЗа"}, "photo": "https://pro.culture.ru/uploads/5743538d0254e987c7b48eab124e6267.jpeg", "gallery": ["https://pro.culture.ru/uploads/8380ed2b1c3a121f3a1477d65c4a5a0f.jpeg"], "category": {"name": "Спектакли", "sysName": "spektakli"}, "time": {"start": "2020-01-12 16:00:00", "end": "2022-02-26 18:25:00"}}, {"id": 548354, "name": "Спектакль «Кто боится Вирджинии Вулф?»", "age": 18, "description": "<p>Вирджиния Вулф – писательница, философ, идол американских интеллектуалов. Жизнь Вирджинии Вулф – череда смертей, запретные отношения, измены, мучительные депрессии, попытки самоубийства, бесконечно терзающий страх. Нескончаемое и напрасное бегство от реальности в изощренные интеллектуальные игры, в философские эссе, романы.</p><p>Герои пьесы Олби Джордж и Марта распевают «Не боюсь Вирджинии Вулф» на мотив песенки из «Трех поросят». Шутка, сказка, глупость про маленьких беззащитных поросят, которые пытались укрыться от злого волка в соломенном домике. Зачем им бояться Вирджинии Вулф?..</p>", "shortDescription": "Одна из лучших пьес XX века.", "min_price": 1200, "max_price": 2500, "link": "https://moscowtyz.ru/kto-boitsya-virdzhinii-vulf", "needCheck": true, "status": "accepted", "updateDate": 1640642085450, "start": 1581868800000, "end": 1645383000000, "createDate": 1577716990632, "inAccepted": true, "acceptDate": 1637748462677, "image": {"author": "архив МТЮЗа", "name": "45b473ecc798733ba3b643a149d0b9e6.jpeg", "realName": "orig.jpg", "source": "архив МТЮЗа"}, "photo": "https://pro.culture.ru/uploads/45b473ecc798733ba3b643a149d0b9e6.jpeg", "gallery": [], "category": {"name": "Спектакли", "sysName": "spektakli"}, "time": {"start": "2020-02-16 16:00:00", "end": "2022-02-20 18:50:00"}}, {"id": 548273, "name": "Спектакль «Робин Гуд. Баллада о любви»", "age": 12, "description": "<p>В какой день недели, в котором часу – неизвестно, но это точно было в чудесное майское утро. Славный разбойник Робин Гуд увидел портрет дочери Шерифа Марии, влюбился без памяти и отправился в Ноттингем, чтобы добыть ее руку и сердце. </p><p>Покинутая им девица Мэриэн, гордая и решительная, отправилась вслед. Жители Ноттингема устроили праздник и сколачивают виселицу для строптивых граждан. На соборной площади рыцари и бродячие артисты стараются угодить Шерифу и развлечь своенравную Марию.</p><p>А в вольном Шервудском лесу рассыпается в тумане тонкими золотыми лучами волшебный свет и играют в сражения и любовь герои древних баллад. И баллады льются прямо с небес. Художники и поэты, благородные разбойники, прекрасные девицы и веселые монахини, Мэриэн и Мария, Шериф и Робин – все они навечно жители заколдованного дикого леса, откуда уйти невозможно. Да и не стоит. Этот вольный лес – вечное укрытие для тех, кто не хочет взрослеть. Для взрослых детей и для взрослых, что все еще дети. И прекраснее его нет.</p>", "shortDescription": "Постановка по мотивам легенды о Робине Гуде.", "min_price": 400, "max_price": 1500, "link": "https://moscowtyz.ru/robin-gud", "needCheck": true, "status": "new", "updateDate": 1639670579300, "start": 1580400000000, "end": 1639684800000, "createDate": 1577710131638, "inAccepted": true, "acceptDate": 1634635915321, "image": {"author": "Елена Лапина", "name": "0389cf23786e2bc652b1df408d13adf3.jpeg", "realName": "0341dc8d27b1e86b22a30f8f4daf67b8.jpeg", "source": "https://moscowtyz.ru/robin-gud"}, "photo": "https://pro.culture.ru/uploads/0389cf23786e2bc652b1df408d13adf3.jpeg", "gallery": ["https://pro.culture.ru/uploads/79b38785574530f675a0a35844f013c9.jpeg"], "category": {"name": "Спектакли", "sysName": "spektakli"}, "time": {"start": "2020-01-30 16:00:00", "end": "2021-12-16 20:00:00"}}, {"id": 548267, "name": "Спектакль «Пингвины»", "age": 12, "description": "<p>Три нелепых, смешных, трогательных, глуповатых пингвина угодили в самый центр великой истории мира. Ровно в восемь их ждут у ковчега, чтобы они смогли пережить Всемирный потоп.</p><p>Они ссорятся, спорят, ужасно воняют рыбой, поют и очень любят друг друга. Еще они любят свою бесконечную белую землю, заглядываются в высокое небо и задают вопросы. Они качаются в трюме ковчега и поют свой восхитительный пингвиний блюз.</p><p>Этот спектакль свободно путешествует сквозь разные пространства. И только зрителям решать, что это за история. Это сияют зеркальными гранями диско-шары или льется холодный свет множества далеких солнц, это бескрайняя Антарктика, населенная милейшими пингвинами, или круг сцены, где зажигают рок-звезды?</p><p>О самых сложных истинах рассказано так смешно, легко и просто, так остроумно и по-детски искренно, что все вопросы сами собой превращаются в ответы. Нежная, ироничная, тонкая и философская история создана с огромной любовью ко всем Божьим тварям, к самым несуразным, самым разным, самым странным существам.</p>", "shortDescription": "Детская постановка о пингвинах, а также о самых сложных на земле вещах – о любви, дружбе и Боге.", "min_price": 200, "max_price": 2000, "link": "https://moscowtyz.ru/pingvinypremera", "needCheck": true, "status": "accepted", "updateDate": 1640642087604, "start": 1579338000000, "end": 1638008700000, "createDate": 1577709695393, "inAccepted": true, "acceptDate": 1632390162894, "image": {"author": "архив МТЮЗа", "name": "6b6b966285ae4e5a5cc779ec3f229459.jpeg", "realName": "Пингвины мтюз.jpg", "source": "архив МТЮЗа"}, "photo": "https://pro.culture.ru/uploads/6b6b966285ae4e5a5cc779ec3f229459.jpeg", "gallery": ["https://pro.culture.ru/uploads/f4a6a5a132b8d3a0d9a132de30d99b78.jpeg"], "category": {"name": "Спектакли", "sysName": "spektakli"}, "time": {"start": "2020-01-18 09:00:00", "end": "2021-11-27 10:25:00"}}, {"id": 548240, "name": "Спектакль «С любимыми не расставайтесь»", "age": 16, "description": "<p>Семь супружеских пар, собранных авторами спектакля в живую очередь, ждут решения судьи – освободят их от уз брака или дадут еще один шанс. Поставленный Генриеттой Яновской спектакль «С любимыми не расставайтесь» буквально пронизан любовью.</p> <p>Разные истории, разные судьбы, разные герои. И все, как один, ищут, ждут, требуют любви. Ведь, встретив ее однажды, не всегда понимаешь – сохранить самое ценное бывает так непросто. Сценическая версия тонкого, нежного и глубокого текста пьесы Александра Володина никого не оставляет равнодушным, если только не считать тех, кто спектакля видел.</p>", "shortDescription": "Спектакль о любви и о том, как она сильна и как беззащитна.", "min_price": 500, "max_price": 2000, "link": "https://moscowtyz.ru/s-lyubimymi-ne-rasstavajjtes", "needCheck": true, "status": "accepted", "updateDate": 1640642091825, "start": 1580572800000, "end": 1644775200000, "createDate": 1577707698924, "inAccepted": true, "acceptDate": 1637749458363, "image": {"author": "архив МТЮЗа", "name": "61997bba26b141a53bf2302efceaf1ef.jpeg", "realName": "large_LUBIMYE00028.jpg", "source": "архив МТЮЗа"}, "photo": "https://pro.culture.ru/uploads/61997bba26b141a53bf2302efceaf1ef.jpeg", "gallery": ["https://pro.culture.ru/uploads/7ef0b8a2f94c7e9432934aadb3cf516b.jpeg", "https://pro.culture.ru/uploads/0c919a53a0706148b8cca2bfef590520.jpeg"], "category": {"name": "Спектакли", "sysName": "spektakli"}, "time": {"start": "2020-02-01 16:00:00", "end": "2022-02-13 18:00:00"}}]}