{"11588": [{"id": 1428597, "name": "Концерт «Волшебное иллюзионное шоу для всей семьи»", "age": 6, "description": "<p>Выступление иллюзиониста, без сомнения, подарит вам радость, улыбки, смех и веселье! Исчезновение, появление, левитация, телепортация и другие чудеса произойдут прямо на ваших глазах. Иллюзионист зарядит вдохновением, куражом и удовольствием всех без исключения . Вы уйдете с праздника в восторженном состоянии!</p><p>Бадри Цаава – профессиональный артист эстрады и цирка, член Московского клуба фокусников, Ассоциации иллюзионистов России. Член Международного общества иллюзионистов. Обладатель Гран-при на международном конкурсе. </p>", "shortDescription": "Фокусник-иллюзионист Бадри Цаава покажет чудеса, разрушающие законы физики.", "min_price": 500, "max_price": 500, "link": "https://murm.kassir.ru/frame/event/933129?key=0dda6c7b-3bb8-c68c-c6e2-ea93490403f7&WIDGET_2061348284=pfru9qht7l4n8bsi578r3an0b6", "status": "accepted", "updateDate": 1635946320072, "start": 1636894800000, "end": 1636900200000, "createDate": 1635756288176, "inAccepted": true, "acceptDate": 1635946320085, "image": {"author": "Личный архив Бадри Цаава", "name": "00d418776d296cfe0a56d192555e9a2a.jpeg", "realName": "a5ptecShkUI.jpg", "source": "https://vk.com/id298169803"}, "photo": "https://pro.culture.ru/uploads/00d418776d296cfe0a56d192555e9a2a.jpeg", "gallery": ["https://pro.culture.ru/uploads/7751ce6e3a8d2f6c34f566a8dea438a8.jpeg", "https://pro.culture.ru/uploads/aafb12f2b19bed3975d741f7ee59e940.jpeg", "https://pro.culture.ru/uploads/9e3dad1bc60dd6ea4593e108bf492f75.jpeg", "https://pro.culture.ru/uploads/be2fe0a3c1646bc151ae35e124c45f98.jpeg"], "category": {"name": "Концерты", "sysName": "koncerty"}, "time": {"start": "2021-11-14 13:00:00", "end": "2021-11-14 14:30:00"}}, {"id": 1331747, "name": "Спектакль «Дюймовочка»", "age": 0, "description": "<p> Мало кто знает, что в далекие времена сказки были не просто развлечением для детей, а настоящим напутствием перед сложной жизненной дорогой для маленького человека! В «Дюймовочке» Андерсен наделил свою «Лизу размером с пальчик» непростой судьбой и маленькими подвигами.<br /><br />На сцене Кировского ДК вы увидите настоящее чудо! Спектакль «Дюймовочка» поразит вас своей необычностью, яркостью и душевной теплотой. В сказке использованы элементы на уровне современной компьютерной графики, теневые куклы, а также неожиданные сценические приемы! Все это позволит увидеть спектакль с новой, необычной стороны и насладиться эстетикой сказочного мира.<br /><br />Музыкальная, яркая и лирично-смешная сказка понравится не только детям, но и взрослым!<br /><br />Продолжительность: 50 минут<br /><br />Телефон кассы: 8(81531) 32-277 </p>", "shortDescription": "Захватывающая история по мотивам по мотивам сказки Г. Х. Андерсена.", "min_price": 300, "link": "https://murm.kassir.ru/frame/event/900352?key=0dda6c7b-3bb8-c68c-c6e2-ea93490403f7&WIDGET_2061348284=nhs9mg13os7ls41e1ncf0ngksb", "status": "accepted", "updateDate": 1632215558683, "start": 1632661200000, "end": 1632668400000, "createDate": 1631705632870, "inAccepted": true, "acceptDate": 1632215558695, "image": {"author": "Личный архив Мурманского областного театра кукол ", "name": "30cbfd60e0c3ebba54218994d563ee98.jpeg", "realName": "76ab544c75f6d01ff8cafbf0985a8dab (1).jpg", "source": "Личный архив Мурманского областного театра кукол "}, "photo": "https://pro.culture.ru/uploads/30cbfd60e0c3ebba54218994d563ee98.jpeg", "gallery": [], "category": {"name": "Спектакли", "sysName": "spektakli"}, "time": {"start": "2021-09-26 13:00:00", "end": "2021-09-26 15:00:00"}}, {"id": 1331347, "name": "Спектакль «Уж замуж невтерпеж!»", "age": 16, "description": "<p>Пьеса для добродушного театра, в которой рассказана история из жизни современных женщин. Конечно, каждая женщина в душе мечтает, что произойдет нечто невероятное и перевернет всю ее повседневную, однообразную личную жизнь.<br />Мать с дочерью никак не могут наладить отношения. Конфликт обостряется появлением жениха дочери. К ужасу молодых, мать приготовила им еще один сюрприз. Размолвки, ссоры, ряд смешных ситуаций. Похоже, персонажам нелегко разобраться в своих отношениях. Тонкий юмор автора, вдохновенная игра актеров. В этом светлом, добром спектакле все ситуации, от смешных и нелепых до грустных и, порой, трагических, выглядят искренне и очень узнаваемо.<br />Спектакль обладает той удивительной легкостью и выразительностью, которая гарантирует неизменный зрительский успех и долгую сценическую судьбу.<br /><br />Драматург Лев Корсунский известен своими произведениями для театра и кино. Ему принадлежат сценарии к фильмам «Американский дедушка», ”Сумасшедшая любовь”, ”По Спектакль пройдет с одним антрактом.<br /><br />Спектакль гастролировал неоднократно в Финляндии, Эстонии, Латвии, Литве, Белоруссии. </p><p> Билеты можно купить в кассе Дворца<br /> Телефон билетной кассы: 8(81531) 32-277<br /><br />Режим работы кассы: вторник-пятница с 11:00 до 19:00 обед с 14:00 до 15.00,<br />суббота с 11:00 до 17:00 без обеда. Воскресенье, понедельник выходной.</p>", "shortDescription": "Лирическая комедия с необычным сюжетом.", "min_price": 1000, "max_price": 1300, "link": "https://murm.kassir.ru/teatr/uj-zamuj-nevterpej-spektakl#896260", "status": "accepted", "updateDate": 1633702567394, "start": 1633536000000, "end": 1635271200000, "createDate": 1631698309293, "inAccepted": true, "acceptDate": 1633702567398, "image": {"author": "Филатов Иван Алексеевич", "name": "0abc9fe9fb43584d74ddc0e0315a8ac7.jpeg", "realName": "8620eb373be9ce39b46d6ddcf0b24d2b.jpg", "source": "Иван Алексеевич"}, "photo": "https://pro.culture.ru/uploads/0abc9fe9fb43584d74ddc0e0315a8ac7.jpeg", "gallery": [], "category": {"name": "Спектакли", "sysName": "spektakli"}, "time": {"start": "2021-10-06 16:00:00", "end": "2021-10-26 18:00:00"}}, {"id": 1295271, "name": "Мастер классы от Арт-кафе", "age": 12, "description": "<p><span>Здесь каждый сможет познакомиться с&nbsp;направлениями прикладного творчества, узнать их историю, изучить цифровые инструменты, упрощающие творческий процесс, и создать оригинальную авторскую работу.</span><br /></p><p>В рамках «Арт-кафе» молодые дизайнеры смогут посетить мастер-классы по следующим темам:</p><p>– сублимационная печать – создай свой принт; </p><p>– трафаретное и постерное граффити – нарисуй то, что волнует;</p><p>– дизайн пространства – добавь цвета в свое окружение. </p><p>Арт-кафе – это 3 часа неформального общения, творческой атмосферы, полезной информации и отличного настроения! </p><p><strong></strong></p>", "shortDescription": "Гости познакомятся с трендовыми и современными направлениям творчества.", "min_price": 300, "max_price": 300, "link": "https://murm.kassir.ru/drugie/master-klass-ot-art-kafe#889275", "status": "accepted", "updateDate": 1630229557059, "start": 1632654000000, "end": 1632664800000, "createDate": 1629991648184, "inAccepted": true, "acceptDate": 1630307836033, "image": {"author": "Алексей Грищенко", "name": "d59e6fc28af3ad9527b17e9f3ffe39a2.jpeg", "realName": "Кафе-Сказка.jpg", "source": "https://kgdk.ru/?page_id=1532"}, "photo": "https://pro.culture.ru/uploads/d59e6fc28af3ad9527b17e9f3ffe39a2.jpeg", "gallery": ["https://pro.culture.ru/uploads/514b0c31f35a1f760456de43cbb32ecd.jpeg", "https://pro.culture.ru/uploads/d9758752f5a6fbcb79363ccf7801dab8.jpeg", "https://pro.culture.ru/uploads/755f7af29a26764d4ea391bdfac8a09a.jpeg"], "category": {"name": "Встречи", "sysName": "vstrechi"}, "time": {"start": "2021-09-26 11:00:00", "end": "2021-09-26 14:00:00"}}]}