{"12709": [{"id": 1399643, "name": "Публичная лекция «Doc.урок». От фильма к жизни»", "age": 12, "description": "<p>Участники программы познакомятся с реальными жизненными историями героев фильмов. Они смогут увидеть, как их сверстники воспринимают современный мир, взаимодействуют с родителями и сверстниками, о чем мечтают и как принимают самые серьезные решения в их возрасте. Эти и многие другие темы будут побуждать участников программы задумываться о собственной жизни, главных ценностях и собственном выборе.</p> <p>Ведет занятие Сергей Васильевич Полищук, медиапедагог, руководитель отдела медиаобразования Пермской синематеки.</p>", "shortDescription": "Разговор о выборе и ответственности современной молодежи в условиях глобального мира.", "min_price": 150, "max_price": 150, "link": "https://api.kinobilety.net/api/getHallplan?theatreId=989&showId=f5beae41-6cbc-4874-a3d9-7fcc5648c0ab&cityId=47&marketId=5269", "status": "accepted", "updateDate": 1635400266901, "start": 1635409800000, "end": 1635415200000, "createDate": 1634627749649, "inAccepted": true, "acceptDate": 1635400266913, "image": {"author": "Рената Хайдарова", "name": "3072de3b382c034f2e204c2833d2a2b5.jpeg", "realName": "hhZSsgwfypk.jpg", "source": "https://vk.com/im?peers=2029093&sel=7790395"}, "photo": "https://pro.culture.ru/uploads/3072de3b382c034f2e204c2833d2a2b5.jpeg", "gallery": [], "category": {"name": "Обучение", "sysName": "obuchenie"}, "time": {"start": "2021-10-28 08:30:00", "end": "2021-10-28 10:00:00"}}, {"id": 1340426, "name": "Программа «Заповедная школа»", "age": 12, "description": "<p>Знакомство с природными достопримечательностями, живыми чудесами и тайнами заповедных территорий Пермского края, Урала и ряда других регионов нашей страны и Мира; демонстрация образовательных возможностей активного познания Мира живой природы; обсуждение авторских образовательных проектов, предусматривающих активное познание мира живой природы в учебных экспедициях по родной земле. </p><p>Для учащихся 3–11-х классов, студентов вузов (биология, география, экология, лесное и охотничье хозяйство и др.), любителей природы и путешествий. </p><p>Лекцию ведет Виктор Семенов, специалист Отдела медиаобразования Пермской синематеки.</p><p></p>", "shortDescription": "Авторская лекция с показом собственных видеоматериалов.", "min_price": 120, "max_price": 120, "link": "https://www.permcinema.ru/shedule/film.htm?show=2616&id=12252&referer=%2Fshedule%2Findex.htm%3Fday%3D2021-09-28%26premiere%3D0%26club%3D0%26promo%3D0", "status": "accepted", "updateDate": 1633408708362, "start": 1633064400000, "end": 1633424400000, "createDate": 1632204701847, "inAccepted": true, "acceptDate": 1633408708369, "image": {"author": "Виктор Семенов", "name": "9cdc7bae8b210d7d954e4c958caace6d.jpeg", "realName": "C0092T01.JPG", "source": "Собствееное фото"}, "photo": "https://pro.culture.ru/uploads/9cdc7bae8b210d7d954e4c958caace6d.jpeg", "gallery": [], "category": {"name": "Обучение", "sysName": "obuchenie"}, "time": {"start": "2021-10-01 05:00:00", "end": "2021-10-05 09:00:00"}}]}