{"118": [{"id": 1541070, "name": "Мастер–класс «Свет Рождественской звезды»", "age": 0, "description": "<p> Мероприятие начнется с прочтения библейской легенды о Рождестве Христовом. Далее участникам будет предложено сделать восьмиконечную Рождественскую звезду. Эта поделка потребует определенных навыков и опыта в складывании фигурок оригами. Чтобы сложить звезду, потребуется плотная двухсторонняя цветная бумага квадратного формата. Складываться восьмиконечная звезда будет из отдельных модулей. Для выполнения звезды будет использоваться различная бумагу: цветная, бумага для оргтехники и даже листы глянцевых журналов. Готовыми звездами можно будет украсить свою комнату или подарить кому-то, сделать много разноцветных звезд, украсить их наклейками, мишурой и блестками. </p>", "shortDescription": "Мероприятие в рамках клуба «Арт–проспект».", "min_price": 200, "max_price": 200, "link": "https://bel.cultreg.ru/events/116533/master-klass-svet-rozhdestvenskoi-zvezdy", "status": "accepted", "updateDate": 1640011761990, "start": 1642514400000, "end": 1642518000000, "createDate": 1639723958031, "inAccepted": true, "acceptDate": 1640011762077, "image": {"author": "Александр Лончаков", "name": "c8f64cbdc86f3557e5a6a8197ca63276.jpeg", "realName": "WgJSrEB_2z0.jpg", "source": "архив ЦКР \"Строитель\""}, "photo": "https://pro.culture.ru/uploads/c8f64cbdc86f3557e5a6a8197ca63276.jpeg", "gallery": [], "category": {"name": "Обучение", "sysName": "obuchenie"}, "time": {"start": "2022-01-18 14:00:00", "end": "2022-01-18 15:00:00"}}, {"id": 1531793, "name": "Интеллектуальная игра «Кудрявая Сова»", "age": 0, "description": "<p><span>В День Российского студенчества– для губкинских студентов высших и средне-специальных учебных заведений состоится интеллектуальная игра. </span></p><p><span>Мероприятие –это новый формат современных молодежных игр. В интеллектуальных играх молодые люди смогут проявить себя в следующих заданиях– раундах: «Где логика?», «Кино-эрудит», «Негативный отзыв», «Составь слово», «Анти караоке». По результатам игры определится команда победительница, которая получит сертификат и подарок. Оставшиеся команды будут награждены специальными дипломами и поощрительными призами. </span></p><p><span>В завершение программы студентов ждет яркая фотосессия и мастер-класс по съемке «Тик-тока»<br /> <br /> </span></p>", "shortDescription": "Познавательное мероприятие для молодежи.", "min_price": 150, "max_price": 150, "link": "https://bel.cultreg.ru/events/115652/intellektualnaya-igra-kudryavaya-sova", "status": "accepted", "updateDate": 1640011931162, "start": 1643108400000, "end": 1643112000000, "createDate": 1639473910575, "inAccepted": true, "acceptDate": 1640011931215, "image": {"author": "Александр Лончаков", "name": "090951e3a6bc9a0f6619fd9dbef8d449.jpeg", "realName": "5aqPtMdXIp0.jpg", "source": "архив ЦКР \"Строитель\""}, "photo": "https://pro.culture.ru/uploads/090951e3a6bc9a0f6619fd9dbef8d449.jpeg", "gallery": [], "category": {"name": "Встречи", "sysName": "vstrechi"}, "time": {"start": "2022-01-25 11:00:00", "end": "2022-01-25 12:00:00"}}, {"id": 1529207, "name": "Концерт кавер–группы «Транзит»", "age": 0, "description": "<p><span>Очередной концерт группы пройдет под девизом «Все любят рок!». Музыканты подарят слушателям массу положительных эмоций. В программе прозвучат каверы известных рок– композиций из репертуара рок– групп мировой величины: </span><span>Scorpions</span><span>, </span><span>Queen</span><span>, Ария и других в современной обработке. Даже если вы не поклонник рока, эти группы известны практически каждому. А их бессмертные произведения прозвучат по-иному в исполнении кавер– группы.</span></p> <p><span>В концерте примут участие вокалисты Сергей Зайцев и Карина Белякова, гитаристы Станислав Стариков, Андрей Губатюк, ударные Павел Пазон, клавишные и руководитель группы Александр Харитонов.</span></p>", "shortDescription": "Новый сольный концерт коллектива.", "min_price": 250, "max_price": 250, "link": "https://bel.cultreg.ru/events/115122/koncert-kaver-gruppy-tranzit", "status": "accepted", "updateDate": 1640012016316, "start": 1643211000000, "end": 1643214600000, "createDate": 1639396472815, "inAccepted": true, "acceptDate": 1640012016404, "image": {"author": "Александр Лончаков", "name": "ca8e63952d88ff41def2c392cc211a9b.jpeg", "realName": "6_rF-AGOWBs.jpg", "source": "архив ЦКР \"Строитель\""}, "photo": "https://pro.culture.ru/uploads/ca8e63952d88ff41def2c392cc211a9b.jpeg", "gallery": [], "category": {"name": "Концерты", "sysName": "koncerty"}, "time": {"start": "2022-01-26 15:30:00", "end": "2022-01-26 16:30:00"}}, {"id": 1529000, "name": "Мастер– класс «Джазовые импровизации»", "age": 0, "description": "<p><span>Творческий мастер-класс проведет руководитель муниципального эстрадно-джазового оркестра, один из лучших саксофонистов Белгородчины – Александр Машков.</span></p> <p><span>Участники мастер– класса – это воспитанники детской джазовой студии и все желающие, у которых уровень общемузыкальной и специальной подготовки<span> </span>соответствует определенным требованиям, таким как <span>высокая степень природной музыкальной одаренности</span>, основными компонентами которой являются память, чувство ритма, ладогармонический слух, эмоциональные отзывчивость и восприятие музыки.</span><span></span></p> <p><span>Руководитель оркестра продемонстрирует на личном примере, что для импровизации очень важно наличие творческой фантазии. И будущие саксофонисты должны воспринимать импровизацию, как высшую степень личностной свободы и художественного откровения.</span><span></span></p> <p><span>Маэстро исполнит несколько известных мировых джазовых композиций в своей импровизации.</span><span></span></p>", "shortDescription": "Занятие по музыке.", "min_price": 200, "max_price": 200, "link": "https://bel.cultreg.ru/events/115159/master-klass-dzhazovye-improvizacii", "status": "accepted", "updateDate": 1640012048416, "start": 1643380200000, "end": 1643383800000, "createDate": 1639394657647, "inAccepted": true, "acceptDate": 1640012048481, "image": {"author": "Александр Лончаков", "name": "aff7eed9d927ad9fb5ffa24e6a5f42e7.jpeg", "realName": "o1PkmZObSqw.jpg", "source": "архив ЦКР \"Строитель\""}, "photo": "https://pro.culture.ru/uploads/aff7eed9d927ad9fb5ffa24e6a5f42e7.jpeg", "gallery": [], "category": {"name": "Обучение", "sysName": "obuchenie"}, "time": {"start": "2022-01-28 14:30:00", "end": "2022-01-28 15:30:00"}}, {"id": 1528078, "name": "Мастер–класс «Свой стиль»", "age": 0, "description": "<p>Стиль – в первую очередь это передача праздничного образа через макияж и прическу. Для девушек очень важно знать, какая косметика подходит, как правильно подчеркнуть свою красоту, правильное использование кистей, косметики. Для этого ведущая проведет мероприятие, научит правильно наносить макияж. Участники мероприятия узнают какие важные моменты нужно учесть в макияже. Завершит праздничный образ прическа. И пришедшие на мастер-класс смогут научиться крутить локоны. Занятие проведет профессиональный визажист Констанция Комольцева. </p>", "shortDescription": "Стильное занятие для молодежи.", "min_price": 200, "max_price": 200, "link": "https://bel.cultreg.ru/events/115246/master-klass-svoi-stil", "status": "accepted", "updateDate": 1640011874062, "start": 1643029200000, "end": 1643032800000, "createDate": 1639384166188, "inAccepted": true, "acceptDate": 1640011874144, "image": {"author": "Александр Лончаков", "name": "48e28ecffddf251e42bab914afe627ba.jpeg", "realName": "1l9A0ETHflQ.jpg", "source": "Архив ЦКР \"Строитель\""}, "photo": "https://pro.culture.ru/uploads/48e28ecffddf251e42bab914afe627ba.jpeg", "gallery": [], "category": {"name": "Встречи", "sysName": "vstrechi"}, "time": {"start": "2022-01-24 13:00:00", "end": "2022-01-24 14:00:00"}}, {"id": 1527939, "name": "Спортивное занятие «В темпе»", "age": 0, "description": "<p>Физическая активность – <span>в первую очередь это положительное влияние на здоровье и улучшение качества жизни.</span> <span>Быть физически активным– это не только посещать спортзал или </span>заниматься каким-либо конкретным видом спорта, требующим специального места, оборудования или инвентаря. Именно это расскажет пришедшим на мероприятие тренер. <span><span> </span>Занятие будут усложняться или упрощаться, в зависимости от уровня подготовки присутствующих людей. </span>Мероприятие могут посетить как девушки, так и юноши. Занятие пройдет под руководством Комольцевой К.О.</p>", "shortDescription": "Спортивный тренинг.", "min_price": 150, "max_price": 150, "link": "https://bel.cultreg.ru/events/115261/sportivnoe-zanyatie-v-tempe", "status": "accepted", "updateDate": 1640011959719, "start": 1643202000000, "end": 1643205600000, "createDate": 1639382715163, "inAccepted": true, "acceptDate": 1640011959775, "image": {"author": "Александр Лончаков", "name": "7f0537ca6b230ea64399aea5944fdf7b.jpeg", "realName": "5AVrNHWrq1Q.jpg", "source": "Архив ЦКР \"Строитель\""}, "photo": "https://pro.culture.ru/uploads/7f0537ca6b230ea64399aea5944fdf7b.jpeg", "gallery": [], "category": {"name": "Встречи", "sysName": "vstrechi"}, "time": {"start": "2022-01-26 13:00:00", "end": "2022-01-26 14:00:00"}}, {"id": 1527691, "name": "Профориентационный проект «Я выбираю»", "age": 0, "description": "<p><span>Выбор профессии является одним из главных решений в жизни человека. Но особенно актуальна она для учащихся старших классов школ.</span><span> Чтобы помочь подросткам определиться в выборе профессии, дать информацию для размышлений на учащиеся старшие классы. Ведущая программы расскажет ребятам, насколько важен выбор профессии, что это один из серьезнейших шагов, стоящих перед каждым из них. На встречу будут приглашены специалисты отдела кадров управления комбината «КМАруда», которые подробно расскажут о востребованных профессиях на предприятии, доведут до сведения ребят, где можно получить образование по этим профессиям. В завершение программы, ребята посмотрят фильм «Камень, ножницы, промзона» снятый на комбинате.</span></p>", "shortDescription": "Познавательное мероприятие.", "min_price": 200, "max_price": 200, "link": "https://bel.cultreg.ru/events/115275/proforientacionnyi-proekt-ya-vybirayu", "status": "accepted", "updateDate": 1640011800104, "start": 1642766400000, "end": 1642770000000, "createDate": 1639379885968, "inAccepted": true, "acceptDate": 1640011800184, "image": {"author": "Александр Лончаков", "name": "ad5a5f1a81e49228cbd9900b33d1c4d0.jpeg", "realName": "ioxGnfA3Kxw.jpg", "source": "Архив ЦКР \"Строитель\""}, "photo": "https://pro.culture.ru/uploads/ad5a5f1a81e49228cbd9900b33d1c4d0.jpeg", "gallery": [], "category": {"name": "Встречи", "sysName": "vstrechi"}, "time": {"start": "2022-01-21 12:00:00", "end": "2022-01-21 13:00:00"}}, {"id": 1488488, "name": "Мастер-класс «Будь в голосе»", "age": 0, "description": "<p>На занятии расскажут, что академический вокал появился на основе фольклорного вокала и с течением времени приобретал собственные правила и рамки, за которые не принято выходить в профессиональном пении.</p><p>Гости узнают, что для народного пения характерна разговорная манера исполнения, а значит, и сохранение интонаций, присущих этому народу. Поэтому можно сказать, что интонационная выразительность является основной чертой народного пения.</p><p>Ведущий расскажет, что эстрадный вокал – это собирательный термин, включающий в себя огромное множество жанров и стилей. Говорить о технике эстрадного вокала довольно непросто, ведь в эстрадном вокале нет канонов и жестких технических рамок.</p>", "shortDescription": "Участники узнают о разных видах вокала и об их особенностях.", "min_price": 150, "link": "https://bel.cultreg.ru/events/110441/master-klass-po-vokalu-bud-v-golose", "status": "accepted", "updateDate": 1638891364586, "start": 1639058400000, "end": 1639062000000, "createDate": 1638167762103, "inAccepted": true, "acceptDate": 1638339929536, "image": {"author": "Александр Лончаков", "name": "0daae915c1ebe4e2ff6968e11e41ff44.jpeg", "realName": "b8xNyfxkF84.jpg", "source": "Архив ЦКР \"Строитель\""}, "photo": "https://pro.culture.ru/uploads/0daae915c1ebe4e2ff6968e11e41ff44.jpeg", "gallery": [], "category": {"name": "Обучение", "sysName": "obuchenie"}, "time": {"start": "2021-12-09 14:00:00", "end": "2021-12-09 15:00:00"}}, {"id": 1483649, "name": "Спортивный тренинг «Гармония со своим телом»", "age": 0, "description": "<p>Расслабление – <span>восстановление психических сил, активизация естественной реакции релаксации организма.</span> Для<span> большинства подростков отдых проходит одинаково – у экрана телевизора или монитора домашнего компьютера. Органы чувств остаются в рабочем состоянии – испытывают эмоции, переживания. С физиологической точки зрения такой способ не подходит для борьбы со стрессом. </span></p><p><span>Для этого будет проведено спортивное занятие, чтобы научиться справляться с тревогой и депрессией, контролировать гнев, избегать многих заболеваний сердечно-сосудистой и нервной систем. Комплексы упражнений, которые будут использованы в программе, строятся с учетом доступности и выполнимости, включают в себя практику медитации,</span><span> </span><span>дыхательных упражнений.</span><span> </span>Мероприятие могут посетить молодые люди. Тренинг пройдет под руководством О. Комольцевой.</p>", "shortDescription": "Спортивное занятие в клубе «Арт–проспект».", "min_price": 150, "max_price": 150, "link": "https://bel.cultreg.ru/events/109707/sportivnyi-trening-garmoniya-so-svoim-telom", "status": "accepted", "updateDate": 1638891364586, "start": 1638536400000, "end": 1638540000000, "createDate": 1637846657414, "inAccepted": true, "acceptDate": 1637935809895, "image": {"author": "Лончакова Варвара", "name": "e5077928fea861dbce1545df655ed8b4.jpeg", "realName": "cb93ylI8m58.jpg", "source": "Архив ЦКР \"Строитель\""}, "photo": "https://pro.culture.ru/uploads/e5077928fea861dbce1545df655ed8b4.jpeg", "gallery": [], "category": {"name": "Встречи", "sysName": "vstrechi"}, "time": {"start": "2021-12-03 13:00:00", "end": "2021-12-03 14:00:00"}}, {"id": 1480845, "name": "Мастер-класс «Голос без границ»", "age": 0, "description": "<p>Участницы вокального ансамбля «Шелковица», в репертуаре которого звучат в большинстве своем народные и фольклорные песни, представят мастер-класс по вокалу.</p><p>В программе будет разучивание народных песен. Также зрителей и участников ждет знакомство с русскими народными играми и забавами, так как на протяжении многих столетий они были частью, как повседневной жизни, так и главным весельем в праздниках и гуляньях. Зрители научатся играть в «Ручеек», «Заиньку», «Золотые ворота», «Фанты» и другие игры, которые в жизни русского народа отражали особые черты славянского менталитета, общественный устрой и общее мировоззрение.</p>", "shortDescription": "Занятие искусству вокала.", "min_price": 150, "max_price": 150, "link": "https://bel.cultreg.ru/events/109386/master-klass-golos-bez-granic", "status": "accepted", "updateDate": 1638891364586, "start": 1638198000000, "end": 1638374400000, "createDate": 1637761842338, "inAccepted": true, "acceptDate": 1637935278553, "image": {"author": "Варвара Лончакова", "name": "323c1963ca8a322977d07d6439cd870d.jpeg", "realName": "cOaWWkGzQkE.jpg", "source": "Архив ЦКР \"Строитель\""}, "photo": "https://pro.culture.ru/uploads/323c1963ca8a322977d07d6439cd870d.jpeg", "gallery": [], "category": {"name": "Обучение", "sysName": "obuchenie"}, "time": {"start": "2021-11-29 15:00:00", "end": "2021-12-01 16:00:00"}}, {"id": 1449643, "name": "Концертная программа «Праздник у елки»", "age": 0, "description": "<p><span>Этот концерт является творческим отчетом коллектива перед родителями участников. В студии эстрадного пения существует несколько возрастных групп: два старших состава от 14 лет) два средних состава, где возраст участников начальной школы и среднего звена, и младшая группа от трех до семи лет. Всего коллектив насчитывает более 70 человек.</span></p> <p><span>В репертуаре студии эстрадного пения популярные детские песни советских и современных композиторов, песни из репертуара группы «Непоседы», «Домисолька» и других детских эстрадных групп.</span></p> <p><span>Для зрителей-родителей прозвучат их любимые хиты: «Бабушка рядышком с дедушкой», «Облака», «Я на солнышке лежу» и новые «Выше только звезды», «Ангелы в танце» и многие другие композиции в исполнении ансамбля и солистов студии.</span></p>", "shortDescription": "Мероприятие студии эстрадного пения «Paradise».", "min_price": 100, "max_price": 100, "link": "https://bel.cultreg.ru/events/104966/koncertnaya-programma-prazdnik-u-elki", "status": "accepted", "updateDate": 1638891364586, "start": 1640100600000, "end": 1640104200000, "createDate": 1636708505016, "inAccepted": true, "acceptDate": 1637935972092, "image": {"author": "Александр Лончаков", "name": "d610a32ae0931e398a39085696ee612c.jpeg", "realName": "PaglOKLdusA.jpg", "source": "Архив ЦКР \"Строитель\""}, "photo": "https://pro.culture.ru/uploads/d610a32ae0931e398a39085696ee612c.jpeg", "gallery": [], "category": {"name": "Концерты", "sysName": "koncerty"}, "time": {"start": "2021-12-21 15:30:00", "end": "2021-12-21 16:30:00"}}, {"id": 1449473, "name": "Спектакль «Непридуманная история про настоящую сказку»", "age": 0, "description": "<p><span>Это театрализованное представление способно подарить зрителям незабываемые эмоции. Ребенок вместе с родителями сразу погружается в атмосферу новогодней сказки, где будет происходить волшебство.</span><span></span></p> <p><span>Вы увидите захватывающую историю о новогодних чудесах, добре и зле, настоящей дружбе и искусственном интеллекте. </span><span></span><span>Гости окажутся не просто зрителями удивительного представления, но и его полноправными участниками. </span><span></span></p> <p><span>Вы узнаете, что что бы ни случилось, волшебство всегда произойдет, а добро победит зло. И праздник, конечно же, настанет, и герои вместе со зрителями традиционно зажгут огоньки на елочке, и все вместе споют песню про зимнюю красавицу. Дед Мороз скажет самые теплые, добрые слова. И можно будет загадать желание, которое обязательно сбудется.</span><span></span></p> <p><span> </span></p> <p><span>Интерактивные постановки состоятся с соблюдением всех норм социального дистанцирования зрителей и использованием санитарных средств индивидуальной защиты.</span><span></span></p>", "shortDescription": "Развлекательное мероприятие для детей на новогоднюю тематику.", "min_price": 200, "link": "https://bel.cultreg.ru/events/104688/interaktivnyi-spektakl-nepridumannaya-istoriya-pro-nastoyashuyu-skazku", "status": "accepted", "updateDate": 1638891364586, "start": 1640502000000, "end": 1640505600000, "createDate": 1636706537165, "inAccepted": true, "acceptDate": 1637852342435, "image": {"author": "Александр Лончаков", "name": "42b3b516cdef2c9dec41522f9dc12914.jpeg", "realName": "ibvtZjxC0DY.jpg", "source": "Архив ЦКР \"Строитель\""}, "photo": "https://pro.culture.ru/uploads/42b3b516cdef2c9dec41522f9dc12914.jpeg", "gallery": [], "category": {"name": "Спектакли", "sysName": "spektakli"}, "time": {"start": "2021-12-26 07:00:00", "end": "2021-12-26 08:00:00"}}, {"id": 717650, "name": "Спектакль «В поисках солнышка»", "age": 0, "description": "<p>В театрализованном представлении известные всем с детства добрые сказочные и мультипликационные герои оживут в современной интерпретации. Книжные персонажи – русская Печка, стройная Яблонька и добрячок-Лесовичок – во главе с храбрыми Машей и Витей сразятся в музыкальном поединке за небесное светило со сказочной нечистью: Кощеем Бессмертным, Бабой-ягой и Лешим. Юные зрители смогут принять активное участие в возвращении Солнышка.</p><p>Губкинские артисты станут добрыми проводниками в увлекательный мир знаний школьникам города, которые вот-вот сядут за парты с кипами учебников.</p>", "shortDescription": "Интерактивная театрализованная история о сказочных приключениях Маши и Вити. ", "min_price": 150, "link": "https://quicktickets.ru/gubkin-tdim/s21", "status": "accepted", "updateDate": 1638891364586, "start": 1598972400000, "end": 1635519600000, "createDate": 1598431873561, "inAccepted": true, "acceptDate": 1635149712385, "image": {"author": "Кристина Чернышова ", "name": "c7508945630875fba214b71ab1771cb5.jpeg", "realName": "IMG_2611.jpg", "source": "Архив Губкинского театра для детей и молодежи"}, "photo": "https://pro.culture.ru/uploads/c7508945630875fba214b71ab1771cb5.jpeg", "gallery": ["https://pro.culture.ru/uploads/1d0e02b47219a61bd9cb460b0f1f0f02.jpeg", "https://pro.culture.ru/uploads/0b7679ff92501c19a17415b054cea71f.jpeg", "https://pro.culture.ru/uploads/f0cdf5216bd7cb02f49c05e2e4e20ee6.jpeg"], "category": {"name": "Спектакли", "sysName": "spektakli"}, "time": {"start": "2020-09-01 15:00:00", "end": "2021-10-29 15:00:00"}}]}