{"12680": [{"id": 1388784, "name": "Тематическая экскурсия «Героические страницы края»", "age": 0, "description": "<p>В годы войны Дмитриев стал краем партизанской славы. </p> <p>Семнадцать месяцев Дмитриевский партизанский отряд отважно противостоял фашистам, скрывался в лесах, взрывал эшелоны, собирал сведения для Красной Армии.</p> <p>Экскурсия познакомит слушателей с бессмертным подвигом юной партизанки Веры Терещенко.</p> <p>Посетители узнают, что Дмитриевская земля дала Родине пятнадцать Героев Советского Союза и два полных кавалеров Ордена Славы, которые навечно вписали свои имена в историю страны.</p> <p>Фотодокументы расскажут о земляках, которые участвовали на различных фронтах войны, о послевоенной жизни района. В витринах и подиумах можно увидеть личные вещи солдат, оружие.</p>", "shortDescription": "Рассказ об участии жителей Дмитриевского района в Великой Отечественной войне.", "min_price": 5, "max_price": 100, "link": "https://kursk.kassir.ru/muzey/dmitrievskiy-kraevedcheskiy-muzey-imeni-afvangengeyma/tematicheskaya-ekskursiya--geroicheskie-stranitsyi-kraya_2021-10-25", "status": "accepted", "updateDate": 1639467178945, "start": 1635159600000, "end": 1653998400000, "createDate": 1634128588358, "inAccepted": true, "acceptDate": 1635150318519, "image": {"author": "Мазева Н.В.", "name": "d35c215c6d234fc190dbc3b332da784e.jpeg", "realName": "040820 музей Дмитриев 068.jpg", "source": "Архив музея"}, "photo": "https://pro.culture.ru/uploads/d35c215c6d234fc190dbc3b332da784e.jpeg", "gallery": [], "category": {"name": "Экскурсии", "sysName": "ekskursii"}, "time": {"start": "2021-10-25 11:00:00", "end": "2022-05-31 12:00:00"}}, {"id": 1378160, "name": "Обзорная экскурсия «Город на пяти холмах»", "age": 0, "description": "<p> </p><p>Основная экспозиция музея состоит из шести залов и рассказывает о становлении и развитии края.</p> <p>Гости музея узнают о древнем поселении, когда и почему село Дмитриевское получило статус уездного города, как город переносили на новое место.</p> <p>История предвоенных пятилеток, рассказ о пятнадцати Героях Советского Союза, мужестве населения в годы оккупации района никого не оставят равнодушным.</p> <p> Посетители увидят уникальную коллекцию животных, певчих, хищных, промысловых птиц, настоящий скафандр и космические продукты питания.</p><p></p>", "shortDescription": " Исторический и современный материал о Дмитриевском районе.", "min_price": 5, "max_price": 100, "link": "https://kursk.kassir.ru/muzey/dmitrievskiy-kraevedcheskiy-muzey-imeni-afvangengeyma/obzornaya-ekskursiya-gorod-na-pyati-holmah_2021-10-20", "status": "accepted", "updateDate": 1639467315394, "start": 1634713200000, "end": 1653984000000, "createDate": 1633685859714, "inAccepted": true, "acceptDate": 1635498726194, "image": {"author": "Мазева Н.В.", "name": "f55569c4ef92c39cd9dbfe86ba0386ea.jpeg", "realName": "040820 музей Дмитриев 012.jpg", "source": "Архив музея"}, "photo": "https://pro.culture.ru/uploads/f55569c4ef92c39cd9dbfe86ba0386ea.jpeg", "gallery": [], "category": {"name": "Экскурсии", "sysName": "ekskursii"}, "time": {"start": "2021-10-20 07:00:00", "end": "2022-05-31 08:00:00"}}, {"id": 1376474, "name": "Тематическая экскурсия «Если не убьют, стану артистом»", "age": 0, "description": "<p><span>Посетители познакомятся с непростым путем восхождения к музыкальному Олимпу деревенского паренька, который вырос в бедной крестьянской семье. В годы войны сын полка шестьдесят пятой армии выступал перед солдатами и мечтал о сцене. Знакомство с Константином Рокоссовским изменило судьбу Вани Суржикова. Командующий Центральным фронтом разглядел талант молодого бойца и после войны направил на стажировку в Варшавскую музыкальную академию.</span></p> <p><span> Посетители посмотрят запись концертных номеров и песен в исполнении народного артиста России И. Н. Суржикова.</span></p><p><span> </span></p>", "shortDescription": "Рассказ о творческом пути Ивана Суржикова.", "min_price": 10, "max_price": 100, "link": "https://kursk.kassir.ru/muzey/dmitrievskiy-kraevedcheskiy-muzey-imeni-afvangengeyma/tematicheskaya-ekskursiya-esli-ne-ubyut-stanu-artistom_2021-10-20", "needCheck": true, "status": "accepted", "updateDate": 1639467421134, "start": 1634716800000, "end": 1653987600000, "createDate": 1633615309502, "inAccepted": true, "acceptDate": 1635150227757, "image": {"author": "Томилина Н.А.", "name": "ba8f237c30ee301e55c9c44cc546c36b.jpeg", "realName": "IMG_20201103_113520.jpg", "source": "Архив музея"}, "photo": "https://pro.culture.ru/uploads/ba8f237c30ee301e55c9c44cc546c36b.jpeg", "gallery": [], "category": {"name": "Экскурсии", "sysName": "ekskursii"}, "time": {"start": "2021-10-20 08:00:00", "end": "2022-05-31 09:00:00"}}, {"id": 1364417, "name": "Урок памяти «Жизнь и подвиг Веры Терещенко»", "age": 0, "description": "<p>Боевой путь Веры Терещенко начинался с создания в поселке подпольной молодежной организации, которая самостоятельно<span> </span>боролась с фашистами. Позднее девушка стала разведчицей партизанского отряда, выполняла задания командования, ходила в тыл врага, добывала сведения.</p> <p><span> </span>Участники мероприятия познакомятся с биографией восемнадцатилетней девушки, особенностями<span> </span>характера, поступков, отношений с родными и друзьями.</p> <p>Отрывки из документальной повести «Вера» помогут понять, почему партизанка предательству предпочла смерть.</p><p></p>", "shortDescription": "Гости узнают о бесстрашной разведчице Дмитриевского партизанского отряда.", "min_price": 10, "max_price": 50, "link": "https://kursk.kassir.ru/muzey/dmitrievskiy-kraevedcheskiy-muzey-imeni-afvangengeyma/urok-pamyati-jizn-i-podvig-veryi-tereschenko_2021-10-11", "status": "accepted", "updateDate": 1633528681325, "start": 1633946400000, "end": 1634382000000, "createDate": 1633092209436, "inAccepted": true, "acceptDate": 1633528681369, "image": {"author": "Трушинева Н.И.", "name": "d8165653d1585251761abbee0b09a72e.jpeg", "realName": "С.С.Боим Казнь партизанки Веры Терещенко.jpg", "source": "Архив музея"}, "photo": "https://pro.culture.ru/uploads/d8165653d1585251761abbee0b09a72e.jpeg", "gallery": [], "category": {"name": "Обучение", "sysName": "obuchenie"}, "time": {"start": "2021-10-11 10:00:00", "end": "2021-10-16 11:00:00"}}, {"id": 1341833, "name": "Выставка «Шаги первых лиц государства по Дмитриевской земле»", "age": 0, "description": "<p>Временная экспозиция расскажет о пребывании в начале XX века в Дмитриеве князя Михаила Александровича Романова. На снимках отражаются встреча наследника престола на железнодорожной станции, торжественный прием с вручением каравая, посещение имения и образцового хозяйства Романовых.</p> <p>Фотографии познакомят с тем, как 60 лет назад в Дмитриеве встречали первого секретаря коммунистической партии Советского Союза Никиту Сергеевича Хрущева. Глава государства направлялся на малую родину в село Калиновку.</p> <p> Посетители узнают, как визиты почетных гостей повлияли на становление и развитие маленького уездного городка.</p><p></p><p></p><p></p> <p></p>", "shortDescription": "Тематические стенды с крупными копиями редких фотографий.", "min_price": 5, "max_price": 25, "link": "https://kursk.kassir.ru/muzey/dmitrievskiy-kraevedcheskiy-muzey-imeni-afvangengeyma/dmitrievskiy-kraevedcheskiy-muzey-imeni-afvangengeyma_2021-10-01", "status": "accepted", "updateDate": 1639486371328, "start": 1633068000000, "end": 1640012400000, "createDate": 1632226081721, "inAccepted": true, "acceptDate": 1639486371438, "image": {"author": "Л.Н.Хоботова", "name": "2a7b4ea6f47c450385c0da9fd91a3e73.jpeg", "realName": "Встреча М.Романова на станции.jpg", "source": "Архив музея"}, "photo": "https://pro.culture.ru/uploads/2a7b4ea6f47c450385c0da9fd91a3e73.jpeg", "gallery": [], "category": {"name": "Выставки", "sysName": "vystavki"}, "time": {"start": "2021-10-01 06:00:00", "end": "2021-12-20 15:00:00"}}]}