{"11728": [{"id": 1479586, "name": "Арт-вечеринка", "age": 12, "description": "<p>Арт-вечеринки – это новый формат мастер-классов по живописи, набирающий популярность среди тех, кто любит открывать для себя что-то новое и ищет интересные варианты для досуга. Вся прелесть таких мастер-классов в том, что вам не обязательно быть профессиональным живописцем или даже просто «уметь рисовать»! </p><p>Профессиональный художник – он же ведущий мероприятия – поделится секретами живописи и поможет нарисовать вашу первую картину на холсте. Таким образом, в течение 2 часов все желающие смогут открыть в себе новые творческие способности и создать свое произведение искусства.</p><p>Вдохновение, хорошее настроение и желание творить – вот что делает настоящими художниками! И после таких встреч искусство уже не покажется вам чем-то недосягаемым!</p><p>В стоимость билета входят: холст, акриловые краски, кисти.</p>", "shortDescription": "Мастер-класс для всех неравнодушных к искусству и живописи.", "min_price": 1000, "max_price": 1000, "link": "https://iframeab-pre1557.intickets.ru/event/12089947/", "status": "accepted", "updateDate": 1638341612480, "start": 1640365200000, "end": 1640372400000, "createDate": 1637745290516, "inAccepted": true, "acceptDate": 1638341617257, "image": {"author": "Культурный центр \"Вдохновение\"", "name": "7171c6e70d7bfe115faab8f8dd2ff5b3.jpeg", "realName": "christmas-items-on-green-background.jpg", "source": "Культурный центр \"Вдохновение\""}, "photo": "https://pro.culture.ru/uploads/7171c6e70d7bfe115faab8f8dd2ff5b3.jpeg", "gallery": [], "category": {"name": "Встречи", "sysName": "vstrechi"}, "time": {"start": "2021-12-24 17:00:00", "end": "2021-12-24 19:00:00"}}, {"id": 1446195, "name": "Спектакль «Вдохновленные движением»", "age": 12, "description": "<p>Один из самых ярких танцевальных коллектив города – театр «Балет «Москва» – приглашает на вечер современного танца и балета «Вдохновленные движением», фантастическое путешествие в мир танца, пластики, хореографии. </p><p>Программа вечера составлена так, чтобы идеально отразить все многообразие подходов и стилей в современной хореографии, а также удовлетворить самые разнообразные и взыскательные вкусы публики. Первое отделение составлено из ярчайших номеров из репертуара театра и идеально подойдет как постоянным зрителям, желающим за один вечер вновь погрузиться в лучшие моменты любимых спектаклей, так и для первого знакомства с театром:</p><ol><li>«Танцпол», хореограф – Йерун Вербрюгген (Бельгия).</li><li>«Эгопоинт», хореограф – Надежда Сайдакова (Германия).</li><li>«Крейцерова соната», хореограф – Роберт Бинет (Канада).</li><li>«Все пути ведут на север», хореограф – Карин Понтьес (Бельгия).</li><li>«Эквус», хореографы – Артем Игнатьев и Анастасия Кадрулева.</li><li>Synti &amp; Pon, хореографы – Артем Игнатьев и Анастасия Кадрулева.</li><li>«Эрос», хореограф – Аннабелль Лопез Очоа (Нидерланды).</li><li>«Кафе «Идиот», хореограф – Александр Пепеляев.</li></ol> <p> Во втором отделении будет представлен проект «Вдохновленные движением», в котором приняли участие три молодых российских хореографа: лауреат российской национальной театральной премии «Золотая маска» Владимир Варнава и номинанты премии Анастасия Кадрулева и Артем Игнатьев. </p><p>Подробнее – на <a href=\"https://v-v-v.ru/sobitie/vdohnovlennye-dvizheniem-gala-konczert-teatra-balet-moskva/\">сайте</a>.</p>", "shortDescription": "Гала-вечер театра «Балет «Москва».", "min_price": 700, "max_price": 2500, "link": "https://iframeab-pre1557.intickets.ru/seance/12059020/", "status": "accepted", "updateDate": 1636976862151, "start": 1638633600000, "end": 1638639000000, "createDate": 1636620869238, "inAccepted": true, "acceptDate": 1636976862198, "image": {"author": "театр «Балет Москва»", "name": "2827fce0d5e051a615f79b9cb81bd76b.jpeg", "realName": "1200x1800-1.jpg", "source": "театр «Балет Москва»"}, "photo": "https://pro.culture.ru/uploads/2827fce0d5e051a615f79b9cb81bd76b.jpeg", "gallery": [], "category": {"name": "Спектакли", "sysName": "spektakli"}, "time": {"start": "2021-12-04 16:00:00", "end": "2021-12-04 17:30:00"}}, {"id": 1339982, "name": "Спектакль «Пушкин и деньги»", "age": 6, "description": "<p>Спектакль «Пушкин и деньги» откроет вам личность гения с новой, неожиданной стороны. </p><p>Это не совсем спектакль. Это скорее беседа о таком же, как все, человеке, который по совместительству был гениальным поэтом. Безусловно, Пушкин – наше все, но при жизни он не был ни памятником, ни полным собранием сочинений. Он был человеком, который любил красиво одеваться, вкусно обедать и развлекаться с друзьями. Он был мужем и отцом, обеспечивал большую семью. Неужели все это было возможно на гонорары сочинителя? Сколько же стоили в XIX веке модный костюм Пушкина и подвенечное платье Натальи Гончаровой, аренда квартиры и дуэльные пистолеты?</p><p>Официальная зарплата Пушкина составляла 5 000 рублей в год – это много или мало? За одну строку (!) «Евгения Онегина» поэт получал от издателя 25 рублей ассигнациями – сколько же он получил за весь роман? Пушкин брал взаймы у императора Николая I – разве такое возможно? Великий поэт относился к деньгам крайне легкомысленно – как в это поверить? </p><p>Спектакль «Пушкин и деньги» – не просто знакомство с первым лицом русской литературы, но и своеобразный урок финансовой грамотности. Он будет интересен и взрослым, и детям, которые получают возможность окунуться в XIX век, в жизнь и быт великого творца, который меньше всего ассоциируется с материальными ценностями. </p><p>Спектакль будет особенно интересен зрителям старше 7 лет. </p><p>Малый зал, постановка идет без антракта.</p><p>Информация – по телефону: +7 (495) 197-71-77.<br /></p>", "shortDescription": "Веселый и познавательный литературно-экономический экскурс в быт и творчество великого поэта.", "min_price": 700, "max_price": 800, "link": "https://iframeab-pre1557.intickets.ru/seance/11996660/", "status": "accepted", "updateDate": 1632299114328, "start": 1639317600000, "end": 1639321200000, "createDate": 1632152192884, "inAccepted": true, "acceptDate": 1632299114336, "image": {"author": "Культурный центр \"Вдохновение\"", "name": "88c77a51cc515368485f6889ad7c0cff.jpeg", "realName": "01d3ba56e4e84a80b75580b5aefe.jpg", "source": "Культурный центр \"Вдохновение\""}, "photo": "https://pro.culture.ru/uploads/88c77a51cc515368485f6889ad7c0cff.jpeg", "gallery": [], "category": {"name": "Спектакли", "sysName": "spektakli"}, "time": {"start": "2021-12-12 14:00:00", "end": "2021-12-12 15:00:00"}}, {"id": 1339923, "name": "Спектакль «Энималз»", "age": 12, "description": "<p>Дон Нигро – один из самых публикуемых современных драматургов. Его перу принадлежат более 400 пьес. Многие их них образуют циклы. Цикл по истории США – с XVIII века до наших дней. Цикл русских пьес включает в себя такие произведения, как «Пушкин», «Гоголь», «Рыбак у озера тьмы» (о Льве Толстом), «Эмоциональная память» (об Антоне Чехове), «Русская пьеса», «Распутин», «Мандельштам». Героями пьес об искусстве и художниках являются Иероним Босх, Вермеер, Ван Гог, Пикассо и другие мастера. Пьесы Нигро были поставлены в театрах США, Латинской Америки, Европы, Австралии и Новой Зеландии, в Китае, Гонконге и, конечно, в России. </p><p>«Звериные истории» – это, пожалуй, самый известный цикл Дона Нигро, включающий несколько историй о диких и не очень животных, за которыми так любит наблюдать драматург. Утконосы, мыши, бурундуки, кошки, индюшки, коровы – каждый из зверей переживает свои проблемы, радости, трудности и пытается со всем этим справиться. А некоторые даже и не пытаются, а наоборот, превозносят их. Внимательный зритель без труда разглядит за ширмой звериных характеров человеческие судьбы. Возможно, взгляд со стороны и шанс посмотреть на ошибки братьев наших меньших помогут лучше узнать самих себя.</p><p>Подробнее – <a href=\"https://v-v-v.ru/sobitie/spektakl-enimalz/\">на сайте.</a></p><p> </p><p> </p><p></p> <p>Малый зал, продолжительность спектакля – 60 минут, постановка идет без антракта.</p><p>Информация – по телефону: +7 (495) 197-71-77.<br /></p>", "shortDescription": "Постановка театра Ad Astra по мотивам произведений американского драматурга Дона Нигро.", "min_price": 600, "max_price": 700, "link": "https://iframeab-pre1557.intickets.ru/seance/11990255/", "status": "accepted", "updateDate": 1632299117498, "start": 1636293600000, "end": 1636297200000, "createDate": 1632148452415, "inAccepted": true, "acceptDate": 1632299117507, "image": {"author": "«Театр Ad Astra»", "name": "a0f6840783b9ff507ef03b21072d8d90.jpeg", "realName": "subbotina (118 of 247).jpg", "source": "«Театр Ad Astra»"}, "photo": "https://pro.culture.ru/uploads/a0f6840783b9ff507ef03b21072d8d90.jpeg", "gallery": [], "category": {"name": "Спектакли", "sysName": "spektakli"}, "time": {"start": "2021-11-07 14:00:00", "end": "2021-11-07 15:00:00"}}, {"id": 1329840, "name": "Спектакль «Волшебный цветок»", "age": 0, "description": "<p> Спектакль рассказывает о том, что истинная красота человека заключается не в красоте его лица или наряда, а в его добром сердце и благородстве души. </p><p>Главные герои спектакля Данила (Святослав Иванов) и Ненила (Дарья Каденская) по велению волшебницы Певуньи (Ирина Баженова) получают волшебный цветок, проходят через испытания Бабы-яги (Олеся Петровская) и учатся совершать добрые поступки. Полная актерская отдача и вследствие этого динамичное действие, захватывающий сюжет неизменно превращают этот спектакль в праздник для зрителей. </p>", "shortDescription": "Музыкальная сказка Светланы Фоминой.", "min_price": 300, "max_price": 1200, "link": "https://iframeab-pre2043.intickets.ru/seance/11958240", "status": "accepted", "updateDate": 1640641916543, "start": 1633251600000, "end": 1633256400000, "createDate": 1631629508792, "inAccepted": true, "acceptDate": 1631778788442, "image": {"author": "ГБУК г. Москвы \"Московский музыкальный театр \"На Басманной\"", "name": "52c1a2806a61e2c0ebf30f8eda5e93a2.jpeg", "realName": "Tsvetok.jpg", "source": "www.mteatr.ru"}, "photo": "https://pro.culture.ru/uploads/52c1a2806a61e2c0ebf30f8eda5e93a2.jpeg", "gallery": [], "category": {"name": "Спектакли", "sysName": "spektakli"}, "time": {"start": "2021-10-03 09:00:00", "end": "2021-10-03 10:20:00"}}, {"id": 1322759, "name": "Гала-концерт Classic Night V", "age": 12, "description": "<p>Лучшие оперные и балетные номера – снова в Ясеневе!</p><p> </p><p></p><p>ClassicNight, или Вечер классики, – это подарок для всех любителей классического искусства. Уже в пятый раз в Большом зале центра выступят ведущие оперные певцы и артисты балета Большого театра России.</p><p></p><p></p><p>Программа вечера – настоящий праздник для любителей классики. Это хит-парад захватывающих балетных, оперных и инструментальных номеров, по праву входящих в сокровищницу мирового искусства.</p><p></p> <p>1-е отделение</p><p>– Танец куклы из балета «Коппелия» (комп. К.Делиб). Исполняют: ученица академии хореографии М.Глинская и солист Большого театра А.Калистратов;<br />– Этюды С.В.Рахманинова. Исполняют: фортепианный квартет Большого театра;<br />– Хореографический номер «Буржуа» (комп. Ж.Брель). Исполняет: солист Большого театра А.Калистратов;<br />– Каватина Розины из оперы «Севильский цирюльник» (комп. Дж.Россини). Исполняет: солистка Большого театра О.Горчаковская;<br /><a href=\"https://v-v-v.ru/sobitie/classicnightv-gala-konczert-artistov-opery-i-baleta-bolshogo-teatra/\">Еще...</a></p><p> </p><p> 2-е отделение</p> <p>– Танец басков из балета «Пламя Парижа» (комп.Б.Асафьев). Исполняют: артисты Большого театра В.Бондаренко, Ю.Шошин, А.Калистратов, Ю.Выборнов;<br />– Неаполитанская тарантелла (комп. Дж.Россини). Исполняет: солистка Большого театра О.Горчаковская;<br />– Ноктюрн (комп. Ф.Шопен). Исполняют: артисты Большого театра Е.Жукова (фортепиано) и А.Калашков (скрипка);<br /><a href=\"https://v-v-v.ru/sobitie/classicnightv-gala-konczert-artistov-opery-i-baleta-bolshogo-teatra/\">Еще...</a><a href=\"https://v-v-v.ru/sobitie/classicnightv-gala-konczert-artistov-opery-i-baleta-bolshogo-teatra/\"></a></p><p></p><p> Когда: 25 октября в 19:00<br />Где: Большой зал<br />Билеты: 800-2000 рублей<br />Продолжительность: 2 часа с одним антрактом<br />Информация: +7 (495) 197-71-77 <br /></p> <p></p>", "shortDescription": "Для гостей выступят выступят звезды главного театра России – Большого театра.", "min_price": 800, "max_price": 2000, "link": "https://iframeab-pre1557.intickets.ru/seance/11996454/", "status": "accepted", "updateDate": 1631436048144, "start": 1635177600000, "end": 1635184800000, "createDate": 1631261419036, "inAccepted": true, "acceptDate": 1631605897138, "image": {"author": "Культурный центр \"Вдохновение\"", "name": "cbff0d8d88c57eaa51e7f00db1f37fa3.jpeg", "realName": "╨║╨╛╨╜╤Ж╨╡╤А╤В 7╤П╨╜╨▓ - 16.jpg", "source": "Культурный центр \"Вдохновение\""}, "photo": "https://pro.culture.ru/uploads/cbff0d8d88c57eaa51e7f00db1f37fa3.jpeg", "gallery": [], "category": {"name": "Концерты", "sysName": "koncerty"}, "time": {"start": "2021-10-25 16:00:00", "end": "2021-10-25 18:00:00"}}, {"id": 1313127, "name": "Спектакль «Дело лорда Гольмика»", "age": 12, "description": "<p>Первая постановка спектакля по мотивам одноименной пьесы известного драматурга Михаила Бартенева.</p><p>Итак, детективная история начинается! Элизабет, Джордж и его жена Дороти получают известие о смерти своего дядюшки, лорда Гольмика, и приезжают на его похороны. Собравшись вместе, они начинают делить наследство, и выясняется, что все очень даже рады, что дядюшка наконец-то ушел в мир иной, да и деньги им будут не лишними.</p><p> </p><p>«Дело лорда Гольмика» – это иронический (!) детектив, в котором поднимаются сложные и важные вопросы доверия, дружбы, порядочности. А режиссер Иван Пачин добавляет в спектакль еще и размышления о сущности театра, игры актеров, традиционности и новаторстве в театральной среде.</p><p>Спектакль будет особенно интересен зрителям старше 10 лет, а также их родителям.</p> <p>Подробнее – на <a href=\"https://v-v-v.ru/sobitie/spektakl-delo-lorda-golmika/\" target=\"_blank\">сайте</a>.</p><p></p><p></p> ", "shortDescription": "Впервые на сцене – иронический детектив талантливого режиссера Ивана Пачина.", "min_price": 700, "max_price": 800, "link": "https://iframeab-pre1557.intickets.ru/seance/11988221", "status": "accepted", "updateDate": 1630936817370, "start": 1633874400000, "end": 1633878000000, "createDate": 1630924341622, "inAccepted": true, "acceptDate": 1631028055769, "image": {"author": "Московский областной театр кукол", "name": "ff7aab943e58bb474698b09425a267ad.jpeg", "realName": "b9deedb70aa527de865ca4c37ef640fe.jpeg", "source": "Московский областной театр кукол"}, "photo": "https://pro.culture.ru/uploads/ff7aab943e58bb474698b09425a267ad.jpeg", "gallery": ["https://pro.culture.ru/uploads/2927320a2ef692a50ef43626e9531487.jpeg", "https://pro.culture.ru/uploads/e27f5d757cbd686dcc234fb943270ebc.jpeg"], "category": {"name": "Спектакли", "sysName": "spektakli"}, "time": {"start": "2021-10-10 14:00:00", "end": "2021-10-10 15:00:00"}}, {"id": 1309001, "name": "Встреча клуба Dungeons & Dragons", "age": 12, "description": "<p>«Dungeon &amp; Dragons» – это мир фантазии и воображения, в который мы предлагаем отправиться вместе, чтобы попробовать стереть границы реальности, участвуя в испытаниях, на которые мы никогда бы не решились в реальной жизни. </p><p>«Dungeon &amp; Dragons» – это поле для экспериментов, где участники одновременно выступают в роли экспериментаторов и испытуемых, переживают за своих персонажей как за самих себя и испытывают настоящие эмоции, ведь происходящее в этом мире пропитано безграничным воображением. Но самое главное – что, играя, люди могут пообщаться, откинуть повседневные проблемы в сторону и просто весело провести время.</p><p>Ядро игры – грамотный сторителлинг. Вы и ваши друзья рассказываете совместную историю, проводя своих героев через поиски сокровищ, сражения со смертельными врагами, придворные интриги и многое другое.</p><p>Участников ждет полноценная 4-часовая партия с опытным мастером. </p><p>Где: кабинет 238<br />Информация: +7 (495) 197-71-77</p>", "shortDescription": "Вечер любителей легендарной настольной ролевой фэнтези-игры.", "min_price": 500, "max_price": 500, "link": "https://iframeab-pre1557.intickets.ru/event/11990512/", "status": "accepted", "updateDate": 1631006710802, "start": 1631365200000, "end": 1632589200000, "createDate": 1630665956565, "inAccepted": true, "acceptDate": 1631028176667, "image": {"author": "Культурный центр \"Вдохновение\"", "name": "9ad93f4bb35ab0fffb09d3a7e2693323.jpeg", "realName": "photo1630600863 (1).jpeg", "source": "Культурный центр \"Вдохновение\""}, "photo": "https://pro.culture.ru/uploads/9ad93f4bb35ab0fffb09d3a7e2693323.jpeg", "gallery": [], "category": {"name": "Встречи", "sysName": "vstrechi"}, "time": {"start": "2021-09-11 13:00:00", "end": "2021-09-25 17:00:00"}}, {"id": 1249574, "name": "Мюзикл My fair lady", "age": 18, "description": "<p>Классический американский мюзикл, созданный по пьесе Бернарда Шоу «Пигмалион», не раз возникал на отечественной сцене. В 2003 году этот спектакль был поставлен Московским музыкальным театром «На Басманной», превратившись в одну из ключевых постановок труппы. Сюжет заимствован из древнегреческого мифа о прекрасной Галатее – ожившей скульптуре, созданной ваятелем Пигмалионом.</p><p><span>В постановке Жанны Тертерян классический сюжет остается неизменным. Зрителю предстоит увидеть сразу несколько историй: превращение косноязычной цветочницы в даму высшего света и преображение автора уникальной методики самого профессора Хиггинса. Как и в любом настоящем мюзикле, важная роль здесь принадлежит хореографическому решению, созданному одним из мэтров современного танца – Геннадием Абрамовым.</span><br /></p><p>Продолжительность: 3 часа с одним антрактом.<br />Информация: +7 (495) 197-71-77.<br /></p>", "shortDescription": "Музыкальный, остроумный, красочный – мюзикл театра «На Басманной» снова на сцене «Вдохновения».", "min_price": 300, "max_price": 1500, "link": "https://iframeab-pre2043.intickets.ru/seance/11926672/", "status": "accepted", "updateDate": 1628684288251, "start": 1633273200000, "end": 1633284000000, "createDate": 1627909905113, "inAccepted": true, "acceptDate": 1628850412989, "image": {"author": "Театр \"На Басманной\"", "name": "fe51fcbc009c1c82c54d1aa666c370d2.jpeg", "realName": "IMG_7427 (2).jpg", "source": "Театр \"На Басманной\""}, "photo": "https://pro.culture.ru/uploads/fe51fcbc009c1c82c54d1aa666c370d2.jpeg", "gallery": [], "category": {"name": "Спектакли", "sysName": "spektakli"}, "time": {"start": "2021-10-03 15:00:00", "end": "2021-10-03 18:00:00"}}, {"id": 1242851, "name": "Спектакль «Здравствуйте, я ваша тетя!»", "age": 18, "description": "<p>Ну кто же не знает тетушку Чарли в исполнении потрясающего Александра Калягина? Кажется, едва ли можно переиграть блистательный фильм Виктора Титова… Но Жанна Тертерян, художественный руководитель театра и режиссер спектакля, – дама не робкого десятка! Она взяла оригинальную пьесу «Тетка Чарли» Уильяма Брэндона Томаса и сделала спектакль, который еще смешнее, ярче и увлекательнее фильма.</p><p>Ах, что это за пьеса! Написанная в 1892 году, она побила все мыслимые и немыслимые рекорды: первая лондонская постановка собирала полный зал 1 466 раз, а бродвейская постановка шла 4 года подряд!</p><p>Итак, действие происходит в Оксфорде, в среде студентов, чьи пылкие чувства сдерживаются материальными интересами старшего поколения. Джек Чесней и Чарли Уайкхем влюблены в Энни и Китти, но опекун девушек Спетлайг не хочет давать им приданое, а полковник Чесней разорен. Вся надежда на богатую тетушку Чарли – донну Люсию, которая должна приехать из Бразилии, «где много-много диких обезьян». Однако тетушка-миллионерша задерживается, вот-вот случится катастрофа… И тут на сцене появляется шикарный бездельник лорд Фрэнкерт Баберлей, для своих просто Бабс, и спасает положение.</p><p>Странные, невероятные, смешные, уморительные, музыкально-танцевальные обороты – суть комедии, что-то вроде витамина D, необходимого для того, чтобы почувствовать себя счастливым!</p><p>Большой зал, продолжительность – 2 часа 20 минут, спектакль идет с одним антрактом.</p><p>Информация: +7 (495) 197-71-77.<br /></p>", "shortDescription": "Комедия-фарс легендарного Московского музыкального театра «На Басманной».", "min_price": 300, "max_price": 1500, "link": "https://iframeab-pre2043.intickets.ru/seance/11922033", "needCheck": true, "status": "accepted", "updateDate": 1632303145806, "start": 1632582000000, "end": 1632591000000, "createDate": 1627555783200, "inAccepted": true, "acceptDate": 1632303145812, "image": {"author": "Музыкальный театр «На Басманной»", "name": "bbdde6b0ce28bc13805d2683984fe3bf.jpeg", "realName": "1f6a8756-1.jpg", "source": "Музыкальный театр «На Басманной»"}, "photo": "https://pro.culture.ru/uploads/bbdde6b0ce28bc13805d2683984fe3bf.jpeg", "gallery": [], "category": {"name": "Спектакли", "sysName": "spektakli"}, "time": {"start": "2021-09-25 15:00:00", "end": "2021-09-25 17:30:00"}}, {"id": 1242707, "name": "Оперетта-водевиль «Юбилей»", "age": 12, "description": "<p>Оперетта, в которую превратился чеховский «Юбилей», наверняка удивила бы самого автора. И, несомненно, порадовала. Во-первых, потому что его интерес к театру начался именно с оперетты. А во-вторых, потому что в этом спектакле есть все: сочные характеры, изящные движения, чудесная музыка, великолепные костюмы. Блистательный Чехов вернулся к зрителям в яркой современной форме!</p><p>Немного истории: в мае 1903 года представление пьесы «Юбилей» состоялось с большим успехом на сцене Александринского театра. Критики того времени писали: «Это была не пьеса, а сплошное щекотанье под мышками!», «Мы давно не помним такого хохота, какой стоял в театре во время представления этой пьесы», «Водевиль шел под несмолкаемый хохот публики».</p><p>Кстати, оперетта-водевиль «Юбилей» театра «На Басманной» – не просто невероятно смешной, но и остроактуальный спектакль. Ни один современный человек не останется равнодушным к истории, в которой замешаны большие деньги, солидный банк и легкомысленная женщина. </p> <p> </p><p>Большой зал, продолжительность – один час, спектакль идет без антракта.</p><p>Информация: +7 (495) 197-71-77.<br /></p>", "shortDescription": "Постановка по одноименной пьесе А. П. Чехова.", "min_price": 300, "max_price": 1200, "link": "https://v-v-v.ru/sobitie/operetta-vodevil-yubilej/", "status": "accepted", "updateDate": 1631344315645, "start": 1631977200000, "end": 1631980800000, "createDate": 1627552646125, "inAccepted": true, "acceptDate": 1631606020177, "image": {"author": "Музыкальный театр «На Басманной»", "name": "cc6c37cf899c8522351705a52088263d.jpeg", "realName": "img_1394-1.jpg", "source": "Музыкальный театр «На Басманной»"}, "photo": "https://pro.culture.ru/uploads/cc6c37cf899c8522351705a52088263d.jpeg", "gallery": [], "category": {"name": "Спектакли", "sysName": "spektakli"}, "time": {"start": "2021-09-18 15:00:00", "end": "2021-09-18 16:00:00"}}, {"id": 1073302, "name": "Гала-вечер театра «Балет «Москва»", "age": 12, "description": "<p>Программа вечера составлена так, чтобы идеально отразить все многообразие подходов и стилей в современной хореографии, а также удовлетворить самые разнообразные и взыскательные вкусы публики – и, подобно имиджевому рекламному ролику, представить монтаж самого лучшего по технике и самого зрелищного с точки зрения визуального искусства репертуара «Балета «Москва». Такой обзорный «монтаж» идеально подойдет как постоянным зрителям, желающим за один вечер вновь погрузиться в лучшие моменты любимых спектаклей, так и для первого знакомства с постановками театра.</p><p>В программу вечера вошли фрагменты из следующих спектаклей: «Танцпол», хореограф – Йерун Вербрюгген (Бельгия), «Эгопоинт», хореограф – Надежда Сайдакова (Германия), «Крейцерова соната», хореограф – Роберт Бинет (Канада), «Все пути ведут на север», хореограф – Карин Понтьес (Бельгия), «Эквус», хореографы – Артем Игнатьев и Анастасия Кадрулева, Synti &amp; Pon, хореографы – Артем Игнатьев и Анастасия Кадрулева, «Эрос», хореограф – Аннабелль Лопез Очоа (Нидерланды), «Кафе Идиот», хореограф – Александр Пепеляев. Также будет исполнен Inspirati Motus («Вдохновленные движением»). Хореографы – Владимир Варнава, Артем Игнатьев и Анастасия Кадрулева. </p>", "shortDescription": "Зрители увидят фрагменты лучших постановок коллектива.", "min_price": 700, "max_price": 2500, "link": "https://baletmoskva.ru/shows/gala-evening/", "status": "accepted", "updateDate": 1637911032116, "start": 1620572400000, "end": 1638639900000, "createDate": 1619087360256, "inAccepted": true, "acceptDate": 1637911032222, "image": {"author": "В. Черенков", "name": "14b53230720743e8a2d63fa7d1093942.jpeg", "realName": "Танцпол_В. Черенков .jpg", "source": "пресс-служба театра"}, "photo": "https://pro.culture.ru/uploads/14b53230720743e8a2d63fa7d1093942.jpeg", "gallery": [], "category": {"name": "Спектакли", "sysName": "spektakli"}, "time": {"start": "2021-05-09 15:00:00", "end": "2021-12-04 17:45:00"}}, {"id": 979465, "name": "Игра «ЯсенКвиз»", "age": 16, "description": "<p>Проявить свои интеллектуальные способности, окунувшись в соревновательную атмосферу, теперь можно с соблюдением социальной дистанции и со средствами индивидуальной защиты. </p><p>Команды от двух до шести игроков отвечают в ходе 6 раундов на 33 вопроса разной тематики: культура и искусство (обязательный раунд), а также спорт, география, история, литература и даже последние новости – круг вопросов не ограничен. Для участия достаточно подать заявку и в назначенное время прийти в Культурный центр «Вдохновение». Если у вас нет команды, просто отметьте это в онлайн-заявке, и мы обязательно подберем вам компанию.</p><p>В квизы уже давно играет весь мир, формат интеллектуальной викторины известен не только в Европе, но и в США и Латинской Америке. Мы проводим «ЯсенКвиз» с февраля 2019 года, и за это время его участниками стали более 300 человек. Присоединяйтесь к команде интеллектуалов! </p><p>Стоимость: 350 руб.<br /></p>", "shortDescription": "Культурный центр приглашает принять участие в популярной интеллектуальной игре.", "min_price": 350, "max_price": 350, "link": "https://iframeab-pre1557.intickets.ru/event/11965136/", "status": "accepted", "updateDate": 1629277510687, "start": 1631811600000, "end": 1639681200000, "createDate": 1614864009432, "inAccepted": true, "acceptDate": 1629278214573, "image": {"author": "Фото Габдрахмановой Зарины", "name": "abd08ed77546ccd59aad68747303ed87.jpeg", "realName": "0q7a5287-1.jpg", "source": "https://v-v-v.ru/"}, "photo": "https://pro.culture.ru/uploads/abd08ed77546ccd59aad68747303ed87.jpeg", "gallery": [], "category": {"name": "Встречи", "sysName": "vstrechi"}, "time": {"start": "2021-09-16 17:00:00", "end": "2021-12-16 19:00:00"}}, {"id": 750626, "name": "Шоу «Огонь, вода и громкие взрывы!»", "age": 6, "description": "<p>На научном шоу покажут, что наука – это захватывающее занятие. Яркое, поражающее и влюбляющее в физику, химию и другие естественные науки шоу!</p><p>Детское научное шоу – это серия невероятных опытов, которые не увидишь в школе, а если и увидишь, это будет не то и не так. Любой ребенок придет в восторг от увиденных воочию экспериментов! </p><p>Ребят ждет яркое познавательное шоу, охватывающее множество областей науки. Загадки сложнейших явлений будут разгаданы, а самые обыденные вещи предстанут в новом свете. </p><p>Все опыты, проводимые ведущими, абсолютно безопасны и безумно нравятся не только детям, но и взрослым.</p><p>Не затягивайте с покупкой до последнего дня: на это мероприятие билеты улетают очень быстро.</p>", "shortDescription": "Зрители узнают, может ли наука удивлять.", "min_price": 400, "max_price": 400, "link": "https://iframeab-pre1557.intickets.ru/seance/11960694/", "status": "accepted", "updateDate": 1630563933471, "start": 1630749600000, "end": 1630753200000, "createDate": 1601293780667, "inAccepted": true, "acceptDate": 1630572917784, "image": {"author": "Культурный центр \"Вдохновение\"", "name": "aab78d13d5fac769f9cab0e794e2cf61.jpeg", "realName": "2018-11-25 03.jpg", "source": "Культурный центр \"Вдохновение\""}, "photo": "https://pro.culture.ru/uploads/aab78d13d5fac769f9cab0e794e2cf61.jpeg", "gallery": ["https://pro.culture.ru/uploads/aa12ef79961efa4a762ca7d7e9d99c8c.jpeg", "https://pro.culture.ru/uploads/f6131a5f026ecc95e027d334ddffcc5d.jpeg", "https://pro.culture.ru/uploads/49936b958e0c0cdba7627614b89173a5.jpeg", "https://pro.culture.ru/uploads/d25190176f3ab4eb4f665d541c70c13a.jpeg"], "category": {"name": "Прочие", "sysName": "prochie"}, "time": {"start": "2021-09-04 10:00:00", "end": "2021-09-04 11:00:00"}}, {"id": 744958, "name": "Спектакль «Волшебник страны Оз»", "age": 6, "description": "<p>Спектакль театра «Балет Москва» создан по мотивам двух любимых многими поколениями произведений: детской книги американского писателя Баума «Удивительный волшебник из страны Оз» и книги А. Волкова «Волшебник Изумрудного города», где главной героиней стала девочка Элли.</p><p>Как сегодня рассказать эту историю на сцене? Непростую задачу с легкостью решают хореографы театра Анастасия Кадрулева и Артем Игнатьев, превратившие путешествие Элли в преодоление препятствий компьютерной игры, квеста, который стоит пройти всей семьей. </p><p> Современная хореография в сочетании с музыкой и мультимедиа погружают зрителя в атмосферу виртуального пространства. Здесь добрая девочка вовсе не теряется, а ловко проходит все сложности на пути домой. Она обретает новых друзей, учится ценить близких и помогать им. Здесь добро побеждает зло, а мечта становится реальностью. </p>", "shortDescription": "Спектакль для семейного просмотра.", "min_price": 1000, "max_price": 3000, "link": "https://baletmoskva.ru/shows/the-wizard-of-oz-land/", "needCheck": true, "status": "new", "updateDate": 1638121437616, "start": 1606651200000, "end": 1645284600000, "createDate": 1600845210555, "inAccepted": true, "acceptDate": 1629308864575, "image": {"author": "Т. Воронова", "name": "2f4906e16f7eec97d75eb76e21e4e9c9.jpeg", "realName": "Волшебник страны Оз_фото Т. Воронова.JPG", "source": "Пресс-служба театра"}, "photo": "https://pro.culture.ru/uploads/2f4906e16f7eec97d75eb76e21e4e9c9.jpeg", "gallery": ["https://pro.culture.ru/uploads/12b9597b1e96638bfeaa35416106e6af.jpeg", "https://pro.culture.ru/uploads/dc374036ee0eb5c05eddbcab2f441832.jpeg", "https://pro.culture.ru/uploads/cc3eb87c3ae7e706cd5ebaa3c3cfc868.jpeg", "https://pro.culture.ru/uploads/0b1c8b79758b7690c6c79bc424a58a8e.jpeg"], "category": {"name": "Спектакли", "sysName": "spektakli"}, "time": {"start": "2020-11-29 12:00:00", "end": "2022-02-19 15:30:00"}}]}