{"11083": [{"id": 1527954, "name": "Концерт «Старые весы»", "age": 0, "description": "<p>Каждому хоть раз в жизни приходилось сталкиваться с трудным выбором: любовь или долг, успех или одиночество, свобода или самоотречение… Великие композиторы, как и все люди, испытывали судьбу, делали свой трудный выбор и… писали музыку. У композиторов-романтиков эта музыка всегда о любви: восторженной и нежной, роковой и безответной, горячей и самоотверженной…</p><p>Вы услышите историю жизни трех главных композиторов эпохи романтизма: Роберта Шумана, Клары Вик и Иоганнеса Брамса. Прозвучат самые известные их сочинения, в том числе знаменитые «Венгерские танцы» Брамса.</p><p>Исполнители:</p><ul><li>Евгений Попов – скрипка;</li><li>Екатерина Охраминская – виолончель;</li><li>Петр Макаров – фортепиано;</li><li>Екатерина Ефремова – художественное слово.<br /></li></ul>", "shortDescription": "Гости услышат произведения Брамса, Шумана и др.", "min_price": 500, "max_price": 500, "link": "https://panel.quicktickets.ru/organisations/cash/view/853", "status": "accepted", "updateDate": 1639980704475, "start": 1642780800000, "end": 1642784400000, "createDate": 1639382900995, "inAccepted": true, "acceptDate": 1639980704650, "image": {"author": "Агапова", "name": "1a4aee0f1a4fa8d2b4527d28e788df72.jpeg", "realName": "для прокультуры.jpg", "source": "контакт"}, "photo": "https://pro.culture.ru/uploads/1a4aee0f1a4fa8d2b4527d28e788df72.jpeg", "gallery": [], "category": {"name": "Концерты", "sysName": "koncerty"}, "time": {"start": "2022-01-21 16:00:00", "end": "2022-01-21 17:00:00"}}, {"id": 1509426, "name": "Спектакль «Несколько дней из жизни господина де Мольера»", "age": 16, "description": "<p>Сцены удивительной судьбы великого драматурга разыграют на сцене восемь кукол – перчаточные и тростевые. А великолепная игра актеров в живом плане дополнит историю своим очарованием и реалистичностью.</p><p> </p><p>Вы переживете вместе с господином де Мольером несколько дней его насыщенной интересной творческой жизни. Музыка XV–XVI веков подчеркнет атмосферу тех далеких времен.</p><p> </p><p>Автор идеи: Сергей Репин.</p><p>Художественное оформление: Ольга Цылева.</p><p>Музыкальное оформление: Петр Макаров.</p><p> В спектакле заняты: Сергей Репин, Денис Дмитриев, Иван Песнев, Лилия Федосенко, Елизавета Досаева.</p><p></p> <p></p>", "shortDescription": "Постановка по роману Михаила Булгакова.", "min_price": 500, "max_price": 500, "link": "https://quicktickets.ru/murmansk-teatr-kukol/s819", "status": "accepted", "updateDate": 1639480104246, "start": 1642176000000, "end": 1642179600000, "createDate": 1638776194935, "inAccepted": true, "acceptDate": 1639480104439, "image": {"author": "Мария Агапова", "name": "7e528dde87bbf1f4c611e8cd1efd7092.jpeg", "realName": "dsc0299_800x563.jpg", "source": "https://www.murmankukla.ru/o-nas/novosti-teatra/409-mnogolikij-papa-karlo-xxi-veka-murmanskij-akter-sergej-repin-otmechaet-yubilej#sigplus_1001-3"}, "photo": "https://pro.culture.ru/uploads/7e528dde87bbf1f4c611e8cd1efd7092.jpeg", "gallery": [], "category": {"name": "Спектакли", "sysName": "spektakli"}, "time": {"start": "2022-01-14 16:00:00", "end": "2022-01-14 17:00:00"}}, {"id": 1072846, "name": "Спектакль «Саквояж доктора Чехова»", "age": 12, "description": "<p>Все развивается на фоне диалога у станционного буфета между доктором и буфетчиком. Они говорят, наблюдают за жизнью вокруг. Здесь, на вокзале, люди пребывают в остром состоянии встреч и разлук, у каждого героя своя судьба и история, своя проблема, которую, как багаж, носят с собой. Потому всякий рассказ и будет появляться из коробок и чемоданов. Множество цитат и персонажей сменяют друг друга, создавая единое полотно, дух времени и чеховское настроение безнадежности в попытке лучшей жизни, которое разрешается абсолютным освобождением в переходе в другой мир. И сам вокзал оказывается лишь залом ожидания этого перехода. А безнадега сменяется надеждой на хороший, счастливый финал.</p><p>В спектакле заняты заслуженный артист РФ Владимир Пьянков, заслуженная артистка РФ Наталья Петрунина, Денис Савельев, Валерия Песнева, Иван Песнев, Николай Мирошниченко, Лилия Федосенко, Тамара Лашина.</p>", "shortDescription": "Постановка по рассказам «Попрыгунья», «Толстый и тонкий», «Мальчики», «Злой мальчик» и др.", "min_price": 400, "max_price": 500, "link": "https://quicktickets.ru/murmansk-teatr-kukol/e86", "needCheck": true, "status": "accepted", "updateDate": 1640162099091, "start": 1621008000000, "end": 1648231200000, "createDate": 1619080756832, "inAccepted": true, "acceptDate": 1637219361594, "image": {"author": "Мария Агапова", "name": "f1835f5b68435ff34f879fa2b2eef5af.jpeg", "realName": "AJmOkG96ij0 (1).jpg", "source": "https://murmanpuppet.ru/spektakli/dlya-vzroslykh-i-podrostkov/448-sakvoyazh-doktora-chekhova"}, "photo": "https://pro.culture.ru/uploads/f1835f5b68435ff34f879fa2b2eef5af.jpeg", "gallery": [], "category": {"name": "Спектакли", "sysName": "spektakli"}, "time": {"start": "2021-05-14 16:00:00", "end": "2022-03-25 18:00:00"}}, {"id": 1003831, "name": "Спектакль «Эйнар и Брунила»", "age": 16, "description": "<p> Это не только гротесковая и лаконичная структура создаваемого действия, но и легкость, подвижность образов, создаваемых на сцене двумя актерами театра, которые «управляют» предметным миром и раскрывают перед зрителем богатую психологическую палитру двух главных героев.</p><p>Кроме интереса к фантастической стороне сюжета (крылатый человек женится на обычной девушке), авторы постановки исследуют путь от романтической встречи до сосуществования двух людей в пространстве дома, семьи.</p><p>В спектакле заняты Денис Дмитриев, Екатерина Ефремова.</p>", "shortDescription": "Музыкальный комикс.", "min_price": 400, "max_price": 500, "link": "https://quicktickets.ru/murmansk-teatr-kukol/e80", "status": "accepted", "updateDate": 1639724716255, "start": 1616853600000, "end": 1647019800000, "createDate": 1616151390403, "inAccepted": true, "acceptDate": 1639724716321, "image": {"author": "Мария Агапова", "name": "b2b5bc9a9ed9ab10df34695447104bf8.jpeg", "realName": "JCIjum9pK14.jpg", "source": "https://murmanpuppet.ru/spektakli/dlya-tekh-kto-postarshe-ot-12-let/398-ejnar-i-brunilla"}, "photo": "https://pro.culture.ru/uploads/b2b5bc9a9ed9ab10df34695447104bf8.jpeg", "gallery": [], "category": {"name": "Спектакли", "sysName": "spektakli"}, "time": {"start": "2021-03-27 14:00:00", "end": "2022-03-11 17:30:00"}}, {"id": 901953, "name": "Спектакль «Эшелон»", "age": 12, "description": "<p>Режиссер – Петр Васильев. Художник – Алевтина Торик. Композитор – Петр Макаров.</p><p>Публике и театру предстоит непростой разговор о том, что такое война. Это не песни о победе, не чистые гимнастерки, не новые пилотки, а жизнь и судьба целого народа и человека в отдельности. А подвиг не в том, чтобы убить как можно больше людей, а в том, чтобы при всех ужасах, творящихся вокруг, оставаться человеком.</p><p>В постановке заняты заслуженная артистка РФ Наталья Петрунина, Сергей Репин, Тамара Лашина, Лилия Федосенко, Иван Песнев, Екатерина Дмитриева, Валерия Песнева.</p>", "shortDescription": "В основу композиции легли произведения В. Астафьева, Н. Никулина, Д. Гранина.", "min_price": 400, "max_price": 500, "link": "https://quicktickets.ru/murmansk-teatr-kukol/s709", "needCheck": true, "status": "accepted", "updateDate": 1640162476611, "start": 1613907000000, "end": 1645810200000, "createDate": 1611216401759, "inAccepted": true, "acceptDate": 1636378133928, "image": {"author": "Мария Агапова", "name": "bb8687c217ea9f3395e046c5ff496561.jpeg", "realName": "19.06.20_Сдача театр военных действий2.jpg", "source": "http://www.murmanpuppet.ru/spektakli/dlya-tekh-kto-postarshe-ot-16-let/336-eshelon"}, "photo": "https://pro.culture.ru/uploads/bb8687c217ea9f3395e046c5ff496561.jpeg", "gallery": ["https://pro.culture.ru/uploads/3b9123c9d2f9d7791b9d178b0b4d8936.jpeg", "https://pro.culture.ru/uploads/ce0a5781e53a36ce60d68192a30a8b98.jpeg", "https://pro.culture.ru/uploads/605e69980f6f02e4980a2ba24dfc86b3.jpeg", "https://pro.culture.ru/uploads/b833f720b696f22e89cad4a5becf4e02.jpeg", "https://pro.culture.ru/uploads/02fdcf7d9323472cffffab6104052995.jpeg"], "category": {"name": "Спектакли", "sysName": "spektakli"}, "time": {"start": "2021-02-21 11:30:00", "end": "2022-02-25 17:30:00"}}, {"id": 423396, "name": "Спектакль «Маленькие трагедии»", "age": 12, "description": "<p>В июне 2019 года исполняется 220 лет со дня рождения А. С. Пушкина. К этой дате Мурманский областной театр кукол готовит спектакль «Маленькие трагедии», в который войдут все четыре драматические сцены: «Скупой рыцарь», «Моцарт и Сальери», «Каменный гость» и «Пир во время чумы».</p><p> Постановщики решили сделать трагедии в прямом смысле маленькими, уменьшив их до кукольного формата и несколько сократив классический текст, чтобы продолжительность действия была не более полутора часов.</p><p> Трагедии будут представлены в четырех разных системах кукол. Например, «Скупой» разыграется перчаточными куклами, как петрушечное балаганное представление, и получит жанровый подзаголовок «трагифарс». Моцарта сыграет воздушная марионетка, управляемая нитями сверху, что должно подчеркнуть божественную природу его таланта. В «Чуме» куклы будут, словно чехлы, набитые соломой. </p>", "shortDescription": "Трагедии к 220-летию со дня рождения А. С. Пушкина в четырех разных системах кукол.", "min_price": 400, "max_price": 500, "link": "https://quicktickets.ru/murmansk-teatr-kukol/e9", "needCheck": true, "status": "accepted", "updateDate": 1640162704025, "start": 1559836800000, "end": 1644600600000, "createDate": 1558605424333, "inAccepted": true, "acceptDate": 1629890462429, "image": {"author": "Мария Агапова", "name": "0b19e02300fe59139922375b97d8722c.jpeg", "realName": "1557580842_sajt.jpg", "source": "https://murmanpuppet.ru/spektakli/dlya-tekh-kto-postarshe-ot-12-let/214-malen-kie-tragedii"}, "photo": "https://pro.culture.ru/uploads/0b19e02300fe59139922375b97d8722c.jpeg", "gallery": [], "category": {"name": "Спектакли", "sysName": "spektakli"}, "time": {"start": "2019-06-06 16:00:00", "end": "2022-02-11 17:30:00"}}, {"id": 112865, "name": "Спектакль «Горькая память войны»", "age": 6, "description": "<p>Театр считает своим долгом обращаться к теме войны и Великой Победы. Поэтому в репертуаре театра красной нитью проходит спектакль «Горькая память войны», к которому у молодых актеров особое трепетное отношение.</p><p>В основу пьесы легли архивные материалы – письма детей, прошедших через весь ужас войны. Вместе с ними зрители переживают страх, боль, превозмогают горе и потери. Но также мечтают, смеются, поют и верят в Победу! В устах героев спектакля воспоминания обретают вторую жизнь, заставляя зрителей взглянуть на нынешний мир другими глазами. Спектакль станет часом осознания, важным уроком для юных граждан страны…</p>", "shortDescription": "В основу пьесы легли архивные материалы – письма детей, прошедших через весь ужас войны.", "min_price": 300, "max_price": 300, "link": "https://quicktickets.ru/murmansk-teatr-kukol/s611", "status": "accepted", "updateDate": 1629807154108, "start": 1493892000000, "end": 1643389200000, "createDate": 1490793158630, "inAccepted": true, "acceptDate": 1629890466383, "image": {"author": "Мария Агапова", "name": "27aad8deaa3052f827a8d2b15e76162f.jpg", "realName": "_DSC0003.jpg", "source": "https://murmanpuppet.ru/spektakli/ot-3-kh-let-i-starshe/171-gor-kaya-pamyat-vojny"}, "photo": "https://pro.culture.ru/uploads/27aad8deaa3052f827a8d2b15e76162f.jpg", "gallery": [], "category": {"name": "Спектакли", "sysName": "spektakli"}, "time": {"start": "2017-05-04 10:00:00", "end": "2022-01-28 17:00:00"}}]}