{"11614": [{"id": 1392027, "name": "Открытый районный конкурс «А ну-ка, девушки!» – «Девчата»", "age": 6, "description": "<p>Открытый районный конкурс «А, ну-ка, девушки!» – «Девчата» ежегодно проходит в Кольском районном Центре культуры, в нем принимают участие команды девушек до 6 человек в возрасте от 17 до 35 лет из Кольского района и Мурманской области. Конкурс состоит из 4 творческих заданий, которые девушки готовили заранее до своего выступления.</p><p> В этом году вам предстоит увидеть на сцене настоящее шоу голливудского масштаба. Ведь в этом году тема конкурса «Кино». У каждой команды есть шанс побороться за первенство и выиграть главный приз конкурса. Приходите поддержать команды.</p>", "shortDescription": "Со сцены участницы покажут, как они справились с выполнением творческих заданий.", "min_price": 100, "link": "https://widget.afisha.yandex.ru/w/sessions/NTMxNXwyNDkxOTB8MjEyNzA5fDE2MzY4ODc2MDAwMDA=?clientKey=c667e23b-a10e-4683-9ee9-1e564173d55a&embed=true&widgetName=w1", "status": "accepted", "updateDate": 1634894335779, "start": 1636887600000, "end": 1636902000000, "createDate": 1634226999669, "inAccepted": true, "acceptDate": 1634894335801, "image": {"author": "крцк", "name": "4385a48d987b13e04944166570759565.jpeg", "realName": "fv2czZpEGXE.jpg", "source": "крцк"}, "photo": "https://pro.culture.ru/uploads/4385a48d987b13e04944166570759565.jpeg", "gallery": [], "category": {"name": "Концерты", "sysName": "koncerty"}, "time": {"start": "2021-11-14 11:00:00", "end": "2021-11-14 15:00:00"}}, {"id": 1386404, "name": "Конкурс «Кольские жемчужинки»", "age": 0, "description": "<p>Открытый районный конкурс среди воспитанниц ДОУ «Кольские Жемчужинки» популярен не только в Кольском районе. В нем ежегодно принимают участие девочки до 7 лет из г. Мурманска и Мурманской области. </p><p>Конкурс позволяет выявить талантливых, артистичных детей. Участницы приготовят творческие номера, споют, станцуют, придумают и изготовят костюмы, нарисуют проекты на различные темы.<br /></p><p>В 2021 году тема конкурса – «Взгляд в будущее». Он посвящен Году науки и технологий в России. Зрители могут не только насладиться концертными номерами, но и поболеть за любимых участников.</p>", "shortDescription": "Конкурс выявит талантливых дошкольниц, создаст условия для развития детского творчества.", "min_price": 100, "link": "https://widget.afisha.yandex.ru/w/sessions/NTMxNXwyNDgxMTJ8MjEyNzA5fDE2MzU2NzgwMDAwMDA=?clientKey=c667e23b-a10e-4683-9ee9-1e564173d55a", "status": "accepted", "updateDate": 1635173015540, "start": 1638097200000, "end": 1638111600000, "createDate": 1634055713872, "inAccepted": true, "acceptDate": 1635173015551, "image": {"author": "крцк", "name": "dbebcbaa50b43e6b90db6942f3d0a4c6.jpeg", "realName": "Кольские Жемчужинки для яа.jpg", "source": "крцк"}, "photo": "https://pro.culture.ru/uploads/dbebcbaa50b43e6b90db6942f3d0a4c6.jpeg", "gallery": [], "category": {"name": "Концерты", "sysName": "koncerty"}, "time": {"start": "2021-11-28 11:00:00", "end": "2021-11-28 15:00:00"}}]}