{"12430": [{"id": 1399822, "name": "Гастрономический мастер-класс «Пельмени»", "age": 12, "description": "<p>Пельмени – одно из самых популярных блюд, известное в различных кухнях мира под разными названиями.<br /></p><p>«Пельнянь» – так удмурты называют пельмени. «Пель» переводится как ухо, а «нянь» – хлеб, то есть – «хлебное ушко». Действительно, пельмень похож на ухо. Начинки могут быть самые разнообразные: мясо, грибы, овощи, рыба, творог, брюква и даже дикорастущие травы.</p><p>С 2015 года в рамках развития бренда «Удмуртия – родина пельменей!» в республике проводится фестиваль «Всемирный день пельменя».</p><p>Еще в недавнем прошлом существовала традиция стряпать пельмени всей семьей. Участники мастер-класса попадут в уютную атмосферу совместного досуга и смогут создать популярное кулинарное блюдо своими руками.</p>", "shortDescription": "Участники научатся готовить пельмени.", "min_price": 550, "link": "https://quicktickets.ru/izhevsk-centr-dpir/s36", "status": "accepted", "updateDate": 1635163283430, "start": 1636716600000, "end": 1636981200000, "createDate": 1634630029955, "inAccepted": true, "acceptDate": 1635163283456, "image": {"author": "Конышева Е.В.", "name": "5da8bffb9d0aa1b58db45dc3f2246a1d.jpeg", "realName": "ПельмениСГрибами.jpg", "source": "Архив фотографий АУК УР НЦДПИиР"}, "photo": "https://pro.culture.ru/uploads/5da8bffb9d0aa1b58db45dc3f2246a1d.jpeg", "gallery": ["https://pro.culture.ru/uploads/e753ee95b90da0ca01ac8693d0e23d9d.jpeg", "https://pro.culture.ru/uploads/6b2873957e4003f8e59fd3d3f2d53033.jpeg", "https://pro.culture.ru/uploads/237f7f32d4dea88c3dd6055c9663ce28.jpeg", "https://pro.culture.ru/uploads/ceb5716fa54ddf1733b2fd38b40db194.jpeg", "https://pro.culture.ru/uploads/84e0ce404f81003ae8c3ff04b1e09afd.jpeg"], "category": {"name": "Обучение", "sysName": "obuchenie"}, "time": {"start": "2021-11-12 11:30:00", "end": "2021-11-15 13:00:00"}}, {"id": 1375355, "name": "Экскурсия по Национальному центру декоративно-прикладного искусства и ремесел", "age": 6, "description": "<p>Здание Национального центра является памятником культурного наследия, которому более 200 лет. Опытный экскурсовод проведет вас по потаенным тропам удмуртской мифологии и культуры удмуртов, познакомит с некоторыми направлениями декоративно-прикладного искусства. Вы посетите мастерские, в которых рождаются уникальные произведения из бересты и соломки, познакомитесь с удмуртским национальным костюмом в мастерской росписи по дереву, разгадаете тайну старинных орнаментов в мастерской традиционного ткачества, услышите как звучат удмуртские музыкальные инструменты.</p>", "shortDescription": "Знакомство с финно-угорской культурой и посещение мастерских декоративно-прикладного искусства.", "min_price": 150, "link": "https://quicktickets.ru/izhevsk-centr-dpir/s13", "status": "accepted", "updateDate": 1635318728653, "start": 1634018400000, "end": 1640260800000, "createDate": 1633600119035, "inAccepted": true, "acceptDate": 1635318731650, "image": {"author": "Конышева Е.В.", "name": "6b2a568c6fea115d4baa12607bd0f18a.jpeg", "realName": "20210216_155848_.jpg", "source": "Архив АУК УР НЦДПИиР"}, "photo": "https://pro.culture.ru/uploads/6b2a568c6fea115d4baa12607bd0f18a.jpeg", "gallery": ["https://pro.culture.ru/uploads/67add3a3c816fbbe22b71bcabc10af31.jpeg", "https://pro.culture.ru/uploads/0b2dfb88345b9efb22490950cb1f80c1.jpeg", "https://pro.culture.ru/uploads/f28b685ce91bbeab3a2a26a13b35ed84.jpeg", "https://pro.culture.ru/uploads/93932d1a91996ad0c5c449db7a9d1141.jpeg", "https://pro.culture.ru/uploads/4f8d63e3ad710329d7a44a183999b1f0.jpeg"], "category": {"name": "Экскурсии", "sysName": "ekskursii"}, "time": {"start": "2021-10-12 06:00:00", "end": "2021-12-23 12:00:00"}}, {"id": 1375112, "name": "Мастер-класс «Браслет тканый»", "age": 12, "description": "<p>Удмуртия издревле славится мастерами-ткачами. Благодаря научной поддержке ученых, изучению материалов археологических и этнографических фондов историко-краеведческих музеев, частных коллекций, встречам с мастерами – носителями традиции, экспедициям были восстановлены утраченные и забытые методы и приемы ткачества.</p><p>Сегодня мастера по узорному ткачеству на высоком уровне представляют Удмуртскую Республику на международных, всероссийских, межрегиональных и региональных выставках и фестивалях по декоративно-прикладному искусству.<br /></p><p>На занятии вы научитесь старинному ремеслу ткачества на берде, погрузитесь в мир финно-угорской мифологии, магии орнаментов и испытаете радость творчества, соткав своими руками красивый браслет.</p>", "shortDescription": "Мастер-класс знакомит со старинной технологией ткачества на бердо.", "min_price": 250, "link": "https://quicktickets.ru/izhevsk-centr-dpir/e2", "status": "accepted", "updateDate": 1635413223014, "start": 1634288400000, "end": 1639119600000, "createDate": 1633596989742, "inAccepted": true, "acceptDate": 1635413223019, "image": {"author": "Конышева Е.В.", "name": "ceef8d22ee53fafbe90ea6e50e3bcf6c.jpeg", "realName": "20130124_140948_.jpg", "source": "Архив АУК УР НЦДПИиР"}, "photo": "https://pro.culture.ru/uploads/ceef8d22ee53fafbe90ea6e50e3bcf6c.jpeg", "gallery": ["https://pro.culture.ru/uploads/765fef7f5be39b0f94f0e94b5804d19e.jpeg", "https://pro.culture.ru/uploads/f0c2ddf8184f6271da895600d8a6f078.jpeg", "https://pro.culture.ru/uploads/06a1ca53ac9c3f410b4af7dc20abb072.jpeg"], "category": {"name": "Обучение", "sysName": "obuchenie"}, "time": {"start": "2021-10-15 09:00:00", "end": "2021-12-10 07:00:00"}}, {"id": 1336018, "name": "Гастрономический мастер-класс «Перепечи»", "age": 12, "description": "<p><span>Окунуться в мир удмуртского гостеприимства и традиций можно, посетив мастер-класс «Перепечи». </span><span>Перепечи – исконно <span> </span>удмуртское блюдо, которое по праву считается одним из символом Удмуртской республики. </span><span>Перепечи изготавливаются с разными начинками. Н</span><span><span>а мастер-классе вы научитесь стряпать перепечи с капустой под руководством шеф-поваров национальной кухни. Они поделятся<span> </span>с вами<span> </span>секретами приговления перепечей</span></span><span>.</span></p><p><span>В программу входит экскурсия по Национальному центру декоративно-прикладного искусства и ремесел. Здание Центра </span><span>является памятником культурного наследия, которому более 200 лет. Опытный экскурсовод проведет вас по потаенным тропам удмуртской мифологии и культуры удмуртов. Вы посетите творческие мастерские, в которых рождаются уникальные произведения декоративно-прикладного искусства. Роспись по дереву, удмуртские музыкальные инструменты, традиционное ткачество, плетение из соломы, удивительные изделия из бересты по праву считаются наследием и культурным достоянием удмуртского народа. </span></p> <p><span>После экскурсии в уютной гостиной Центра вас ждет чаепитие с ароматным травяным чаем и свежеиспеченными перепечами. </span></p><p><span>Длительность – 1,5–2 часа. </span><br /></p><p></p>", "shortDescription": "Как приготовить самое популярное блюдо национальной удмуртской кухни.", "min_price": 450, "link": "https://quicktickets.ru/izhevsk-centr-dpir/e1", "status": "accepted", "updateDate": 1635163302259, "start": 1632924000000, "end": 1639573200000, "createDate": 1631876365822, "inAccepted": true, "acceptDate": 1635163302278, "image": {"author": "Конышева Елена Васильевна", "name": "005bd09add41e34ab23b6796d4a11f2e.jpeg", "realName": "ПерепечиСУткой.jpg", "source": "Архив фотографий АУК УР «Национальный центр декоративно-прикладного искусства и ремёсел»"}, "photo": "https://pro.culture.ru/uploads/005bd09add41e34ab23b6796d4a11f2e.jpeg", "gallery": ["https://pro.culture.ru/uploads/016a75ab79e77720adc2e06ae24376ad.jpeg", "https://pro.culture.ru/uploads/84f3ec92c3c6a978afb362a18549aeea.jpeg", "https://pro.culture.ru/uploads/6b2f6d4be1c5b97f9feb82bd37f8df6a.jpeg", "https://pro.culture.ru/uploads/ec3ea07d9763494e4436f3ca2f447629.jpeg", "https://pro.culture.ru/uploads/e4839d5527e232c8973a0f684d75a096.jpeg", "https://pro.culture.ru/uploads/4b642b806a136a58c78f9ae48f16c239.jpeg", "https://pro.culture.ru/uploads/7205cce2b7c58fc032467d039bf361a4.jpeg", "https://pro.culture.ru/uploads/e13d42ccec0fb201bb1b77aa9c5d337d.jpeg"], "category": {"name": "Обучение", "sysName": "obuchenie"}, "time": {"start": "2021-09-29 14:00:00", "end": "2021-12-15 13:00:00"}}]}