{"12307": [{"id": 1529656, "name": "Выставки «Пять символов счастья» и «Музыкальное волшебство»", "age": 0, "description": "<p>Посетители в рамках проекта Государственного Эрмитажа в Казанском Кремле увидят шедевры китайской коллекции XVII–XX веков и удивительные и редкие механические и музыкальные экспонаты XVIII–XX веков из фондов Музея «Собрание». </p><p>Выставки дают возможность познакомиться с 294 экспонатами, которые раскрывают удивительный мир образов и символов искусства Поднебесной. Это хрупкий и изящный фарфор, расписанный в сложнейшей технике эмалевыми красками, поражающие воображение резные изделия из нефрита, лака, дерева и слоновой кости, перегородчатые и расписные эмали, мебель, а также вышитые шелка. Посетители увидят часть коллекции механических кукол и автоматонов Музея «Собрание», единственная в своем роде в России и признанная экспертами одной из лучших в мире.</p>", "shortDescription": "Посещение двух экспозиций.", "min_price": 400, "max_price": 500, "link": "https://tickets-pc.kazan-kremlin.ru/ru/#id=282", "needCheck": true, "status": "accepted", "updateDate": 1639897428694, "start": 1639728000000, "end": 1643554800000, "createDate": 1639401279697, "inAccepted": true, "acceptDate": 1639651878606, "image": {"author": "Мушарапова Альфия Василовна", "name": "b5cd1b2c16857f8e6d2bd09bcd082a2c.jpeg", "realName": "485-УВЗ  Barnett Samuel and Sons Ltd Граммофон   Около 1910 г._3.JPG", "source": "www.kazan-kremlin.ru"}, "photo": "https://pro.culture.ru/uploads/b5cd1b2c16857f8e6d2bd09bcd082a2c.jpeg", "gallery": [], "category": {"name": "Выставки", "sysName": "vystavki"}, "time": {"start": "2021-12-17 08:00:00", "end": "2022-01-30 15:00:00"}}, {"id": 1512466, "name": "Встреча «Искатели счастья, или Тайны китайской картинки»", "age": 6, "description": "<p><span>Центр «Эрмитаж-Казань» приглашает отправиться в путешествие в Поднебесную за поисками счастья и разгадать секреты новогодних китайских картин няньхуа. </span></p><p><span>На ярких рисунках скрывается множество символов, способных принести счастье и исполнить желания в Новом году. </span><span>Участникам предстоит их расшифровать и понять, какие тайны они хранят. Гости узнают, почему 100 лет назад няньхуа сжигали в Китае, а сегодня они ценятся во всем мире, и найдут символы счастья в китайских изделиях из фарфора, металла, которые расписаны эмалевыми красками, из нефрита, дерева и слоновой кости. Рассматривая, играя, отгадывая, гости соберут все «счастья» и создадут свою китайскую картину, приносящую то, что пожелается в Новом году!</span></p><p style=\"text-align:justify\"><span> </span></p><p>Необходима предварительная запись: +7 (843) 567-80-32, +7 (843) 567-80-34.</p><p></p> <p></p>", "shortDescription": "Новогодняя программа по выставке «Пять символов счастья».", "min_price": 300, "max_price": 300, "link": "https://tickets-pc.kazan-kremlin.ru/ru/#id=282&sid=521", "needCheck": true, "status": "accepted", "updateDate": 1639643504087, "start": 1639900800000, "end": 1641459600000, "createDate": 1638858280228, "inAccepted": true, "acceptDate": 1639479380106, "image": {"author": "Мушарапова Альфия Василовна", "name": "f55ca7d2fe3b4f9e48eb14c9958ce18b.jpeg", "realName": "DSC09966.jpg", "source": "www.kazan-kremlin.ru"}, "photo": "https://pro.culture.ru/uploads/f55ca7d2fe3b4f9e48eb14c9958ce18b.jpeg", "gallery": [], "category": {"name": "Встречи", "sysName": "vstrechi"}, "time": {"start": "2021-12-19 08:00:00", "end": "2022-01-06 09:00:00"}}, {"id": 1505420, "name": "Экскурсия «Навстречу счастью вслед за синим тигром»", "age": 6, "description": "<p><span>Посетители узнают об особенностях китайского Нового года, о том, какие новогодние пожелания зашифрованы в произведениях китайского искусства. Участники экскурсии познакомятся с яркими и загадочными няньхуа – новогодними народными картинами; отправятся в императорский дворец, наполненный сказочным фарфором и удивительной мебелью; узнают об особенностях новогодних благопожеланий и главных символах китайского Нового года. </span></p><p><span>Экскурсовод расскажет о том, как одевались, что дарили и ели китайцы во дворцах и хижинах. Таинственные изображения и замысловатые ребусы откроются и станут понятны участникам новогодней экскурсии на выставке «Пять символов счастья».</span></p><p style=\"text-align:justify\"><span></span></p><p><span>Необходима предварительная запись</span><span>: +7 (843) 567-80-32, +7 (843) 567-80-34.</span></p> <p></p>", "shortDescription": "Новогодняя программа в рамках выставки «Пять символов счастья».", "min_price": 200, "max_price": 350, "link": "https://tickets-pc.kazan-kremlin.ru/ru/#id=282&sid=521", "needCheck": true, "status": "accepted", "updateDate": 1639643719873, "start": 1639829700000, "end": 1641736800000, "createDate": 1638535053595, "inAccepted": true, "acceptDate": 1639643710495, "image": {"author": "Мушарапова Альфия Василовна", "name": "b1a582308ee60b052524f9e34e02a5aa.jpeg", "realName": "2021-09-17 15-18-53.JPG", "source": "www.kazan-kremlin.ru"}, "photo": "https://pro.culture.ru/uploads/b1a582308ee60b052524f9e34e02a5aa.jpeg", "gallery": [], "category": {"name": "Экскурсии", "sysName": "ekskursii"}, "time": {"start": "2021-12-18 12:15:00", "end": "2022-01-09 14:00:00"}}, {"id": 1505414, "name": "Интерактивная программа «Джук-бокс, или Новогодняя музыкальная коробочка»", "age": 0, "description": "<p><span>Участникам программы расскажут, как научить говорить куклу, спрятать целый оркестр в шкатулке и заставить часы петь. Это будет увлекательное новогоднее путешествие</span><span> в красочный, шумный, веселый мир механических музыкальных инструментов и предметов. </span></p><p><span></span><span>Н</span><span>а выставке </span><span>гости узнают, как развивалась звукозапись,<span> </span>какие механизмы получили название «оркестрион» и «автоматон», как праздничные гуляния проводились в Европе и в России и как бой курантов стал символом Нового года. Во время творческого занятия, познакомившись с произведениями из коллекции Музея «Собрание», они смогут создать</span><span> свой музыкальный автомат – джук-бокс</span><span> – коробочку </span><span>для новогодних сладостей</span><span>.</span></p><p style=\"text-align:justify\"><span> </span></p> <p>Необходима предварительная запись! Телефоны: +7 (843) 567-80-32, +7 (843) 567-80-34.</p><p></p> <p></p>", "shortDescription": "Выставка «Музыкальное волшебство», мастер-класс.", "min_price": 300, "max_price": 350, "link": "https://tickets-pc.kazan-kremlin.ru/ru/#id=282&sid=521", "needCheck": true, "status": "accepted", "updateDate": 1640178434737, "start": 1639825200000, "end": 1641722400000, "createDate": 1638535010590, "inAccepted": true, "acceptDate": 1639397064938, "image": {"author": "Мушарапова Альфия Василовна", "name": "92037e834039c63b2af0a3c75848d0f5.jpeg", "realName": "604-ММП  Manufacture de Limonaires Marc Fournier Орган уличный 'Orchestrophone'   1990-е гг._1.JPG", "source": "www.kazan-kremlin.ru"}, "photo": "https://pro.culture.ru/uploads/92037e834039c63b2af0a3c75848d0f5.jpeg", "gallery": [], "category": {"name": "Встречи", "sysName": "vstrechi"}, "time": {"start": "2021-12-18 11:00:00", "end": "2022-01-09 10:00:00"}}, {"id": 1504711, "name": "Программа «Новогоднее путешествие в мир волшебных существ»", "age": 6, "description": "<p><span>Отправляйтесь в новогоднее музейное путешествие в Поднебесную. Вы узнаете о волшебных существах, способных принести счастье в Новом году. Драконы и фениксы познакомят вас с символами долголетия, богатства и радости в китайском искусстве. Раскройте секрет летучей мышки, приносящей удачу, узнайте, почему карп сулит успех в карьере и на экзаменах, и познакомьтесь с легендой о жабе, которая проглотила золотую монету и стала богатой. </span></p><p><span>Новогоднее настроение, познавательные игры и увлекательные задания ждут детей и родителей на выставке «Пять символов счастья. Благопожелания в китайском искусстве XVII–XX веков из собрания Государственного Эрмитажа». Приходите, узнавайте, разгадывайте, собирайте, сочиняйте и становитесь счастливее.</span></p><p style=\"text-align:justify\"><span></span></p><p><span>Необходима предварительная запись по т</span><span>елефонам: +7 (843) 567-80-32, +7 (843) 567-80-34.</span></p> <p></p>", "shortDescription": "Знакомство с выставкой.", "min_price": 300, "max_price": 300, "link": "https://tickets-pc.kazan-kremlin.ru/ru/#id=282&sid=521", "status": "accepted", "updateDate": 1639663682240, "start": 1639822500000, "end": 1641643200000, "createDate": 1638527711157, "inAccepted": true, "acceptDate": 1639663682338, "image": {"author": "Мушарапова Альфия Василовна", "name": "698900b004a51f6da3521bccd6da6b5c.jpeg", "realName": "DSC09251.jpg", "source": "www.kazan-kremlin.ru"}, "photo": "https://pro.culture.ru/uploads/698900b004a51f6da3521bccd6da6b5c.jpeg", "gallery": [], "category": {"name": "Встречи", "sysName": "vstrechi"}, "time": {"start": "2021-12-18 10:15:00", "end": "2022-01-08 12:00:00"}}, {"id": 1504701, "name": "Программа «Family travel. Путешествие в мир волшебных существ»", "age": 6, "description": "<p><span>Гости узнают о волшебных существах, способных принести счастье в Новом году. Драконы и фениксы познакомят с символами счастья, долголетия, богатства и радости в китайском искусстве. Раскроется секрет летучей мышки, приносящей счастье, почему карп приносит успех в карьере и экзаменах, состоится знакомство с легендой о жабе, которая проглотила золотую монету и стала богатой. </span></p><p><span>Новогоднее настроение, познавательные игры и увлекательные задания ждут детей и родителей на выставке «Пять символов счастья. Благопожелания в китайском искусстве XVII–XX веков из собрания Государственного Эрмитажа». </span></p><p>Необходима предварительная запись! <span>Телефоны: +7 (843) 567-80-32, (843) 567-80-34.</span></p> <p></p>", "shortDescription": "Интерактивное мероприятие на татарском языке по выставке «Пять символов счастья».", "min_price": 300, "max_price": 300, "link": "https://tickets-pc.kazan-kremlin.ru/ru/#id=282&sid=521", "needCheck": true, "status": "accepted", "updateDate": 1639644076220, "start": 1639818000000, "end": 1641636000000, "createDate": 1638527547577, "inAccepted": true, "acceptDate": 1639374129972, "image": {"author": "Мушарапова Альфия Василовна", "name": "c5f686c867adf3ce7bec1408fa88b438.jpeg", "realName": "DSC04002.jpg", "source": "www.kazan-kremlin.ru"}, "photo": "https://pro.culture.ru/uploads/c5f686c867adf3ce7bec1408fa88b438.jpeg", "gallery": [], "category": {"name": "Встречи", "sysName": "vstrechi"}, "time": {"start": "2021-12-18 09:00:00", "end": "2022-01-08 10:00:00"}}, {"id": 1503983, "name": "Выставка «Музыкальное волшебство. Механические куклы и антикварные редкости XVIII–XX вв.»", "age": 0, "description": "<p><span>Новогодняя экспозиция, посвященная удивительным и редким экспонатам из фондов крупнейшего частного музея Европы, созданного российским меценатом Давидом Якобашвили и его сыном Михаилом. </span></p><p><span></span><span>Экспозиция познакомит с собранными за многие годы антикварными редкостями:</span><span> автоматонами, </span><span>самоиграющими музыкальными инструментами, механическими куклами. Несмотря на различия в конструкции, форме, декоре, все они объединены единым признаком – наличием оригинального музыкального </span><span>механизма. <span>Представленные экспонаты наглядно демонстрируют ключевые изобретения в истории механической музыки и дают представление об эволюции разнообразных носителей звука и развитии звукозаписи. </span></span></p><p><span><span></span></span><span>Каждый посетитель получит аудиогид, который познакомит с коллекцией музея и воспроизведет звуки и видео механических кукол и антикварных редкостей<span>.</span> </span></p><p style=\"text-align:justify\"><span> </span></p><p>Необходима предварительная запись!</p> <p>Телефоны: +7 (8435) 67-80-32, +7 (8435) 67-80-34.</p><p></p> <p></p>", "shortDescription": "Экспозиция, составленная из коллекции музея «Собрание» (г. Москва).\n", "min_price": 150, "max_price": 200, "link": "https://tickets-pc.kazan-kremlin.ru/ru/#id=282&sid=422", "needCheck": true, "status": "accepted", "updateDate": 1639644101559, "start": 1639728000000, "end": 1645974000000, "createDate": 1638519635920, "inAccepted": true, "acceptDate": 1639139669246, "image": {"author": "Мушарапова Альфия Василовна", "name": "e5303d9fe4743718c53b20267199f4a0.jpeg", "realName": "2417.1-5-ММП  Blaise Bontems_ Vincenti et Cie Автоматон музыкальный 'Поющие птички' с часами   1860-е гг._24.JPG", "source": "www.kazan-kremlin.ru"}, "photo": "https://pro.culture.ru/uploads/e5303d9fe4743718c53b20267199f4a0.jpeg", "gallery": [], "category": {"name": "Выставки", "sysName": "vystavki"}, "time": {"start": "2021-12-17 08:00:00", "end": "2022-02-27 15:00:00"}}, {"id": 1397957, "name": "Образовательная программа «Китайское путешествие, или Поиск секретных символов и смыслов»", "age": 0, "description": "<p> Участники отправятся в удивительное путешествие по Китаю, в мир загадочных изображений и скрытых смыслов, познакомятся с предметами, которые принадлежали императорам Поднебесной и раскроют тайну их счастливой жизни. Гости научатся различать материалы и техники китайского искусства, находить их в предметах, узнают о том, почему карп, петух и лев приносят успех в учебе и карьере, а изображение обезьяны на китайских предметах – долголетие и бессмертие, разгадают символы, зашифрованные в предметах выставки. </p><p>Необходима предварительная запись по телефону. Программа рассчитана для групп от 10 до 30 человек.</p>", "shortDescription": "Участники познакомятся с китайским искусством XVII–XX веков из собрания Государственного Эрмитажа.", "min_price": 300, "max_price": 300, "link": "https://tickets-pc.kazan-kremlin.ru/ru/#id=282&sid=424", "status": "accepted", "updateDate": 1638891366782, "start": 1634626800000, "end": 1640970000000, "createDate": 1634557063367, "inAccepted": true, "acceptDate": 1634816607714, "image": {"author": "Мушарапова Альфия Василовна", "name": "98c7cb266855261ab4a30470c5e94f44.jpeg", "realName": "Китайское путешествие или поиск секретных 1 символов и смыслов3.jpg", "source": "www.kazan-kremlin.ru"}, "photo": "https://pro.culture.ru/uploads/98c7cb266855261ab4a30470c5e94f44.jpeg", "gallery": [], "category": {"name": "Встречи", "sysName": "vstrechi"}, "time": {"start": "2021-10-19 07:00:00", "end": "2021-12-31 17:00:00"}}, {"id": 1397917, "name": "Выставка «Анатолийский бриз»", "age": 0, "description": "<p>В экспозиции будут представлены 44 работы самых известных живописцев Турции, работающих в различных жанрах. Подобная масштабная выставка, объединяющая в себя столь разноплановые произведения таких именитых художников Турции, как Деврим Эрбиль, Ялчын Гекчебаг, Эргин Инан, Февзи Каракоч, Гюрбюз Доган Экшиоглу, Махир Гювен, Метин Калкызоглу, Неврес Акын, Рашит Алтун, Ресуль Айтемур, Захит Бююкишлейен, впервые экспонируется в Казани. </p><p>Большинство художников впервые посетят Казань в рамках выставки, а также станут участниками творческих встреч с местными деятелями искусства. Несмотря на разнообразие жанров, которые будут представлены&nbsp;– от философского сюрреализма до лирического абстракционизма и экспрессионизма , живописцев объединяет приверженность традициям турецкого изобразительного искусства, тяготеющего к нефигуративной живописи, и мотивы, отражающие историю и традиции турецкого народа, культуру Анатолии, любовь к своей стране, народу и прекрасному городу Стамбулу.</p>", "shortDescription": "Экспозиция работ самых известных турецких художников.", "min_price": 100, "max_price": 150, "link": "https://tickets-pc.kazan-kremlin.ru/ru/#id=282&sid=422", "status": "accepted", "updateDate": 1638891366782, "start": 1634799600000, "end": 1636902000000, "createDate": 1634556615920, "inAccepted": true, "acceptDate": 1634816612820, "image": {"author": "Мушарапова Альфия Василовна", "name": "a6aa1e42fbca237a9c10bd9ff1a260db.jpeg", "realName": "IaT31tMGEDA.jpg", "source": "www.kazan-kremlin.ru"}, "photo": "https://pro.culture.ru/uploads/a6aa1e42fbca237a9c10bd9ff1a260db.jpeg", "gallery": [], "category": {"name": "Выставки", "sysName": "vystavki"}, "time": {"start": "2021-10-21 07:00:00", "end": "2021-11-14 15:00:00"}}, {"id": 1393699, "name": "Аудиогид по выставке «Пять символов счастья»", "age": 0, "description": "<p>Аудиогид содержит информацию, которой нет в текстах к экспонатам на выставке. Он составлен куратором проекта, научным сотрудником отдела Востока Государственного Эрмитажа Лидией Викторовной Поточкиной. С помощью голосового помощника не нужно читать этикетки, чтобы узнать о произведениях, достаточно только переключать кнопку на аудиогиде и наслаждаться знакомством с удивительным миром Поднебесной!</p><p> </p><p>Стоимость аудиоэкскурсии включает в себя стоимость входного билета на выставку в Центр «Эрмитаж-Казань». </p>", "shortDescription": "Знакомство с экспонатами выставки.", "min_price": 250, "max_price": 550, "link": "https://tickets-pc.kazan-kremlin.ru/ru/#id=282", "needCheck": true, "status": "accepted", "updateDate": 1640267134403, "start": 1634284800000, "end": 1672498800000, "createDate": 1634294503415, "inAccepted": true, "acceptDate": 1639713467535, "image": {"author": "Мушарапова Альфия Василовна", "name": "4041fcaadb91db54fd4d0a7b2e91598f.jpeg", "realName": "аудиогид  3.JPG", "source": "www.kazan-kremlin.ru"}, "photo": "https://pro.culture.ru/uploads/4041fcaadb91db54fd4d0a7b2e91598f.jpeg", "gallery": [], "category": {"name": "Экскурсии", "sysName": "ekskursii"}, "time": {"start": "2021-10-15 08:00:00", "end": "2022-12-31 15:00:00"}}, {"id": 1393006, "name": "Экскурсия по выставке «Пять символов счастья»", "age": 0, "description": "<p>Экскурсия познакомит с шедеврами богатейшей китайской коллекции всемирно известного музея. Посетителям будет рассказано о пожеланиях счастья на примере декоративно-прикладного искусства Китая XVII–XX веков. Экскурсанты научатся расшифровывать предметы искусства, например, вазу, и разгадывать все скрытые в ней пожелания – долголетия, богатства, успехов в карьере, рождения сыновей и мира. На экскурсии будет рассказано о сложнейших техниках в искусстве Китая – о традициях производства изделий из красного лака, технике перегородчатой эмали, история происхождения китайского фарфора и об уникальном сохранившимся в Эрмитаже собрании «китайской народной картинки» – няньхуа.</p><p>Необходима предварительная запись по телефону. Программа для групп от 10 человек до 30 человек.</p>", "shortDescription": "Рассказ об экспонатах для организованной группы посетителей.", "min_price": 300, "max_price": 350, "link": "https://tickets-pc.kazan-kremlin.ru/ru/#id=282&sid=484", "status": "accepted", "updateDate": 1638891366782, "start": 1634284800000, "end": 1640970000000, "createDate": 1634284629400, "inAccepted": true, "acceptDate": 1634536938300, "image": {"author": "Мушарапова Альфия Василовна", "name": "da75f1d3ea44388b1671195dac0fbf4e.jpeg", "realName": "Символы.jpg", "source": "www.kazan-kremlin.ru"}, "photo": "https://pro.culture.ru/uploads/da75f1d3ea44388b1671195dac0fbf4e.jpeg", "gallery": [], "category": {"name": "Экскурсии", "sysName": "ekskursii"}, "time": {"start": "2021-10-15 08:00:00", "end": "2021-12-31 17:00:00"}}, {"id": 1275203, "name": "Выставка «Пять символов счастья»", "age": 0, "description": "<p> Уникальный выставочный проект Государственного Эрмитажа в Казанском кремле знакомит зрителей с шедеврами богатейшей китайской коллекции всемирно известного музея.<br /></p><p>Пожелания счастья, долголетия, богатства, успехов в карьере, рождения сыновей и мира были воплощены в произведениях самого разного материала и в самых искусных техниках. От императорского дворца до крестьянской хижины язык этих символов был понятен всем жителям Китая.<br /></p><p>Хрупкий и изящный фарфор, расписанный в сложнейшей технике эмалевыми красками, поражающие воображение резные изделия из нефрита, лака, дерева и слоновой кости, чарующие перегородчатые и расписные эмали, мебель, а также вышитые шелка. </p>", "shortDescription": "Удивительный мир образов и символов искусства Поднебесной.", "min_price": 150, "max_price": 300, "link": "https://tickets-pc.kazan-kremlin.ru/ru/#id=282&sid=422", "status": "accepted", "updateDate": 1638891366782, "start": 1630479600000, "end": 1640970000000, "createDate": 1629113192705, "inAccepted": true, "acceptDate": 1634200768380, "image": {"author": "Конюхов Сергей Дмитриевич", "name": "e4d2791e40343cb9dfa77fda587be2d7.jpeg", "realName": "a2c5cb86-3d5e-49d8-aed7-74e56e295649-1150x766.jpg", "source": "https://kazan-kremlin.ru/"}, "photo": "https://pro.culture.ru/uploads/e4d2791e40343cb9dfa77fda587be2d7.jpeg", "gallery": [], "category": {"name": "Выставки", "sysName": "vystavki"}, "time": {"start": "2021-09-01 07:00:00", "end": "2021-12-31 17:00:00"}}, {"id": 1244753, "name": "Игра-квест «В поисках клада»", "age": 12, "description": "<p> Игра «В поисках клада» – это альтернатива традиционной экскурсии по Казанскому кремлю, квест для школьников и студентов или, другими словами, это прогулка по древней крепости. Во время своих поисков участники вспоминают древние легенды о Казанском ханстве и самой красивой царице Казани Сююмбике, считают купола Благовещенского собора и минареты мечети Кул Шариф, отмеряют шаги в разные стороны света от заданной в зашифрованном письме точки. Долгое путешествие по Кремлю заканчивается дележом клада в соответствии с «кодексом чести», принятым среди искателей сокровищ. </p>", "shortDescription": "Интерактивная экскурсия по Казанскому кремлю.", "min_price": 450, "max_price": 450, "link": "https://tickets-pc.kazan-kremlin.ru/ru/#id=282&sid=424", "status": "accepted", "updateDate": 1638891366782, "start": 1632574800000, "end": 1638021600000, "createDate": 1627633472594, "inAccepted": true, "acceptDate": 1631516344212, "image": {"author": "Конюхов Сергей Дмитриевич", "name": "60322c138210223e74c0365a55855e54.jpeg", "realName": "microsoftteams-image-1150x767.jpg", "source": "https://kazan-kremlin.ru/"}, "photo": "https://pro.culture.ru/uploads/60322c138210223e74c0365a55855e54.jpeg", "gallery": [], "category": {"name": "Встречи", "sysName": "vstrechi"}, "time": {"start": "2021-09-25 13:00:00", "end": "2021-11-27 14:00:00"}}, {"id": 1244527, "name": "Цикл лекций «Век Титанов. Великие мастера Возрождения»", "age": 12, "description": "<p> Италия XVI столетия являлась центром развития мировой художественной культуры. На территории этой страны рождается большое количество мастеров, внесших огромнейший вклад в развитие искусства. В эту эпоху рождаются мастера, изменившие мир. Их творения являются достоянием не только Италии, но и всего человечества. </p><p>Во время своих лекций методист сектора специальных программ научно-просветительного отдела Государственного Эрмитажа Виктория Яковлевна Снеговская расскажет о художниках эпохи Возрождения. </p>", "shortDescription": "Посетители узнают о выдающихся художниках эпохи Возрождения.", "min_price": 100, "max_price": 100, "link": "https://tickets-pc.kazan-kremlin.ru/ru/#id=282&sid=443", "status": "accepted", "updateDate": 1638891366782, "start": 1636441200000, "end": 1636639200000, "createDate": 1627630532007, "inAccepted": true, "acceptDate": 1634849840909, "image": {"author": "Мушарапова Альфия Василовна", "name": "956ea9ee0530b34a83437d53e8ca9551.jpeg", "realName": "DSCF1168.jpg", "source": "www.kazan-kremlin.ru"}, "photo": "https://pro.culture.ru/uploads/956ea9ee0530b34a83437d53e8ca9551.jpeg", "gallery": [], "category": {"name": "Обучение", "sysName": "obuchenie"}, "time": {"start": "2021-11-09 07:00:00", "end": "2021-11-11 14:00:00"}}, {"id": 1243445, "name": "Цикл лекций «Символика и традиция в искусстве позднеимперского Китая»", "age": 12, "description": "<p> Научный сотрудник Эрмитажа Константин Константинович Петров расскажет о том, почему олени приносят успех, а летучие мыши – счастье, о мифологии и народных верованиях в китайском искусстве. </p><p>Лекторий проходит в рамках выставки «Пять символов счастья. Благопожелания в китайском искусстве XVII – XX веков из собрания Государственного Эрмитажа» и рассказывает о культуре Китая, которая отличается своей непрерывностью и традиционностью. В стране сохранились традиционные представления, система понятий и образных символов, которые возникли больше пяти тысяч лет назад. </p><p>Среди сюжетов и мотивов декора в китайском искусстве можно встретить изображения, навеянные легендами и преданиями, которые отражают культовые и религиозные представления, обращаются к историческим событиям, к литературе и образным выражениям. </p>", "shortDescription": "Рассказ о мифологии и народных верованиях в китайском искусстве.", "min_price": 100, "max_price": 100, "link": "https://tickets.kazan-kremlin.ru/ru/#id=1", "status": "accepted", "updateDate": 1638891366782, "start": 1634029200000, "end": 1634229000000, "createDate": 1627564965705, "inAccepted": true, "acceptDate": 1631516299129, "image": {"author": "Конюхов Сергей Дмитриевич", "name": "01574cb0d2defdea2226f9c55c28016f.jpeg", "realName": "21dea8a6e7a81824139984626e282469.jpeg", "source": "https://kazan-kremlin.ru/"}, "photo": "https://pro.culture.ru/uploads/01574cb0d2defdea2226f9c55c28016f.jpeg", "gallery": [], "category": {"name": "Обучение", "sysName": "obuchenie"}, "time": {"start": "2021-10-12 09:00:00", "end": "2021-10-14 16:30:00"}}, {"id": 1243412, "name": "Цикл лекций «Скрытые знаки в китайском искусстве»", "age": 12, "description": "<p>Куратор выставки «Пять символов счастья. Благопожелания в китайском искусстве XVII – XX веков из собрания Государственного Эрмитажа», научный сотрудник Отдела Востока Государственного Эрмитажа – Лидия Викторовна Поточкина расскажет об удивительном символичном языке Поднебесной, отраженном в предметах из хрупкого фарфора, резного лака и расписной эмали, ткани, резьбе по нефриту, дерева и слоновой кости. Культура Китая отличается своей непрерывностью и традиционностью. В стране сохранились традиционные представления, система понятий и образных символов, которые возникли больше пяти тысяч лет назад. Среди сюжетов и мотивов декора в китайском искусстве можно встретить изображения, навеянные легендами и преданиями, которые отражают культовые и религиозные представления, обращаются к историческим событиям, к литературе и образным выражениям.</p>", "shortDescription": "Посетители узнают об удивительном символичном языке Поднебесной.", "min_price": 150, "max_price": 150, "link": "https://tickets-pc.kazan-kremlin.ru/ru/#id=282&sid=443", "status": "accepted", "updateDate": 1638891366782, "start": 1634022000000, "end": 1634220000000, "createDate": 1627564427423, "inAccepted": true, "acceptDate": 1633702192094, "image": {"author": "Конюхов Сергей Дмитриевич", "name": "11d515172d8018a568e2d720510d9556.jpeg", "realName": "529f898a33bfaf7d5f41a016d0e50c3b.jpeg", "source": "https://kazan-kremlin.ru/"}, "photo": "https://pro.culture.ru/uploads/11d515172d8018a568e2d720510d9556.jpeg", "gallery": [], "category": {"name": "Обучение", "sysName": "obuchenie"}, "time": {"start": "2021-10-12 07:00:00", "end": "2021-10-14 14:00:00"}}, {"id": 1243359, "name": "Экскурсия по выставке «Пять символов счастья»", "age": 12, "description": "<p> Экскурсия познакомит с шедеврами богатейшей китайской коллекции всемирно известного музея. Будет рассказано о пожеланиях счастья на примере декоративно-прикладного искусства Китая XVII-XX веков. Экскурсанты научатся расшифровывать предметы искусства, например, вазу и разгадывать все скрытые в ней пожелания – долголетия, богатства, успехов в карьере, рождения сыновей и мира. На экскурсии будет рассказано о сложнейших техниках в искусстве Китая – о традициях производства изделий из красного лака, технике перегородчатой эмали, история происхождения китайского фарфора и об уникальном сохранившимся в Эрмитаже собрании «китайской народной картинки»‎ – няньхуа. </p>", "shortDescription": "Гости познакомятся с удивительным миром образов и символов искусства Поднебесной.", "min_price": 200, "max_price": 350, "link": "https://tickets-pc.kazan-kremlin.ru/ru/#id=282&sid=423", "status": "accepted", "updateDate": 1640587631405, "start": 1630677600000, "end": 1643547600000, "createDate": 1627563608765, "inAccepted": true, "acceptDate": 1640587632735, "image": {"author": "Конюхов Сергей Дмитриевич", "name": "22ef515261275164364a2223adf8000c.jpeg", "realName": "DSC02041.jpg", "source": "https://kazan-kremlin.ru/"}, "photo": "https://pro.culture.ru/uploads/22ef515261275164364a2223adf8000c.jpeg", "gallery": [], "category": {"name": "Встречи", "sysName": "vstrechi"}, "time": {"start": "2021-09-03 14:00:00", "end": "2022-01-30 13:00:00"}}]}