{"12740": [{"id": 1531987, "name": "Программа «Вокруг елки»", "age": 12, "description": "<p style=\"margin-left:0px\"><span>Чтобы новогодние праздники были яркими и запоминающимися, нужно обязательно создавать себе праздничное настроение. </span></p> <p style=\"margin-left:0px\"><span>В эти сказочно-волшебные дни гости окунутся в атмосферу новогодней сказки и станут героями незабываемого путешествия, где их ждут невероятные приключения и чудесные герои сказки Э. Гофмана «Щелкунчик и Мышиный король».</span></p> <p style=\"margin-left:0px\"><span>Детей и их родителей ждет <span> </span>выставка «Елка во все времена», где они узнают интересные факты об истории Нового года в России, а также вспомнят новогодние традиции.</span></p> <p style=\"margin-left:0px\"><span>На мастер-классе смогут создать своими руками один из главных символов и украшение праздника – рождественскую звезду, а в рамках квеста «Как украсить елку» разгадают загадки Деда Мороза и сами нарядят настоящую елку.</span></p> <p>Продолжительность – 60 минут.</p> <p>Мероприятия пройдут с соблюдением всех санитарно-эпидемиологических норм.</p> <p>Количество мест ограничено. Телефон для записи: +7 (3532) 61-60-26</p>", "shortDescription": "Красочное новогоднее представление для детей и родителей.", "min_price": 300, "link": "https://orenburg.kassir.ru/frame/action/124966?key=2ada6142-4db5-c839-b0b3-74cd40820c05&WIDGET_3132290872=dtf07d65mlfq3t8bvsc10rahdh", "status": "accepted", "updateDate": 1639567102083, "start": 1640426400000, "end": 1641380400000, "createDate": 1639476389890, "inAccepted": true, "acceptDate": 1639500905846, "image": {"author": "ExposureToday / 48 images", "name": "8172a54f8d587c2cbc02e9251da95c83.jpeg", "realName": "Елка.jpg", "source": "https://pixabay.com/ru/photos/%d1%80%d0%be%d0%b6%d0%b4%d0%b5%d1%81%d1%82%d0%b2%d0%b5%d0%bd%d1%81%d0%ba%d0%b0%d1%8f-%d0%b5%d0%bb%d0%ba%d0%b0-%d0%b5%d0%bb%d0%be%d1%87%d0%bd%d1%8b%d0%b5-%d1%83%d0%ba%d1%80%d0%b0%d1%88%d0%b5%d0%bd%d0%b8%d1%8f-3017885/"}, "photo": "https://pro.culture.ru/uploads/8172a54f8d587c2cbc02e9251da95c83.jpeg", "gallery": [], "category": {"name": "Праздники", "sysName": "prazdniki"}, "time": {"start": "2021-12-25 10:00:00", "end": "2022-01-05 11:00:00"}}, {"id": 1500003, "name": "Новогодний квест «Колдовстворец»", "age": 12, "description": "<p>Среди Уральских гор спряталась древняя Академия чародейства. «Колдовстворец» – это не просто школа, а крупный магический культурный, политический и социальный центр. Основан он был тысячу лет назад Хозяйкой Медной горы, и с тех пор под его сводами волшебники обучаются колдовским наукам.</p> <p>Новый год – особенный праздник для колдунов, ведь с ним в мир приходят невероятные чудеса, и именно с него начинается учебный год в Академии чародейства! «Колдовстворец» набирает новых учеников. Волшебные двери распахнуты, и древний замок затаился в ожидании юных колдунов и колдуний.</p> <p>Дар чародейства дан не каждому. Чтобы стать учеником Академии, необходимо доказать свои способности и пройти проверку знаний. Начинающих магов ждут пять испытаний по истории и культуре древних славян. Волшебные сказочные персонажи укажут им верный путь, а познавательный квест поможет лучше узнать забытые народные традиции. Гостей ждут увлекательные испытания и незабываемые впечатления. </p><p></p><p>Количество участников в команде – от 8 до 20 человек.</p><p>Подробности – по телефону +7 (3532) 77-08-50.</p><p></p>", "shortDescription": "Участники познакомятся с историей славянской мифологии.", "min_price": 300, "link": "https://orenburg.kassir.ru/frame/action/124173?key=2ada6142-4db5-c839-b0b3-74cd40820c05&WIDGET_3132290872=h7dg02vqamfj8663af1bv3dv80", "status": "accepted", "updateDate": 1639394181887, "start": 1639652400000, "end": 1640435400000, "createDate": 1638433198794, "inAccepted": true, "acceptDate": 1639116431274, "image": {"author": "Ольга Гончарова", "name": "5b29275339dccf4bd4750fc905706473.jpeg", "realName": "170207_6421.jpg", "source": "Архив Оренбургской универсальной научной библиотеки им. Н.К. Крупской"}, "photo": "https://pro.culture.ru/uploads/5b29275339dccf4bd4750fc905706473.jpeg", "gallery": [], "category": {"name": "Встречи", "sysName": "vstrechi"}, "time": {"start": "2021-12-16 11:00:00", "end": "2021-12-25 12:30:00"}}, {"id": 1384316, "name": "Экскурсия по Литературному музею", "age": 0, "description": "<p>Литературный музей Оренбургской областной универсальной научной библиотеки им. Н. К. Крупской был открыт в мае 2013 года.</p> <p>В его фондах хранятся книги с автографами, многочисленные документы (неопубликованные произведения оренбургских писателей, письма, рецензии). Изобразительный ряд представлен подлинными картинами и гравюрами пушкинской тематики оренбургских художников Н. Ф. Соколова, В. С. Боброва, Н. Е. Царева, А. Ф. Преснова, скульптора Н. Г. Петиной.</p> <p>В рамках мероприятия посетители узнают о писателях, связанных с Оренбуржьем: А. Пушкине, В. Дале, С. Аксакове, Т. Шевченко. Познакомятся с интерактивной литературной картой и уникальной коллекцией оренбургской повести А. С. Пушкина «Капитанская дочка», насчитывающей около 250 изданий на 34 языках народов мира. </p><p></p> <p style=\"margin-left:0px\">Экскурсанты побывают в исторических особняках купцов В. Чистозвонова и Е. И. Иванова, смогут сфотографироваться в интерьерах.</p>", "shortDescription": "Знакомство с биографией и творчеством писателей, связанных с Оренбургским краем.", "min_price": 100, "link": "https://orenburg.kassir.ru/frame/event/919417?key=2ada6142-4db5-c839-b0b3-74cd40820c05&WIDGET_3132290872=i22rqphv75hekoo98l24af74hb", "status": "accepted", "updateDate": 1634559776367, "start": 1634015400000, "end": 1640869200000, "createDate": 1634023866333, "inAccepted": true, "acceptDate": 1634559776438, "image": {"author": "Ольга Гончарова", "name": "85664fa87649786d5bc58559312badcc.jpeg", "realName": "lit_muzey.jpg", "source": "Архив Оренбургской областной универсальной научной библиотеки им.  Н. К. Крупской"}, "photo": "https://pro.culture.ru/uploads/85664fa87649786d5bc58559312badcc.jpeg", "gallery": [], "category": {"name": "Экскурсии", "sysName": "ekskursii"}, "time": {"start": "2021-10-12 05:10:00", "end": "2021-12-30 13:00:00"}}, {"id": 1383965, "name": "Экскурсия «Прогулки по Николаевской»", "age": 0, "description": "<p>Опытный экскурсовод проведет по главной улице областного центра – улице Советской, которая в разные годы носила название Николаевской, Губернской, и познакомит со знаковыми местами и зданиями,<span> </span>связанными с именами известных писателей и поэтов: А. А. Григорьевым, В. И. Далем, Г. Р. Державиным, М. М. Джалилем, В. А. Жуковским, И. А. Крыловым, А. Н. Плещеевым, А. С. Пушкиным и др.</p> <p>Отправная точка экскурсии – бульвар имени А. С. Пушкина, а завершится она у памятника А. С. Пушкину и В. И. Далю. В литературном музее библиотеки экскурсантам представят коллекцию изданий повести «Капитанская дочка».</p><p>Справки – по телефону +7 (3532) 61-60-26.</p>", "shortDescription": "Знакомство с достопримечательностями Оренбурга и литературным музеем областной библиотеки.", "min_price": 500, "link": "https://orenburg.kassir.ru/frame/action/121049?key=2ada6142-4db5-c839-b0b3-74cd40820c05&WIDGET_3132290872=i22rqphv75hekoo98l24af74hb", "status": "accepted", "updateDate": 1638429647972, "start": 1634378400000, "end": 1635593400000, "createDate": 1634018824226, "inAccepted": true, "acceptDate": 1634559786764, "image": {"author": "Оксана Иванова", "name": "8ec720a8a34ed2cc992b0af2ab792948.jpeg", "realName": "Оксана Иванова.JPG", "source": "Архив Оренбургской областной универсальной научной библиотеки им. Н. К. Крупской"}, "photo": "https://pro.culture.ru/uploads/8ec720a8a34ed2cc992b0af2ab792948.jpeg", "gallery": [], "category": {"name": "Экскурсии", "sysName": "ekskursii"}, "time": {"start": "2021-10-16 10:00:00", "end": "2021-10-30 11:30:00"}}]}