{"11350": [{"id": 1492956, "name": "Программа «Новогодний Ералаш»", "age": 6, "description": "<p><span>Россия всегда была интересна своей самобытной и невероятно богатой культурой. Она вызывает восхищение, поэтому коллектив сохраняет и преумножает культурные традиции, чтобы будущее поколение могло ими гордиться.</span></p> <p><span></span></p><p><span>Программа мероприятия «Новогодний Ералаш» выстроена в формате групповой работы и <span> </span>акцентирует внимание молодого поколения<span> </span>на традициях русской культуры празднования Нового года. Новогодний турпоезд <span>«Золотой экспресс</span><span>», пассажирами которого является присутствующая в зале молодежь Советского района города Волгограда, <span> </span>отправляющаяся в вагонах класса люкс (зрительный зал)<span> </span>в </span>«Медиапутешествие<span> </span>по 15 новогодним русским традициям», посещает города, расположенные на востоке, юге, западе и северной части страны.</span></p><p>Зрителей ожидает выступление творческих коллективов комплекса культуры, таких как театр танца Just Rio, коллектив Joker Green, хореографический коллектив Mix Dance и других.</p><p></p>", "shortDescription": "Конкурсно-игровое мероприятие для молодежи.", "min_price": 600, "max_price": 600, "link": "https://xn----itbobbcecrlriqmc3kna.xn--p1ai/", "status": "accepted", "updateDate": 1639561956151, "start": 1639728000000, "end": 1639904400000, "createDate": 1638273010572, "inAccepted": true, "acceptDate": 1639561956217, "image": {"author": "Чернов Д.С.", "name": "90c3d55f61cd777d179b71d30ea9da20.jpeg", "realName": "DSC08090.JPG", "source": "https://xn----itbobbcecrlriqmc3kna.xn--p1ai/"}, "photo": "https://pro.culture.ru/uploads/90c3d55f61cd777d179b71d30ea9da20.jpeg", "gallery": [], "category": {"name": "Встречи", "sysName": "vstrechi"}, "time": {"start": "2021-12-17 08:00:00", "end": "2021-12-19 09:00:00"}}, {"id": 1489411, "name": "Концерт «Рок-вечеринка»", "age": 12, "description": "<p>Группа «Парус» – музыкальный проект из города Волгограда – была организована в начале 2019 года. В коллектив вошли исполнители с опытом работы в других составах. Группа единомышленников собралась и решила играть хороший, добрый и даже серьезный рок. Девиз проекта – «Рок-н-ролла хватит на всех». </p><p>Под занавес каждого года принято говорить, что он был трудным. Все вы знаете, что 2021 и правда выдался непростым. И встречные ветра потрепали «Парус», и в бесконцертный штиль угодить довелось, но все когда-нибудь заканчивается. И это тоже. </p><p>В программе выступления прозвучат такие песни, как «Сталинград», «Парус», «Матушка Волга» и другие.</p><p>Действующий состав группы:</p><ul><li>Руслан Евтушенко – вокал, акустика;</li><li>Виталий Зайко – клавиши;</li><li>Павел Плешивцев – бас;</li><li>Владимир Полевой – гитара.</li></ul>", "shortDescription": "Выступление музыкальной группы.", "min_price": 600, "max_price": 600, "link": "https://xn----itbobbcecrlriqmc3kna.xn--p1ai/oplata-biletov-platezhnaya-informatsiya", "status": "accepted", "updateDate": 1638969493962, "start": 1639382400000, "end": 1639994400000, "createDate": 1638179216357, "inAccepted": true, "acceptDate": 1638969494014, "image": {"author": "Чернов Д.С.", "name": "7c6819b53f6e73238a7221a9e7e67364.jpeg", "realName": "111.jpeg", "source": "https://vk.com/albums-181075303?z=photo-181075303_457239367%2Fphotos-181075303"}, "photo": "https://pro.culture.ru/uploads/7c6819b53f6e73238a7221a9e7e67364.jpeg", "gallery": [], "category": {"name": "Концерты", "sysName": "koncerty"}, "time": {"start": "2021-12-13 08:00:00", "end": "2021-12-20 10:00:00"}}, {"id": 1489307, "name": "Концерт ансамбля казачьей песни «Лазоревый цветок»", "age": 6, "description": "<p>В программе «Любо, братцы, жить» зрители услышат популярные и традиционные казачьи песни. Выступление сопровождается танцевальными номерами и фланкировкой шашкой.<br /></p><p> Ансамбль казачьей песни «Лазоревый цветок» – один из самых успешных коллективов Волгоградской области, неизменно собирающий тысячные залы. Творческое кредо группы – вернуть народную песню в быт, доходчиво и красочно показать ее, используя современные музыкальные возможности. В концерте прозвучат лирические, протяжные и плясовые казачьи песни. Поклонники будут приятно удивлены новыми композициями.</p><p>Руководитель – заслуженный артист Российской Федерации Геннадий Сипотенков. Артисты-вокалисты – Максим Дунин, Максим Киевский, Владимир Мытковский, Ольга Боровкова, Татьяна Сипотенкова, Анастасия Белинская, Вера Бекмурадова. Артисты-инструменталисты – Александр Сипотенков и Александр Хохлачев. <br /></p>", "shortDescription": "Гости насладятся народной музыкой.", "min_price": 600, "max_price": 600, "link": "https://xn----itbobbcecrlriqmc3kna.xn--p1ai/oplata-biletov-platezhnaya-informatsiya", "needCheck": true, "status": "accepted", "updateDate": 1639042931947, "start": 1639472400000, "end": 1639560600000, "createDate": 1638178131985, "inAccepted": true, "acceptDate": 1639042932062, "image": {"author": "Чернов Д.С.", "name": "2ff97732cd751142d310aad509c8e4fd.jpeg", "realName": "123.jpg", "source": "https://vk.com/albums-19604827"}, "photo": "https://pro.culture.ru/uploads/2ff97732cd751142d310aad509c8e4fd.jpeg", "gallery": [], "category": {"name": "Концерты", "sysName": "koncerty"}, "time": {"start": "2021-12-14 09:00:00", "end": "2021-12-15 09:30:00"}}]}