{"11965": [{"id": 1336735, "name": "Программа «Лента поэзии. К. Симонов»", "age": 16, "description": "<p> Литературно-драматический вечер посвящен К. Симонову, одному из самых известных советских литераторов, чьи произведения о войне известны во всем мире. Симоновские проза и стихи горячо любимы поколениями российских читателей и получили самое высокое признание на государственном уровне.<br /></p><p>На старой сцене театра прозвучат стихи Симонова в исполнении его сына, известного переводчика, правозащитника, президента Фонда защиты гласности А. Симонова. Он представляет творчество поэта с не знакомой зрителям стороны. Гости услышат не только стихи, ставшие классикой, но и те, которые Симонов писал для себя. </p>", "shortDescription": "Вечер, посвященный К. Симонову,  в исполнении сына поэта.", "min_price": 800, "max_price": 800, "link": "http://teatrunikitskihvorot.ru/tickets/", "status": "accepted", "updateDate": 1632299123910, "start": 1635523200000, "end": 1635528600000, "createDate": 1631900476079, "inAccepted": true, "acceptDate": 1632299123919, "image": {"author": "Михаил Брацило", "name": "932c875cefa705cc2e26d654c308ec37.jpeg", "realName": "0L6A6192_1600x1067.JPG", "source": "http://teatrunikitskihvorot.ru/play/lenta-poezii-simonov/"}, "photo": "https://pro.culture.ru/uploads/932c875cefa705cc2e26d654c308ec37.jpeg", "gallery": ["https://pro.culture.ru/uploads/918f730246a51b5a1e8c02ce1e467013.jpeg", "https://pro.culture.ru/uploads/e1cf323db7bdda0fb199a9bed96fd106.jpeg", "https://pro.culture.ru/uploads/8d53a97610dabbc8aefa75cc4bbbdcdf.jpeg", "https://pro.culture.ru/uploads/56df405749f49d7dd92020ee8e4d41e6.jpeg", "https://pro.culture.ru/uploads/27250a25462b467b9a0a9438ef3b06e6.jpeg"], "category": {"name": "Спектакли", "sysName": "spektakli"}, "time": {"start": "2021-10-29 16:00:00", "end": "2021-10-29 17:30:00"}}, {"id": 1043159, "name": "Литературно-театральный вечер «Лента поэзии. Светлов. Уткин»", "age": 16, "description": "<p>Так совпало, что Иосиф Уткин и Михаил Светлов родились в один год. Их творчество знали все, о них говорили, ими восхищались… Потом, как и все советское, они были забыты. Многие любители поэзии помнят эти имена, читая стихи, которые создали эти замечательные поэты.</p><p>«Лента поэзии» – новый проект Марка Розовского, созданный для Старой сцены театра. Это цикл литературно-театральных вечеров, каждый из которых будет посвящен творчеству какого-то одного поэта. Стихи прозвучат в исполнении блестящей плеяды актеров театра.</p>", "shortDescription": "Стихи И. Уткина и М. Светлова в исполнении актеров.", "min_price": 800, "max_price": 800, "link": "http://teatrunikitskihvorot.ru/tickets/", "needCheck": true, "status": "accepted", "updateDate": 1635269306600, "start": 1622217600000, "end": 1636564200000, "createDate": 1617899182412, "inAccepted": true, "acceptDate": 1635269306906, "image": {"author": "Анастасия Ентякова ", "name": "712749f9b7c273e6c251d195b7b1e302.jpeg", "realName": "1-10.jpg", "source": "http://teatrunikitskihvorot.ru/play/lenta-poezii-svetlov-utkin/"}, "photo": "https://pro.culture.ru/uploads/712749f9b7c273e6c251d195b7b1e302.jpeg", "gallery": ["https://pro.culture.ru/uploads/3e339b39941b5686b764f4eb794376b0.jpeg", "https://pro.culture.ru/uploads/679dcf08ab1d330d207f9edf2d529dc4.jpeg", "https://pro.culture.ru/uploads/31cfa425c092870457b983595f48af48.jpeg"], "category": {"name": "Спектакли", "sysName": "spektakli"}, "time": {"start": "2021-05-28 16:00:00", "end": "2021-11-10 17:10:00"}}, {"id": 1043143, "name": "Литературно-творческий вечер «Лента поэзии. Ю. Мориц»", "age": 16, "description": "<p><span></span><span></span><span></span><span>У гения Юнны Мориц – три составляющих: детскость восприятия разноцветного мира, жесткость неприятия любого зла и, словами Александра Пушкина, способность давать людям «свободной музы приношенье». Стихи Юнны Мориц идут из ее постоянно фонтанирующего моцартианства, то есть от непреходящего вдохновения жизнью и музыкой жизни, где слова и звуки каждый раз мозаично складываются в красоту мелодий и гармоний. Этот восторг перед красотой движет ею, само имя которой поэтично.</span><span></span></p><p><span>Творчество Юнны Мориц представляет актриса театра «У Никитских ворот» Виктория Заславская. Прозвучат произведения разных лет: для детей, любовная лирика, стихи, появившиеся как реакция на политические и социальные события. В спектакле зрители услышат песни на стихи поэтессы, музыку к которым написал Марк Розовский в аранжировке Елены Гончаровой.</span></p>", "shortDescription": "Душевный разговор со зрителями стихами прекрасной поэтессы.", "min_price": 1000, "max_price": 1000, "link": "http://teatrunikitskihvorot.ru/tickets/", "needCheck": true, "status": "accepted", "updateDate": 1640642021246, "start": 1630652400000, "end": 1639502400000, "createDate": 1617898553694, "inAccepted": true, "acceptDate": 1635408331682, "image": {"author": "Анастаси Ентякова", "name": "40868897869dd60f552b01fe5f723e7b.jpeg", "realName": "DSC03570-min.jpg", "source": "http://teatrunikitskihvorot.ru/play/lenta-poezii-yunna-moric/"}, "photo": "https://pro.culture.ru/uploads/40868897869dd60f552b01fe5f723e7b.jpeg", "gallery": ["https://pro.culture.ru/uploads/5a666487992663fa42dfdf9a842398a5.jpeg", "https://pro.culture.ru/uploads/243906caf282b6cd3951ab5593c63f7e.jpeg", "https://pro.culture.ru/uploads/1ed63adbee03a5d0d28ddca08489279d.jpeg"], "category": {"name": "Спектакли", "sysName": "spektakli"}, "time": {"start": "2021-09-03 07:00:00", "end": "2021-12-14 17:20:00"}}, {"id": 1043115, "name": "Спектакль «Дело корнета Елагина»", "age": 16, "description": "<p>«Дело корнета Елагина» – произведение великого русского нобелиата Ивана Алексеевича Бунина, который сам иронически определил жанр этого своего произведения как «похоже на бульварный роман». </p><p>Корнет Елагин убил свою любовницу, артистку Марию Сосновскую. Эта история становится поводом для размышлений о тщете и опустошенности жизни, прерванной бессмыслицей смерти. Потрясающая бунинская проза, с ее лиризмом и психологизмом, предстанет в блестящей сценизации Марка Розовского – мастера делать из несценичной, казалось бы, литературы самый настоящий сверхтеатр.</p>", "shortDescription": "История безумной любви актрисы и гусара, закончившаяся суицидом.", "min_price": 1000, "max_price": 1000, "link": "http://teatrunikitskihvorot.ru/tickets/", "needCheck": true, "status": "accepted", "updateDate": 1640642021035, "start": 1621094400000, "end": 1639160100000, "createDate": 1617896921124, "inAccepted": true, "acceptDate": 1635855329085, "image": {"author": "Надежда Пястолова", "name": "8c362f04b597cc12d5ebcb7408ad26ca.jpeg", "realName": "_MG_6022_Nadya_Pyastolova_1600x1067.jpg", "source": "http://teatrunikitskihvorot.ru/play/delo-korneta-elagina/"}, "photo": "https://pro.culture.ru/uploads/8c362f04b597cc12d5ebcb7408ad26ca.jpeg", "gallery": ["https://pro.culture.ru/uploads/adc83833b89e718e9778b5d71a45a1bc.jpeg", "https://pro.culture.ru/uploads/e12de199757340d5fe8d6d0954e3f355.jpeg", "https://pro.culture.ru/uploads/d704715838f5268e9ed8de8c5f942afe.jpeg", "https://pro.culture.ru/uploads/643dfc3e954665e2ebaedfdfb37afdcc.jpeg"], "category": {"name": "Спектакли", "sysName": "spektakli"}, "time": {"start": "2021-05-15 16:00:00", "end": "2021-12-10 18:15:00"}}, {"id": 1042053, "name": "Спектакль «Сотворившая чудо»", "age": 16, "description": "<p>Американская писательница Елена Келлер из-за перенесенной в раннем детстве болезни навсегда потеряла зрение и слух. Обучившись ручной азбуке – языку глухих, передаваемому ей через осязание, она окончила Кембридж, затем университет Рэдклифф (часть Гарварда). В эти годы она написала свою первую книгу. </p><p>Елена Келлер стала настолько популярна, что многие известные люди, приезжавшие в США со всех концов света, спешили встретиться с ней: Максим Горький, Рабиндранат Тагор, Морис Метерлинк. Будучи слепоглухой, она прожила невероятно интересную жизнь, стала автором семи книг, ездила по всей Америке, выступала с лекциями. Что это, если не чудо?</p><p> Спектакль рассказывает о самом начале этого удивительного пути, когда пересеклись судьбы двух замечательных женщин – Елены Келлер и ее учительницы Анны Салливан. <br /></p>", "shortDescription": "Пьеса о начале удивительного пути слепоглухой писательницы Елены Келлер.", "min_price": 500, "max_price": 1500, "link": "http://teatrunikitskihvorot.ru/tickets/", "needCheck": true, "status": "accepted", "updateDate": 1640641950335, "start": 1619107200000, "end": 1638986400000, "createDate": 1617878429456, "inAccepted": true, "acceptDate": 1635409270074, "image": {"author": "Надежда Пястолова", "name": "4af07cd1328b3ed009cdd2ec1deb8587.jpeg", "realName": "обложка.jpg", "source": "http://teatrunikitskihvorot.ru/play/sotvorivshaya-chudo/"}, "photo": "https://pro.culture.ru/uploads/4af07cd1328b3ed009cdd2ec1deb8587.jpeg", "gallery": ["https://pro.culture.ru/uploads/ee79c5b699ccabd9b1ed6a34061d9a23.jpeg", "https://pro.culture.ru/uploads/afd79ad33825425fb73a5a5c57fd5bf3.jpeg", "https://pro.culture.ru/uploads/17f48d494f17b08c4a2e650897333aa8.jpeg", "https://pro.culture.ru/uploads/e4d9c461e322dfb516c7da43715f3855.jpeg", "https://pro.culture.ru/uploads/fe2eb380b5bf0fb79c5bae5826580615.jpeg", "https://pro.culture.ru/uploads/25f378493d020357e2ef1d46c60bcc48.jpeg"], "category": {"name": "Спектакли", "sysName": "spektakli"}, "time": {"start": "2021-04-22 16:00:00", "end": "2021-12-08 18:00:00"}}, {"id": 1037113, "name": "Спектакль «Сон смешного человека»", "age": 16, "description": "<p>Удивительно, как обманчиво простой и короткий текст заставляет прочувствовать то, как законы, по которым живет сознание, отступают. Вот сидит человек в кресле, самоубийство – дело уже решенное, сознанию все равно или почти все равно. Герой засыпает. И начинают действовать другие законы.</p><p>В глубине человека заложена творческая сила, которая способна создать то, что должно быть, которая не даст покоя и отдыха, пока человек не выразит это тем или иным способом.</p><p>Встреча с литературным наследием Ф. Достоевского – всегда событие, душевный ожог. Ведь Достоевский – самый глубинный, по оценке В. Белинского, «подземный» писатель русской литературы.</p>", "shortDescription": "В несмешном сне смешной человек встретился с тем, что сознанием отвергал на протяжении всей жизни.", "min_price": 1000, "max_price": 1000, "link": "http://teatrunikitskihvorot.ru/tickets/", "status": "accepted", "updateDate": 1640642080861, "start": 1618588800000, "end": 1639674600000, "createDate": 1617715245299, "inAccepted": true, "acceptDate": 1635268442357, "image": {"author": "Анастасия Ентякова", "name": "cfb5f963d850029dbb9067c244a3edec.jpeg", "realName": "1-21.jpg", "source": "http://teatrunikitskihvorot.ru/play/son-smeshnogo-cheloveka/"}, "photo": "https://pro.culture.ru/uploads/cfb5f963d850029dbb9067c244a3edec.jpeg", "gallery": ["https://pro.culture.ru/uploads/04500eb8caa471ac50244ca900ef4cc0.jpeg", "https://pro.culture.ru/uploads/7932cf1d6ab3957bf67c6f97364f2e31.jpeg", "https://pro.culture.ru/uploads/c89bfe479b9d333b3d1c76edb3a0b8a4.jpeg"], "category": {"name": "Спектакли", "sysName": "spektakli"}, "time": {"start": "2021-04-16 16:00:00", "end": "2021-12-16 17:10:00"}}, {"id": 1036622, "name": "Спектакль «История лошади»", "age": 16, "description": "<p>Сегодня философская притча Льва Толстого, в которой «толстовство» как цельное миросознание получило художественное воплощение, продолжает жить не только в литературном произведении, но и на театральной сцене, глубоко задевая зрительские души, заставляя размышлять о зле и добре, грехе и ответственности за грех, о животном и человеческом, о жизни и смерти. </p><p>Созданная Марком Розовским и Юрием Ряшенцевым пьеса «История лошади» в жанре «русского мюзикла» на основе классической литературы живет на сцене с 1975 года.</p>", "shortDescription": "Одна из самых значительных постановок Марка Розовского. Притча Льва Толстого.", "min_price": 500, "max_price": 2000, "link": "http://teatrunikitskihvorot.ru/tickets/", "needCheck": true, "status": "accepted", "updateDate": 1639322738075, "start": 1618502400000, "end": 1639334400000, "createDate": 1617709763631, "inAccepted": true, "acceptDate": 1635408702896, "image": {"author": "Анастасия Ентякова", "name": "5bd06bd760bd4bd5a3e877ec864a13fb.jpeg", "realName": "94f9b17d9d82fd2292cdf36172f63a00.jpeg", "source": "http://teatrunikitskihvorot.ru/play/istoriya-loshadi/"}, "photo": "https://pro.culture.ru/uploads/5bd06bd760bd4bd5a3e877ec864a13fb.jpeg", "gallery": ["https://pro.culture.ru/uploads/f6e80235afb8d7950afed101d91efcfd.jpeg", "https://pro.culture.ru/uploads/f79d6ec3557b613ac0d453e4d46922ed.jpeg", "https://pro.culture.ru/uploads/181e2902d688735fad18bccbee93e608.jpeg", "https://pro.culture.ru/uploads/ee743269e0858669153fe1ed843474b1.jpeg", "https://pro.culture.ru/uploads/1dbcd4ed98d0b1d9d94cf8e8215680f3.jpeg"], "category": {"name": "Спектакли", "sysName": "spektakli"}, "time": {"start": "2021-04-15 16:00:00", "end": "2021-12-12 18:40:00"}}, {"id": 1033170, "name": "Спектакль «Гамлет»", "age": 16, "description": "<p>«Гамлет» после Высоцкого? После Смоктуновского и Скофилда? После Крэга, Козинцева, Любимова, Брука? После тысячи тысяч постановок во всем мире? Да, именно так. С риском для жизни, но и с огромным чувством ответственности театр предлагает зрителю новое, свое, ни на что не похожее прочтение великой пьесы. </p><p>В исключительно глубокой, формально острой, поэтичной и гротескной постановке «Гамлета» Марк Розовский предстает и зрелым мастером режиссуры, и смелым экспериментатором – первооткрывателем знакомых образов и текстов. Открытия Марка Розовского в «Гамлете» поражают своей мотивированностью и неожиданными решениями, имеющими смысловую опору, благодаря глубинному проникновению в шекспировское миросознание. Спектакль актуален в каждом своем слове, выразителен в каждой своей мизансцене.</p>", "shortDescription": "Гениальная пьеса Шекспира в великих переводах Бориса Пастернака, Михаила Лозинского, Анны Радловой.", "min_price": 500, "max_price": 1500, "link": "http://teatrunikitskihvorot.ru/tickets/", "needCheck": true, "status": "accepted", "updateDate": 1640642060074, "start": 1618156800000, "end": 1638039600000, "createDate": 1617616268515, "inAccepted": true, "acceptDate": 1635408629050, "image": {"author": "Елена Лапина", "name": "b1f3931a7c4288054aa5299aa1192e5a.jpeg", "realName": "1.jpg", "source": "http://teatrunikitskihvorot.ru/play/gamlet/"}, "photo": "https://pro.culture.ru/uploads/b1f3931a7c4288054aa5299aa1192e5a.jpeg", "gallery": ["https://pro.culture.ru/uploads/ce71c18e1ccf540a9e91f4d03857990d.jpeg", "https://pro.culture.ru/uploads/b941cadd89aecceb3bdd71daedea1929.jpeg", "https://pro.culture.ru/uploads/f8f0fd5227b51507bdf60e29485880d5.jpeg"], "category": {"name": "Спектакли", "sysName": "spektakli"}, "time": {"start": "2021-04-11 16:00:00", "end": "2021-11-27 19:00:00"}}, {"id": 900612, "name": "Спектакль «Анна Каренина. Lecture»", "age": 16, "description": "<p>Афиша удивит: «Владимир Набоков «Анна Каренина». Разве не Толстой? Поэтому и следовало приписать – лекция, а если точнее – lecture. Но и Толстой будет присутствовать, ведь он – основной автор. Он автор первоисточника – романа, который восхитил Набокова и весь читающий мир. В какие-то моменты лекции кажется, что Набоков чуть ли не завидует Толстому, там, где мастерство приводит его в восторг. Надо помнить, что Набоков мало кем восхищался из своих коллег по литературе, громил всех направо и налево, а тут… Тут преклонение, иного слова не подобрать. Этакий стокгольмский синдром в мире словесности. Это на самом деле очень опасно и всегда случается, когда писатель пишет о писателе. А в этом случае опасно стократ, ибо об одном гении пишет другой гений. </p><p>И это будет не очередная инсценировка (или экранизация), которым несть числа, а совершенно новая попытка освоить миры и смыслы великого романа. Важно открыть сотрудничество мастеров, переходящее в сотворчество. Толстой-художник и Толстой-проповедник – кто важнее и ближе сегодня? А может, они все-таки неразделимы, и Набоков был неправ?</p>", "shortDescription": "Постановка продемонстрирует Толстого глазами Набокова. Новая попытка освоить смысл великого романа.", "min_price": 500, "max_price": 2000, "link": "http://teatrunikitskihvorot.ru/tickets/", "needCheck": true, "status": "accepted", "updateDate": 1639152430878, "start": 1614528000000, "end": 1639161900000, "createDate": 1611146419575, "inAccepted": true, "acceptDate": 1635409141507, "image": {"author": "Надежда Пястолова", "name": "57066c101e6d99cefee01cd121aa41ec.jpeg", "realName": "5_NP_8143_Nadya_Pyastolova_1600x1067.jpg", "source": "http://teatrunikitskihvorot.ru/play/anna-karenina-lecture/"}, "photo": "https://pro.culture.ru/uploads/57066c101e6d99cefee01cd121aa41ec.jpeg", "gallery": ["https://pro.culture.ru/uploads/9eb5ed2160ba9ad6d6c8bdcec772a802.jpeg", "https://pro.culture.ru/uploads/64ae10a255894b80b675600e8874d4b2.jpeg", "https://pro.culture.ru/uploads/4d330d0b628b72030536258eb5f62b08.jpeg", "https://pro.culture.ru/uploads/d153d0c0c0a73d25d0d47ab1bd42f054.jpeg", "https://pro.culture.ru/uploads/99dfe5bdca9d2df7b83e1e558d8a3de8.jpeg", "https://pro.culture.ru/uploads/edc01da3113a75777334fae7a67ca6cb.jpeg", "https://pro.culture.ru/uploads/da71153c43fdc7c674299e3a0737b799.jpeg", "https://pro.culture.ru/uploads/8297cd877941bf9a3c10a8744554f083.jpeg", "https://pro.culture.ru/uploads/76cdbae20312ebee833f93ade6ef2124.jpeg"], "category": {"name": "Спектакли", "sysName": "spektakli"}, "time": {"start": "2021-02-28 16:00:00", "end": "2021-12-10 18:45:00"}}, {"id": 900137, "name": "Спектакль «Дорогая Елена Сергеевна»", "age": 16, "description": "<p>Пьеса Людмилы Разумовской – абсолютный театральный хит 80-х годов. Она прошла сотни раз на сценах многих театров России, а Эльдар Рязанов снял по этой пьесе замечательный фильм. Казалось бы, история этого произведения на этом закончилась. Зачем сегодня, в 2021 году, заново представлять эту пьесу современному зрителю? Для чего еще раз ворошить тему молодого потерянного поколения? На эти вопросы можно ответить лишь в том случае, если вы зададитесь другим вопросом: а что изменилось в психологии и сознании юного поколения? Думается, что жестокость не только осталась прежней, но даже возросла.</p><p>В реальную жизнь буквально ворвалось насилие, и кровопролитие уже не удивляет. В данной версии пьесы «Дорогая Елена Сергеевна» автор хотел заострить проблемы психологии пустого существования, ибо на насилие способны только те, чьи понятия о добре и зле выкинуты из реальной жизни. Эта история и сегодня потрясает правдой характеров и болью за потерянные, оказавшиеся опустошенными молодые души.</p>", "shortDescription": "История выпускного класса накануне экзаменов.", "min_price": 1000, "max_price": 1000, "link": "http://teatrunikitskihvorot.ru/tickets/", "needCheck": true, "status": "accepted", "updateDate": 1640641953475, "start": 1613836800000, "end": 1639072800000, "createDate": 1611140333025, "inAccepted": true, "acceptDate": 1635269402393, "image": {"author": "Надежда Пястолова", "name": "b3e789a60bd90c595d20928087df00ac.jpeg", "realName": "DSC_2113_wet_res_1600x1135.jpg", "source": "http://teatrunikitskihvorot.ru/play/dorogaya-elena-sergeevna/"}, "photo": "https://pro.culture.ru/uploads/b3e789a60bd90c595d20928087df00ac.jpeg", "gallery": ["https://pro.culture.ru/uploads/872b5f6ac90807129d3422b0cca2ac8b.jpeg", "https://pro.culture.ru/uploads/53fc2fc75922a9fd9a6f0aab38c51512.jpeg", "https://pro.culture.ru/uploads/2459ec2c4448695e8420755187d7ed16.jpeg", "https://pro.culture.ru/uploads/80f9b4d6cb51d4dd67063c5b85a048d4.jpeg", "https://pro.culture.ru/uploads/34304e74deea595e37d0a2cd1d476f45.jpeg", "https://pro.culture.ru/uploads/1233dac5a580b33ad3c427a9ccd6e78c.jpeg", "https://pro.culture.ru/uploads/9c2cf2e8e4ef0051f2c3692d96db0319.jpeg"], "category": {"name": "Спектакли", "sysName": "spektakli"}, "time": {"start": "2021-02-20 16:00:00", "end": "2021-12-09 18:00:00"}}, {"id": 900001, "name": "Спектакль «Ромео и Джульетта»", "age": 16, "description": "<p>Трагедия Уильяма Шекспира в постановке Марка Розовского – это классическое прочтение пьесы: со средневековыми костюмами, поединками на шпагах, танцами. Одним из главных действующих лиц станет музыка: спектакль украсят фрагменты из увертюры-фантазии Петра Чайковского «Ромео и Джульетта». </p><p> Главные герои: Ромео – сын Монтекки, Джульетта – дочь Капулетти, Тибальт – кузен Джульетты, Меркуцио – товарищ Ромео, Розалина – кузина Джульетты. Трагедия «Ромео и Джульетта» повествует о несчастной судьбе двух молодых любящих друг друга людей, которые стали жертвами вражды между знатными родами Монтекки и Капулетти, к которым принадлежат.</p>", "shortDescription": "Бессмертная трагедия Уильяма Шекспира о любви.", "min_price": 500, "max_price": 1500, "link": "http://teatrunikitskihvorot.ru/tickets/", "needCheck": true, "status": "accepted", "updateDate": 1635409363347, "start": 1613318400000, "end": 1636226100000, "createDate": 1611138252738, "inAccepted": true, "acceptDate": 1635409363510, "image": {"author": "Лена Лапина", "name": "de15c3ac25200aea27ea6cf4cf487554.jpeg", "realName": "1F6A7840.JPG", "source": "http://teatrunikitskihvorot.ru/play/romeo-i-dzhuletta/"}, "photo": "https://pro.culture.ru/uploads/de15c3ac25200aea27ea6cf4cf487554.jpeg", "gallery": ["https://pro.culture.ru/uploads/b30a727953c2d081a7e7f3e83852e68d.jpeg", "https://pro.culture.ru/uploads/efc531972b96505edb964c841dac12f6.jpeg", "https://pro.culture.ru/uploads/d6ad8645a7e06ef7871b94c43f76bc48.jpeg", "https://pro.culture.ru/uploads/03f427e5fd089074f71d9c33e86e9aff.jpeg", "https://pro.culture.ru/uploads/d4f810cd32c76f8c91444ad7f0bad597.jpeg", "https://pro.culture.ru/uploads/424b2fb67413d62235b7c474dd9947bb.jpeg"], "category": {"name": "Спектакли", "sysName": "spektakli"}, "time": {"start": "2021-02-14 16:00:00", "end": "2021-11-06 19:15:00"}}, {"id": 882882, "name": "Спектакль «Лента поэзии. Евгений Баратынский»", "age": 16, "description": "<p>Евгения Абрамовича Баратынского современники считали величайшим поэтом России. Его стихи звучали во всех литературных салонах Петербурга и Москвы, ими восхищались. К сожалению, время оказалось безжалостным к творчеству поэта. Его стихи вспоминают редко.</p><p> Пробел решили восполнить молодые актеры театра «У Никитских ворот». «Лента поэзии. Баратынский» – их самостоятельная работа. В основу композиции легла поэма «Бал» – история любви в интерьерах великосветского общества Москвы, которая в свое время вызвала немало пересудов и споров.</p>", "shortDescription": "По мотивам поэмы «Бал».", "min_price": 800, "max_price": 800, "link": "http://teatrunikitskihvorot.ru/tickets/", "status": "accepted", "updateDate": 1637163480002, "start": 1613059200000, "end": 1637169300000, "createDate": 1610126242115, "inAccepted": true, "acceptDate": 1635409670687, "image": {"author": "Сергей Чалый", "name": "8f828cbefee422de85ad5522ab562e72.jpeg", "realName": "барат6.jpg", "source": "http://teatrunikitskihvorot.ru/play/lenta-poezii-baratinskiiy/"}, "photo": "https://pro.culture.ru/uploads/8f828cbefee422de85ad5522ab562e72.jpeg", "gallery": [], "category": {"name": "Спектакли", "sysName": "spektakli"}, "time": {"start": "2021-02-11 16:00:00", "end": "2021-11-17 17:15:00"}}, {"id": 875846, "name": "Спектакль «Тереза Ракен»", "age": 16, "description": "<p>Спектакль по пьесе классика французской литературы Эмиля Золя, оказавшего огромное влияние на развитие русской литературы конца XIX – начала XX века.</p><p>Провинциальная красавица Терез Ракен прозябает в несчастном браке с безвольным, скучным и мелким буржуа. Она мечтает о большой любви. Когда в ее жизни появляется Лоран, вспыхивает страсть, а вместе с ней – надежда на новую, яркую жизнь...</p><p>Продолжение темы «Убивца» – история, поднимающая темы совести, насилия и права на насилие, греха и ответственности за грех. Психологическая мелодрама, в которой находится место для любви и эгоизма, страсти и холодного расчета, бессердечия и предательства, измены и убийства...</p>", "shortDescription": "Мелодрама по одному из шедевров литературного реализма XIX века.", "min_price": 500, "max_price": 2000, "link": "http://teatrunikitskihvorot.ru/tickets/", "needCheck": true, "status": "accepted", "updateDate": 1640642077755, "start": 1610208000000, "end": 1633285800000, "createDate": 1609007742771, "inAccepted": true, "acceptDate": 1631176237924, "image": {"author": "Анастасия Ентякова", "name": "3c013800a724f688fb1170f7d89ee9af.jpeg", "realName": "Тереза Ракен (Ентякова А)-0.jpg", "source": "http://teatrunikitskihvorot.ru/play/tereza-raken/"}, "photo": "https://pro.culture.ru/uploads/3c013800a724f688fb1170f7d89ee9af.jpeg", "gallery": ["https://pro.culture.ru/uploads/bfcfc566b401fe6e5bf8a4179744c9ae.jpeg", "https://pro.culture.ru/uploads/7bdfafe7b3e8a5e99d7703862017fe54.jpeg", "https://pro.culture.ru/uploads/585cf7f6859652b78bd4cf3ba0eef70e.jpeg", "https://pro.culture.ru/uploads/43259f3e851db320c8b23fb53668a438.jpeg", "https://pro.culture.ru/uploads/4b8345dbc2a631eb2d61a14bcad7cab9.jpeg", "https://pro.culture.ru/uploads/125b51c3f7995dc7bcaf9c983c62cc95.jpeg", "https://pro.culture.ru/uploads/344f02bbf6da579afc7504fafacd9aef.jpeg"], "category": {"name": "Спектакли", "sysName": "spektakli"}, "time": {"start": "2021-01-09 16:00:00", "end": "2021-10-03 18:30:00"}}, {"id": 875842, "name": "Спектакль «Экклезиаст»", "age": 16, "description": "<p>Огромное уважение вызывает театральная постановка Экклезиаста. Марк Григорьевич Розовский, Валерий Шейман обратили свое внимание на труднейший библейский текст, который ставит вопрос о ценности земных благ и всего того, к чему стремится человек на земле. Нужно поистине гражданское мужество, чтобы в наши дни напомнить слова Экклезиаста, который выносит суровый приговор всем иллюзиям плотского человека.</p><p> Экклезиаст утверждает, что все радости временны, справедливости среди людей нет, даже мудрость и знание лишь увеличивают скорбь. Возможно, слова Экклезиаста отражают время, когда многие стали разочаровываться в необычайных ожиданиях и обетованиях, когда противоположность ожиданий, надежд и действительности становится нестерпимой, а единственным утешением человека становится утверждение, что вся жизнь – «суета сует и томление духа».</p><p>Здесь речь идет о переоценке земных чаяний. Такой этап внутренней духовной работы сегодня необходим. Это этап перехода от старого мировоззрения и представлений о мире к новым откровениям жизни будущего века, века духовного.</p>", "shortDescription": "Речь пойдет о переоценке людьми земных чаяний.", "min_price": 1000, "max_price": 1000, "link": "http://teatrunikitskihvorot.ru/tickets/", "needCheck": true, "status": "accepted", "updateDate": 1640641958351, "start": 1610035200000, "end": 1638378000000, "createDate": 1609006381918, "inAccepted": true, "acceptDate": 1632303170156, "image": {"author": "Надежда Пястолова", "name": "b9f77751966e3ec4f37b29ad61719835.jpeg", "realName": "_MG_2610 NPyastolova_800x533.jpg", "source": "http://teatrunikitskihvorot.ru/play/ekkleziast/"}, "photo": "https://pro.culture.ru/uploads/b9f77751966e3ec4f37b29ad61719835.jpeg", "gallery": ["https://pro.culture.ru/uploads/4ce10ee77ae0e45718fc6cf8f5726321.jpeg", "https://pro.culture.ru/uploads/2aebd5483ecec0fbdb582c3c33580df6.jpeg", "https://pro.culture.ru/uploads/5ad71a400c390e9b61822ded131ffad9.jpeg", "https://pro.culture.ru/uploads/8bfeb088af732e145d0017162a69796a.jpeg", "https://pro.culture.ru/uploads/8807021f701d128c274776b6d921e549.jpeg", "https://pro.culture.ru/uploads/74e0833d8e666642ec7f570841615cc0.jpeg", "https://pro.culture.ru/uploads/b19e5d7b3902c5be5d957c67c07dfe95.jpeg", "https://pro.culture.ru/uploads/8c3c5f4549793501b721c020bdc3346b.jpeg"], "category": {"name": "Спектакли", "sysName": "spektakli"}, "time": {"start": "2021-01-07 16:00:00", "end": "2021-12-01 17:00:00"}}, {"id": 815244, "name": "Литературно-творческий вечер «Лента поэзии. М. Цветаева»", "age": 16, "description": "<p>«Лента поэзии» – проект Марка Розовского для старой сцены театра «У Никитских ворот». Это цикл литературно-театральных вечеров, каждый из которых расскажет о творчестве какого-то одного поэта, в исполнении блестящей плеяды актеров театра. </p><p>Второй спектакль проекта посвящен Марине Цветаевой. Миры поэта до вас донесет заслуженная артистка России Марина Кайдалова.</p><p> В спектакле звучат стихи Марины Цветаевой: «Красною кистью...», «Кто создан из камня, кто создан из глины...», «Моим стихам, написанным так рано...», «Да, я, пожалуй, странный человек...», «На кортике своем: Марина...», «Наконец-то встретила. Надобного мне...», «Пахнуло Англией – и морем...», «Ваш нежный рот – сплошное целованье...», «Проста моя осанна...», «Заря пылала, догорая...», «Мой день беспутен и нелеп...», «Когда я стану бабушкой...», «Уж сколько их упало в эту бездну...» «Идешь, на меня похожий...» и другие.</p>", "shortDescription": "В рамках цикла литературно-театральных вечеров. Грандиозный проект Марка Розовского.", "min_price": 1000, "max_price": 1000, "link": "http://teatrunikitskihvorot.ru/tickets/", "needCheck": true, "status": "accepted", "updateDate": 1640641981990, "start": 1605974400000, "end": 1640279700000, "createDate": 1605455764909, "inAccepted": true, "acceptDate": 1635269475541, "image": {"author": "Елена Лапина", "name": "35006b51db659509ba0f042c60beb6d3.jpeg", "realName": "1F6A1854-8_1600x1055.jpg", "source": "http://teatrunikitskihvorot.ru/play/lenta-poezii-cvetaeva/"}, "photo": "https://pro.culture.ru/uploads/35006b51db659509ba0f042c60beb6d3.jpeg", "gallery": ["https://pro.culture.ru/uploads/d7f89f8bb4b7f33c33b0b4611f9bc80b.jpeg", "https://pro.culture.ru/uploads/142e44e08fe5079c6c0f6a3203339e46.jpeg", "https://pro.culture.ru/uploads/73049e7c333e4312237025402eb289f2.jpeg", "https://pro.culture.ru/uploads/b8bf58eaa0694fff86bd891e337bd031.jpeg"], "category": {"name": "Спектакли", "sysName": "spektakli"}, "time": {"start": "2020-11-21 16:00:00", "end": "2021-12-23 17:15:00"}}, {"id": 765529, "name": "Цикл встреч «Лента поэзии. С. Есенин»", "age": 16, "description": "<p>«Лента поэзии» – новый проект Марка Розовского, задуманный им для Старой сцены, ставшей настоящей экспериментальной площадкой. Это цикл литературно-театральных вечеров, каждый из которых посвящен творчеству одного или нескольких российских поэтов. Их личности раскрываются не через факты биографий и строки мемуарной литературы. О поэтах рассказывают их стихи.</p><p>В работе по стихам Сергея Есенина артисты хотят рассказать судьбу великого поэта и не пытаются «играть» писателя как персонажа. Это и не нужно! </p><p>Люди что-то теряют и находят, влюбляются и разочаровываются, протестуют и идут на компромисс, сомневаются и принимают решения. Поэтому в спектакле артисты читают стихи про себя и, возможно, про вас. Вашему вниманию предлагаются фантазии по произведениям Сергея&nbsp;Есенина.</p><p>Самостоятельная режиссерско-актерская работа молодых артистов театра.</p>", "shortDescription": "Цикл литературно-театральных вечеров.", "min_price": 1000, "max_price": 1000, "link": "http://teatrunikitskihvorot.ru/tickets/", "needCheck": true, "status": "accepted", "updateDate": 1640642008037, "start": 1603209600000, "end": 1638551700000, "createDate": 1602437975344, "inAccepted": true, "acceptDate": 1635407772329, "image": {"author": "Елена Лапина", "name": "c73ef8611ea699967408e904ee51a74f.jpeg", "realName": "1F6A6586_1600x1098.jpg", "source": "http://teatrunikitskihvorot.ru/play/esenin/"}, "photo": "https://pro.culture.ru/uploads/c73ef8611ea699967408e904ee51a74f.jpeg", "gallery": ["https://pro.culture.ru/uploads/2c8e995a081dfadc9e0399cd1bd34211.jpeg", "https://pro.culture.ru/uploads/490d0088129ce79233f64e0942dea07b.jpeg", "https://pro.culture.ru/uploads/f39b09251f40167902c29fc612a52897.jpeg", "https://pro.culture.ru/uploads/daae0b2f0db01d38b9c3c112abab2a18.jpeg", "https://pro.culture.ru/uploads/cf09c4088a8a127c452b701af285d1af.jpeg", "https://pro.culture.ru/uploads/e275c50d3ec8aaf677033054fcf8dac7.jpeg", "https://pro.culture.ru/uploads/cbc695e824239c8206042176db05a377.jpeg"], "category": {"name": "Спектакли", "sysName": "spektakli"}, "time": {"start": "2020-10-20 16:00:00", "end": "2021-12-03 17:15:00"}}, {"id": 719458, "name": "Спектакль «Лента поэзии. Шестидесятники»", "age": 16, "description": "<p>Разные стили, судьбы, индивидуальности… Каждый из четверых внес огромный вклад в современную литературу. Их отличает честное и высокое служение новым смыслам и формам. Они умели экспериментировать, когда эксперименту в жизни места не было; говорили правду, когда правил бал фальшивый соцреализм. Их поэтика и легка, и сложна одновременно. Своим примером шестидесятники готовили ту самую перестройку, которая пришла через четверть века. Они взяли на себя ответственность за движение страны в сторону демократии и человечности.</p><p>В рамках программы прозвучат произведения:</p><ul><li>Евгений Евтушенко – «Казнь Стеньки Разина» (глава из поэмы «Братская ГЭС»);</li><li>Роберт Рождественский – «Баллада о крыльях»;</li><li> Андрей Вознесенский – «Первый лед», «Бьют женщину», «Правила поведения за столом», «Бьет женщина», «Нас много. Нас может быть четверо…»;</li><li>Белла Ахмадулина – «Сказка о дожде».</li></ul>", "shortDescription": "Чтение произведений в театрализованной форме.", "min_price": 1000, "max_price": 1000, "link": "http://teatrunikitskihvorot.ru/tickets/", "needCheck": true, "status": "accepted", "updateDate": 1640186159141, "start": 1600531200000, "end": 1640193300000, "createDate": 1598535944806, "inAccepted": true, "acceptDate": 1635269147075, "image": {"author": "Софья Насырова", "name": "3b5476f1179f43d73500b8efc5c1dae1.jpeg", "realName": "PB210062_1600x1160_1600x1160.jpg", "source": "http://teatrunikitskihvorot.ru/play/evtushenko-rozhdestvenskiiy-ahmadulina-voznesenskiiy/"}, "photo": "https://pro.culture.ru/uploads/3b5476f1179f43d73500b8efc5c1dae1.jpeg", "gallery": ["https://pro.culture.ru/uploads/ce09fda6a1f2f62613fda37c46e5592e.jpeg", "https://pro.culture.ru/uploads/5ccbda05ce764800c4941a8e32a38984.jpeg", "https://pro.culture.ru/uploads/b868233a7a658e3039431eede4412bca.jpeg", "https://pro.culture.ru/uploads/c0e2b288951a812dbe59c699fa7c2621.jpeg", "https://pro.culture.ru/uploads/ff33f4f32db677ee2dfa3a9cb1cec89c.jpeg", "https://pro.culture.ru/uploads/4ee702e37c6b8090aaf6753f8577571d.jpeg", "https://pro.culture.ru/uploads/b8644fcc3b4e2c8dc2bbb4ac9ec32f33.jpeg"], "category": {"name": "Спектакли", "sysName": "spektakli"}, "time": {"start": "2020-09-19 16:00:00", "end": "2021-12-22 17:15:00"}}, {"id": 716897, "name": "Спектакль «Лента поэзии. А. С. Пушкин»", "age": 12, "description": "<p>Грандиозный проект Марка Розовского на Старой сцене театра.</p><p>«Лента поэзии» – поэтический моноспектакль, в котором гениальные строки А. С. Пушкина предстанут в исключительно игровой форме. Миры поэта до вас донесет народный артист России, лауреат Государственной премии Валерий Шейман. </p><p>В программе вечера Пушкина: «Пророк»; «Деревня» (фрагмент); «Элегия», 19 октября 1825 года; «Евгений Онегин» (фрагмент); «Сцена из Фауста»; «Граф Нулин»; «Памятник».</p><p>Далее на «Ленте поэзии» возникнут имена Цветаевой, Есенина, Маяковского, Блока… А также Самойлова, Левитанского, Саши Черного, Агнивцева, Бродского, Ахматовой… Поэты известные и малоизвестные, забытые и полузабытые… Классики и наши современники… </p><p>Дорогие зрители, вас ждут сюрпризы и открытия, новые трактовки и свежие переживания в необозримом пространстве русской культуры. Проект «Лента поэзии» поистине бесконечен. Потому что бесконечна русская поэзия и неисчерпаемы таланты наших артистов.</p>", "shortDescription": "Произведения Пушкина и других русских поэтов в исполнении Валерия Шеймана.", "min_price": 1000, "max_price": 1000, "link": "http://teatrunikitskihvorot.ru/tickets/", "needCheck": true, "status": "accepted", "updateDate": 1640642098587, "start": 1599926400000, "end": 1638638400000, "createDate": 1598359780325, "inAccepted": true, "acceptDate": 1632303179576, "image": {"author": "Лена Лапина", "name": "672b082883a49a7c8fadb0b4e67f1f96.jpeg", "realName": "1F6A0893.jpg", "source": "http://teatrunikitskihvorot.ru/play/lenta-poezii-pushkin/"}, "photo": "https://pro.culture.ru/uploads/672b082883a49a7c8fadb0b4e67f1f96.jpeg", "gallery": ["https://pro.culture.ru/uploads/58e3afc7f1a84c15cb17b9eff9fbe5b5.jpeg", "https://pro.culture.ru/uploads/ad27f19658d94a1055024c1a1307dec3.jpeg", "https://pro.culture.ru/uploads/8a5ad6fbbb711c7119d5cc42710236f2.jpeg", "https://pro.culture.ru/uploads/320b4b53444830008ada45f8169576df.jpeg", "https://pro.culture.ru/uploads/1c1442c7ffda2d6443db1283d90b7a9a.jpeg", "https://pro.culture.ru/uploads/1cfe39245c4b85452bf478d121bc5114.jpeg", "https://pro.culture.ru/uploads/a778504800927ad8ec1749a22b98e72a.jpeg", "https://pro.culture.ru/uploads/b3fd00187d4641332be425117d00d17e.jpeg"], "category": {"name": "Спектакли", "sysName": "spektakli"}, "time": {"start": "2020-09-12 16:00:00", "end": "2021-12-04 17:20:00"}}, {"id": 700608, "name": "Спектакль «Амадей»", "age": 16, "description": "<p>Одним из главных героев пьесы является музыка Моцарта, которая станет весомым аргументом в споре посредственности и гениальности. Спектакль посвящается памяти выдающегося актера современности, народного артиста Союза Советских Социалистичских Республик Олега Табакова, более 30 лет блестяще исполнявшего роль Сальери. Спектакль «Амадей» – это современный взгляд на вечный конфликт моцартианства и сальеризма, творца и ремесленника, любви и зависти.</p><p>Пьеса начинается со вступительных слов старого Сальери. Он вспоминает, как всегда хотел обладать музыкальным талантом, о чем страстно просил Бога. Взамен он обещал вести праведную жизнь, быть верным жене и помогать неимущим. В годы его расцвета композитор познакомился в Вене с Моцартом, именно эту историю он хочет рассказать зрителям.</p><p>Источник: Амадей – краткое содержание пьесы Шаффера (сюжет произведения).</p>", "shortDescription": "В пьесе рассказывается о взаимоотношениях великого композитора и его завистника.", "min_price": 500, "max_price": 3000, "link": "http://teatrunikitskihvorot.ru/tickets/", "needCheck": true, "status": "accepted", "updateDate": 1640642082381, "start": 1599840000000, "end": 1640718000000, "createDate": 1596644072932, "inAccepted": true, "acceptDate": 1635409502844, "image": {"author": "Елена Лапина", "name": "0db9e3c231452a153fef96aea7a32673.jpeg", "realName": "b90d12b0bcc725cad74c5a3a87cf5996.jpeg", "source": "http://teatrunikitskihvorot.ru/play/amadeiy/"}, "photo": "https://pro.culture.ru/uploads/0db9e3c231452a153fef96aea7a32673.jpeg", "gallery": ["https://pro.culture.ru/uploads/e5851a81fa06e68642bcea90caa70ee6.jpeg", "https://pro.culture.ru/uploads/2461b3d35424680bd9faae7920cee437.jpeg", "https://pro.culture.ru/uploads/b90d12b0bcc725cad74c5a3a87cf5996.jpeg", "https://pro.culture.ru/uploads/ff4887328e44212a938e9add3e79a039.jpeg", "https://pro.culture.ru/uploads/938863c69f61f9ceefad08f3ef0b3010.jpeg", "https://pro.culture.ru/uploads/119e84ba3bd0dc984ced4e48d9586f96.jpeg", "https://pro.culture.ru/uploads/4db1e2476af672be521c5b464194d967.jpeg"], "category": {"name": "Спектакли", "sysName": "spektakli"}, "time": {"start": "2020-09-11 16:00:00", "end": "2021-12-28 19:00:00"}}, {"id": 609875, "name": "Литературно-творческий вечер «Лента поэзии. Д. Самойлов»", "age": 16, "description": "<p> Режиссер Марк Розовский и заслуженный артист России Андрей Молотков представляют творчество замечательного представителя поколения поэтов-фронтовиков – Давида Самойлова. Его творчество обогащает русскую поэзию второй половины XX века. </p><p>Это пример грандиозного служения русской поэзии в ее высших классических образцах. Самойловская лирика по-пушкински легка и иронична, по-лермонтовски грустна и романтична, по-некрасовски добра и горька… Игровой характер этих стихов несомненен. Рифмы и ритмика безупречны. «Лента поэзии» – новый проект Марка Розовского, для Старой сцены театра «У Никитских ворот». Это цикл литературно-театральных вечеров, каждый из которых будет посвящен творчеству какого-то одного поэта – в исполнении блестящей плеяды актеров театра. </p>", "shortDescription": "Цикл литературно-театральных вечеров.", "min_price": 800, "max_price": 800, "link": "http://teatrunikitskihvorot.ru/tickets/", "needCheck": true, "status": "accepted", "updateDate": 1640361476513, "start": 1588867200000, "end": 1640365800000, "createDate": 1585232666080, "inAccepted": true, "acceptDate": 1635268999959, "image": {"author": "Лена Лапина", "name": "8312c4d278b0fc2bb305b2b98bb5772c.jpeg", "realName": "1F6A5105_800x526.jpg", "source": "http://teatrunikitskihvorot.ru/play/lenta-poezii-samoiylov/"}, "photo": "https://pro.culture.ru/uploads/8312c4d278b0fc2bb305b2b98bb5772c.jpeg", "gallery": ["https://pro.culture.ru/uploads/fd6abe6c5a8c23a77ea316853ecd2a8d.jpeg", "https://pro.culture.ru/uploads/35686eab419f93d19c0058473edeacfc.jpeg", "https://pro.culture.ru/uploads/5795fea00785b996a4d73380d3428515.jpeg", "https://pro.culture.ru/uploads/fe352561436f4277bfaa69d74f96e751.jpeg"], "category": {"name": "Спектакли", "sysName": "spektakli"}, "time": {"start": "2020-05-07 16:00:00", "end": "2021-12-24 17:10:00"}}, {"id": 522854, "name": "Спектакль «Убивец»", "age": 16, "description": "<p>В постановке прозвучат произведения композитора Эдуарда Артемьева. Стихи написал поэт Юрий Ряшенцев, сценографом выступил театральный художник Степан Зограбян. У этого творческого союза получился темный мрачный мир Петербурга, где живет человек, решивший проверить опытным путем «тварь он дрожащая или право имеет». </p><p>В роли Раскольникова дебютировал выпускник Всероссийского государственного институтп кинематографии Сергей Рожнов, только в этом году принятый в труппу театра. И у него получился именно такой образ – терзаемый внутренними бесами, черствый, эгоистичный. </p>", "shortDescription": "По роману Федора Достоевского «Преступление и наказание».", "min_price": 500, "max_price": 2000, "link": "http://teatrunikitskihvorot.ru/tickets/", "status": "accepted", "updateDate": 1629185390038, "start": 1575216000000, "end": 1631905200000, "createDate": 1574532411485, "inAccepted": true, "acceptDate": 1629214998191, "image": {"author": "Лена Лапина", "name": "6b763231ff57cf4f2a287c64c82694eb.jpeg", "realName": "1F6A9688_1280x853.jpg", "source": "http://teatrunikitskihvorot.ru/play/ubivec/"}, "photo": "https://pro.culture.ru/uploads/6b763231ff57cf4f2a287c64c82694eb.jpeg", "gallery": ["https://pro.culture.ru/uploads/93d86353be8b2ea92e8ab7d430b59cef.jpeg", "https://pro.culture.ru/uploads/7f92fc3effdea3dff4265c171a46f933.jpeg", "https://pro.culture.ru/uploads/5b336c91d7a287a676438f0a4c0dfd01.jpeg", "https://pro.culture.ru/uploads/921dd579e425a5de2f228bfe7b054974.jpeg", "https://pro.culture.ru/uploads/40265344af9db1251a1a21bac924dd79.jpeg", "https://pro.culture.ru/uploads/3f9e6d7731ea09031c1cdb58c50d8f02.jpeg"], "category": {"name": "Спектакли", "sysName": "spektakli"}, "time": {"start": "2019-12-01 16:00:00", "end": "2021-09-17 19:00:00"}}, {"id": 295975, "name": "Мюзикл «Капитанская дочка»", "age": 12, "description": "<p> «Капитанская дочка» – настоящий русский мюзикл, созданный Марком Розовским и Максимом Дунаевским. Этот спектакль отлично подойдет для семейного просмотра.</p><p> Основа спрятана в другом труде Пушкина-историка – в «Истории пугачевского бунта». Зверства Пугачева, поднявшего злобную и дикую чернь на бунт против державного официоза, описаны легким пушкинским пером с отвращением к насилию и научной скрупулезностью. А в «Капитанской дочке» тот же гениальный автор как бы заново и по-другому осмысливает события – уже через художественную призму, через частную историю всепобеждающей любви двух сердец – юноши и девушки, которые попали в кровавую мясорубку века и сумели сохранить жизнь и достоинство свое. Тема любви сопряжена с темой предательства, и взятые Пушкиным в эпиграф слова «Береги честь смолоду» составляют призывный смысл, обращенный ко всем поколениям людей, живших и живущих на русской земле. Отсюда святой патриотический градус, пронизывающий этот музыкально-поэтический спектакль.<br /></p><p></p><p></p>", "shortDescription": "Мюзикл М. Розовского и М. Дунаевского по хрестоматийной повести А. Пушкина.", "min_price": 1000, "max_price": 3000, "link": "http://teatrunikitskihvorot.ru/tickets/", "needCheck": true, "status": "accepted", "updateDate": 1640641964565, "start": 1538928000000, "end": 1640804400000, "createDate": 1537724462348, "inAccepted": true, "acceptDate": 1635268784905, "image": {"author": "Елена Лапина", "name": "f5d666ee27a9298cb08352c0a22b8258.jpeg", "realName": "1F6A1618 (2)+.JPG", "source": "http://teatrunikitskihvorot.ru/play/kapitanskaya-dochka/"}, "photo": "https://pro.culture.ru/uploads/f5d666ee27a9298cb08352c0a22b8258.jpeg", "gallery": ["https://pro.culture.ru/uploads/12334b0d3f131a6f1c6515b823dcf226.JPG", "https://pro.culture.ru/uploads/fab27f8cdcd108f53814e82d10f2ec88.JPG", "https://pro.culture.ru/uploads/59eb7938817ffa921954bea9d97d422a.JPG", "https://pro.culture.ru/uploads/72ee984c99ef188ec678a306f6d8d350.JPG", "https://pro.culture.ru/uploads/f0f58549e891dadb2e8dc539b7943244.JPG", "https://pro.culture.ru/uploads/2fdb83936689b6135b9a440dcf0fe8a4.JPG", "https://pro.culture.ru/uploads/ac49b94de2ac89129ac2bcc18d5176a3.jpg", "https://pro.culture.ru/uploads/c7d69d13bfb002d5ff17ec23185518d6.jpg", "https://pro.culture.ru/uploads/afc8ee77690c4016be9325d0c8709534.jpeg"], "category": {"name": "Спектакли", "sysName": "spektakli"}, "time": {"start": "2018-10-07 16:00:00", "end": "2021-12-29 19:00:00"}}, {"id": 206709, "name": "Спектакль «Мать обвиняет»", "age": 16, "description": "<p><span><span><span> Художественный руководитель театра Марк Розовский предлагает вниманию зрителя собственную версию известной пьесы чешского драматурга Карела Чапека «Мать». Созданная в 1937 году, она стала итоговым произведением в творчестве писателя. Жестокая </span></span><span><span>пьеса произвела фурор. Она призывала&nbsp;</span></span><span><span>защи</span></span><span><span>ща</span></span><span><span>ть мир и свободу, отстаивать их с оружием в руках</span></span><span><span>,</span></span><span><span> бор</span></span><span><span>оться</span></span><span><span> с фашизмом, который в то время поднимал голову в Европе.</span></span></span></p> <p><span><span><span>«Мать обвиняет» – это пронзительный спектакль, монолог женщины, пять </span></span><span><span>сыновей</span></span><span><span> и муж которой борются и погибают…&nbsp;</span></span><span><span>Марк Розовский впервые поставил «Мать обвиняет» во МХАТе по приглашению Олега Ефремова более 30 лет назад. </span></span><span><span>Спектакль</span></span><span><span> стал сенсацией и имел огромный успех не только у московского зрителя, но и за рубежом. </span></span></span></p> <p><span><span><span>Совреме</span></span><span><span>нные реалии делают нынешнюю постановку совершенно необходимой, придают ей остроту и злободневность. Монолог матери прозвучит в исполнении ведущей актрисы театра «У Никитских ворот» – заслуженной артистки России Марины </span></span><span><span>Кайдаловой</span></span><span><span>.</span></span></span></p>", "shortDescription": "Это пронзительный спектакль, монолог женщины, пять сыновей и муж которой борются и погибают...", "min_price": 1000, "max_price": 1000, "link": "http://teatrunikitskihvorot.ru/tickets/", "needCheck": true, "status": "accepted", "updateDate": 1635268362611, "start": 1519315200000, "end": 1636045800000, "createDate": 1516984583483, "inAccepted": true, "acceptDate": 1635268362810, "image": {"author": "Лена Лапина ", "name": "65650854c501a4a8ae1d102e94d3bcb8.jpeg", "realName": "873501ee97193966629b155fb17f9e25.jpg", "source": "http://teatrunikitskihvorot.ru/play/mat-obvinyaet/"}, "photo": "https://pro.culture.ru/uploads/65650854c501a4a8ae1d102e94d3bcb8.jpeg", "gallery": ["https://pro.culture.ru/uploads/6434aef8a7416a06a3aa83ba1cf0b2fb.jpg", "https://pro.culture.ru/uploads/5766bb18968b527d0e4d6859aad8b829.jpg", "https://pro.culture.ru/uploads/cd90334cca21ee09e8c29e7f6368baad.jpeg"], "category": {"name": "Спектакли", "sysName": "spektakli"}, "time": {"start": "2018-02-22 16:00:00", "end": "2021-11-04 17:10:00"}}, {"id": 204021, "name": "Спектакль «Мораль пани Дульской»", "age": 16, "description": "<p><span>Пьеса «Мораль пани Дульской» польского драматурга Габриэли Запольской – одно из наиболее ярких сатирических произведений начала XX века. Написанная более 100 лет назад и с восторгом принятая прогрессивной общественностью пьеса за несколько лет с успехом прошла на сценах всех европейских столиц. Особенно популярна «Мораль пани Дульской» была в России. С тех пор пьеса не стала менее злободневной, ведь суть мещанства не меняется со временем, двойная мораль торжествует и меняет психологию человеческой души. За внешней респектабельностью скрываются мелкие мещанские интересы, корысть и воинствующая безнравственность.</span></p> <p><span>Режиссер-постановщик – народный артист России, лауреат Государственной премии Валерий Шейман – перенес на сцену родного театра сценическую работу театрального курса, которым руководил несколько лет. По традиции на одной сцене в новой постановке объединились бывшие студенты и опытные актеры.</span></p>", "shortDescription": "Яркая, злободневная пьеса, с успехом прошедшая на сценах всех европейских столиц.", "min_price": 1000, "max_price": 1000, "link": "http://teatrunikitskihvorot.ru/tickets/", "needCheck": true, "status": "accepted", "updateDate": 1638718870467, "start": 1517500800000, "end": 1638729000000, "createDate": 1516553258839, "inAccepted": true, "acceptDate": 1635268302775, "image": {"author": "Лена Лапина", "name": "3efd01ab422b53b91a406365dacd79e5.jpeg", "realName": "IMG_9907_1600x1019.JPG", "source": "http://teatrunikitskihvorot.ru/play/moral-pani-dulskoiy/"}, "photo": "https://pro.culture.ru/uploads/3efd01ab422b53b91a406365dacd79e5.jpeg", "gallery": ["https://pro.culture.ru/uploads/381d9b1f00b4910b3056a37f9c4957df.JPG", "https://pro.culture.ru/uploads/43daee7eadd7489a625f105f74c82029.JPG", "https://pro.culture.ru/uploads/71d2854ba6a1a2d8d9a2d13fc68e4630.JPG", "https://pro.culture.ru/uploads/7d7474621e262024f35965cd1a445748.JPG", "https://pro.culture.ru/uploads/325b41be8a920a50d31e4c5d2b26578a.JPG", "https://pro.culture.ru/uploads/a2ed3ee71e5ed3c8331cd878ca784633.JPG", "https://pro.culture.ru/uploads/fa85b14f4a1148750d712e51b3f519b1.jpeg"], "category": {"name": "Спектакли", "sysName": "spektakli"}, "time": {"start": "2018-02-01 16:00:00", "end": "2021-12-05 18:30:00"}}, {"id": 203928, "name": "Спектакль «Горе без ума»", "age": 16, "description": "<p><span><span>Художественный руководитель театра Марк Розовский вновь обращается к отечественной классике. На сцене театра – трагикомедия «Горе без ума», сценическая редакция бессмертного шедевра российской словесности, </span></span></p><p><span><span>Комедия в стихах «Горе от ума» А. Грибоедова чрезвычайно злободневна: в центре – конфликт общества и личности, противостояние чести и лизоблюдства, любви и пошлости, верности и предательства. Критический взгляд на состояние современного общества усиливают используемые Розовским в постановке фрагменты переписки А. Пушкина с П. Чаадаевым. </span></span></p>", "shortDescription": "Постановка по пьесе А. Грибоедова посвящена конфликту общества и власти.", "min_price": 1000, "max_price": 1500, "link": "http://teatrunikitskihvorot.ru/tickets/", "status": "accepted", "updateDate": 1640641962084, "start": 1508482800000, "end": 1638384000000, "createDate": 1516467500536, "inAccepted": true, "acceptDate": 1635268854837, "image": {"author": "Лена Лапина", "name": "aaace0624d78fbf8009bac4110d2d4b1.jpeg", "realName": "IMG_5218.JPG", "source": "http://teatrunikitskihvorot.ru/play/gore-bez-uma/"}, "photo": "https://pro.culture.ru/uploads/aaace0624d78fbf8009bac4110d2d4b1.jpeg", "gallery": ["https://pro.culture.ru/uploads/91a501db58634c927fd90f85744f1459.jpg", "https://pro.culture.ru/uploads/dbf54d6897307bd01deafb6e6f4b0871.jpg", "https://pro.culture.ru/uploads/24b2bd2a8d2f88214a34b80caf27e59b.jpg", "https://pro.culture.ru/uploads/d8e56f85d6128ae55e9ee048607743c4.jpg", "https://pro.culture.ru/uploads/20de5643a60f2c9a8ec7312c7d5f490b.JPG", "https://pro.culture.ru/uploads/5bd0673065bcf2621ef833fc3c1b3dd3.JPG", "https://pro.culture.ru/uploads/730c778ff2b7caaa03d821e1d81c3465.JPG", "https://pro.culture.ru/uploads/d1d6ca633fcfce3a22abaf9bc535af33.jpeg", "https://pro.culture.ru/uploads/34ec95937d4a1e632ca0bcc3d65e3626.jpeg", "https://pro.culture.ru/uploads/76f8baabe306109a663356a67e30f8a7.jpeg"], "category": {"name": "Спектакли", "sysName": "spektakli"}, "time": {"start": "2017-10-20 07:00:00", "end": "2021-12-01 18:40:00"}}, {"id": 59223, "name": "Спектакль «Бедная Лиза»", "age": 12, "description": "<p>Классическая повесть Карамзина «Бедная Лиза», известная каждому школьнику, обрела новую жизнь и современное звучание в постановке Марка Розовского. Сентиментальная история любви бедной крестьянки к аристократу рассказана в музыкальном спектакле с некоторой долей мягкой иронии и юмора, что позволяет создать эффект отстранения – дистанции, столь необходимый для того, чтобы воспринимать историю крестьянской девушки и ее возлюбленного не как исторический анекдот, затерявшийся в толще веков, но как историю общечеловеческую и актуальную сегодня, как и всегда.<span></span></p> <p><span>Современные понятия о добре и зле имеют пробелы, отчего жизнь оказывается лишена вкуса, покоя и грации. Путаница ведет к хаосу, скошенные представления могут привести даже к преступлению. </span>Жизнь спектакля доказала, что с помощью музыкально-поэтических добавлений великое русское слово действует и сегодня на души людей, заставляет посмеяться и всплакнуть.</p>", "shortDescription": "Сентиментальная история любви бедной крестьянки к аристократу.", "min_price": 500, "max_price": 1500, "link": "http://teatrunikitskihvorot.ru/tickets/", "status": "accepted", "updateDate": 1631345885950, "start": 1494432000000, "end": 1633714800000, "createDate": 1473853635200, "inAccepted": true, "acceptDate": 1631606106472, "image": {"author": "Надежда Пястолова", "name": "b8ccb17bded0d5773168a41dd38acc25.jpg", "realName": "Лапи 1F6A0214.jpg", "source": "http://teatrunikitskihvorot.ru/play/bednaya-liza/"}, "photo": "https://pro.culture.ru/uploads/b8ccb17bded0d5773168a41dd38acc25.jpg", "gallery": ["https://pro.culture.ru/uploads/210583f19fc797a7f94cff807aece20b.jpg", "https://pro.culture.ru/uploads/def83e7ae1025c444ff6392b37182233.jpg", "https://pro.culture.ru/uploads/2f3f4d5eed0d10f314117b58810c7892.JPG", "https://pro.culture.ru/uploads/aa6a1afb8bbb5cd2b5e111fefadca96f.jpg", "https://pro.culture.ru/uploads/add62e0d8310617a493d30c3740d6194.jpg", "https://pro.culture.ru/uploads/879c587dd05d48fa4682a54a7b152f9b.jpg", "https://pro.culture.ru/uploads/003427c498c150b1df624543ece1650b.jpg", "https://pro.culture.ru/uploads/9eef98c1b26c6e562f56e75ab2bd3f35.jpg", "https://pro.culture.ru/uploads/3da1df42509e55a6f6da44d919682dbf.jpg"], "category": {"name": "Спектакли", "sysName": "spektakli"}, "time": {"start": "2017-05-10 16:00:00", "end": "2021-10-08 17:40:00"}}, {"id": 42108, "name": "Спектакль «Шутки Чехова»", "age": 12, "description": "<p>На первый взгляд, два действия никак не связаны друг с другом. Но! Герои обоих – банкиры и их жены, которые попали в плен денег, условностей и страстей. </p><p>«Пари» – это неизвестный А. Чехов. Это рассказ-притча. Это необычный А. Чехов. Настолько необычный, что многие скажут: это – не А. Чехов. Однако ошибутся, ибо авторский мир писателя действительно необозрим. Лукавый взгляд сквозь пенсне как бы дразнит: «То, что ждешь от меня, – не получишь, а получишь то, что не ждешь».</p><p>Вторая часть спектакля – знаменитый «Юбилей». «Шутка в одном действии», – так сам автор определил жанр этой фантастической комедии характеров, где реальность быстро превращается в абсурд, а чеховский юмор – одна из вершин непревзойденного мастерства.</p>", "shortDescription": "Пьеса-фантазия М. Розовского по рассказам А. Чехова «Пари» и «Юбилей».", "min_price": 1000, "max_price": 1000, "link": "http://teatrunikitskihvorot.ru/tickets/", "status": "accepted", "updateDate": 1640642045104, "start": 1507392000000, "end": 1634149800000, "createDate": 1462967146386, "inAccepted": true, "acceptDate": 1631955635461, "image": {"author": "Лена Лапина", "name": "9297b5882587e107bad12d0f8869a731.jpg", "realName": "_NP_1598_Nadya_Pyastolova_1600x1067.jpg", "source": "http://teatrunikitskihvorot.ru/play/shutki-chehova/"}, "photo": "https://pro.culture.ru/uploads/9297b5882587e107bad12d0f8869a731.jpg", "gallery": ["https://pro.culture.ru/uploads/ee3950a45357dffdb31c28fc55eed920.jpg", "https://pro.culture.ru/uploads/8293a11f6f91c1aaea29db15b1cadc77.jpg", "https://pro.culture.ru/uploads/8db44a249d5ad06f363922b80b2a5b9c.jpg", "https://pro.culture.ru/uploads/313a312d5ebdb29e65bd811ce6ee4e07.jpg", "https://pro.culture.ru/uploads/6908d3be6940909d356c6cb727a2a817.jpg", "https://pro.culture.ru/uploads/5172d5a8ed8fdef1064dc1913dfb9f63.jpeg", "https://pro.culture.ru/uploads/496b31a582041f31486fe45074382e5d.jpeg", "https://pro.culture.ru/uploads/f35743c75b4a4fab6b8e2087ed805bb3.jpeg", "https://pro.culture.ru/uploads/f65ef7c80118f6c686937c33b4de1c4b.jpeg", "https://pro.culture.ru/uploads/00da20230e07957b72f84ead0e450654.jpeg"], "category": {"name": "Спектакли", "sysName": "spektakli"}, "time": {"start": "2017-10-07 16:00:00", "end": "2021-10-13 18:30:00"}}, {"id": 39934, "name": "Спектакль «Доктор Чехов»", "age": 16, "description": "<p><span>Спектакль «Доктор Чехов» – произведение высокой смеховой культуры, обладающее огромной энергией очищения, обновления человека, высвобождения от футляра. Но это еще и спектакль-исследование. </span></p><p><span>Марк Розовский проделал уникальную литературоведческую работу. Спектакль Розовского – это не реставрация рассказов, а подлинное, живое, творческое их осмысление. Вместе с Чеховым участники спектакля желают говорить о болевых точках человеческого существования. </span>Об унижении и оскорблении. О горе и счастье бытия, в котором есть слеза и смех.</p><p> С этого спектакля началась история театра «У Никитских ворот».</p>", "shortDescription": "Постановка по мотивам произведений А. П. Чехова.", "min_price": 500, "max_price": 1500, "link": "http://teatrunikitskihvorot.ru/tickets/", "status": "accepted", "updateDate": 1631347376979, "start": 1509811200000, "end": 1635444000000, "createDate": 1461696437495, "inAccepted": true, "acceptDate": 1631606089693, "image": {"author": "Надежда Пястолова", "name": "d5538234601ba7e7b24a8cc5dd23bfdd.JPG", "realName": "1F6A0041.JPG", "source": "http://teatrunikitskihvorot.ru/play/doktor-chehov/"}, "photo": "https://pro.culture.ru/uploads/d5538234601ba7e7b24a8cc5dd23bfdd.JPG", "gallery": ["https://pro.culture.ru/uploads/7fee6fe2629762184a7d010a85fb9d3f.jpg", "https://pro.culture.ru/uploads/af0e44dbb97520b3c47bea12d2c3cfd9.jpg", "https://pro.culture.ru/uploads/beb7849e1609ecf976efa0370c174018.jpg", "https://pro.culture.ru/uploads/d8d028cab3a085f10b73ddd66255dc21.jpg", "https://pro.culture.ru/uploads/542fd55aab48ce58b3f1f193c08d92d8.JPG", "https://pro.culture.ru/uploads/8ee91efe8d715ab34c6010b27060e18d.jpeg", "https://pro.culture.ru/uploads/7287c622225db146f0f6e5493e6a685b.jpeg", "https://pro.culture.ru/uploads/fb99a7171033679bd1e34bc54cc36a6d.jpeg"], "category": {"name": "Спектакли", "sysName": "spektakli"}, "time": {"start": "2017-11-04 16:00:00", "end": "2021-10-28 18:00:00"}}, {"id": 37519, "name": "Спектакль «Похороните меня за плинтусом»", "age": 16, "description": "<p><span>Жизнь детей в среде, где нравственные устои размыты, превращается в пытку, и то, что мы называем счастливым детством, оказывается неисполнимой мечтой. Лишенный материнства мальчик – объект неистовой бабушкиной любви – живет на перекрестке понятных, но совершенно истребительных интересов и чувств, да так, что все участники этой простой истории становятся жертвами друг друга. Жаль всех, однако прежде всего маленького ребенка, живущего на положении заложника. Никто не хочет уступать, и эта взаимная глухота ведет к безумию и страшным страданиям всех участников конфликта.</span></p> <p><span>Главное качество санаевской прозы – потрясающая узнаваемость правды быта, переходящая в поэтику, юмор и лиризм живых человеческих взаимоотношений и дающая серьезнейшие основания для размышлений о так недостающей всем деликатности в вопросах воспитания.</span></p>", "shortDescription": "Павел Санаев написал веселую и печальную книгу о детстве, которая сразу стала бестселлером.", "min_price": 500, "max_price": 3000, "link": "http://teatrunikitskihvorot.ru/tickets/", "needCheck": true, "status": "accepted", "updateDate": 1640641984308, "start": 1510243200000, "end": 1639765800000, "createDate": 1460735369874, "inAccepted": true, "acceptDate": 1635409430248, "image": {"author": "Надежда Пястолова", "name": "22c9d41a633b5a3a510d74dddea81927.jpg", "realName": "DSC03284_wet_res+_1600x944.jpg", "source": "http://teatrunikitskihvorot.ru/play/pohoronite-menya-za-plintusom/"}, "photo": "https://pro.culture.ru/uploads/22c9d41a633b5a3a510d74dddea81927.jpg", "gallery": ["https://pro.culture.ru/uploads/22b94e35df1055a30e69e1ea45ab2422.jpg", "https://pro.culture.ru/uploads/c27a401d34290b777aebb36572af5dd9.jpg", "https://pro.culture.ru/uploads/9c15ead0b8130d9703f5cd289310c9fc.jpg", "https://pro.culture.ru/uploads/8e7fb111f93692d6cfc24d91aab19c53.jpg", "https://pro.culture.ru/uploads/f16e902c59b67f411e640422adcb1bf6.jpg", "https://pro.culture.ru/uploads/93e8d99011f43a947ae24c22779dd7dd.jpg", "https://pro.culture.ru/uploads/1a5ca970dc50d518f74ab4af39f19822.jpg", "https://pro.culture.ru/uploads/03bb968155ac85fd602f311125c5f60a.jpg", "https://pro.culture.ru/uploads/436aa1bf62d4e6b149308f4f7a6b74c3.jpeg"], "category": {"name": "Спектакли", "sysName": "spektakli"}, "time": {"start": "2017-11-09 16:00:00", "end": "2021-12-17 18:30:00"}}]}