{"12805": [{"id": 1400846, "name": "Спектакль «Двое на качелях»", "age": 16, "description": "<p> Гиттель и Джерри живут в разных концах Нью-Йорка. Она – танцовщица, пребывающая в мечтах и иллюзиях. Она больна и совершенно неспособна противостоять грубости жизни или постоять за себя. Джерри – адвокат, человек прагматичный и довольно жесткий. У него всегда есть запасной план. Два совершенно разных мира, два совершенно разных способа мышления. Пожалуй, только одно объединяет этих двоих – абсолютное одиночество. </p><p>На одной из вечеринок Джерри встречает Гиттель, узнает номер телефона и звонит с предложением встретиться. Два человека находят друг друга в огромном, бесчувственном городе. Остаются жить и решать свои проблемы вместе. </p><p>На фоне урбанистического пейзажа разворачивается история любви, история родства человеческих душ, теплая, настоящая, с множеством радостных моментов. Deus conservat omnia (Бог хранит все), но за свой выбор и друг за друга нужно нести ответственность. Быть счастливым или не быть – это личный выбор каждого. </p>", "shortDescription": "Постановка по одноименной пьесе американского драматурга Уильяма Гибсона.", "min_price": 900, "link": "https://quicktickets.ru/aleksandrov-dramteatr/e8", "needCheck": true, "status": "accepted", "updateDate": 1639380511509, "start": 1636560000000, "end": 1643133600000, "createDate": 1634642782536, "inAccepted": true, "acceptDate": 1639379857398, "image": {"author": "f.otzyv.ru", "name": "82cb1658eb2d165c95507346cb8bf2d5.jpeg", "realName": "11071912532512712357.jpg", "source": "https://yandex.ru/images/sea"}, "photo": "https://pro.culture.ru/uploads/82cb1658eb2d165c95507346cb8bf2d5.jpeg", "gallery": [], "category": {"name": "Спектакли", "sysName": "spektakli"}, "time": {"start": "2021-11-10 16:00:00", "end": "2022-01-25 18:00:00"}}]}