{"11988": [{"id": 1463462, "name": "Спектакль «Метод Гренхольма»", "age": 18, "description": "<p>Перед зрителями развертывается практически детектив. Четыре кандидата на должность топ-менеджера крупной компании (Фернандо, Мерседес, Энрике и Карлос) встречаются на собеседовании. События вдруг принимают совершенно неожиданный оборот. </p><p>Соискателям представляется возможность посмотреть друг на друга под совершенно другим углом. На что каждый из них готов, чтобы занять эту первоклассную должность? Кто стоит за всем тем, что происходит между ними? И кто здесь на самом деле говорит правду, а кто – что-то недоговаривает? <br /></p>", "shortDescription": "Дипломная работа студентов четвертого курса артистов драматического театра и кино.", "min_price": 300, "link": "https://yar-afisha.ru/events/teatr/metod-gryenkholma/", "needCheck": true, "status": "accepted", "updateDate": 1639557512450, "start": 1638372600000, "end": 1643131200000, "createDate": 1637168470405, "inAccepted": true, "acceptDate": 1639318438075, "image": {"author": "Елена Егунёва", "name": "3008886940236e550e29cbd96ed0dfe6.jpeg", "realName": "1631569746_aa79b6.jpg", "source": "https://eguneva.ru/metod-gryonholma"}, "photo": "https://pro.culture.ru/uploads/3008886940236e550e29cbd96ed0dfe6.jpeg", "gallery": [], "category": {"name": "Спектакли", "sysName": "spektakli"}, "time": {"start": "2021-12-01 15:30:00", "end": "2022-01-25 17:20:00"}}, {"id": 1401757, "name": "Спектакль «Розенкранц и Гильденстерн мертвы»", "age": 12, "description": "<p>Розенкранц и Гильденстерн, скорее даже не второстепенные, а третьестепенные персонажи великой шекспировской трагедии «Гамлет»: обычно совсем немного появляются на сцене, говорят около десяти реплик на двоих, по приказу короля шпионят за Гамлетом и погибают. </p><p>Но в 1967 году английский драматург Том Стоппард пишет пьесу «Розенкранц и Гильденстерн мертвы», в которой, со свойственным ему юмором, пытается посмотреть на обстоятельства великой трагедии с совершенно другой стороны – глазами Розенкранца и Гильденстерна. Откуда они прибыли? Зачем их позвали? Что все это значит? Быть может, это не они предали и погубили Гамлета, а это их погубили интриги сильных мира сего? В конце концов, быть может, как раз Роз и Гил – это единственные нормальные люди в этом сумасшедшем мире?</p> <p></p><p></p>", "shortDescription": "Дипломная постановка студентов четвертого курса.", "min_price": 300, "link": "https://yar-afisha.ru/events/teatr/rozenkrants-i-gildenstern-mertvy/", "needCheck": true, "status": "accepted", "updateDate": 1638179191216, "start": 1635348600000, "end": 1639593000000, "createDate": 1634653218262, "inAccepted": true, "acceptDate": 1638179191352, "image": {"author": "Эвелина Исламова", "name": "0f4a861ed37587838c3ee3ca0ba3340b.jpeg", "realName": "Tbmm-0Yn0Fw.jpg", "source": "https://vk.com/photo372762765_457239530"}, "photo": "https://pro.culture.ru/uploads/0f4a861ed37587838c3ee3ca0ba3340b.jpeg", "gallery": [], "category": {"name": "Спектакли", "sysName": "spektakli"}, "time": {"start": "2021-10-27 15:30:00", "end": "2021-12-15 18:30:00"}}, {"id": 1347058, "name": "Спектакль «Волки и овцы»", "age": 16, "description": "<p>«Русский Островский – о невероятной и смешной, жуткой и трогательной смеси нежных чувств и жестких нравов. Пьесы, которые Островский написал про любовь, сегодня актуальны. Бери любую и ставь. И не нужно Островскому навязывать никаких искусственных режиссерских идей. Нужно просто попытаться прочитать и понять, что он написал. Современность в мысли и чувстве. И в живом артисте на сцене. В пьесе «Волки и овцы» социальная тема – всего лишь фон, на котором происходит история невероятных любовных приключений, наполненная ощущением легкости, лета, дурачеств. Замечательный материал для студенческого спектакля» (Александр Кузин, художественный руководитель курса и режиссер).</p>", "shortDescription": "Дипломная постановка студентов IV курса артистов драматического театра и кино.", "min_price": 350, "link": "https://yar-afisha.ru/events/teatr/volki-i-ovtsy/", "status": "accepted", "updateDate": 1639557551566, "start": 1634225400000, "end": 1644000300000, "createDate": 1632390255191, "inAccepted": true, "acceptDate": 1637654943882, "image": {"author": "Кирилл Воронцов", "name": "6f75ac07c29ef4483c1544d3d9928149.jpeg", "realName": "DSC03461.jpg", "source": "https://vk.com/yt_yagti"}, "photo": "https://pro.culture.ru/uploads/6f75ac07c29ef4483c1544d3d9928149.jpeg", "gallery": ["https://pro.culture.ru/uploads/2218d6028e81a653a9908a292bbb6224.jpeg", "https://pro.culture.ru/uploads/1a0008ece939e219cc55bf94f20e61dc.jpeg", "https://pro.culture.ru/uploads/7f67a5d3b550794882b6815f33ee9ae6.jpeg", "https://pro.culture.ru/uploads/6795b1360901dc91df2cd90b739f5b6e.jpeg", "https://pro.culture.ru/uploads/52204817fdba819522ff6383d7f694c6.jpeg", "https://pro.culture.ru/uploads/523f65d24dac4f106de73efea3acb60d.jpeg", "https://pro.culture.ru/uploads/181e992be4465ac7b97a432a25e705a3.jpeg", "https://pro.culture.ru/uploads/1e243e169ec8ad503c730862d85620f0.jpeg"], "category": {"name": "Спектакли", "sysName": "spektakli"}, "time": {"start": "2021-10-14 15:30:00", "end": "2022-02-04 18:45:00"}}]}