{"11747": [{"id": 1271871, "name": "Программа «Арт-мастерская. КОтоФЕй»", "age": 12, "description": "<p>В рамках проекта «Пушкинская карта» в Клубной системе «Оптимист» открылась творческая мастерская по созданию декора для дома . Если вам нравится декор, созданный своими руками, а вы еще сами не пробовали его создавать и только думаете: с чего начать, то наши мастера вамрасскажут, как же создать шедевр при минимальных затратах. </p><p>На очередной встрече в нашей мастерской мы будем работать над созданием милой и простой кофейной (чердачной) игрушки из ткани. Для этого нам понадобятся ткань, краски по ткани, их мы вам предоставим, и ваше воображение.</p>", "shortDescription": "Создание милой и простой кофейной (чердачной) игрушки из ткани.", "min_price": 1200, "link": "https://optimistclub.ru/events/", "status": "accepted", "updateDate": 1629272634393, "start": 1639904400000, "end": 1639909800000, "createDate": 1628854057460, "inAccepted": true, "acceptDate": 1629277788429, "image": {"author": "неизвестен", "name": "5868ae948e6a951b2e41aadd9f203635.jpeg", "realName": "КОтоФЕй.jpg", "source": "https://yandex.ru/images/search?text=мастер-классы%20по%20созданию%20чердачной%20игрушки%20фото&lr=213&p=3&pos=108&rpt=simage&img_url=https%3A%2F%2Fcs2.livemaster.ru%2Fstorage%2F95%2F93%2F9750f28990dca0f366704cc16cev--kukly-igrushki-kollektsiya-cherdachnyh-igrushek.jpg&rlt_url=http%3A%2F%2F1.bp.blogspot.com%2F-bbFbWndQJZs%2FUt-Uq3JHG6I%2FAAAAAAAAAWs%2F10py2RBEhts%2Fs1600%2FgetImage%2B(50).jpg&ogl_url=https%3A%2F%2Fcs2.livemaster.ru%2Fstorage%2F95%2F93%2F9750f28990dca0f366704cc16cev--kukly-igrushki-kollektsiya-cherdachnyh-igrushek.jpg"}, "photo": "https://pro.culture.ru/uploads/5868ae948e6a951b2e41aadd9f203635.jpeg", "gallery": [], "category": {"name": "Обучение", "sysName": "obuchenie"}, "time": {"start": "2021-12-19 09:00:00", "end": "2021-12-19 10:30:00"}}, {"id": 1271837, "name": "Программа «Арт-мастерская: слоны, киты и изонить»", "age": 12, "description": "<p>В рамках проекта «Пушкинская карта» Клубная система «Оптимист» открыла творческую мастерскую. Если вам нравится декор, созданный своими руками, а вы еще сами не пробовали его создавать и только думаете: с чего начать, то наши мастера вамрасскажут, как же создать шедевр при минимальных затратах. </p><p>На очередной встрече в нашей мастерской по созданию декора для дома мы будем работать над созданием панно в технике «стринг арт» с помощью переплетения нитей на деревянной основе. Для этого нам понадобятся деревянная доска, нить, их мы вам предоставим, и ваше воображение.</p>", "shortDescription": "Создание панно в технике стринг-арта с помощью переплетения нитей на деревянной основе.", "min_price": 1200, "link": "https://optimistclub.ru/events/", "status": "accepted", "updateDate": 1629272436428, "start": 1638090000000, "end": 1638095400000, "createDate": 1628853533157, "inAccepted": true, "acceptDate": 1629277792200, "image": {"author": "неизвестен", "name": "2c179abbf9c1d0a087520fb248a6bb9a.jpeg", "realName": "Стринг арт.jpg", "source": "https://yandex.ru/images/search?text=мастер-классы%20по%20стринг%20арт%20фото&lr=213&p=3&pos=108&rpt=simage&img_url=https%3A%2F%2Fcs5.livemaster.ru%2Fstorage%2Fb5%2Feb%2F61033208d76fd7c8e3921f1ce1l2--kartiny-i-panno-kartina-panno-slon-v-stile-string-art.jpg"}, "photo": "https://pro.culture.ru/uploads/2c179abbf9c1d0a087520fb248a6bb9a.jpeg", "gallery": [], "category": {"name": "Обучение", "sysName": "obuchenie"}, "time": {"start": "2021-11-28 09:00:00", "end": "2021-11-28 10:30:00"}}, {"id": 1271771, "name": "Программа «Арт-мастерская: роспись шопера»", "age": 12, "description": "<p>Клубная система «Оптимист» открывает творческую мастерскую. Если вам нравится декор, созданный своими руками, а вы еще сами не пробовали его создавать и только думаете, с чего начать, то мастера культурного центра вам расскажут, как же создать шедевр при минимальных затратах. </p><p>На первой встрече в этой мастерской по созданию декора для дома участники будут работать над созданием стильной сумки-шоппера. Для этого понадобятся сама сумка, акриловые краски для ткани (их вам предоставят) и ваше воображение.</p><p></p>", "shortDescription": "Создание стильного шопера (сумки) с помощью разнообразных техник росписи.", "min_price": 1200, "link": "https://www.mos.ru/afisha/event/170386257/", "needCheck": true, "status": "accepted", "updateDate": 1639122306541, "start": 1635066000000, "end": 1644145200000, "createDate": 1628852646085, "inAccepted": true, "acceptDate": 1636817985391, "image": {"author": "Неизвестен", "name": "07bb9821a602532f3d6a14cdbf402edd.jpeg", "realName": "Шоппер.jpg", "source": "https://yandex.ru/images/search?text=мастер-класс%20по%20росписи%20шопперов%20фото&stype=image&lr=213&source=wiz&pos=0&img_url=https%3A%2F%2Fsun9-28.userapi.com%2Fimpg%2FSPbBNvj2sLIWfo5SslBrx09YNeK-bHIpUIszEw%2F48pnPSigA3g.jpg%3Fsize%3D320x214%26quality%3D96%26sign%3D359bb9ba9f01c697d3f4ad449ef29fbf%26type%3Dalbum&rpt=simage"}, "photo": "https://pro.culture.ru/uploads/07bb9821a602532f3d6a14cdbf402edd.jpeg", "gallery": [], "category": {"name": "Обучение", "sysName": "obuchenie"}, "time": {"start": "2021-10-24 09:00:00", "end": "2022-02-06 11:00:00"}}]}