{"11197": [{"id": 1536217, "name": "Вечер вокальной и фортепианной музыки", "age": 0, "description": "<p>Лауреаты и дипломанты международных конкурсов Зинаида Колодезникова (меццо-сопрано) и Алексей Слепцов (фортепиано) приглашают зрителей на вечер музыки. В программе концерта прозвучат всеми любимые романсы Петра Чайковского, Михаила Глинки и Николая Метнера. </p><p>В России этот жанр появился во второй половине XVIII века, стремительно завоевав большую популярность. Петр Чайковский написал свой первый романс в семнадцать лет – на стихи Фета «Мой гений, мой ангел, мой друг...». Затем появилось еще больше сотни сочинений, каждое из которых представляет собой небольшую драматическую пьесу.</p><p>Душевной исповедью называют романсы Сергея Рахманинова, любившего поэзию и возводившего ее на второе почетное место после музыки. Им было создано около восьми десятков творений в этом жанре, отличающихся удивительной искренностью. Помимо романсов, для гостей прозвучат избранные фортепианные произведения композитора. </p>", "shortDescription": "Романсы русских композиторов.", "min_price": 150, "max_price": 300, "link": "https://www.mos.ru/afisha/event/217625257/", "status": "accepted", "updateDate": 1640071407376, "start": 1642161600000, "end": 1642168800000, "createDate": 1639566869953, "inAccepted": true, "acceptDate": 1640071407456, "image": {"author": "не известен", "name": "bd1d2c693a0b69590b2bc7162c9a133e.jpeg", "realName": "144c0b1ab3305b86ce9251b07ae71553.jpg", "source": "https://yandex.ru/images/search?text=рохманинов%20фортепиано&from=tabbar&pos=0&img_url=https%3A%2F%2Fmeloman.ru%2Fmedia%2Fupload%2Fphotos%2F%25D1%2580%25D0%25B0%25D1%2585%25D0%25BC%25D0%25B0%25D0%25BD%25D0%25B8%25D0%25BD%25D0%25BE%25D0%25B216.JPG&rpt=simage"}, "photo": "https://pro.culture.ru/uploads/bd1d2c693a0b69590b2bc7162c9a133e.jpeg", "gallery": ["https://pro.culture.ru/uploads/4ff4f22fafa6a42e7d761ed05a1d6082.jpeg"], "category": {"name": "Концерты", "sysName": "koncerty"}, "time": {"start": "2022-01-14 12:00:00", "end": "2022-01-14 14:00:00"}}, {"id": 1528627, "name": "Концерт «Музыка для тромбона: от эпохи барокко до наших дней»", "age": 12, "description": "<p><span><span> </span>Однодневный фестиваль тромбона, мощное звучание которого используется для передачи трагических моментов и глубоких эмоций, без которого не обходится ни один симфонический оркестр. </span></p><p><span>В программе прозвучит музыка для тромбона от эпохи барокко до нынешних дней. Произведения Джованни Баттиста Перголези, Георга Филиппа Телемана, Александра Гильмана, Владимира Грендаля, Евгения Рейхе, Михаила Шейкмана, Эндрю Ллойда Вебера, Стефана Хеуке прозвучат в исполнении студентов и аспирантов Московской государственной консерватории им. П. И. Чайковского Дмитрия Соколика, Романа Нерчу, Максима Имангулова, Михаила Журавкова, Лады Любарской, Василия Прокопенко, Екатерины Грашиной, Аркадия Старкова. </span></p><p><span>Комментарии к исполняемым произведениям – от ведущего, лауреата международных конкурсов, доцента Московской консерватории им. П. И. Чайковского Аркадия Старкова. </span></p>", "shortDescription": "Праздник тромбона, где прозвучит нестареющая классика.", "min_price": 250, "max_price": 400, "link": "https://www.mos.ru/afisha/event/213698257/", "status": "accepted", "updateDate": 1639991019761, "start": 1642176000000, "end": 1642183200000, "createDate": 1639390311439, "inAccepted": true, "acceptDate": 1639991024201, "image": {"author": "не известен", "name": "5f0f4f9f8592946594e4950268a26cb1.jpeg", "realName": "o_storing-trombone.jpg", "source": "https://yandex.ru/images/search?from=tabbar&text=концерт%20тромбона&pos=11&img_url=https%3A%2F%2Fst.depositphotos.com%2F1461827%2F4486%2Fi%2F950%2Fdepositphotos_44862331-stock-photo-trombones-in-the-hands-of.jpg&rpt=simage"}, "photo": "https://pro.culture.ru/uploads/5f0f4f9f8592946594e4950268a26cb1.jpeg", "gallery": ["https://pro.culture.ru/uploads/56567c5c649badbaf86150c9c5fae895.jpeg"], "category": {"name": "Концерты", "sysName": "koncerty"}, "time": {"start": "2022-01-14 16:00:00", "end": "2022-01-14 18:00:00"}}, {"id": 1475518, "name": "Концерт «Музыка – душа моя»", "age": 0, "description": "<p>Александра Сафонова (сопрано) и Станислав Дяченко (фортепиано) представляют литературно-музыкальную программу по «Запискам» Михаила Глинки, основоположника русской классической музыки, автора опер «Жизнь за царя», «Руслан и Людмила» (1842), множества вокальных, вокально-хоровых и вокально-инструментальных сочинений. Композитор сыграл важную роль в становлении русской вокальной школы. </p><p>В программе прозвучат романсы Михаила Глинки на стихотворения русских поэтов, таких как Пушкин, Баратынский, Жуковский, Голицын, Козлов, Дельвиг, Павлов, Кукольник, Рындин, Самарин, Жадовская, Ободовская. «Записки» раскроют для зрителей воспоминания, наблюдения, мысли великого русского композитора, это литературный автопортрет композитора, запечатлевший его духовный и человеческий облик, многогранность и широту гения. <br /> </p>", "shortDescription": "Романсы Глинки прозвучат для гостей библиотеки.", "min_price": 150, "max_price": 300, "link": "https://www.mos.ru/afisha/event/195255257/", "status": "accepted", "updateDate": 1637910629278, "start": 1639051200000, "end": 1639057500000, "createDate": 1637651334686, "inAccepted": true, "acceptDate": 1637910632598, "image": {"author": "не известен", "name": "6982445d4728419b97206f80e4d01412.jpeg", "realName": "a9337a496c0c9e9b841a6eb53d20735c.jpg", "source": "https://yandex.ru/images/search?text=музыка%20романсы&from=tabbar&p=2&pos=103&rpt=simage&img_url=https%3A%2F%2Fsun9-51.userapi.com%2FGCH51GmNQPbtDYKr9cUzi8t1306GiqIL2wztww%2FOqBWmYFKWbI.jpg"}, "photo": "https://pro.culture.ru/uploads/6982445d4728419b97206f80e4d01412.jpeg", "gallery": ["https://pro.culture.ru/uploads/24dbe7aeb085e9f5bef4e728b6d7622f.jpeg"], "category": {"name": "Концерты", "sysName": "koncerty"}, "time": {"start": "2021-12-09 12:00:00", "end": "2021-12-09 13:45:00"}}, {"id": 1472217, "name": "Концерт «И. С. Бах и сыновья»", "age": 12, "description": "<p>Концерт посвящен творчеству семьи немецких композиторов из Тюрингии, выдвинувшей в XVI – начале XIX века выдающихся деятелей искусства, в том числе Иоганна Себастьяна Баха, оставившего яркий след в музыке XVIII столетия.</p><p>В программе концерта гости мероприятия услышат такие произведения великого композитора и его сыновей, как Партита № 2 для скрипки соло Иоганна Себастьяна Баха, Органная токката и Фуга ре минор в переложении для скрипки соло Вильгельма Фридемана Баха, старшего из четырех братьев-музыкантов. Первенец и любимец, ученик своего великого отца, Вильгельм в наибольшей степени унаследовал завещанные им традиции. </p><p>Также прозвучит Дуэт для скрипки и флейты Карла Филиппа Эммануэля, Соната до минор для скрипки и клавира, Дуэт для скрипки и флейты Иоганна Кристиана. </p><p>Для гостей выступит инструментальный ансамбль «Кипарис»: Евдокия Ионина (скрипка), Константин Веневцев (флейта), Елена Скворцова (виолончель), Дарья Дорожкина (фортепиано). Ведет концерт Константин Веневцев.<br /> </p>", "shortDescription": "Гости услышат классическую музыку великих композиторов.", "min_price": 150, "max_price": 300, "link": "https://www.mos.ru/afisha/event/194594257/", "status": "accepted", "updateDate": 1637841851417, "start": 1638273600000, "end": 1638280800000, "createDate": 1637565288478, "inAccepted": true, "acceptDate": 1637841851522, "image": {"author": "не известен", "name": "e524d8d8a1bf2de707ebed3c7aafcf91.jpeg", "realName": "Chamber-Music.jpg", "source": "https://yandex.ru/images/search?from=tabbar&text=камерная%20музыка%20концерт%2018%20век&pos=2&img_url=https%3A%2F%2Fpbs.twimg.com%2Fmedia%2FD02HRxhXQAAW4bs.jpg&rpt=simage"}, "photo": "https://pro.culture.ru/uploads/e524d8d8a1bf2de707ebed3c7aafcf91.jpeg", "gallery": ["https://pro.culture.ru/uploads/facb78989fc247648246b58d4f4ebd26.jpeg"], "category": {"name": "Концерты", "sysName": "koncerty"}, "time": {"start": "2021-11-30 12:00:00", "end": "2021-11-30 14:00:00"}}, {"id": 1472203, "name": "Концерт «Гобой и клавир: столетия диалога»", "age": 12, "description": "<p>Лауреаты международных конкурсов Михаил Штанько (гобой) и Софья Ремпель (фортепиано) приглашают на концерт волшебного дуэта этих двух инструментов. В программе прозвучат В. А. Моцарт (Соната для скрипки b-dur), И. С. Бах (Ария и Куранта из «Французской сюиты для клавира»), М. Равель («Хабанера»), К. Дебюсси (романс «Тихий вечер»), Э. Бозза (Соната для гобоя и фортепиано), Ж. Франсе (сюита Bonjour, Paris). </p><p>Михаил Штанько – выпускник Московской консерватории и ассистентуры, артист Государственного камерного оркестра «Виртуозы Москвы» (художественный руководитель и главный дирижер – Владимир Спиваков), лауреат международного конкурса и участник музыкальных фестивалей ArsLonga, «Московский музыкальный форум», «Пространство Эдисона Денисова» (Москва), «Декабрьские вечера Святослава Рихтера» (Москва), «Добротворский фестиваль» (Ковров), «Окно в Швейцарию» (Москва), «Декабрьские вечера на Енисее» (Красноярск), Латгальские органные дни (Латвия), новогодний органный фестиваль (г. Южно-Сахалинск) и других.</p>", "shortDescription": "Гости услышат камерную музыку.", "min_price": 150, "max_price": 299, "link": "https://www.mos.ru/afisha/event/203439257/", "status": "accepted", "updateDate": 1637841116993, "start": 1638187200000, "end": 1638194400000, "createDate": 1637565104037, "inAccepted": true, "acceptDate": 1637841117078, "image": {"author": "М. Денисова", "name": "bb4f32ff3cf8a3e05702df7c2b8c1161.jpeg", "realName": "КК.jpg", "source": "Mos.ru"}, "photo": "https://pro.culture.ru/uploads/bb4f32ff3cf8a3e05702df7c2b8c1161.jpeg", "gallery": ["https://pro.culture.ru/uploads/f9a0479015617904d9eb90aba95eee46.jpeg"], "category": {"name": "Концерты", "sysName": "koncerty"}, "time": {"start": "2021-11-29 12:00:00", "end": "2021-11-29 14:00:00"}}, {"id": 1399335, "name": "Концерт фортепианной музыки", "age": 12, "description": "<p>Лауреат международных конкурсов Виталий Хайрутдинов приглашает поклонников классической фортепианной музыки на свой сольный концерт. </p><p>В программе:</p><ol><li>Людвиг ван Бетховен. Соната № 3, Семь вариаций на тему из оперы Петера фон Винтера. </li><li>Роберт Шуман. Соната № 1 фа диез минор. </li><li>Игорь Стравинский. Три фрагмента из балета «Петрушка». </li></ol><p>Ведет концерт почетный работник культуры города Москвы Александр Казанцев.<br /></p><p>Виталий Хайрутдинов – студент Московской государственной консерватории им. П. И. Чайковского. На счету у талантливого пианиста немало заслуг: обладатель «Золотой медали» в номинации «Фортепиано» на XII Дельфийских играх, обладатель Гран-при конкурса им. Ф. Шопена в Петрозаводске (2013 г.), победитель конкурса «Юные пианисты Прикамья», стипендиат правительства Пермского края «Юные дарования Прикамья» и стипендиат общественного благотворительного фонда Дениса Мацуева.<br /> </p>", "shortDescription": "Произведения Бетховена, Шумана, Стравинского прозвучат в библиотеке.", "min_price": 150, "max_price": 300, "link": "https://www.mos.ru/afisha/event/192587257/", "status": "accepted", "updateDate": 1635001366438, "start": 1635768000000, "end": 1635775200000, "createDate": 1634622792366, "inAccepted": true, "acceptDate": 1635001366449, "image": {"author": "не известен", "name": "942b034a9479d656e4e2dd6d868e33f7.jpeg", "realName": "Фортепиано 222.jpg", "source": "https://yandex.ru/images/search?from=tabbar&text=фортепианный%20концерт&pos=19&img_url=https%3A%2F%2Fsun9-7.userapi.com%2FI1VMkCPMtYRHabxah2a8ZFezFyZR048pzrJzAg%2FJkqck0PPGN4.jpg&rpt=simage"}, "photo": "https://pro.culture.ru/uploads/942b034a9479d656e4e2dd6d868e33f7.jpeg", "gallery": ["https://pro.culture.ru/uploads/fff43b02f5dfe63395496a0edaf19cd0.jpeg"], "category": {"name": "Концерты", "sysName": "koncerty"}, "time": {"start": "2021-11-01 12:00:00", "end": "2021-11-01 14:00:00"}}, {"id": 1372120, "name": "Концерт «Лист и Шопен – величайшие пианисты-виртуозы»", "age": 6, "description": "<p>В малом «Третьяковском» зале пройдет концерт фортепианной музыки. В исполнении лауреата международных конкурсов, Почетного профессора Цицикарского университета (Китай) Сергея Белякова прозвучат произведения польского композитора и пианиста Фридерика Шопена: Ноктюрны Ор. 9 ми бемоль мажор, Ор 27№1 до диез минор, Баллада Ор. 24 соль минор, Скерцо Ор. 31 си бемоль минор, Баллада Ор. 47 ля бемоль мажор, Скерцо Ор. 54 ми мажор. Также зрители услышат произведения венгро-немецкого композитора и пианиста Ференца Листа: Утешение №3 ре бемоль мажор, Концертный этюд №3 ре бемоль мажор, Мефисто вальс №1. В течение длительного периода времени Шопен и Лист были близкими друзьями. Каждый из них находил в другом недостающие в себе качества. Оба мастера – Лист и Шопен – были выдающимися музыкантами, но каждый из них был гениален по-своему, каждый вносил свой неповторимый вклад в мировую культуру, идя своим собственным путем.</p> <p> </p>", "shortDescription": "Гости услышат классическую музыку.", "min_price": 150, "max_price": 300, "link": "https://www.mos.ru/afisha/event/184921257/", "status": "accepted", "updateDate": 1633596517791, "start": 1634817600000, "end": 1634824800000, "createDate": 1633508712139, "inAccepted": true, "acceptDate": 1633596517800, "image": {"author": "не известен", "name": "45b55f455e5f371d6967e0114c5b7f1f.jpeg", "realName": "Фортепиано 222.jpg", "source": "https://yandex.ru/images/search?from=tabbar&text=фортепианный%20концерт&pos=19&img_url=https%3A%2F%2Fsun9-7.userapi.com%2FI1VMkCPMtYRHabxah2a8ZFezFyZR048pzrJzAg%2FJkqck0PPGN4.jpg&rpt=simage"}, "photo": "https://pro.culture.ru/uploads/45b55f455e5f371d6967e0114c5b7f1f.jpeg", "gallery": ["https://pro.culture.ru/uploads/fa7d013bfa80a625b2cb46f1babbed64.jpeg"], "category": {"name": "Концерты", "sysName": "koncerty"}, "time": {"start": "2021-10-21 12:00:00", "end": "2021-10-21 14:00:00"}}, {"id": 1353099, "name": "Концерт «Торжество романтизма»", "age": 12, "description": "<p>В «Третьяковском» зале пройдет концерт фортепианной музыки. В исполнении доцента Московской консерватории им. П.И. Чайковского Екатерины Рихтер и лауреата международных конкурсов Александра Страхова в программе концерта прозвучат избранные произведения польского композитора и пианиста Фредерика Шопена: мазурки, ноктюрны, вальсы, этюды. Соната №3. <span> </span>Фредерик Франсуа Шопен (1810-1849) – великий композитор-романтик, основатель польской пианистической школы, его сочинения для фортепиано являются непревзойденной вершиной мирового пианистического искусства. Игра музыканта в России была отмечена императором Александром I. В качестве награды юному исполнителю был подарен бриллиантовый перстень. Немецкий композитор-романтик Роберт Шуман, прослушав выступление молодого польского пианиста и композитора, воскликнул: «Господа, снимите шляпы, это гений».<span> </span><span> </span><span> </span></p>", "shortDescription": "Музыка Фредерика Шопена.", "min_price": 150, "max_price": 300, "link": "https://www.mos.ru/afisha/event/165166257/", "status": "accepted", "updateDate": 1633335316633, "start": 1634904000000, "end": 1634911200000, "createDate": 1632727685633, "inAccepted": true, "acceptDate": 1633335316746, "image": {"author": "не известен", "name": "fc3500fd11a85011860c31ea8bed5258.jpeg", "realName": "rozy_cvetok_klavishi_pianino_68785_1920x1200.jpg", "source": "https://yandex.ru/images/search?from=tabbar&source-serpid=SQv2MhJO6nn_FWI2I6Xe-g&nomisspell=1&text=романтический%20рояль&source=related-3&p=1&pos=80&rpt=simage&img_url=https%3A%2F%2Fi.artfile.ru%2F2048x1365_822920_%5Bwww.ArtFile.ru%5D.jpg&lr=213"}, "photo": "https://pro.culture.ru/uploads/fc3500fd11a85011860c31ea8bed5258.jpeg", "gallery": ["https://pro.culture.ru/uploads/376a52ca66ea2ad27155c200f3b9a135.jpeg"], "category": {"name": "Концерты", "sysName": "koncerty"}, "time": {"start": "2021-10-22 12:00:00", "end": "2021-10-22 14:00:00"}}, {"id": 1345155, "name": "Концерт «Как луч зари...»", "age": 12, "description": "<p>В день рождения русского поэта, прозаика, драматурга, художника Михаила Лермонтова представят литературно-музыкальную программу по роману «Герой нашего времени» – одной из вершин русской прозы первой половины XIX века. Также в программе вечера прозвучат русские романсы. На стихи Лермонтова было написано более сотни романсов. На стихи поэта писали музыку Антон Рубинштейн – Молитва («Не обвиняй меня, Всесильный»), Петр Булахов – Звезда («Вверху одна горит звезда»). В разное время на стихотворение Лермонтова «Ангел» («По небу полуночи ангел летел») писали музыку Александр Варламов, Антон Рубинштейн, Сергей Рахманинов, Николай Римский-Корсаков. Эти и другие романсы на музыку Петра Чайковского, Александра Даргомыжского, Милия Балакирева прозвучат в исполнении Александры Сафоновой. Партия фортепиано – Ольга Колотий.</p>", "shortDescription": "Прозвучат романсы на стихи Лермонтова.", "min_price": 150, "max_price": 300, "link": "https://www.mos.ru/afisha/event/157995257/", "status": "accepted", "updateDate": 1636480474921, "start": 1634299200000, "end": 1634306400000, "createDate": 1632316110881, "inAccepted": true, "acceptDate": 1636480474928, "image": {"author": "Не известен", "name": "caa1f4c8a5a323fafe52928cb7963e88.jpeg", "realName": "Музыкальный салон (Music salon)_81.2 x 100.3_х.,м._Частное собрание.jpg", "source": "https://yandex.ru/images/search?text=романсы%2019%20век&from=tabbar&pos=20&rpt=simage&img_url=https%3A%2F%2Fsun9-16.userapi.com%2Fimpf%2Fc637628%2Fv637628117%2Fc1d6%2F-DPTOp87oHs.jpg%3Fsize%3D604x494%26quality%3D96%26sign%3Dcb4c6af467d5f6bd03d9292fb7330e89&lr=213"}, "photo": "https://pro.culture.ru/uploads/caa1f4c8a5a323fafe52928cb7963e88.jpeg", "gallery": ["https://pro.culture.ru/uploads/f48e3c384e837f480f62e3516a523e20.jpeg"], "category": {"name": "Концерты", "sysName": "koncerty"}, "time": {"start": "2021-10-15 12:00:00", "end": "2021-10-15 14:00:00"}}, {"id": 1340670, "name": "Программа «Гори, гори, моя звезда...»", "age": 12, "description": "\n<p>Надир Ширинский – музыкант, коллекционер, историк, автор цикла «Встречи с русским романсом» на радиоканале «Говорит Москва» приглашает в Библиотеку искусств им. А.П. Боголюбова на встречу с творчеством Петра Булахова (1822–1885) – автора около 100 романсов, популярных и в свое время, и сегодня, одного из самых ярких представителей русского бытового романса второй половины XIX века. Вплоть до наших дней сохранили свою популярность элегия «Не пробуждай воспоминаний» и лирический романс «Гори, гори, моя звезда», романсы в стиле русских и цыганских песен «Тройка» и «Не хочу». Жанр вальса роднит романсы Булахова с музыкой Петра Чайковского. В исполнении лауреата международного конкурса романсов Натальи Булаховой в программе концерта прозвучат: элегия «Свидание», лирический романс «Я тебя с годами не забыла», «И нет в мире очей», «Нет, не люблю я Вас», «Прелестные глазки», «Вот на пути село большое» и другие.</p>", "shortDescription": "Романсы Петра Булахова исполнят в Библиотеке искусств имени Боголюбова.", "min_price": 200, "max_price": 300, "link": "https://www.mos.ru/afisha/event/164305257/", "status": "accepted", "updateDate": 1636483140414, "start": 1632844800000, "end": 1632852000000, "createDate": 1632208991425, "inAccepted": true, "acceptDate": 1636483140424, "image": {"author": "не известен", "name": "a211299654cac88fe4143b0d452dcb1e.jpeg", "realName": "img15722002137389.jpg", "source": "https://yandex.ru/images/search?from=tabbar&lr=213&source-serpid=eo0xeWeyMGRaBTSN2HU-2Q&nomisspell=1&text=старинный%20романс&source=related-2&pos=53&rpt=simage&img_url=https%3A%2F%2Fpbs.twimg.com%2Fmedia%2FE1z2T4RXoAklFW5.jpg"}, "photo": "https://pro.culture.ru/uploads/a211299654cac88fe4143b0d452dcb1e.jpeg", "gallery": ["https://pro.culture.ru/uploads/620237f5ecedc78569d32151a63f7043.jpeg"], "category": {"name": "Концерты", "sysName": "koncerty"}, "time": {"start": "2021-09-28 16:00:00", "end": "2021-09-28 18:00:00"}}, {"id": 1289474, "name": "Концерт «Французские квартеты»", "age": 12, "description": "<p><span>В «Третьяковском» зале Библиотеки искусств им. А.П. Боголюбова пройдет концерт камерной музыки. История камерной музыки берет свое начало в Средних веках, когда в XVI веке музыка стала выходить за пределы церковных храмов. В программе концерта прозвучат: Фортепианный квартет №2 фа минор, op. 2. Феликса Мендельсона (1809-1847); Фортепианный квартет № 1 соль минор, ор.25 Иоганнеса Брамса (1833 – 1897). Исполнители: Московский ансамбль солистов «Tempus Novum art»: лауреаты международных конкурсов Денис Чефанов (фортепиано), Наталия Калиничева (скрипка), Алексей Симакин (альт), Михаил Калиничев (виолончель). Ведет концерт Наталия Калиничева. Московский ансамбль солистов «Tempus Novum art» – творческое объединение концертирующих музыкантов, лауреатов международных конкурсов. Все участники проекта – зрелые музыканты с индивидуальным творческим почерком.</span></p>", "shortDescription": "Гостей ждет вечер камерной музыки.", "min_price": 200, "max_price": 300, "link": "https://www.mos.ru/afisha/event/156453257/", "status": "accepted", "updateDate": 1636569790889, "start": 1634140800000, "end": 1634148000000, "createDate": 1629801940394, "inAccepted": true, "acceptDate": 1636569790908, "image": {"author": "Данила  Шиферсон", "name": "3544975c4f67a6c9efb7fa4fea2187f3.jpeg", "realName": "e2eaa729c671cf781dc57253e10b227d.jpg", "source": "http://www.bogolublib.ru"}, "photo": "https://pro.culture.ru/uploads/3544975c4f67a6c9efb7fa4fea2187f3.jpeg", "gallery": ["https://pro.culture.ru/uploads/78e33adf462af257c2524eae769bdaaa.jpeg"], "category": {"name": "Концерты", "sysName": "koncerty"}, "time": {"start": "2021-10-13 16:00:00", "end": "2021-10-13 18:00:00"}}, {"id": 1277646, "name": "Концерт «Под знаком лесного царя»", "age": 12, "description": "<p>Библиотека искусств им. А.П. Боголюбова приглашает гостей на ежегодный «Соколовский» фестиваль, посвященный творчеству композитора, музыковеда и пианиста, доцента МГК имени П.И. Чайковского Ивана Соколова. 24 сентября в Малом «Третьяковском» зале Иван Соколов расскажет зрителям об австрийском композиторе Франце Шуберте–одном из первых композиторов–романтиков. Из рассказа музыканта зрители узнают, что благодаря Шуберту, автору множества вокальных композиций (на слова Шиллера, Гете, Гейне и других), песня впервые стала равной по значению другим музыкальным жанрам. В исполнении Ивана Соколова в программе концерта прозвучат фортепианные произведения Франца Шуберта: Шесть музыкальных моментов, Три пьесы, Соната си бемоль мажор. </p><p></p>", "shortDescription": "Композитор, пианист Иван Соколов приглашает на концерт фортепианной музыки Франца Шуберта.", "min_price": 200, "max_price": 300, "link": "https://www.mos.ru/afisha/event/145317257/", "status": "accepted", "updateDate": 1631718605063, "start": 1632499200000, "end": 1632506400000, "createDate": 1629202298567, "inAccepted": true, "acceptDate": 1631718605073, "image": {"author": "Данила Шиферсон", "name": "b1f9afa7f5eab2c71e8518ecb38b7d7f.jpeg", "realName": "7_5.jpg", "source": "http://www.bogolublib.ru"}, "photo": "https://pro.culture.ru/uploads/b1f9afa7f5eab2c71e8518ecb38b7d7f.jpeg", "gallery": ["https://pro.culture.ru/uploads/6b1c69d1f210ed6dd30e15efdacb08b4.jpeg", "https://pro.culture.ru/uploads/50bf09752459c6bbb251029d7242a530.jpeg"], "category": {"name": "Концерты", "sysName": "koncerty"}, "time": {"start": "2021-09-24 16:00:00", "end": "2021-09-24 18:00:00"}}, {"id": 1277322, "name": "Концерт «Магия тишины. Тишина в культуре и музыке»", "age": 6, "description": "<p>Юлия Монастыршина – одна из самых известных на сегодняшний день просветителей в области музыкального искусства. Пианистка (лауреат международных конкурсов им. И.С. Баха в Лейпциге и «Концертино Прага»), кандидат искусствоведения, заслуженный педагог, преподаватель, она дает мастер-классы по всему миру, работает в Австралии, Японии, Австрии, Германии, США. 23 сентября в Малом «Третьяковском» зале Библиотеки искусств им. А.П. Боголюбова пианистка представит зрителям свою новую программу и научит гостей слышать и слушать тишину в музыке. В исполнении музыканта прозвучат избранные произведения Иоганна Себастьяна Баха, Людвига ван Бетховена, Петра Чайковского и американского композитора Джона Кейджа. </p>", "shortDescription": "Самобытное прочтение музыки великих композиторов в беседе Юлии Монастыршиной.", "min_price": 150, "max_price": 300, "link": "https://www.mos.ru/afisha/event/145384257/", "status": "accepted", "updateDate": 1630329098717, "start": 1632398400000, "end": 1632405600000, "createDate": 1629197223299, "inAccepted": true, "acceptDate": 1630388940375, "image": {"author": "Данила Шиферсон", "name": "701a89306dfd1a2e835f796664b53e69.jpeg", "realName": "голубая гостиная.jpg", "source": "http://www.bogolublib.ru"}, "photo": "https://pro.culture.ru/uploads/701a89306dfd1a2e835f796664b53e69.jpeg", "gallery": ["https://pro.culture.ru/uploads/5cb44bedb509601aec959edff54d4478.jpeg", "https://pro.culture.ru/uploads/e4235838068d7c2cdbbeeec869b92cd3.jpeg", "https://pro.culture.ru/uploads/760fd204a589e1bc51a96b18ebf36192.jpeg"], "category": {"name": "Концерты", "sysName": "koncerty"}, "time": {"start": "2021-09-23 12:00:00", "end": "2021-09-23 14:00:00"}}, {"id": 1258578, "name": "Концерт «Фортепианные шедевры второй половины XIX века»", "age": 0, "description": "<p>В малом зале пройдет концерт фортепианной музыки. В программе концерта – произведения русских и зарубежных композиторов второй половины XIX столетия. Музыкальная жизнь Европы в этот период насыщена и разнообразна, происходит расцвет русской музыки, как и всего русского искусства.</p><p> В исполнении лауреата международных конкурсов Владлена Петрова посетители услышат Прелюдию, хорал и фугу французского композитора и органиста Сезара Франка, сонату «По прочтении Данте» Ференца Листа, «Картинки с выставки» Модеста Мусоргского, композитора, в чьем творчестве нашли свое яркое выражение русские национальные черты. </p>", "shortDescription": "Лучшие произведения мировой музыкальной культуры прозвучат в Библиотеке имени Боголюбова.", "min_price": 150, "max_price": 300, "link": "https://www.mos.ru/afisha/event/143138257/", "status": "accepted", "updateDate": 1629900462547, "start": 1632312000000, "end": 1632319200000, "createDate": 1628248947742, "inAccepted": true, "acceptDate": 1629908811464, "image": {"author": "Данила Шиферсон", "name": "7ed887dfb5b542d01536e8b74d58856b.jpeg", "realName": "Библиотека.jpg", "source": "http://www.bogolublib.ru"}, "photo": "https://pro.culture.ru/uploads/7ed887dfb5b542d01536e8b74d58856b.jpeg", "gallery": ["https://pro.culture.ru/uploads/c6fdae9759455dcd4ee127b5d747c95b.jpeg"], "category": {"name": "Концерты", "sysName": "koncerty"}, "time": {"start": "2021-09-22 12:00:00", "end": "2021-09-22 14:00:00"}}, {"id": 1258397, "name": "Концерт «Праздник тромбона»", "age": 0, "description": "<p></p><p>Аркадий Старков, лауреат международных конкурсов, доцент Московской консерватории имени П. И. Чайковского, приглашает гостей в свой день рождения в Библиотеку искусств им. А. П. Боголюбова на праздничный концерт духовой музыки. </p><p>В программе концерта – музыка для тромбона от эпохи барокко до современных дней. Произведения Джованни Баттиста Перголези, Георга Филиппа Телемана, Александра Гильмана, Владимира Грендаля, Евгения Рейхе, Михаила Шейкмана, Эндрю Ллойда Вебера, Стефана Хеуке прозвучат в исполнении ведущих тромбонистов симфонических и театральных оркестров России. </p><p>Концертмейстер – лауреат международных конкурсов Екатерина Гришина. </p><p></p>", "shortDescription": "На программу приглашает Аркадий Старков.", "min_price": 250, "max_price": 300, "link": "https://www.mos.ru/afisha/event/143783257/", "status": "accepted", "updateDate": 1630231625299, "start": 1631880000000, "end": 1631887200000, "createDate": 1628246289986, "inAccepted": true, "acceptDate": 1630266315459, "image": {"author": "Данила Шиферсон", "name": "f40345c234b7138f2738b9e14704cd8e.jpeg", "realName": "4_1.jpg", "source": "http://www.bogolublib.ru"}, "photo": "https://pro.culture.ru/uploads/f40345c234b7138f2738b9e14704cd8e.jpeg", "gallery": ["https://pro.culture.ru/uploads/393216707bbadc89661da93611cb0f44.jpeg", "https://pro.culture.ru/uploads/959d1394ae5ea3410e177a004e724664.jpeg"], "category": {"name": "Концерты", "sysName": "koncerty"}, "time": {"start": "2021-09-17 12:00:00", "end": "2021-09-17 14:00:00"}}, {"id": 1258258, "name": "Концерт «Два лика романтизма»", "age": 6, "description": "<p> Лауреат международных конкурсов Марина Двоскина приглашает всех поклонников романтической музыки на свой сольный концерт. В первом отделении концерта прозвучат произведения польского композитора и пианиста Фридерика Шопена: <span> Полонез ре минор, соч. 71, Три мазурки, соч. 50, Два ноктюрна, соч. 27 № 1, соч. 48 № 2, Три мазурки, соч. 63, Баркарола, соч. 60. Во втором отделении зрители услышат произведения венгро-немецкого композитора и пианиста Ференца Листа: Полонез ми мажор, Сонет Петрарки № 11, Венгерская рапсодия № 11, «Песнь Миньоны», Венгерская<span> рапсодия № 10. </span><span> </span></span></p>", "shortDescription": "Романтическая музыка Шопена и Листа в библиотеке Боголюбова.", "min_price": 150, "max_price": 300, "link": "https://www.mos.ru/afisha/event/143689257/", "status": "accepted", "updateDate": 1630324073621, "start": 1631793600000, "end": 1631799600000, "createDate": 1628243547062, "inAccepted": true, "acceptDate": 1630389469616, "image": {"author": "Данила Шиферсон", "name": "10414d375ba81bcb9f1d291847a0b665.jpeg", "realName": "2_5.jpg", "source": "http://www.bogolublib.ru"}, "photo": "https://pro.culture.ru/uploads/10414d375ba81bcb9f1d291847a0b665.jpeg", "gallery": ["https://pro.culture.ru/uploads/ca741a2df7542ec8b1f9c5816b51fc14.jpeg"], "category": {"name": "Концерты", "sysName": "koncerty"}, "time": {"start": "2021-09-16 12:00:00", "end": "2021-09-16 13:40:00"}}, {"id": 1258136, "name": "Концерт «Одной левой»", "age": 6, "description": "<p><span><span>В Малом «Третьяковском» зале Библиотеки искусств им. А. П. Боголюбова пройдет концерт фортепианной музыки для левой руки</span><span>. В программе концерта прозвучат: <span>«</span>Соната<span>»</span> немецкого композитора Карла Рейнеке, «Вальс для левой руки» польского пианиста и композитора Леопольда Годовского и австрийского композитора Иоганна Штрауса, «</span></span><span>Гавот» <span> и «Прелюдия» </span>Иоганна Себастьяна Баха, «Этюды для левой руки» немецкого композитора и пианиста Морица Мошковского. Исполняет лауреат международных конкурсов Андрей Стукалов. <span> </span><span> </span></span> </p> <p></p>", "shortDescription": "Андрей Стукалов приглашает насладиться фортепианной музыкой.", "min_price": 150, "max_price": 300, "link": "https://www.mos.ru/afisha/event/143773257/", "status": "accepted", "updateDate": 1629902445176, "start": 1631102400000, "end": 1631107800000, "createDate": 1628241833752, "inAccepted": true, "acceptDate": 1629908823922, "image": {"author": "Данила Шиферсон", "name": "730316a4a61934e176ec84a9c3317bb4.jpeg", "realName": "Библиотека Боголюбова.jpeg", "source": "http://www.bogolublib.ru"}, "photo": "https://pro.culture.ru/uploads/730316a4a61934e176ec84a9c3317bb4.jpeg", "gallery": ["https://pro.culture.ru/uploads/67ba49e07126f4da6304af1e86a85600.jpeg"], "category": {"name": "Концерты", "sysName": "koncerty"}, "time": {"start": "2021-09-08 12:00:00", "end": "2021-09-08 13:30:00"}}, {"id": 1254106, "name": "Концерт «Польская фортепианная музыка»", "age": 12, "description": "<p>3 сентября, в первую пятницу осени, в Малом «Третьяковском» зале библиотеки искусств имени А.П. Боголюбова состоится концерт польской фортепианной музыки. В программе концерта прозвучат популярные и малоизвестные сочинения польских композиторов Кароля Микули, Морица Мошковского, Фридерика Шопена, Кароля Шимановского, Леопольда Годовского и Милоша Магина. Произведения исполнит Екатерина Рихтер, доцент Московской государственной консерватории имени П.И. Чайковского и лауреат международных конкурсов. Ведет концерт Александр Казанцев.</p>", "shortDescription": "Исполнитель Елена Рихтер познакомит зрителей с фортепианным творчеством польских композиторов.", "min_price": 150, "max_price": 300, "link": "https://www.mos.ru/afisha/event/127449257/", "status": "accepted", "updateDate": 1629900670290, "start": 1630670400000, "end": 1630677600000, "createDate": 1628079792195, "inAccepted": true, "acceptDate": 1629909130168, "image": {"author": "Данила Шиферсон", "name": "b79eb477de08313cc4429e408fc22103.jpeg", "realName": "Боголюбовка-1-2.JPG", "source": "http://www.bogolublib.ru"}, "photo": "https://pro.culture.ru/uploads/b79eb477de08313cc4429e408fc22103.jpeg", "gallery": ["https://pro.culture.ru/uploads/9f718880fd773b2533f644cae7e60d9c.jpeg", "https://pro.culture.ru/uploads/499c1c6605edd5150375f87e1231a8fb.jpeg"], "category": {"name": "Концерты", "sysName": "koncerty"}, "time": {"start": "2021-09-03 12:00:00", "end": "2021-09-03 14:00:00"}}]}