{"12423": [{"id": 1507801, "name": "Выставка «Мой Гоголь»", "age": 12, "description": "<p>Гоголь Александра Чувашева – с хитрецой в глазах и легкой ухмылкой, нервный и напряженный, тихий и задумчивый. Разный. Но всегда с пронзительным взглядом – смотрит сквозь все наносное и поверхностное, видит самую суть. «Для меня Гоголь – это больше, чем человек, он – нечто непостижимое. То, что не вписать в картину и не ограничить рамками», – добавляет автор.<br /></p><p>В экспозиции будут представлены живописные портреты и скульптуры: Гоголь летящий, как будто сошедший с полотен Шагала, Гоголь в ночной сорочке и тапках, полуспящий в кресле, Гоголь, натянутый, словно струна, и раздраженный. В каждой картине Гоголь – разный и неповторимый.</p>", "shortDescription": "Образ Николая Гоголя раскроет ижевский художник Александр Чувашев.", "min_price": 80, "max_price": 100, "link": "https://vmuzey.com/event/vystavka-aleksandra-chuvasheva-moy-gogol", "status": "accepted", "updateDate": 1639126277724, "start": 1639026000000, "end": 1645795800000, "createDate": 1638695025475, "inAccepted": true, "acceptDate": 1639126281557, "image": {"author": "Андрей Брант", "name": "aacc9c4d23fe71215498737f7ce2b3ba.png", "realName": "гоголь.png", "source": "Музей-усадьба П.И. Чайковского"}, "photo": "https://pro.culture.ru/uploads/aacc9c4d23fe71215498737f7ce2b3ba.png", "gallery": ["https://pro.culture.ru/uploads/25eece6f73850a0bbef5905163d37185.jpeg", "https://pro.culture.ru/uploads/08bbd1f2cc94fcbe9c1e31ac4252f6ed.jpeg", "https://pro.culture.ru/uploads/082fa3dad6ba8e7afb64d85c2ffdaac5.jpeg"], "category": {"name": "Выставки", "sysName": "vystavki"}, "time": {"start": "2021-12-09 05:00:00", "end": "2022-02-25 13:30:00"}}, {"id": 1501243, "name": "Экскурсия по Музею-усадьбе П. И. Чайковского", "age": 0, "description": "<p>Усадьба расположена на берегу живописного пруда в исторической части города Воткинска, вдали от шумных трасс и суеты центральных улиц, на площади более двух гектаров. Музейный комплекс представляет собой реконструированную Господскую улицу, где проживал «высший свет» Воткинского завода. В центре расположена старинная усадьба, в которой 7 мая 1840 года родился Петр Ильич Чайковский и прожил первые восемь лет. В большом и уютном доме на берегу пруда он впервые услышал музыку и сочинил первую мелодию.</p><p>Во время экскурсии вы погрузитесь в атмосферу дворянской жизни XIX века, познакомитесь с семейными легендами, узнаете интересные факты из жизни великого русского композитора, увидите мемориальные вещи, принадлежавшие семье, – детский рояль фирмы «Вирт», каминный экран, вышитый матерью музыканта, семейную икону «Образ Девы Марии», чайную шкатулку, рабочий стол Петра Ильича и другие.</p><p>Вы прогуляетесь по красивому парку, в котором любили отдыхать Чайковские, обнимите многовековую липу, посетите уютную людскую избу и заглянете в теплицу, полную цветущих растений.</p>", "shortDescription": "Знакомство с домом композитора и посещение экспозиции «Ели-пили».", "min_price": 450, "max_price": 610, "link": "https://vmuzey.com/event/obzornaya-ekskursiya-s-poseshcheniem-ekspozicii-eli-pili", "status": "accepted", "updateDate": 1639123269584, "start": 1639209600000, "end": 1648382400000, "createDate": 1638445872284, "inAccepted": true, "acceptDate": 1639123269656, "image": {"author": "Диана Мельникова", "name": "aa7652c9b30ffe5c13957fb6a5115f01.jpeg", "realName": "259983321_4409200435858241_6957349294523810347_n.jpg", "source": "Диана Мельникова"}, "photo": "https://pro.culture.ru/uploads/aa7652c9b30ffe5c13957fb6a5115f01.jpeg", "gallery": ["https://pro.culture.ru/uploads/a5422fefb6cd03ffda94aa962c054340.jpeg", "https://pro.culture.ru/uploads/886175f801399b18091e1c972a50f52b.jpeg"], "category": {"name": "Экскурсии", "sysName": "ekskursii"}, "time": {"start": "2021-12-11 08:00:00", "end": "2022-03-27 12:00:00"}}, {"id": 1485812, "name": "Спектакль «Хайп»", "age": 12, "description": "<p>Что такое «современная школа»? А какая она, «современная молодежь»? И каким должен быть «современный учитель», чтобы он смог достучаться до этой самой молодежи?</p><p>Что несет в себе эта удивительная профессия – учитель, которая является самой благородной, но порой и самой неблагодарной?</p><p>Эти и многие другие вопросы поднимаются в спектакле Народного театра юного зрителя Дворца культуры города Чайковского «Хайп».</p><p>Нужно понять одну простую истину: детей нужно просто любить. Принять и любить безусловно, порой вопреки, а не за что-то, и тогда происходит чудо: рано или поздно, но они начинают отвечать тебе взаимностью…</p>", "shortDescription": "Постановка по мотивам пьесы Аси Котляр «Страсти-мордасти».", "min_price": 500, "max_price": 500, "link": "https://vmuzey.com/event/spektakl-hayp-1", "status": "accepted", "updateDate": 1638180328210, "start": 1639551600000, "end": 1639569600000, "createDate": 1637926695974, "inAccepted": true, "acceptDate": 1638180328340, "image": {"author": "Народный театр юного зрителя Дворца культуры города Чайковского", "name": "042789b5bfd67ea30ace0cf648849fff.jpeg", "realName": "DSC_0111.jpg", "source": "Народный театр юного зрителя Дворца культуры города Чайковского"}, "photo": "https://pro.culture.ru/uploads/042789b5bfd67ea30ace0cf648849fff.jpeg", "gallery": ["https://pro.culture.ru/uploads/cd6975850919c6f3ad0fae505aa8b922.jpeg", "https://pro.culture.ru/uploads/f854f899ae5924776bed023ec2f8e6d3.jpeg", "https://pro.culture.ru/uploads/28b325f87103ccfc875bba0a98708c6d.jpeg", "https://pro.culture.ru/uploads/11b44525fdaeb69631323393d4f9cb9c.jpeg"], "category": {"name": "Спектакли", "sysName": "spektakli"}, "time": {"start": "2021-12-15 07:00:00", "end": "2021-12-15 12:00:00"}}, {"id": 1484530, "name": "Выставка «Берендеево царство»", "age": 0, "description": "<p>«…Весна стояла чудная; у меня на душе было хорошо, как и всегда при приближении лета и трехмесячной свободы. Пьеса Островского мне нравилась, и я в три недели без всякого усилия написал музыку. Мне кажется, что в этой музыке должно быть заметно радостное весеннее настроение, которым я был тогда проникнут», – писал Петр Чайковский о весенней сказке «Снегурочка».</p><p>Выставочный проект для детей и взрослых «Берендеево царство» познакомит со «Снегурочками» писателя Александра Островского, Петра Чайковского и Николая Римского-Корсакова, русских композиторов-современников.</p><p>Побывав на выставке, вы узнаете:</p><ul><li>Почему в Берендеевом царстве 15 лет царил холод?</li><li>Действительно ли Снегурочка вылеплена из снега?</li><li>Мизгирь – это паук или человек?</li><li>Кто были родители Снегурочки?</li></ul><p>Партнер проекта – музей-заповедник «Щелыково».<br /></p>", "shortDescription": "Посетители познакомятся с одним произведением в интерпретации разных композиторов и писателя.", "min_price": 80, "max_price": 100, "link": "https://vmuzey.com/event/vystavka-berendeevo-carstvo", "status": "accepted", "updateDate": 1638496169523, "start": 1638248400000, "end": 1645363800000, "createDate": 1637908765046, "inAccepted": true, "acceptDate": 1638496169699, "image": {"author": "Государственный мемориальный и природный музей-заповедник А.Н. Островского «Щелыково»", "name": "3abfedb9a22026cb0ab74a75420da4a7.jpeg", "realName": "Коровин К.А.  Эскиз декорации к опере Римского-Корсакова 'Снегурочка'. Русская опера Церетели.  ЩКП-7284_1.JPG", "source": "Государственный мемориальный и природный музей-заповедник А.Н. Островского «Щелыково»"}, "photo": "https://pro.culture.ru/uploads/3abfedb9a22026cb0ab74a75420da4a7.jpeg", "gallery": ["https://pro.culture.ru/uploads/7af69cd0929ff717ea06472153e6ba57.jpeg", "https://pro.culture.ru/uploads/f76a91976472c22e005b5e33a0b3cc5d.jpeg", "https://pro.culture.ru/uploads/8999fc86fe1d1999a37bf793daec4710.jpeg"], "category": {"name": "Выставки", "sysName": "vystavki"}, "time": {"start": "2021-11-30 05:00:00", "end": "2022-02-20 13:30:00"}}, {"id": 1450850, "name": "Мастер-класс «Слово как искусство»", "age": 12, "description": "<p>Ораторское искусство – это ежедневная и глубокая работа над собой. Само по себе произнесенное слово – лишь итог. Речь человека начинается с его способности к восприятию и интуитивному познанию мира, глубокому проживанию собственной жизни и умению осмысливать полученный опыт. Работа над словом обогащает человека и затрагивает все грани внешней и внутренней жизни не менее глубоко, чем остальные виды искусств.<br /></p> <p> </p> <p><span>Тренинг научит выражать себя словом во всей полноте и убедительности.</span></p><p><span>В программе:</span></p> <ol><li><span>«Человек, способный вдохновлять». Основы и базовые принципы ораторского мастерства.</span><br /> <span></span></li><li><span> «Язык мой – друг мой». Как справиться с волнением и обрести уверенность, выступая публично.</span> </li><li><span>«Есть контакт». Виды аудиторий, их особенности и секреты взаимодействия с ними.</span></li></ol> <p> </p> <p><span>В формате непринужденного общения участники узнают, как расширить словарный запас, познакомятся с эффективными методами работы с голосом и дикцией</span>.</p> <p><span>Продолжительность – 2 часа.</span></p> <p><span>Тренер курса и автор программы – режиссер, педагог театральных дисциплин,</span> <span>ведущая радиоэфира, режиссер детской театральной студии «Небо»</span> <span>Зоя Торгашова.</span><span></span></p>", "shortDescription": "Интенсивный речевой тренинг.", "min_price": 400, "max_price": 400, "link": "https://vmuzey.com/event/master-klass-po-oratorskomu-masterstvu", "status": "accepted", "updateDate": 1637152012993, "start": 1638252000000, "end": 1638360000000, "createDate": 1636721301496, "inAccepted": true, "acceptDate": 1637152013181, "image": {"author": "Зоя Торгашова", "name": "2cce02e5c2870befdbdf3426661ac475.jpeg", "realName": "kROBw3GIlLo.jpg", "source": "Зоя Торгашова"}, "photo": "https://pro.culture.ru/uploads/2cce02e5c2870befdbdf3426661ac475.jpeg", "gallery": ["https://pro.culture.ru/uploads/eb7c38c4d6ba9a2f4a251469217be6cf.jpeg", "https://pro.culture.ru/uploads/c08eaa82139677ac7d7a8a5b37610088.jpeg", "https://pro.culture.ru/uploads/0f930b4516b4a927b87a43ed8d13160e.jpeg", "https://pro.culture.ru/uploads/20e55efa276a8207b1a47a45d6ff692b.jpeg"], "category": {"name": "Обучение", "sysName": "obuchenie"}, "time": {"start": "2021-11-30 06:00:00", "end": "2021-12-01 12:00:00"}}, {"id": 1446410, "name": "Квиз «Играем в классику»", "age": 6, "description": "<p>Квиз-викторина – это игра в популярном современном формате, в которой команды соревнуются в ответах на вопросы на тему музыки и искусства.</p> <p>Квиз приоткроет музыкальные тайны, познакомит с необычными историями из жизни известных композиторов, развеет мифы, стереотипы и предрассудки о музыкантах. Участники сплотятся и проявят командный дух, проверят свою интуицию, покажут внимательность и эрудицию. </p> <p>Игра проходит только по записи для организованных групп от 20 человек. </p> <p>Телефон для записи: +7 (963) 028-27-11.</p>", "shortDescription": "Это викторина с большой базой хорошо проработанных вопросов на тему классической музыки и искусства.", "min_price": 350, "link": "https://vmuzey.com/event/muzykalnyy-kviz-igraem-v-klassiku", "status": "accepted", "updateDate": 1636975961002, "start": 1637647200000, "end": 1637758800000, "createDate": 1636623762236, "inAccepted": true, "acceptDate": 1636975961226, "image": {"author": "Егор Ложкин", "name": "95128b0ab6c6de1bb5631334b741733b.jpeg", "realName": "6afc58547b9ed60b8766185e13529ecd.jpeg", "source": "Архив музея-усадьбы П.И. Чайковского"}, "photo": "https://pro.culture.ru/uploads/95128b0ab6c6de1bb5631334b741733b.jpeg", "gallery": ["https://pro.culture.ru/uploads/240ed258ab79ce5b4ff6c6bd72c41233.jpeg", "https://pro.culture.ru/uploads/392084ce1cff9026cccca57f48aab4c5.jpeg", "https://pro.culture.ru/uploads/174dc4709e374141f956c502a7f5350a.jpeg"], "category": {"name": "Встречи", "sysName": "vstrechi"}, "time": {"start": "2021-11-23 06:00:00", "end": "2021-11-24 13:00:00"}}, {"id": 1445545, "name": "Экскурсия «Обед по-дворянски»", "age": 6, "description": "<p>А вы знаете любимое блюдо Петра Ильича Чайковского? А какие предпочтения в еде были у его отца и матушки? Безусловно, у каждого были свои гастрономические пристрастия. </p><p>На тематической экскурсии гости узнают потрясающие факты, которые сотрудники музея-усадьбы долго и упорно собирали по крупицам из документальных источников и редчайших сведений об обедах и ужинах в доме на улице Господской.</p><p>Мероприятие проходит для групп от 15 человек. Обязательна предварительная запись по телефону: +7 (963) 028-27-11.</p>", "shortDescription": "Рассказ о гастрономических пристрастиях Чайковских.", "min_price": 600, "max_price": 600, "link": "https://vmuzey.com/event/tematicheskaya-ekskursiya-obed-po-dvoryanski", "status": "accepted", "updateDate": 1637152905914, "start": 1637215200000, "end": 1637328600000, "createDate": 1636613871794, "inAccepted": true, "acceptDate": 1637152906098, "image": {"author": "Егор Ложкин", "name": "1289ce83fdaf1d3c05c9651cba9d6604.jpeg", "realName": "POM4xSWwLGw.jpg", "source": "Музей-усадьба Чайковского"}, "photo": "https://pro.culture.ru/uploads/1289ce83fdaf1d3c05c9651cba9d6604.jpeg", "gallery": ["https://pro.culture.ru/uploads/996e938f6926074b72c0d0ab1cc67010.jpeg", "https://pro.culture.ru/uploads/568226bc6c8a42827d548bc3b1f3d6c0.jpeg"], "category": {"name": "Экскурсии", "sysName": "ekskursii"}, "time": {"start": "2021-11-18 06:00:00", "end": "2021-11-19 13:30:00"}}, {"id": 1443901, "name": "Экскурсия-расследование «Что таит в себе старый дом?»", "age": 16, "description": "<p> Любите разгадывать тайны? Нравится дух соперничества? Хотите узнать больше интересного о Петре Ильиче Чайковском? Тогда отправьтесь в увлекательное путешествие – на экскурсию-расследование!</p><p>Гиды музея-усадьбы расскажут о семье Чайковских так, как не рассказывали ни на одной другой экскурсии! Посетители будут разгадывать шифры, формулы, анаграммы, решать головоломки и находить ответы в самых неожиданных местах.</p><p>Экскурсия основана на реальных фактах и письмах семьи Чайковских.</p><p>Для групп до 15 человек. Обязательна предварительная запись по телефону 8 (963) 028-27-11.<br /></p><p> </p>", "shortDescription": "Шифры, формулы, головоломки.", "min_price": 180, "max_price": 180, "link": "https://vmuzey.com/event/ekskursiya-rassledovanie-chto-tait-v-sebe-staryy-dom", "status": "accepted", "updateDate": 1636966929791, "start": 1636606800000, "end": 1672493400000, "createDate": 1636546390132, "inAccepted": true, "acceptDate": 1636966929856, "image": {"author": "Егор Ложкин", "name": "34616e212e6ac33f74126558e703db4a.jpeg", "realName": "ScoaA3xRZiA.jpg", "source": "Музей-усадьба Чайковского"}, "photo": "https://pro.culture.ru/uploads/34616e212e6ac33f74126558e703db4a.jpeg", "gallery": ["https://pro.culture.ru/uploads/03460504e7d92471b6a08ba02fe16eee.jpeg"], "category": {"name": "Экскурсии", "sysName": "ekskursii"}, "time": {"start": "2021-11-11 05:00:00", "end": "2022-12-31 13:30:00"}}, {"id": 1338743, "name": "Мастер-класс «Уроки граффити на бумаге для начинающих от Allians»", "age": 12, "description": "<p>На сегодняшний день Allians (Саша Бусов) – единственный профессионально занимающийся граффити художник в Воткинске.</p><p>Нанесением граффити на стенах зданий Allians занимается уже 14 лет. За эти годы более сотни различных скучных и серых объектов в Воткинске, Ижевске, Москве, Краснодаре обрели новый и яркий облик. Граффити для Allians не только любимое хобби, но профессия, приносящая основной доход.<br /></p><p>На уроке поговорим о направлениях и основах граффити. Изучим основы перспективы и композиции. Будем рисовать объемные буквы, переплетенные и спутанные между собой, со множеством дополнительных элементов в стилях bubble letters, wild style и flop. Разберемся с базовым построением тегов, научимся создавать собственный тег.</p><p>Продолжительность: 3 часа.</p><p>В стоимость билета входят расходные материалы.</p>", "shortDescription": "Занятия познакомят с основами уличного искусства.", "min_price": 1500, "link": "https://vmuzey.com/event/uroki-graffiti-na-bumage-dlya-nachinayushchih-ot-allians", "status": "accepted", "updateDate": 1632459655233, "start": 1634371200000, "end": 1635591600000, "createDate": 1632123822702, "inAccepted": true, "acceptDate": 1632459655238, "image": {"author": "Александр Бусов", "name": "36d214eb885933cfb6889688d9add114.jpeg", "realName": "z2zWd-mpkyA.jpg", "source": "Александр Бусов"}, "photo": "https://pro.culture.ru/uploads/36d214eb885933cfb6889688d9add114.jpeg", "gallery": ["https://pro.culture.ru/uploads/7d0dea1018d21067c4b54ed571dd98ff.jpeg", "https://pro.culture.ru/uploads/9ee6565cc4f17c0e1cb605698b6e4e28.jpeg", "https://pro.culture.ru/uploads/16a00b2b641632a6de95d559b204b6db.jpeg", "https://pro.culture.ru/uploads/770a8f8324174854512a80d63a7bf5fb.jpeg"], "category": {"name": "Обучение", "sysName": "obuchenie"}, "time": {"start": "2021-10-16 08:00:00", "end": "2021-10-30 11:00:00"}}, {"id": 1331680, "name": "Выставка «Шишкин. Любовь и творчество»", "age": 0, "description": "<p>Выставка рассказывает о единственном в мире мемориальном доме-музее Ивана Ивановича Шишкина в Елабуге, его любви к природе и своей малой родине. Вы познакомитесь с биографией мастера, его становлением как художника. На выставке будут представлены офорты художника, живописные копии его работ, мемориальные предметы быта из дома Шишкиных. Кроме того, в экспозиции вы увидите работы Ольги Антоновны Лагоды-Шишкиной, ученицы и второй супруги художника. Это рисунки карандашом, изданные в 1887 году самим Шишкиным в технике фототипии в память об умершей жене.</p><p>Выставка из собрания Елабужского государственного музея-заповедника.</p>", "shortDescription": "Офорты художника, живописные копии его работ, мемориальные предметы быта из дома Шишкиных.", "min_price": 80, "max_price": 100, "link": "https://vmuzey.com/event/vystavka-shishkin-lyubov-i-tvorchestvo", "status": "accepted", "updateDate": 1632286249291, "start": 1632978000000, "end": 1638106200000, "createDate": 1631704680294, "inAccepted": true, "acceptDate": 1632286249298, "image": {"author": "И.И. Шишкин", "name": "e04a2e8690119aeff0603925e43ddd86.jpeg", "realName": "Шишкин.jpg", "source": "Елабужский государственный музей-заповедник"}, "photo": "https://pro.culture.ru/uploads/e04a2e8690119aeff0603925e43ddd86.jpeg", "gallery": ["https://pro.culture.ru/uploads/f240663948e62e10733a555f6b15ef45.jpeg", "https://pro.culture.ru/uploads/afeaeeba20b732f049fc6eb8357baa28.jpeg"], "category": {"name": "Выставки", "sysName": "vystavki"}, "time": {"start": "2021-09-30 05:00:00", "end": "2021-11-28 13:30:00"}}, {"id": 1321480, "name": "Квест «Чьи шаги слышны в темноте?»", "age": 12, "description": "<p> Что скрывается в старинном, дворянском особняке? Хранит ли он в себе загадки, живут ли в нем привидения, и чьи шаги можно услышать в темное время суток? </p><p> </p><p></p><p> Все это можно узнать на вечерней экскурсии-квесте по мемориальному дому-музею Петра Ильича Чайковского. С тех пор как в этом доме родился гениальный ребенок, прошло уже почти двести лет. Дому суждено было, как и этому мальчику, войти в историю мирового искусства. И до сих пор поговаривают, что здесь порой мелькают тени давно усопших людей, живших здесь почти два века назад </p><p></p><p></p><p></p><p><span>Гостям предстоит разобраться, кто же никак не может покинуть этот дом, <span>чьи воспоминания до сих пор живут в нем. </span></span><span>В этом помогут звуки, которые будут проводниками в господском доме. <span></span></span></p><p></p><p></p><p> </p>", "shortDescription": "Проводится для групп до 10 человек.", "min_price": 250, "link": "https://vmuzey.com/event/kvest-chi-shagi-slyshny-v-temnote-dlya-grupp-ot-5-chel", "status": "accepted", "updateDate": 1631861234752, "start": 1633615200000, "end": 1645714800000, "createDate": 1631190495171, "inAccepted": true, "acceptDate": 1631861234766, "image": {"author": "Егор Ложкин", "name": "a726f03fd17e64b577eba793c42f79c0.jpeg", "realName": "IMG_0287.JPG", "source": "Музей-усадьба П. И. Чайковского"}, "photo": "https://pro.culture.ru/uploads/a726f03fd17e64b577eba793c42f79c0.jpeg", "gallery": ["https://pro.culture.ru/uploads/ee4729b086d1b4d7334a4ea64716fc31.jpeg", "https://pro.culture.ru/uploads/293be5b9a487a2a0ce2e966beabab457.jpeg", "https://pro.culture.ru/uploads/5261391131d0ffb02b45ef4129799202.jpeg", "https://pro.culture.ru/uploads/dab87060ba3b4222147fd0069fa9e3fd.jpeg"], "category": {"name": "Встречи", "sysName": "vstrechi"}, "time": {"start": "2021-10-07 14:00:00", "end": "2022-02-24 15:00:00"}}, {"id": 1318375, "name": "Ночь искусств в Музее-усадьбе П. И. Чайковского", "age": 12, "description": "<p>Всероссийская акция «Ночь искусств – 2021» состоится в музее–усадьбе П.И. Чайковского в ONLINE&nbsp;формате.\n\n </p>\n<p>\n\n    Трансляции события пройдут в группе музея&nbsp;<a href=\"https://vk.com/tchaikovskyhome\">ВКонтакте</a>&nbsp;и&nbsp;<a href=\"https://www.facebook.com/tchaikovskyhome\">Фейсбук</a>&nbsp;с&nbsp;19:00 до 23:00.</p><p>В 19:00&nbsp;– детская экскурсия&nbsp;«Гризли или не гризли» по выставке лесных пейзажей И.И. Шишкина.</p><p>В 20:00 –&nbsp;видеоэкскурсия из фондохранилища музея&nbsp;«Барельеф Девы Марии» из цикла&nbsp;«Реликвии как на ладони».</p><p>В 21:00&nbsp;– концерт учащихся Детской школы искусств №1 им. П.И. Чайковского&nbsp;«Петр Ильич дирижирует городом».</p><p>В 22:00&nbsp;– интерактивная экскурсия–бестселлер&nbsp;«Чайковский без галстука».</p>", "shortDescription": "Музей открывает в этот день свои двери в вечернее время.", "isFree": true, "link": "https://vmuzey.com/event/noch-iskusstv-v-muzee-usadbe-p-i-chaykovskogo", "needCheck": true, "status": "accepted", "updateDate": 1635320692477, "start": 1636038000000, "end": 1636052400000, "createDate": 1631094470636, "inAccepted": true, "acceptDate": 1635320692691, "image": {"author": "Анна Жуйкова", "name": "707e3aee620aebce85ea61cdc34e7170.jpeg", "realName": "DSC07226.JPG", "source": "Музей-усадьба П. И.  Чайковского"}, "photo": "https://pro.culture.ru/uploads/707e3aee620aebce85ea61cdc34e7170.jpeg", "gallery": ["https://pro.culture.ru/uploads/f441c2deb847f28401023559bb6a99d5.jpeg", "https://pro.culture.ru/uploads/85dd59ec6a08aae09748a778ae47eed6.jpeg", "https://pro.culture.ru/uploads/e7f272b50324537b0c97f3c88b959940.jpeg", "https://pro.culture.ru/uploads/45ad40c08aa11a1d6e7abd5ed54e3cd0.jpeg", "https://pro.culture.ru/uploads/e330adbaf471082839f6a75aca7846b6.jpeg"], "category": {"name": "Встречи", "sysName": "vstrechi"}, "time": {"start": "2021-11-04 15:00:00", "end": "2021-11-04 19:00:00"}}, {"id": 1310596, "name": "Обзорная экскурсия «Пётр Чайковский. Годы детства»", "age": 0, "description": "\n\n<p>Во время экскурсии по музейному комплексу вы побываете в мемориальном доме семьи Чайковских и окунётесь в атмосферу безмятежного детства Петра Ильича. Экскурсовод расскажет о семейных легендах, покажет предметы, принадлежащие семье композитора. Несомненно, привлечёт интерес икона, под которой родился Чайковский, и старинный прямострунный рояль фирмы Wirth, к клавишам которого прикасались пальчики юного Петра.</p><p>Прогуляйтесь по красивому парку усадьбы, обнимите самую старую липу, которой больше 240 лет, загадайте желание, загляните в теплицу, полную зелёных растений.</p><p>Экскурсии проводятся по записи: +7 (963) 028-27-11.</p>\n\n", "shortDescription": "Интересные истории и факты из жизни семьи Чайковских.", "min_price": 300, "max_price": 460, "link": "https://vmuzey.com/event/obzornaya-ekskursiya-pyotr-chaykovskiy-gody-detstva", "status": "accepted", "updateDate": 1631542600817, "start": 1631347200000, "end": 1640518200000, "createDate": 1630753255942, "inAccepted": true, "acceptDate": 1631542605182, "image": {"author": "Егор Ложкин", "name": "5aa02367affab13479d00b9e855af4c6.jpeg", "realName": "-YDKi7PhXic.jpg", "source": "Архив музея-усадьбы П.И. Чайковского"}, "photo": "https://pro.culture.ru/uploads/5aa02367affab13479d00b9e855af4c6.jpeg", "gallery": ["https://pro.culture.ru/uploads/436c6530889be8dbee537aa9e049f61f.jpeg", "https://pro.culture.ru/uploads/6ac0699b727ba6777df596cf99783677.jpeg", "https://pro.culture.ru/uploads/488d510899effce58a0a8838dd2a45f6.jpeg", "https://pro.culture.ru/uploads/6d3fbd29e248552e70903d27694bf8a4.jpeg"], "category": {"name": "Экскурсии", "sysName": "ekskursii"}, "time": {"start": "2021-09-11 08:00:00", "end": "2021-12-26 11:30:00"}}, {"id": 1298142, "name": "Экспозиции дома детства П. И. Чайковского", "age": 0, "description": "<p><span><span> </span>Государственный мемориально-архитектурный комплекс «Музей-усадьба П.И. Чайковского» – уникальный памятник истории и культуры общенационального значения. Общая площадь усадьбы – 3,2 гектара. Атмосферу I половины XIX века сохраняют 16 экспозиционных объектов. </span></p> <p><span><span> </span>Планировка усадьбы очень проста и удобна. Дом горного начальника в центре бывшей Господской улицы обращен южным фасадом в сторону парка, а северным – к пруду и его живописным окрестностям. Ворота главного въезда ведут на территорию усадьбы. Круглая клумба, засаженная цветами, традиционными для усадеб </span><span>XIX</span><span> века, шиповник, липы. В глубине усадьбы расположены служебные и хозяйственные постройки: навес для экипажей, конюшни, стайки, завозни, ледник, теплица.</span></p> <p><span><span> </span>С домом и<span> </span>всеми строениями прекрасно гармонирует сад – он реконструирован по старым элементам усадебного парка. </span><span>В парке находится три беседки: голубая беседка, ее называли также «зимней», или «чайным домиком», двухэтажная беседка и «детский домик», в ней можно было отдохнуть, спрятавшись от солнца. </span></p><p></p><p><span><br /></span></p>", "shortDescription": "Знакомство с домом детства великого русского композитора", "min_price": 130, "max_price": 290, "link": "https://vmuzey.com/event/ekspozicii-doma-detstva-p-i-chaykovskogo", "needCheck": true, "status": "accepted", "updateDate": 1631541780024, "start": 1630472400000, "end": 1640957400000, "createDate": 1630160990122, "inAccepted": true, "acceptDate": 1631541784334, "image": {"author": "Максим Култышев", "name": "b3aa6b09df5d2798c337fb79c85355fe.jpeg", "realName": "2 апреля 3.jpg", "source": "Архив музея-усадьбы П.И. Чайковского"}, "photo": "https://pro.culture.ru/uploads/b3aa6b09df5d2798c337fb79c85355fe.jpeg", "gallery": ["https://pro.culture.ru/uploads/2e86be06b44d1302db44f19db4bf2867.jpeg", "https://pro.culture.ru/uploads/c8b816682a21d29a09d15fc3ff8b3923.jpeg", "https://pro.culture.ru/uploads/b28392d09707a19dbe6419e06c3e3772.jpeg", "https://pro.culture.ru/uploads/4ad586dbf92805fab5a88bd0931a12f7.jpeg"], "category": {"name": "Выставки", "sysName": "vystavki"}, "time": {"start": "2021-09-01 05:00:00", "end": "2021-12-31 13:30:00"}}, {"id": 1077548, "name": "Выставка «Allians. Точка зрения»", "age": 0, "description": "<p>Обилие света и необычные цветовые сочетания – это то, что отличает художника, имеющего творческий псевдоним Allians. </p><p>Александр Бусов – воткинский художник, его работы можно встретить в самых неожиданных местах города, потому что Allians – художник, рисующий граффити. Увлечение появилось в 2008 году и творчество продолжается до сих пор. За яркими образами скрывается личная философия и глубокий внутренний мир художника. </p><p>Тематика работ различна, есть и совершенно фантазийные, смысл которых лежит в глубине его подсознания. Allians – художник разноплановый, он не ограничивает себя одной техникой, одной темой, рисует маслом, пастелью на фанере, ДСП, бумаге, создает скульптурные композиции.Часть его работ будет представлена в выставочном зале музея-усадьбы.</p>", "shortDescription": "Экспозиция граффити. ", "min_price": 80, "max_price": 100, "link": "https://vmuzey.com/event/vystavka-sovremennogo-hudozhnika", "status": "accepted", "updateDate": 1631539515749, "start": 1621054800000, "end": 1632663000000, "createDate": 1619344668790, "inAccepted": true, "acceptDate": 1631539520022, "image": {"author": "Александр Бусов", "name": "df6152e637d6716988c2ceb31b73b695.jpeg", "realName": "l-Tzr7xTz_U.jpg", "source": "https://vk.com/alliansgraffitiartist"}, "photo": "https://pro.culture.ru/uploads/df6152e637d6716988c2ceb31b73b695.jpeg", "gallery": ["https://pro.culture.ru/uploads/35e02764b3338d055ebbf5f7dc3c15cf.jpeg"], "category": {"name": "Выставки", "sysName": "vystavki"}, "time": {"start": "2021-05-15 05:00:00", "end": "2021-09-26 13:30:00"}}]}