{"12187": [{"id": 1491549, "name": "Спектакль «Новогодний гость»", "age": 6, "description": "<p>Кто приехал в сказочный лес отпраздновать Новый год? Кто, как и почему пытается помешать собраться друзьям у новогодней елки? Получится ли у героев сохранить любимый праздник детей и взрослых?</p><p>Сказка по пьесе Н. Абрамцеваой «У Снегурочки гости» подарит хорошее настроение юным зрителям и их родителям. Продолжительность спектакля – 1 час без антракта.</p><p>Чтобы праздник состоялся, необходимо выполнить несколько простых волшебных правил. Правило первое: дети приходят на сказку в сопровождении взрослых. Правило второе: вход на мероприятия осуществляется в соответствии с требованиями Роспотребнадзора – QR-код / сертификат / справка, защитные маски для всех, включая маленьких гостей, санитарная обработка и температурный контроль, рассадка с учетом социальной дистанции. Театр просит отнестись с пониманием к ситуации. Только вместе можно справиться со всеми трудностями и подарить праздник друг другу.</p>", "shortDescription": "Увлекательная сказка для семейного просмотра.", "min_price": 180, "link": "https://kursk.kassy.ru/events/teatr/2-8347/", "needCheck": true, "status": "accepted", "updateDate": 1638873383712, "start": 1640332800000, "end": 1641733200000, "createDate": 1638256374413, "inAccepted": true, "acceptDate": 1638868826326, "image": {"author": "Г.Кокоровец", "name": "b67e1d89fd6f1e98dafe9f2bb355d523.jpeg", "realName": "B1aq80-fRdQ.jpg", "source": "https://vk.com/theaterrovesnik?z=photo-155298489_457293889%2Fwall-2507736_11008"}, "photo": "https://pro.culture.ru/uploads/b67e1d89fd6f1e98dafe9f2bb355d523.jpeg", "gallery": [], "category": {"name": "Спектакли", "sysName": "spektakli"}, "time": {"start": "2021-12-24 08:00:00", "end": "2022-01-09 13:00:00"}}, {"id": 1373020, "name": "Спектакль «Любовь всему верит»", "age": 18, "description": "<p>Внимание! В связи с противовирусными мероприятиями произошел перенос спектаклей с 12 и 13 ноября на 26 и 27 ноября , с 18 и 20 ноября – на 9 и 11 декабря. Билеты, приобретенные ранее, действительны на соответствующие даты. </p><p> Премьера 57-го сезона. Место действия – любой маленький город. Время действия – всегда. Эта постановка – посвящение великому драматургу. Актуальная классика, история, рассказанная словами Островского, но через призму дня сегодняшнего.</p><p>Времена меняются, а проблемы в обществе остаются прежними. Важной составляющей постановки является изнанка жизни – закулисье во всем своем многообразии: коллизии, подводные камни и круги на воде.</p><p>Театр представлений и театр переживаний сойдутся на одной сцене. Многослойность пьесы признанного классика позволит каждому зрителю найти что-то свое.</p><p></p><p>Продолжительность постановки – два часа. Постановка идет с одним антрактом.<br /></p><p></p>", "shortDescription": "Постановка по мотивам пьесы А. Н. Островского «Без вины виноватые».", "min_price": 200, "max_price": 220, "link": "https://kursk.kassy.ru/events/teatr/2-8220/", "status": "accepted", "updateDate": 1639665702562, "start": 1637940600000, "end": 1644080400000, "createDate": 1633521505703, "inAccepted": true, "acceptDate": 1639665702620, "image": {"author": "А. Золотухин", "name": "22119d56f1dbb71e869c924046073e13.jpeg", "realName": "Serdechko.jpg", "source": "Архив автора"}, "photo": "https://pro.culture.ru/uploads/22119d56f1dbb71e869c924046073e13.jpeg", "gallery": ["https://pro.culture.ru/uploads/d602e7dca410c878ffbff5203484936d.jpeg", "https://pro.culture.ru/uploads/b981bd5bbce66ca02340ff9e464f5306.jpeg", "https://pro.culture.ru/uploads/d809f524835bccb4196841846df469dc.jpeg", "https://pro.culture.ru/uploads/6b87b1aab12a61990f4ca3996cacb13e.jpeg", "https://pro.culture.ru/uploads/81677aa7769d23a2c6e54c014d2b4a64.jpeg", "https://pro.culture.ru/uploads/70a85d24eed84b371c64ca04130cd5d6.jpeg", "https://pro.culture.ru/uploads/8816e7515c4a78103719c19dd69cffb6.jpeg"], "category": {"name": "Спектакли", "sysName": "spektakli"}, "time": {"start": "2021-11-26 15:30:00", "end": "2022-02-05 17:00:00"}}, {"id": 973082, "name": "Спектакль «Все любят сыр»", "age": 12, "description": "<p> «Ровесник» приглашает родителей и детей на спектакль по пьесе известного венгерского писателя Дюлы Урбана «Чудеса на сыроварне, или все мыши любят сыр». </p><p> Главные герои – белая мышка Фружи и серый мышонок Шома – встретились на сыроварне и подружились. Две враждующие семьи серых и белых мышей – этакие Монтекки и Капулетти – беспрестанно спорят о том, кто из них достоин жить в теплом безопасном месте. Только маленькие мышата не обращают внимание на раздоры взрослых. Несмотря на свой юный возраст, они влюбляются друг в друга с первого взгляда и решают никогда не расставаться, чего бы им это не стоило. Вскоре Фружи понимает, что никогда не сможет быть вместе с Шомой из-за того, что они разного цвета... Взрослые наверняка помнят похожую, но не очень веселую историю, однако у этой – финал светлый.</p><p>Урбан Дюла – венгерский писатель, сценарист, режиссер, актер, ставший известным еще в 1970-е годы. Огромной популярностью пользовался мультфильм «Голубой щенок», снятый в 1976 году Ефимом Гамбургом по сказке Дюлы Урбана. Его спектакли ставятся по всему миру (в том числе и в России) и имеют немалый успех.</p>", "shortDescription": "Сказка Дюлы Урбана.", "min_price": 180, "max_price": 180, "link": "https://kursk.kassy.ru/events/detskie/2-8197/", "status": "accepted", "updateDate": 1636484331016, "start": 1616763600000, "end": 1635510600000, "createDate": 1614676144413, "inAccepted": true, "acceptDate": 1636484331035, "image": {"author": "Г. Кокоровец", "name": "e507b060defbc957c52382af7a13dc86.jpeg", "realName": "DSC_5697.JPG", "source": "https://vk.com/theaterrovesnik"}, "photo": "https://pro.culture.ru/uploads/e507b060defbc957c52382af7a13dc86.jpeg", "gallery": ["https://pro.culture.ru/uploads/eace9464f3b0d6c4ec8fc43d2c5bb371.jpeg", "https://pro.culture.ru/uploads/cbe76a86d16a43afd3525bf050742008.jpeg", "https://pro.culture.ru/uploads/7f8694097ab81e1cf8495da40e52ef3e.jpeg", "https://pro.culture.ru/uploads/8ed3d9cf0c7c766957f8c4f81f3503cb.jpeg", "https://pro.culture.ru/uploads/14c50f9a6e0af33a4d7738f510557186.jpeg"], "category": {"name": "Спектакли", "sysName": "spektakli"}, "time": {"start": "2021-03-26 13:00:00", "end": "2021-10-29 12:30:00"}}, {"id": 787597, "name": "Спектакль «Феномены»", "age": 16, "description": "<p><span style=\"vertical-align:inherit\">Три обладателя сверхспособностей Иванов, Петров, Сидоров ... Нет, не так ... Прохоров, Клягин, Иванов приглашены высокой комиссией в Москву для проверки своей феноменальности. От ее результатов зависит не только их судьба, но и репутация ученого – их куратора Елены Петровны Ларичевой. Внезапно, в научные, или околонаучные планы вмешивается провидение – муж Елены Петровны, а затем – и брат Прохорова Антон. Состоится ли комиссия? Есть ли будущее у человечества? Посмотрим.</span></p><p><span style=\"vertical-align:inherit\">Из публикации газеты «Городские известия» № 4539 от 10 октября 2020 года. </span><br /><span style=\"vertical-align:inherit\">Корр.: На свежей афише публику привлекает все: с одной стороны, имя автора, одного из немногих отечественных драматургов, кого по праву можно назвать совестью народной, а с другой стороны, сама тема. Казалось бы, уже миновала пора, когда население массово «заряжало» энергией банки с водой перед телеэкраном?</span></p><p><span style=\"vertical-align:inherit\">Игорь Селиванов, режиссер спектакля</span>:</p><p><span style=\"vertical-align:inherit\">– О нет, пришло «второе дыхание»: ожили сериалы о супергероях, в прайм-тайм показывают мальчика, играющего на пианино не тем, чем надо, и другие удивительные явления… И многие люди смотрят на все это как на гарантию от напастей.</span></p>", "shortDescription": "Обладатели феноменальных способностей приглашены в Москву на заседание специализированной комиссии.", "min_price": 180, "max_price": 200, "link": "https://kursk.kassy.ru/events/teatr/2-8193/", "status": "accepted", "updateDate": 1635364396651, "start": 1604761200000, "end": 1633800600000, "createDate": 1603788084515, "inAccepted": true, "acceptDate": 1635364396655, "image": {"author": "Г. Кокоровец", "name": "dc2ed4589f20fb8445e6c97e993ef9ed.jpeg", "realName": "33.jpg", "source": "Архив театра \"Ровесник\""}, "photo": "https://pro.culture.ru/uploads/dc2ed4589f20fb8445e6c97e993ef9ed.jpeg", "gallery": ["https://pro.culture.ru/uploads/242bcd3e3eb095d5eaa6af29f6fcfa4d.jpeg", "https://pro.culture.ru/uploads/f1f7599671d2d8862d317846aa1cc7eb.jpeg", "https://pro.culture.ru/uploads/e5ecb299cc1239d27735c0cac506253e.jpeg", "https://pro.culture.ru/uploads/8028aa0a6e112534289a20b25bbaa898.jpeg"], "category": {"name": "Спектакли", "sysName": "spektakli"}, "time": {"start": "2020-11-07 15:00:00", "end": "2021-10-09 17:30:00"}}]}