{"1220": [{"id": 1493213, "name": "Спектакль «Двенадцать месяцев»", "age": 6, "description": "<p>Сказка Самуила Маршака «Двенадцать месяцев» была написана в военные годы, когда детям особенно не хватало волшебства и чудес, добра и веры в победу света над тьмой. С тех пор пьеса не раз экранизировалась, ставилась во многих театрах.</p><p>Тульский театр юного зрителя не исключение. Новая постановка стала третьей по счету для его труппы и для режиссера-постановщика – заслуженного деятеля искусств России Владимира Шинкарева. Версия 2021 года отличается особым стилем. Братья-месяцы предстанут не хрестоматийными Дедами Морозами и пастушками, а стильными брутальными персонажами, девочки-героини же скорее похожи на современных подростков (ведь по сюжету им 13–14 лет). Но, несмотря на модный, хорошо знакомый современным детям антураж, сказка остается сказкой, волшебство – волшебством, а Новый год – Новым годом.</p><p>В дни зимних праздников перед каждым спектаклем зрителей по традиции ждет представление с Дедом Морозом и Снегурочкой.</p>", "shortDescription": "Музыкальная сказка в двух действиях.", "min_price": 450, "max_price": 500, "link": "https://quicktickets.ru/tula-tyuz/e83", "needCheck": true, "status": "accepted", "updateDate": 1640349524445, "start": 1640419200000, "end": 1641722400000, "createDate": 1638275382895, "inAccepted": true, "acceptDate": 1639032119845, "image": {"author": "Екатерина Наумова", "name": "91e021d0bc0b89ca15a9f5ce8d64a00e.jpeg", "realName": "Новый год в ТЮЗе.jpg", "source": "https://tulatuz.ru/"}, "photo": "https://pro.culture.ru/uploads/91e021d0bc0b89ca15a9f5ce8d64a00e.jpeg", "gallery": [], "category": {"name": "Спектакли", "sysName": "spektakli"}, "time": {"start": "2021-12-25 08:00:00", "end": "2022-01-09 10:00:00"}}, {"id": 1478808, "name": "Спектакль «Как коза Марта за счастьем ходила»", "age": 6, "description": "<p>Спектакль Калужского ТЮЗа «Как коза Марта за счастьем ходила» по пьесе Андрея Кружнова «Влюбленная коза» имеет свою особенную историю. 19 сентября 2020 года театр открыл свой 56-й сезон этой музыкальной премьерой. Пьеса Андрея Кружнова в постановке главного режиссера Калужского ТЮЗа Михаила Визгова предстала перед публикой в виде увлекательной истории с песнями и, как ни странно, с нешуточной интригой. Поиски счастья, естественно, увенчались успехом, причем счастливыми стали все герои сказки. На премьере присутствовал автор пьесы – известный драматург Андрей Кружнов, которого тепло приветствовала публика и труппа театра.</p><p style=\"text-align:justify\"></p><p>Спектакль, относящийся к возрастной категории 6+, на самом деле будет интересен не только маленькому зрителю. Потому что он о счастье. Счастье – оно ведь совсем близко. Оно соседствует с людьми постоянно: возможно, порой достаточно лишь очень захотеть, чтобы оно вошло в твою жизнь. То, что ты коза, волк или конь, по сути, не имеет значения. Счастье необходимо для всех, просто каждый решает для себя – изменить свою жизнь, несмотря на очевидную предопределенность, или оставаться несчастным. </p><p></p>", "shortDescription": "Лирическая сказка в одном действии.", "min_price": 350, "max_price": 400, "link": "https://quicktickets.ru/tula-tyuz/s1046", "status": "accepted", "updateDate": 1640349524445, "start": 1638959400000, "end": 1638963000000, "createDate": 1637737079337, "inAccepted": true, "acceptDate": 1638261380170, "image": {"author": "Калужский областной театр юного зрителя", "name": "03881a3f8c247e01812eb97ad4507f7f.jpeg", "realName": "DSC_4703.JPG", "source": "http://kalugatuz.ru/"}, "photo": "https://pro.culture.ru/uploads/03881a3f8c247e01812eb97ad4507f7f.jpeg", "gallery": [], "category": {"name": "Спектакли", "sysName": "spektakli"}, "time": {"start": "2021-12-08 10:30:00", "end": "2021-12-08 11:30:00"}}, {"id": 1342126, "name": "Спектакль «Маугли»", "age": 6, "description": "<p>История про мальчика, воспитанного волками в диких джунглях, известна в Индии издревле. Английский писатель Джозеф Редьярд Киплинг создал литературную версию индийской народной сказки, которая обрела популярность во всем мире.</p><p>Работая над пьесой «Маугли. Тайна Белой Кобры», тульский режиссер Лариса Козлова обратилась к фольклорному первоисточнику. Ее версия сказки, специально написанная для Тульского театра юного зрителя, – это рассказ о родстве душ человека и зверя, о преданности и чести. Яркий музыкальный спектакль полон индийского колорита и русского юмора. Захватывающие события держат зрителя в напряжении до последней минуты.</p>", "shortDescription": "Постановка в двух действиях.", "min_price": 350, "max_price": 400, "link": "https://quicktickets.ru/tula-tyuz/s1062", "status": "accepted", "updateDate": 1640349524445, "start": 1634979600000, "end": 1644748800000, "createDate": 1632230074030, "inAccepted": true, "acceptDate": 1640013361423, "image": {"author": "Екатерина Наумова", "name": "9f60b9326fb21d8b36b203316e77bcab.jpeg", "realName": "12.jpg", "source": "tulatuz.ru"}, "photo": "https://pro.culture.ru/uploads/9f60b9326fb21d8b36b203316e77bcab.jpeg", "gallery": [], "category": {"name": "Спектакли", "sysName": "spektakli"}, "time": {"start": "2021-10-23 09:00:00", "end": "2022-02-13 10:40:00"}}, {"id": 1302953, "name": "Спектакль «Под созвездием Большой Медведицы»", "age": 0, "description": "<p> История о приключениях капитана Асбьерна и его помощников девочки Кирстен и мальчика Лукаса поставлена в формате беби-спектакля – интерактивного представления для малышей от 3 лет. Вместе с героями юные зрители побывают на Северном полюсе, увидят полярное сияние, половят рыбу в арктических водах и даже потанцуют с могущественными северными духами.</p><p>Современные технологии позволяют почувствовать снег и ветер, увидеть землю с высоты птичьего полета. Каждый зритель станет полноправным участником театрального действа, так что пристегните ремни: мы отправляемся в захватывающее путешествие!</p>", "shortDescription": "Арктическая история в одном действии.", "min_price": 300, "max_price": 300, "link": "https://quicktickets.ru/tula-tyuz/e81", "needCheck": true, "status": "accepted", "updateDate": 1640349524445, "start": 1631955600000, "end": 1645364700000, "createDate": 1630416734737, "inAccepted": true, "acceptDate": 1631775389485, "image": {"author": "Екатерина Наумова", "name": "03086708163616ac030d8b1eaf980d71.jpeg", "realName": "U_2uUHzPthU.jpg", "source": "tulatuz.ru"}, "photo": "https://pro.culture.ru/uploads/03086708163616ac030d8b1eaf980d71.jpeg", "gallery": [], "category": {"name": "Спектакли", "sysName": "spektakli"}, "time": {"start": "2021-09-18 09:00:00", "end": "2022-02-20 13:45:00"}}, {"id": 1103581, "name": "Спектакль «Страсти по Насте»", "age": 6, "description": "<p>Это история о всепобеждающей любви, которой не страшна даже Смерть.</p><p>Современная сказка Михаила Бартенева и Андрея Усачева продолжает лучшие традиции русского народного театра. Зрители окажутся на настоящей ярмарке, где всем заправляет неугомонный Петрушка. </p><p>...На умницу и красавицу Настю наложила заклятье ведьма. Кто же спасет ее – важный надутый жених или простой парень, готовый пойти за Настю в огонь, воду и даже в Тридевятое царство?</p><p>Веселый жизнеутверждающий спектакль Тульского театра юного зрителя наполнен музыкой, любимой разными поколениями зрителей. Здесь найдут над чем посмеяться и чему порадоваться не только дети, но и их родители, бабушки и дедушки.</p>", "shortDescription": "Фантасмагория в двух действиях.", "min_price": 350, "max_price": 400, "link": "https://quicktickets.ru/tula-tyuz/e79", "status": "accepted", "updateDate": 1640349524445, "start": 1621411200000, "end": 1636885800000, "createDate": 1620724714204, "inAccepted": true, "acceptDate": 1632987381897, "image": {"author": "Екатерина Гудкова", "name": "267f18ffa3264c4ab5a919ba959e5973.jpeg", "realName": "IMG_20210301_105231.jpg", "source": "ГУК ТО \"Тульский театр юного зрителя\""}, "photo": "https://pro.culture.ru/uploads/267f18ffa3264c4ab5a919ba959e5973.jpeg", "gallery": [], "category": {"name": "Спектакли", "sysName": "spektakli"}, "time": {"start": "2021-05-19 08:00:00", "end": "2021-11-14 10:30:00"}}, {"id": 882922, "name": "Спектакль «Двенадцать стульев»", "age": 18, "description": "<p> История поиска бриллиантов, спрятанных в одном из двенадцати стульев мадам Петуховой, перенесет зрителя в 20–30-е годы прошлого столетия. Городские романсы и уличные песенки того времени, дамы в «нэпманских» платьях и кавалеры в штиблетах, настоящие артефакты вроде флакончика «Красной Москвы» и копий реальных газет – все это делает постановку по-настоящему атмосферной.<br /></p><p>Режиссер спектакля – заслуженный деятель искусств Владимир Шинкарев – написал собственную инсценировку о великом комбинаторе Остапе Бендере. Она сохранила лучшие черты романа Ильфа и Петрова, любимые цитаты и самые яркие ситуации. Здесь переплелись реальность и вымысел, трагическое и комическое. Не случайно эпиграфом к трагикомедии послужила цитата поэта Виталия Пуханова: «Все преступления на земле совершаются из стремления стать счастливым». </p><p> </p>", "shortDescription": "Трагикомедия в двух действиях.", "min_price": 500, "max_price": 500, "link": "https://quicktickets.ru/tula-tyuz/e78", "status": "accepted", "updateDate": 1640349524445, "start": 1612366200000, "end": 1644084000000, "createDate": 1610132366526, "inAccepted": true, "acceptDate": 1640011405978, "image": {"author": "Екатерина Наумова", "name": "9641a7a23f345aa6f4f539905f49428c.jpeg", "realName": "d59ed3cfad4c46ee186d3a863554aa24.jpg", "source": "https://tulatuz.ru"}, "photo": "https://pro.culture.ru/uploads/9641a7a23f345aa6f4f539905f49428c.jpeg", "gallery": [], "category": {"name": "Спектакли", "sysName": "spektakli"}, "time": {"start": "2021-02-03 15:30:00", "end": "2022-02-05 18:00:00"}}, {"id": 856559, "name": "Спектакль «Белоснежка и лесные жители»", "age": 6, "description": "<p>Увлекательная музыкальная постановка, доказывающая, что добро и любовь всегда побеждают зло и коварство. Но все не так просто, как кажется на первый взгляд. Вы думаете, что знаете эту историю? Приходите и увидите много нового!</p><p>В интерпретации Тульского ТЮЗа сказка про Белоснежку – это театр в театре, где переплетаются прошлое и настоящее главных героев. В волшебном лесу здесь живут не гномы и не тролли, а гролли. И, конечно, каждый персонаж непременно поет и танцует. </p><p>Спектакль сопровождается оригинальными видеоэффектами, созданными специально для этой постановки. </p>", "shortDescription": "Музыкальная сказка в двух действиях.", "min_price": 350, "max_price": 400, "link": "https://quicktickets.ru/tula-tyuz/e77", "status": "accepted", "updateDate": 1640349524445, "start": 1608969600000, "end": 1638700200000, "createDate": 1607773680041, "inAccepted": true, "acceptDate": 1635771685700, "image": {"author": "tulatuz.ru", "name": "460fbb25561c4772b1bfe38443de985a.jpeg", "realName": "FLOiUaHwen4.jpg", "source": "tulatuz.ru"}, "photo": "https://pro.culture.ru/uploads/460fbb25561c4772b1bfe38443de985a.jpeg", "gallery": [], "category": {"name": "Спектакли", "sysName": "spektakli"}, "time": {"start": "2020-12-26 08:00:00", "end": "2021-12-05 10:30:00"}}, {"id": 731701, "name": "Спектакль «Любовь к трем апельсинам»", "age": 6, "description": "<p> Много сказочных историй бродит по свету. Одни забываются, а другие пересказываются из поколения в поколение... Такой вечной историей является сказка про весельчака Труффальдино, печального Принца и коварную Колдунью. </p><p>«Любовь к трем апельсинам» Карло Гоцци – замечательный сплав итальянского фольклора и высокой итальянской литературы, наполненный красотой, светом и любовью. Тульский театр юного зрителя создал на основе этой сказки жизнерадостный спектакль в стиле комедии дель арте. Здесь оживают маски, становятся возможными любые превращения, и, конечно, зло обязательно будет наказано.</p>", "shortDescription": "Дивертисмент в двух действиях по произведению К. Гоцци.", "min_price": 350, "max_price": 400, "link": "https://quicktickets.ru/tula-tyuz/s1048", "status": "accepted", "updateDate": 1640349524445, "start": 1600945200000, "end": 1642934400000, "createDate": 1599721340506, "inAccepted": true, "acceptDate": 1640010881952, "image": {"author": "Екатерина Наумова", "name": "9752301e0978df40cfab960aa0a43560.jpeg", "realName": "IMG_8793.jpg", "source": "tulatuz.ru"}, "photo": "https://pro.culture.ru/uploads/9752301e0978df40cfab960aa0a43560.jpeg", "gallery": [], "category": {"name": "Спектакли", "sysName": "spektakli"}, "time": {"start": "2020-09-24 11:00:00", "end": "2022-01-23 10:40:00"}}, {"id": 521746, "name": "Спектакль «Аленький цветочек»", "age": 6, "description": "<p>Спектакль по мотивам произведения Сергея Аксакова поставлен в лучших трацидиях русских сказок: аутентичные народные костюмы, декорации, словно сошедшие с иллюстраций Ивана Билибина, и, конечно же, выразительная игра актеров. </p><p>Отправляясь в далекие страны, купец обещает дочерям привезти подарки: старшим – заморский наряд и королевский венец, а младшей Настеньке – аленький цветочек, виденный ею во сне. В своем странствии купец сталкивается со множеством испытаний и опасностей. Но самым таинственным приключением становится встреча с заколдованным царевичем...</p>", "shortDescription": "Пречудесное сказание о счастье в двух действиях.", "min_price": 350, "max_price": 400, "link": "https://quicktickets.ru/tula-tyuz/s1050", "status": "accepted", "updateDate": 1640349524445, "start": 1576742400000, "end": 1643452800000, "createDate": 1574339377197, "inAccepted": true, "acceptDate": 1639754185862, "image": {"author": "Екатерина Наумова", "name": "d04acb63ec9da86af80f776f1d78c971.jpeg", "realName": "IMG_2380.jpg", "source": "tulatuz.ru"}, "photo": "https://pro.culture.ru/uploads/d04acb63ec9da86af80f776f1d78c971.jpeg", "gallery": [], "category": {"name": "Спектакли", "sysName": "spektakli"}, "time": {"start": "2019-12-19 08:00:00", "end": "2022-01-29 10:40:00"}}, {"id": 468322, "name": "Спектакль «Веселое чаепитие»", "age": 0, "description": "<p>В Тульском театре юного зрителя хотят, чтобы малыши как можно раньше начинали приобщаться к театральному искусству. Поэтому специально для самых маленьких зрителей создан спектакль «Веселое чаепитие». Его формат – беби-спектакль – это нечто среднее между представлением и игрой. Актеры находятся на расстоянии вытянутой руки, а зрители – буквально в центре событий.</p><p> Детки с родителями отправятся в увлекательное путешествие по странам мира вместе с Алисой и Безумным шляпником. А в конце представления всех ждет сладкий сюрприз. Спектакль проходит в Малом зале театра.</p>", "shortDescription": "Путешествие для самых маленьких в одном действии.", "min_price": 300, "max_price": 300, "link": "https://quicktickets.ru/tula-tyuz/e56", "needCheck": true, "status": "accepted", "updateDate": 1640349524445, "start": 1569052800000, "end": 1644672900000, "createDate": 1567600436603, "inAccepted": true, "acceptDate": 1633601571480, "image": {"author": "Овсянников С.", "name": "c72e73f6782f6ee94e827ad19037c321.jpeg", "realName": "IMG_0230.jpg", "source": "https://www.tulatuz.ru/"}, "photo": "https://pro.culture.ru/uploads/c72e73f6782f6ee94e827ad19037c321.jpeg", "gallery": [], "category": {"name": "Спектакли", "sysName": "spektakli"}, "time": {"start": "2019-09-21 08:00:00", "end": "2022-02-12 13:35:00"}}, {"id": 381580, "name": "Спектакль «Винни-Пух»", "age": 6, "description": "<p>Медвежонок Винни-Пух больше всего на свете любит поесть. А кроме этого он сочиняет песенки, пыхтелки, сопелки и кричалки на все случаи жизни. Но друзья – Кристофер Робин, Пятачок, Иа-Иа, Кролик, Тигра, Кенга и Ру – любят его не только за это. Иногда Винни бывает не очень сообразительным, зато каждое безвыходное положение, в которое он попадает, превращается в настоящее приключение для всех-всех-всех! </p><p>Эта добрая и забавная сказка, поставленная на сцене Тульского театра юного зрителя, будет интересна не только самым маленьким зрителям, но и мамам, папам, бабушкам, дедушкам, старшим братьям и сестрам.</p>", "shortDescription": "Графические рассказы по произведению А. Милна в двух действиях.", "min_price": 350, "max_price": 400, "link": "https://quicktickets.ru/tula-tyuz/e50", "status": "accepted", "updateDate": 1640349524445, "start": 1555574400000, "end": 1632652200000, "createDate": 1552554746178, "inAccepted": true, "acceptDate": 1631023145320, "image": {"author": "Овсянников С.", "name": "3954541e38093ca74d67a793cfb31d91.jpeg", "realName": "IMG_9557 обрез.jpg", "source": "https://www.tulatuz.ru/"}, "photo": "https://pro.culture.ru/uploads/3954541e38093ca74d67a793cfb31d91.jpeg", "gallery": [], "category": {"name": "Спектакли", "sysName": "spektakli"}, "time": {"start": "2019-04-18 08:00:00", "end": "2021-09-26 10:30:00"}}, {"id": 321259, "name": "Спектакль «Щелкунчик и Мышиный король»", "age": 6, "description": "<p>В доме советника медицины Штальбаума все готовятся к Рождеству. Дети Франц и Мари строят догадки, что же на этот раз преподнесет им в подарок выдумщик и искусник Дроссельмейер? Крестный дарит им миниатюрную Сахарную страну с двигающимися фигурками дам и кавалеров.</p><p>Но самым интересным подарком оказалась простая на вид игрушка – маленький деревянный Щелкунчик для раскалывания орехов. Дети и представить себе не могли, чем обернется встреча с ним. Оказывается, в Рождество игрушки оживают, и вместе с ними можно попасть в волшебную страну!</p>", "shortDescription": "Сказка по мотивам произведения Гофмана в двух действиях.", "min_price": 350, "max_price": 400, "link": "https://quicktickets.ru/tula-tyuz/s1047", "status": "accepted", "updateDate": 1640349524445, "start": 1545289200000, "end": 1642849200000, "createDate": 1542101896346, "inAccepted": true, "acceptDate": 1639765814407, "image": {"author": "Екатерина Наумова", "name": "6c2fb6709633bf4410ef176cda18ee4e.jpg", "realName": "IMG_7942.jpg", "source": "https://tulatuz.ru/"}, "photo": "https://pro.culture.ru/uploads/6c2fb6709633bf4410ef176cda18ee4e.jpg", "gallery": [], "category": {"name": "Спектакли", "sysName": "spektakli"}, "time": {"start": "2018-12-20 07:00:00", "end": "2022-01-22 11:00:00"}}, {"id": 312605, "name": "Спектакль «Золотой ключик, или Приключения Буратино»", "age": 12, "description": "<p>Итальянская сказка о деревянной кукле Пиноккио стала известна в России благодаря замечательному переложению Алексея Толстого. Тульский театр юного зрителя решил вернуться на родину первоисточника – в Венецию, на настоящий итальянский карнавал.</p><p>Постановка окунет вас в мир тайн и чудес. Злые и добрые герои, друзья и обманщики спрятались за масками. Как и в жизни, на карнавале не всегда можно верить сладким речам. И не каждый, кто говорит правду, – враг. Раскрыть тех, кто таится под масками, может лишь чуткое сердце, ведь «самого главного глазами не увидешь».</p>", "shortDescription": "Венецианский карнавал в двух действиях.", "min_price": 350, "max_price": 400, "link": "https://quicktickets.ru/tula-tyuz/s1064", "status": "accepted", "updateDate": 1640349524445, "start": 1543478400000, "end": 1645267500000, "createDate": 1540460807899, "inAccepted": true, "acceptDate": 1640013700417, "image": {"author": "Екатерина Наумова", "name": "e7f058052fb9979457b7d2e7491d9502.jpeg", "realName": "BMPHOTO_0064.jpg", "source": "tulatuz.ru"}, "photo": "https://pro.culture.ru/uploads/e7f058052fb9979457b7d2e7491d9502.jpeg", "gallery": [], "category": {"name": "Спектакли", "sysName": "spektakli"}, "time": {"start": "2018-11-29 08:00:00", "end": "2022-02-19 10:45:00"}}, {"id": 288863, "name": "Спектакль «Золушка»", "age": 6, "description": "<p>Наверное, самая известная история на земле – это история Золушки. Милую девушку несправедливо обижали мачеха и злые сестры. Но ее доброе сердце не стало черствым. Вопреки козням мачехи фея-крестная помогла девушке стать настоящей красавицей, попасть на королевский бал и покорить самого принца.</p><p>«Золушка» на сцене Тульского театра юного зрителя – это добрая чистая сказка о большой мечте и всепобеждающей любви. Настоящее волшебство, тыква, карета, превращения, королевский бал – все можно будет увидеть воочию. Ну, и, конечно же, хрустальные башмачки прилагаются!</p>", "shortDescription": "История о мечте в двух действиях.", "min_price": 350, "max_price": 400, "link": "https://quicktickets.ru/tula-tyuz/e37", "status": "accepted", "updateDate": 1640349524445, "start": 1537430400000, "end": 1645958700000, "createDate": 1535982488751, "inAccepted": true, "acceptDate": 1640012076311, "image": {"author": "tulatuz.ru", "name": "57e036bf7d182124c51a5f13ada92164.jpg", "realName": "картинка ТЮЗ.jpg", "source": "tulatuz.ru"}, "photo": "https://pro.culture.ru/uploads/57e036bf7d182124c51a5f13ada92164.jpg", "gallery": ["https://pro.culture.ru/uploads/fc4b0589e0e5de215f9b70d47ed6b8da.jpg"], "category": {"name": "Спектакли", "sysName": "spektakli"}, "time": {"start": "2018-09-20 08:00:00", "end": "2022-02-27 10:45:00"}}, {"id": 184693, "name": "Спектакль #Новогодний_кругосвет", "age": 6, "description": "<p>Наступила зима, а значит пришло время рассказывать новогодние сказки! Сказки бывают старые и новые, веселые и грустные, для больших и для маленьких... На этот раз артисты Тульского ТЮЗа расскажут современную сказку.</p><p>Вы отправитесь в захватывающий блог-тур с модными блогерами. Вас ждет знакомство с братьями Деда Мороза из разных стран. Вы побываете в гостях у веселых эльфов и дружных гномов. <span>Этот сказочный спектакль будет интересен не только детям, но и их мамам и папам, бабушкам и дедушкам, старшим братьям и сестрам.</span></p>", "shortDescription": "Нереальная миссия в двух действиях.", "min_price": 350, "max_price": 400, "link": "https://quicktickets.ru/tula-tyuz/e24", "status": "accepted", "updateDate": 1640349524445, "start": 1511524800000, "end": 1639305000000, "createDate": 1511271588785, "inAccepted": true, "acceptDate": 1635772348169, "image": {"author": "Екатерина Наумова", "name": "431cbe57f5cea64ead4c242f3c0cc550.jpg", "realName": "s7qoCgoAdFA.jpg", "source": "https://tulatuz.ru/"}, "photo": "https://pro.culture.ru/uploads/431cbe57f5cea64ead4c242f3c0cc550.jpg", "gallery": [], "category": {"name": "Спектакли", "sysName": "spektakli"}, "time": {"start": "2017-11-24 12:00:00", "end": "2021-12-12 10:30:00"}}, {"id": 158767, "name": "Спектакль «Королевство кривых зеркал»", "age": 6, "description": "<p>Сказка рассказывает о девчонке Оле, которая попадает в Зазеркалье и встречает там собственное отображение Яло. Девочки проходят вместе через различные испытания, обретают новых друзей, одерживают победу над сильными противниками. </p><p>Повесть Виталия Губарева «Королевство кривых зеркал», пьеса, созданная им годом позднее, и замечательный одноименный фильм Александра Роу сегодня принимаются детьми и взрослыми так же хорошо, как и 60–70 лет назад.</p><p>Однако театральная пьеса – не книга и не партитура. В силах постановщиков сделать спектакль, говорящий современным языком. Детище режиссера Владимира Шинкарева ничем не напоминает «привет из 50-х». Рассказанная Тульским ТЮЗом история могла бы приключиться в наши дни с обычным ребенком...<br /></p>", "shortDescription": "Музыкальная повесть-сказка в двух действиях.", "min_price": 350, "max_price": 400, "link": "https://quicktickets.ru/tula-tyuz/e5", "status": "accepted", "updateDate": 1640349524445, "start": 1505980800000, "end": 1637406000000, "createDate": 1505211660772, "inAccepted": true, "acceptDate": 1633601688804, "image": {"author": "tulatuz.ru", "name": "6cfde132d5677422ff8f23c68e48c775.jpg", "realName": "Королевмтво обрезан..jpg", "source": "tulatuz.ru"}, "photo": "https://pro.culture.ru/uploads/6cfde132d5677422ff8f23c68e48c775.jpg", "gallery": [], "category": {"name": "Спектакли", "sysName": "spektakli"}, "time": {"start": "2017-09-21 08:00:00", "end": "2021-11-20 11:00:00"}}, {"id": 93126, "name": "Спектакль «Дюймовочка»", "age": 0, "description": "<p>Сказку Ганса Христиана Андерсена о крошечной девочке, родившейся из цветка, в Тульском ТЮЗе рассказывают языком музыки и танца. Все герои этой истории – от семейки жаб до доброй ласточки – необыкновенно обаятельны и забавны.</p><p>Дошкольники, на которых в первую очередь ориентирован этот спектакль, смогут и посмеяться, и поволноваться за судьбу Дюймовочки. Впрочем, родителям, бабушкам и дедушкам тоже не придется скучать, ведь зажигательные мелодии и искрометные шутки не оставят равнодушными ни детей, ни взрослых.</p>", "shortDescription": "Музыкальная сказка в двух действиях.", "min_price": 350, "max_price": 400, "link": "https://quicktickets.ru/tula-tyuz/s1066", "status": "accepted", "updateDate": 1640349524445, "start": 1506326400000, "end": 1645870800000, "createDate": 1485261793217, "inAccepted": true, "acceptDate": 1640014027000, "image": {"author": "https://vk.com/tulatuz", "name": "7926a2232c85c925cef626db76916735.jpg", "realName": "kK3Qa0Ay.inettools.net.resize.image.jpg", "source": "https://vk.com/tulatuz"}, "photo": "https://pro.culture.ru/uploads/7926a2232c85c925cef626db76916735.jpg", "gallery": [], "category": {"name": "Спектакли", "sysName": "spektakli"}, "time": {"start": "2017-09-25 08:00:00", "end": "2022-02-26 10:20:00"}}, {"id": 63297, "name": "Спектакль «Бежин луг»", "age": 16, "description": "<p>Единственный в своем роде спектакль – спектакль ужасов на основе одноименного произведения Ивана Тургенева. На глазах у зрителей оживут детские страшилки XIX века – те, которыми пугали друг друга прапрадедушки и прапрабабушки.</p><p>В прекрасный июльский день рассказчик охотится в Чернском уезде Тульской губернии. Под вечер, заблудившись, он оказывается в котлообразной лощине с пологими склонами. Прямо под обрыво<span>м в темноте горит костер, у которого коротают ночь ребятишки, пасущие лошадей.</span></p><p><span>Парнишки-пастухи рассказывают друг другу жуткие истории. </span><span>Неизменно что-то мистическое и страшное происходит с героями мальчишеских рассказов. </span>Приходите посмотреть, если не боитесь!</p>", "shortDescription": "Хоррор в двух действиях.", "min_price": 450, "max_price": 500, "link": "https://quicktickets.ru/tula-tyuz/s1059", "status": "accepted", "updateDate": 1640349524445, "start": 1510759800000, "end": 1644160800000, "createDate": 1475672028227, "inAccepted": true, "acceptDate": 1640011955529, "image": {"author": "Екатерина Наумова", "name": "fc2d824bbc8f4411e23b169171386f56.jpeg", "realName": "BMPHOTO_0234.jpg", "source": "tulatuz.ru"}, "photo": "https://pro.culture.ru/uploads/fc2d824bbc8f4411e23b169171386f56.jpeg", "gallery": [], "category": {"name": "Спектакли", "sysName": "spektakli"}, "time": {"start": "2017-11-15 15:30:00", "end": "2022-02-06 15:20:00"}}, {"id": 10910, "name": "Спектакль «Бременские музыканты»", "age": 6, "description": "<p>Любимую благодаря известнейшему мультфильму 1969 года сказку можно рассказать по-новому, как это случилось на сцене Тульского ТЮЗа. </p><p>Та же история, те же герои, но новые смыслы и новые краски. Впрочем, мюзикл – он и есть мюзикл. Современная аранжировка песен заставляет танцевать буквально всех: влюбленных принцессу и трубадура, глупого короля и даже страшных разбойников. А зрители дружно отбивают заводные ритмы в ладоши и подпевают. </p><p>Хотя с момента премьеры прошло уже больше 10 лет, «Бременские музыканты» остаются одной из самых драйвовых постановок в репертуаре театра. Из тех, на которые перед началом ищут лишний билетик.</p>", "shortDescription": "Яркая, динамичная, веселая постановка в двух действиях.", "min_price": 350, "max_price": 400, "link": "https://quicktickets.ru/tula-tyuz/s1052", "status": "accepted", "updateDate": 1640349524445, "start": 1507453200000, "end": 1643539800000, "createDate": 1443709257106, "inAccepted": true, "acceptDate": 1640010948154, "image": {"author": "Екатерина Наумова", "name": "67009793d8504b688a6de3eb2dc5bbe2.jpeg", "realName": "untitled-203.jpg", "source": "tulatuz.ru"}, "photo": "https://pro.culture.ru/uploads/67009793d8504b688a6de3eb2dc5bbe2.jpeg", "gallery": [], "category": {"name": "Спектакли", "sysName": "spektakli"}, "time": {"start": "2017-10-08 09:00:00", "end": "2022-01-30 10:50:00"}}, {"id": 10614, "name": "Спектакль «Вождь краснокожих»", "age": 6, "description": "<p>Забавная история похищения мальчишки словно сошла с книжных страниц. Два непутевых злодея – Билл и Сэм – надеются получить за сына уважаемого горожанина неплохой выкуп. Но юный Джонни устраивает свои игры, правила которых не всегда приятны похитителям. Бандиты уже и сами не рады затее. Неуемная энергия маленького Дорсета (актер действительно ровесник своего персонажа) заставляет буквально «гореть» все вокруг. </p><p>Это история в лучших традициях вестерна, на которой юные зрители смогут перенестись в мир Дикого Запада, а взрослые с удовольствием вспомнят свои детские шалости!<br /></p>", "shortDescription": "Театральные игры по произведению О'Генри в двух действиях.", "min_price": 350, "max_price": 400, "link": "https://quicktickets.ru/tula-tyuz/e3", "status": "accepted", "updateDate": 1640349524445, "start": 1506585600000, "end": 1633170600000, "createDate": 1443601484485, "inAccepted": true, "acceptDate": 1632210450612, "image": {"author": "Екатерина Наумова", "name": "424ee4dcf7dfb286650047170de13f1f.jpeg", "realName": "b4b9ec012b488d11442d1e218a3747dd.jpg", "source": "https://www.tulatuz.ru/"}, "photo": "https://pro.culture.ru/uploads/424ee4dcf7dfb286650047170de13f1f.jpeg", "gallery": [], "category": {"name": "Спектакли", "sysName": "spektakli"}, "time": {"start": "2017-09-28 08:00:00", "end": "2021-10-02 10:30:00"}}, {"id": 10605, "name": "Спектакль «Кошкин дом»", "age": 0, "description": "<p>Жила-была кошка. Она и жила не так, как другие кошки: спала не на рогожке, а в уютной спаленке. И был у нее самый настоящий Ккшкин дом. Однажды кошка не пустила несчастных котят, которые попали в беду. А вот когда с ней случилось несчастье, котята приютили ее.</p><p>Красивая, яркая, порой грустная, а порой смешная сказка, хорошо всем знакомая с детства, будет интересна как самым маленьким зрителям, так и взрослым. Милый музыкальный спектакль с яркими характерами и запоминающимися мелодиями никого не оставит равнодушным.</p>", "shortDescription": "Музыкальная сказка в двух действиях по пьесе Самуила Маршака.", "min_price": 350, "max_price": 400, "link": "https://quicktickets.ru/tula-tyuz/e9", "status": "accepted", "updateDate": 1640349524445, "start": 1507881600000, "end": 1638613200000, "createDate": 1443599904917, "inAccepted": true, "acceptDate": 1635771378817, "image": {"author": "tulatuz.ru", "name": "f074d0eb62e7d08b89d7cc12b982a4b1.JPG", "realName": "1e1347496a217f0077168ba23f6f0796.JPG", "source": "tulatuz.ru"}, "photo": "https://pro.culture.ru/uploads/f074d0eb62e7d08b89d7cc12b982a4b1.JPG", "gallery": [], "category": {"name": "Спектакли", "sysName": "spektakli"}, "time": {"start": "2017-10-13 08:00:00", "end": "2021-12-04 10:20:00"}}, {"id": 7821, "name": "Спектакль «Халиф-Аладдин»", "age": 6, "description": "<p>«Халиф-Аладдин» − это сказка по мотивам арабского сборника «Тысячи и одной ночи». Но представьте, что ее снимают в Болливуде! Соответствующий колорит пронизывает весь спектакль. Здесь много танцев, песен, боев и ярких костюмов (а какое индийское кино может без них обойтись?!). </p><p>Любовь и справедливость будут противостоять предательству и коварству. Конечно же, добро восторжествует, а жизнь все расставит по своим местам. Но рассказывать больше смысла нет, ведь это стоит увидеть своими глазами. Завораживающий своей необычностью спектакль будет интересен не только детям, но и взрослым!</p>", "shortDescription": "Восточная сказка в двух действиях.", "min_price": 350, "max_price": 400, "link": "https://quicktickets.ru/tula-tyuz/e7", "needCheck": true, "status": "accepted", "updateDate": 1640349524445, "start": 1507366800000, "end": 1639219800000, "createDate": 1441201992475, "inAccepted": true, "acceptDate": 1635254605813, "image": {"author": "https://tulatuz.ru/", "name": "ee36a801ed6f7d29d63e7c46eff34ecc.jpeg", "realName": "уменьш..jpg", "source": "https://tulatuz.ru/"}, "photo": "https://pro.culture.ru/uploads/ee36a801ed6f7d29d63e7c46eff34ecc.jpeg", "gallery": [], "category": {"name": "Спектакли", "sysName": "spektakli"}, "time": {"start": "2017-10-07 09:00:00", "end": "2021-12-11 10:50:00"}}]}