{"12812": [{"id": 1476465, "name": "Капустник «Новогодний переполох»", "age": 12, "description": "<p> Театральный капустник посвящен Новому году. В программе заняты ведущие артисты театра Владимир Калялин, Андрей Бурнаев, Александр Антонов, Диана Донских, Любовь Сазонова, Сергей Малышев, Оксана Аксакова и другие. <br /></p><p>События разворачиваются вокруг небольшого дома культуры, где планируется провести новогодний праздник. По последним данным, в скором времени должен приехать товарищ Огурцов с установкой «весело встретить Новый год!».<br /></p><p>В программе – много смеха, танцев, песен и других ярких и смешных номеров. </p>", "shortDescription": "Музыкальное новогоднее представление.", "min_price": 200, "max_price": 400, "link": "https://quicktickets.ru/syzran-dramaticheskij-teatr-tolstogo/s990", "needCheck": true, "status": "accepted", "updateDate": 1640112673314, "start": 1640356200000, "end": 1642176000000, "createDate": 1637662703577, "inAccepted": true, "acceptDate": 1640112673491, "image": {"author": "Сызранский драматический театр им. А. Н. Толстого", "name": "b28b61ec04eaf7d2a17d707496d9b654.jpeg", "realName": "IMG_8644.JPG", "source": "Сызранский драматический театр им. А. Н. Толстого"}, "photo": "https://pro.culture.ru/uploads/b28b61ec04eaf7d2a17d707496d9b654.jpeg", "gallery": [], "category": {"name": "Спектакли", "sysName": "spektakli"}, "time": {"start": "2021-12-24 14:30:00", "end": "2022-01-14 16:00:00"}}, {"id": 1408161, "name": "Спектакль «Барышня-крестьянка»", "age": 12, "description": "<p> Перед зрителями предстанет хорошо известная история о вражде соседей-помещиков Григория Муромского и Ивана Берестова. Именно эти обстоятельства и побудили юную Лизу Муромскую переодеться крестьянкой и отправиться в лес, чтобы увидеть молодого Алексея Берестова. И, конечно, он будет очарован красотой и обаянием девушки.<br /></p><p>Постановка в полной мере сохраняет шутливую иронию пушкинского текста, но в то же время ориентирует зрителя на глубокое прочтение классики. Главное место в театральной постановке занимает проблема счастья и путей его достижения.<br /> </p><p>В центре истории – первая, чистая и искренняя любовь двух юных сердец. Ради этого чувства герои готовы на любые испытания.<br /> </p><p>В постановке органично сочетаются дворянская и народная культуры, озорное лукавство и серьезные раздумья. Лирическую атмосферу удачно дополняют яркие музыкальные номера. </p>", "shortDescription": "Лирическая комедия по произведению А. С. Пушкина.", "min_price": 100, "max_price": 350, "link": "https://quicktickets.ru/syzran-dramaticheskij-teatr-tolstogo/s1032", "needCheck": true, "status": "accepted", "updateDate": 1639723659168, "start": 1636727400000, "end": 1642262400000, "createDate": 1634886235500, "inAccepted": true, "acceptDate": 1638882317551, "image": {"author": "Сызранский драматический театр им. А. Н. Толстого", "name": "4eb4910c0091b42bb2f446b6548766e1.jpeg", "realName": "Барышня-крестьянка.jpg", "source": "Сызранский драматический театр им. А. Н. Толстого"}, "photo": "https://pro.culture.ru/uploads/4eb4910c0091b42bb2f446b6548766e1.jpeg", "gallery": ["https://pro.culture.ru/uploads/9b8c4069544024b57106e0f560082d64.jpeg", "https://pro.culture.ru/uploads/631d653d8692847cdb3e538a3826190c.jpeg"], "category": {"name": "Спектакли", "sysName": "spektakli"}, "time": {"start": "2021-11-12 14:30:00", "end": "2022-01-15 16:00:00"}}, {"id": 1326833, "name": "Балет «Спящая красавица»", "age": 0, "description": "<p><span>Балет «Спящая красавица»</span><span> – сказочный спектакль, восхитительная феерия, которая захватывает зрителя как своей яркой и торжественной визуальной составляющей вкупе с музыкальной темой авторства великого </span><span><a href=\"http://soundtimes.ru/muzykalnaya-shkatulka/velikie-kompozitory/petr-ilich-chajkovskij\"><span>Чайковского</span></a></span><span>, так и глубинным философским подтекстом. Балет в трех действиях поставлен по сюжету известной всем с детства сказки Шарля Перро о заснувшей на сотню лет принцессе, которую пробудил от ее колдовского сна только поцелуй прекрасного принца.</span></p><p><span><span>Создавая партитуру для этой постановки, Чайковский в полной мере раскрыл свой легендарный талант, возведя музыку для балета из ранга «подчиненного состояния» в сопровождении танца, в сложное и открывающее новые горизонты произведение. Великолепная музыка, превосходные танцы и праздничные декорации на два с половиной часа возвращают зрителя в волшебный мир детства.</span><br /></span></p>", "shortDescription": "Выступление классического национального русского балета под руководством А. Бутримовича.", "min_price": 600, "max_price": 2000, "link": "https://beneffis.ru/afisha/detail/spyashaya-krasavica/", "needCheck": true, "status": "new", "updateDate": 1640618417990, "start": 1633521600000, "end": 1671429600000, "createDate": 1631540594922, "inAccepted": true, "acceptDate": 1637566302111, "image": {"author": "Георгий Мигунов", "name": "f3ba1bb8d938a291cf896143a60cc830.jpeg", "realName": "cc841bd181cf30fa03a15883bd475671.jpeg", "source": "https://beneffis.ru/afisha/detail/spyashaya-krasavica/"}, "photo": "https://pro.culture.ru/uploads/f3ba1bb8d938a291cf896143a60cc830.jpeg", "gallery": ["https://pro.culture.ru/uploads/e57dbb62df70c431572502f0b188a42a.jpeg", "https://pro.culture.ru/uploads/0cddb4fca980a0d0b06f87aa59abe3c6.jpeg", "https://pro.culture.ru/uploads/5419ecca98fa0c6e11dfd8a7f9cf1ab9.jpeg", "https://pro.culture.ru/uploads/f0a39e528d06feb66b66af6876aa9c98.jpeg", "https://pro.culture.ru/uploads/f98940aad041a44bb710f9c0a873d36d.png"], "category": {"name": "Спектакли", "sysName": "spektakli"}, "time": {"start": "2021-10-06 12:00:00", "end": "2022-12-19 06:00:00"}}, {"id": 1277649, "name": "Спектакль «Сказ про Федота-стрельца, удалого молодца»", "age": 12, "description": "<p>Пьеса Леонида Филатова написана по мотивам сказки «Поди туда – не знаю куда, принеси то – не знаю что». Очень многие строки этой пьесы разобраны на афоризмы и анекдоты и стали крылатыми фразами, которые на слуху практически у каждого человека, независимо от того, читал он это произведение или нет. Стихотворный текст настолько прост и в то же время богат на образы, что герои пьесы вполне осязаемо, ловко и полнокровно предстают перед мысленным взором читателя.</p><p>Богатое народным юмором, легкое и одновременно глубокое произведение, созданное во второй половине 80-х годов ХХ века, своей остроты, актуальности и злободневности вовсе не потеряла, а некоторые шутки автора, ситуации и характеры, которые действуют в пьесе, сегодня обретают новый, современный смысл. Столько времени прошло, а воз, как говорится, и ныне там. Никак не уходят в прошлое, не становятся пережитком типажи, воплощенные Леонидом Филатовым в своих героях. </p>", "shortDescription": "Искрометная сатирическая пьеса по мотивам русской народной сказки.", "min_price": 100, "max_price": 350, "link": "https://quicktickets.ru/syzran-dramaticheskij-teatr-tolstogo/s1026", "needCheck": true, "status": "accepted", "updateDate": 1640601573938, "start": 1632493800000, "end": 1642344300000, "createDate": 1629202345743, "inAccepted": true, "acceptDate": 1640340998387, "image": {"author": "Сызранский драматический театр им. А. Н. Толстого", "name": "dfba8638e334db256702293002cc6a6e.jpeg", "realName": "IMG_3096_новый размер.jpg", "source": "Сызранский драматический театр им. А. Н. Толстого"}, "photo": "https://pro.culture.ru/uploads/dfba8638e334db256702293002cc6a6e.jpeg", "gallery": ["https://pro.culture.ru/uploads/6037e15a59388e4df05be35afb53d87d.jpeg", "https://pro.culture.ru/uploads/0f39780fbcb9356398aa2a5acbf833fb.jpeg", "https://pro.culture.ru/uploads/f5b2fa60990e376cc79066828280f315.jpeg", "https://pro.culture.ru/uploads/b6b881adaffc4cfa17509122c869284f.jpeg"], "category": {"name": "Спектакли", "sysName": "spektakli"}, "time": {"start": "2021-09-24 14:30:00", "end": "2022-01-16 14:45:00"}}, {"id": 1249227, "name": "Спектакль «Ханума»", "age": 12, "description": "<p>Авлабар не найдешь на карте, он где-то там, за Курой, за горой и за базаром. Но и в нем есть именитые мастера, поэты и красивые невесты. И уж если кто захочет в Авлабаре жениться, то им никак не обойтись без Ханумы! «Она шайтан в юбке, она пьет вино, не закусывая, у нее очень тяжелая рука…». Но! Лучшей свахи еще не было с начала времен! Ханума сосватает даже кривую, косую и хромую. Она не даст разоряющимся князьям вылететь в трубу, ходить голыми по городу и найдет им богатую невесту, хотя бы и 55-ти лет. И уж, конечно, от нее не укроются чувства юных влюбленных. Так было испокон веков в Авлабаре, пока не появилась Кабато.</p><p>Чем закончится «война свах»? Устоит ли любовь под натиском холодного расчета? Как дальше будет жить Авлабар?</p>", "shortDescription": "Легкая комедия с пением, танцами и простодушной интригой.", "min_price": 100, "max_price": 350, "link": "https://quicktickets.ru/syzran-dramaticheskij-teatr-tolstogo/s1038", "needCheck": true, "status": "accepted", "updateDate": 1640181022643, "start": 1633098600000, "end": 1642950000000, "createDate": 1627904430175, "inAccepted": true, "acceptDate": 1637932244829, "image": {"author": "Сызранский драматический театр им. А. Н. Толстого", "name": "b31ed86ca98f88ce741d026b3ebaa81c.jpeg", "realName": "DSCF8278.JPG", "source": "Сызранский драматический театр им. А. Н. Толстого"}, "photo": "https://pro.culture.ru/uploads/b31ed86ca98f88ce741d026b3ebaa81c.jpeg", "gallery": ["https://pro.culture.ru/uploads/1e5845be538655700a0de0b86773be17.jpeg", "https://pro.culture.ru/uploads/58c70167fd9fab2dd2d523a555cacce6.jpeg", "https://pro.culture.ru/uploads/5b267be36e03bbc72b28959f7b0e410a.jpeg"], "category": {"name": "Спектакли", "sysName": "spektakli"}, "time": {"start": "2021-10-01 14:30:00", "end": "2022-01-23 15:00:00"}}, {"id": 1241339, "name": "Спектакль «Шиш Московский»", "age": 12, "description": "<p> «Шишами» называли беглых крестьян при Иване Грозном, тех, кто стремился к свободе и независимой жизни. Шиш Московский – личность неунывающая, человек добрый, весельчак и кудесник. Он умеет выйти из любой ситуации достойно и превратить ее в веселую, артистичную игру. Его жизненное правило «Никогда не печалься. Печаль – как моль в одежде, как червь в яблоке. От печали смерть». Шиш весел, хитер, задирист и бесшабашен. Шиш постоянно путешествует и попадает в различные нелепые и смешные ситуации, подшучивает над жадными и злыми людьми, но всегда выходит сухим из воды. </p>", "shortDescription": "Театральные репризы для детей и взрослых.", "min_price": 100, "max_price": 300, "link": "https://quicktickets.ru/syzran-dramaticheskij-teatr-tolstogo/s943", "status": "accepted", "updateDate": 1633419347690, "start": 1631973600000, "end": 1634916600000, "createDate": 1627477010801, "inAccepted": true, "acceptDate": 1633419347697, "image": {"author": "Сызранский драматический театр им. А. Н. Толстого", "name": "3734029e1636552dd1bf7393e21e43a7.jpeg", "realName": "IMG_1472.JPG", "source": "Сызранский драматический театр им. А. Н. Толстого"}, "photo": "https://pro.culture.ru/uploads/3734029e1636552dd1bf7393e21e43a7.jpeg", "gallery": ["https://pro.culture.ru/uploads/bdb8678d882e51bfcdac2f981c454e81.jpeg", "https://pro.culture.ru/uploads/55bd33f41f5acf486e31d2695c90717b.jpeg", "https://pro.culture.ru/uploads/57f2f8dde0c6eccd9a328b3b4c6f6c9e.jpeg", "https://pro.culture.ru/uploads/31394fc649b9466733ae53e8bb0e717b.jpeg"], "category": {"name": "Спектакли", "sysName": "spektakli"}, "time": {"start": "2021-09-18 14:00:00", "end": "2021-10-22 15:30:00"}}, {"id": 1241281, "name": "Спектакль «Ревизор»", "age": 12, "description": "<p> </p> <p></p><p>Иван Александрович Хлестаков, молодой человек, дослужившийся до чина коллежского регистратора, следует из Петербурга в Саратов. Он оказывается проездом в небольшом уездном городке. Как раз в это время все погрязшее во взятках и казнокрадстве градоначальство, начиная с городничего, в страхе ожидает прибытия ревизора из Петербурга. Начинается переполох. Все чиновники суетливо бросаются прикрывать свои грехи. На спектакль «Ревизор» приглашаются все желающие. Будет очень интересно!</p><p> </p><p>Режиссер – Олег Шахов.</p><p>Сценография – Анна Митко.</p><p>Костюмы – Анастасия Горбушина.</p><p>Хореография – Татьяна Костюнина.</p><p>Музыка – Сергей Павлов.</p> <p></p>", "shortDescription": "Одна из лучших русских комедий, которая указывает путь к нравственному возрождению.", "min_price": 100, "max_price": 350, "link": "https://quicktickets.ru/syzran-dramaticheskij-teatr-tolstogo/s896", "status": "accepted", "updateDate": 1631954259768, "start": 1633703400000, "end": 1633795200000, "createDate": 1627476143028, "inAccepted": true, "acceptDate": 1631954259772, "image": {"author": "Сызранский драматический театр им. А. Н. Толстого", "name": "997fee6dce8e2cba9cb6ab9190aca828.jpeg", "realName": "IMG_9520.JPG", "source": "Сызранский драматический театр им. А. Н. Толстого"}, "photo": "https://pro.culture.ru/uploads/997fee6dce8e2cba9cb6ab9190aca828.jpeg", "gallery": ["https://pro.culture.ru/uploads/2e9ad1ecf2b5de12988c85e8023a29e9.jpeg", "https://pro.culture.ru/uploads/72df78024336a3dcb17c617f0ca6de6e.jpeg", "https://pro.culture.ru/uploads/d5f2a93fca60e5343ad975045d84cf92.jpeg", "https://pro.culture.ru/uploads/48d10d6b7266395a7f800b2130a6d344.jpeg", "https://pro.culture.ru/uploads/cc962f48708dd521f49b98346fe1e172.jpeg", "https://pro.culture.ru/uploads/7f22683c0cecdd7f7b35a2a1b2137f2d.jpeg"], "category": {"name": "Спектакли", "sysName": "spektakli"}, "time": {"start": "2021-10-08 14:30:00", "end": "2021-10-09 16:00:00"}}, {"id": 1240463, "name": "Спектакль «Ромео и Джульетта»", "age": 12, "description": "<p> Любовь... Кому она нужна? Ведь от нее одни страдания, мучительные сомнения, томительные ожидания... Любовь... Зачем она? Чтоб сильных делать слабыми? Чтобы пьянить рассудок несбыточными мечтаниями? Любовь... Что это такое? Подарок свыше? Простой химический процесс? Обман лукавый, чтоб вводить в искушение? Разве может быть влюбленным воин? Он будет негодным в битве... Политик, будучи влюбленным, не сможет думать о делах и государстве... Из-за любви строитель непременно ошибку сделает и дом построит криво, ведь он под властью чар... Любовь ни к чему! С любовью, как с пережитком романтического прошлого, пора давно расстаться. Любовь пора изъять из жизни, а влюбленных собрать всех вместе и изгнать подальше. Любовь надо убить! Но без нее, без этой легкомысленной забавы, совсем тоскливо станет на земле...</p>", "shortDescription": "Трагифарс в двух действиях.", "min_price": 100, "max_price": 350, "link": "https://quicktickets.ru/syzran-dramaticheskij-teatr-tolstogo/s956", "needCheck": true, "status": "accepted", "updateDate": 1635922816144, "start": 1632056400000, "end": 1638720000000, "createDate": 1627462641779, "inAccepted": true, "acceptDate": 1635922816369, "image": {"author": "Сызранский драматический театр им. А. Н. Толстого", "name": "7edc0c44539eee935f3c91818a5907fe.jpeg", "realName": "i8XI7xXsvVg.jpg", "source": "Сызранский драматический театр им. А. Н. Толстого"}, "photo": "https://pro.culture.ru/uploads/7edc0c44539eee935f3c91818a5907fe.jpeg", "gallery": ["https://pro.culture.ru/uploads/bde577ef28551aa5cb9522dcea2d4614.jpeg", "https://pro.culture.ru/uploads/ea2e69d9f5041459b8b07310574c86b1.jpeg", "https://pro.culture.ru/uploads/f0f97917538b2e441c5a782082f9b904.jpeg", "https://pro.culture.ru/uploads/cfaa9600c5d4d05283e94415b5367426.jpeg", "https://pro.culture.ru/uploads/8a9a9097b11edcb86fbb827293bab7bc.jpeg"], "category": {"name": "Спектакли", "sysName": "spektakli"}, "time": {"start": "2021-09-19 13:00:00", "end": "2021-12-05 16:00:00"}}, {"id": 382635, "name": "Спектакль «Лев Гурыч Синичкин, или Провинциальная дебютантка»", "age": 12, "description": "<p>Провинциальный театр хоть и невелик, но полон интриг и сплетен… Сюжет водевиля прост: старый артист Лев Гурыч Синичкин мечтает о заслуженном признании для своей дочери Лизы, в которой он видит талантливую актрису. </p><p>Но в амплуа примадонны в театре уже давно выступает Раиса Сурмилова, имеющая большое влияние и авторитет. Примадонне, пользующейся былой славой и несколько увядшей красотой, уже давно за... Но она по-прежнему безоговорочно захватывает все главные и интересные роли. Сурмилова противится появлению Лизы на сцене. Однако на помощь Синичкину приходит неожиданный случай...</p>", "shortDescription": "Постановка очень хороша для семейного просмотра.", "min_price": 100, "max_price": 350, "link": "https://quicktickets.ru/syzran-dramaticheskij-teatr-tolstogo/s979", "needCheck": true, "status": "accepted", "updateDate": 1639033655948, "start": 1553869800000, "end": 1642867200000, "createDate": 1552649113680, "inAccepted": true, "acceptDate": 1637932471373, "image": {"author": "Сызранский драматический театр им. А. Н. Толстого", "name": "14c3a91e57ef54df5848171c44497800.jpeg", "realName": "IMG_8034.JPG", "source": "Сызранский драматический театр им. А. Н. Толстого"}, "photo": "https://pro.culture.ru/uploads/14c3a91e57ef54df5848171c44497800.jpeg", "gallery": ["https://pro.culture.ru/uploads/fdba1a1dd8d0f41aba7e37cd668c662b.jpeg", "https://pro.culture.ru/uploads/2c76a81c0b5d80644086865cc8f3e672.jpeg", "https://pro.culture.ru/uploads/fd0a071815d792dffb3ecb39070a40b0.jpeg", "https://pro.culture.ru/uploads/94044b5b3f310c58fec38d3cebf626e9.jpeg", "https://pro.culture.ru/uploads/0b13ba53adda245a5b10747084488dfd.jpeg", "https://pro.culture.ru/uploads/20ae7f4641e6dbeb1223ba9c80c5dc2c.jpeg", "https://pro.culture.ru/uploads/d6f90acabdff6fff8afbb72e685f1fc4.jpeg", "https://pro.culture.ru/uploads/dad949459f562a9285333441f875639d.jpeg", "https://pro.culture.ru/uploads/84b46037627f33e82cdf07a51ccdcf57.jpeg", "https://pro.culture.ru/uploads/5018e3548aae2e57cb88714757859b8a.jpeg"], "category": {"name": "Спектакли", "sysName": "spektakli"}, "time": {"start": "2019-03-29 14:30:00", "end": "2022-01-22 16:00:00"}}, {"id": 72573, "name": "Спектакль «Любовь на колесах»", "age": 16, "description": "<p><span>Легкий и остроумный спектакль рассказывает о романе молодого питерского дизайнера с тремя очаровательными проводницами поездов разных направлений. И кажется, что уже никто и ничто неможет помешать находчивому и изобретательному ловеласу в погоне за наслаждениями. Изобретательный «жених» вынужден составить график встреч с «любимыми»в соответствии с расписанием «прибытия – отправления» всех трех девушек. Конечно, возникают недоразумения, которые приводят к бесконечно смешным ситуациям.</span></p><p>Удастся ли герою справиться с неожиданными поворотами судьбы и снова оказаться на высоте? Ответ на этот вопрос вы сможете найти, посмотрев спектакль.</p>", "shortDescription": "Комедия положений в двух действиях.", "min_price": 100, "max_price": 350, "link": "https://quicktickets.ru/syzran-dramaticheskij-teatr-tolstogo/s1035", "needCheck": true, "status": "accepted", "updateDate": 1640028592296, "start": 1493474400000, "end": 1642782600000, "createDate": 1478095653122, "inAccepted": true, "acceptDate": 1637932085617, "image": {"author": "Сызранский драматический театр им. А. Н. Толстого", "name": "6898db149150a9ac7805e86da3ff45ad.jpeg", "realName": "IMG_6287.jpg", "source": "Сызранский драматический театр им. А. Н. Толстого"}, "photo": "https://pro.culture.ru/uploads/6898db149150a9ac7805e86da3ff45ad.jpeg", "gallery": ["https://pro.culture.ru/uploads/171eb17fc5b33d1261f06f976542ee83.jpeg", "https://pro.culture.ru/uploads/a6d94f3136f2cdff74835066b7a9eb9e.jpeg", "https://pro.culture.ru/uploads/bce5c611ca43bc9e6cf42a90006cfce4.jpeg", "https://pro.culture.ru/uploads/de8f9d42f8941794c0aa45d021492c10.jpeg", "https://pro.culture.ru/uploads/fe14566db746f2553d8efa7e30a067a7.jpeg", "https://pro.culture.ru/uploads/87abe4fe42b2f5e90224af87566b245f.jpeg"], "category": {"name": "Спектакли", "sysName": "spektakli"}, "time": {"start": "2017-04-29 14:00:00", "end": "2022-01-21 16:30:00"}}, {"id": 70382, "name": "Спектакль «Пощечина»", "age": 12, "description": "<p>Водевиль – это старинный легкий, чуть наивный театральный жанр. Давно, когда еще снимали немое кино, в Петербурге, в маленькой мастерской искусственных цветов, точно так же, как и мы сегодня, мечтали о простом семейном счастье супруги Ползиковы и их дочь Ангелина. И все у них для счастья было, но... </p><p>Каролина имела привычку ни с того ни с сего раздавать пощечины направо и налево. Одна из таких пощечин и сыграла роковую роль в судьбе хозяев этой цветочной мастерской, их заказчиков и посетителей, превратив их в героев невероятной и, конечно же, счастливой истории.</p>", "shortDescription": "Легкий водевиль, действие которого происходит в Петербурге середины XIX века.", "min_price": 100, "max_price": 350, "link": "https://quicktickets.ru/syzran-dramaticheskij-teatr-tolstogo/s1042", "needCheck": true, "status": "accepted", "updateDate": 1640340466422, "start": 1513348200000, "end": 1643472000000, "createDate": 1477662627300, "inAccepted": true, "acceptDate": 1638882496796, "image": {"author": "Сызранский драматический театр им. А. Н. Толстого", "name": "7103e7bfdb0323d18fe6b45b08e587c7.jpeg", "realName": "3fc815ae4509d59f1164a2b52cda96a1.jpeg", "source": "Сызранский драматический театр им. А. Н. Толстого"}, "photo": "https://pro.culture.ru/uploads/7103e7bfdb0323d18fe6b45b08e587c7.jpeg", "gallery": ["https://pro.culture.ru/uploads/854277aec6c67eb28a66ddff6a7b0dbf.jpeg", "https://pro.culture.ru/uploads/e8d050c21522470b6b35a8e8fee0c84d.jpeg", "https://pro.culture.ru/uploads/4216a823f6bb4259fae9f9ea08a0caf5.jpeg"], "category": {"name": "Спектакли", "sysName": "spektakli"}, "time": {"start": "2017-12-15 14:30:00", "end": "2022-01-29 16:00:00"}}, {"id": 8866, "name": "Спектакль «Женитьба»", "age": 12, "description": "<p>Дворянин Подколесин размышляет, что не мешало бы ему все же жениться, но сокрушается, что женитьба – это такая хлопотливая вещь. Сваха Фекла Ивановна рассказывает Подколесину о невесте Агафье Тихоновне, купеческой дочери с внешностью, «как рафинад» и ее нежелании выходить за купца, а только за дворянина. </p><p>Об этом сватовстве узнает друг Подколесина Кочкарев и принимает в сватовстве самое живое участие. Но кроме Подколесина к Агафье Тихоновне сватаются и другие женихи: Иван Павлович Яичница, экзекутор, Никанор Иванович Анучкин, ищущий в невесте знания французского языка, Балтазар Балтазарович Жевакин, отставной лейтенант морской службы. Агафья Тихоновна не может решить, которого из женихов ей выбрать…</p>", "shortDescription": "Незамысловатый сюжет о том, как пятеро женихов сватаются к купеческой дочке.", "min_price": 100, "max_price": 350, "link": "https://quicktickets.ru/syzran-dramaticheskij-teatr-tolstogo/s911", "status": "accepted", "updateDate": 1629976062738, "start": 1513954800000, "end": 1633795200000, "createDate": 1442474187675, "inAccepted": true, "acceptDate": 1631268917626, "image": {"author": "театр ", "name": "948d0f93c5637bcc761d094bcb99885c.jpeg", "realName": "IMG_1085.JPG", "source": "http://syzran-drama.ru/"}, "photo": "https://pro.culture.ru/uploads/948d0f93c5637bcc761d094bcb99885c.jpeg", "gallery": ["https://pro.culture.ru/uploads/63d0f17a0c8af38a06e8ed351d182387.jpeg", "https://pro.culture.ru/uploads/e852092ad2e84f484f3054857b948b75.jpeg", "https://pro.culture.ru/uploads/9a10e140b8fc99e469ca574b9f36a516.jpeg", "https://pro.culture.ru/uploads/d5ee683d35b62286d5c58a31268bb59f.jpeg", "https://pro.culture.ru/uploads/e972eee0c1c1c957436ab04ef242443b.jpeg", "https://pro.culture.ru/uploads/42c7ddb6585e20d968600bf8b2610276.jpeg"], "category": {"name": "Спектакли", "sysName": "spektakli"}, "time": {"start": "2017-12-22 15:00:00", "end": "2021-10-09 16:00:00"}}]}