{"12629": [{"id": 1491262, "name": "Выставка «Символика России»", "age": 0, "description": "<p><span>Каждое современное государство имеет символы своего суверенитета – герб, флаг, гимн. По ним узнают о стране во всем мире. <span>Но не всегда граждане знают путь формирования символики, которая тесно переплетается с историей государства. </span></span><span><span></span></span></p><p><span><span>Гости увидят множество разнообразных предметов, представленных на выставке. Через эти экспонаты происходит приобщение к богатейшему наследию и уникальному опыту предков, утверждается понимание неповторимости родной страны, формируется чувство уважения и любви к отечеству.</span></span></p>", "shortDescription": "Экспозиция ко Дню Конституции раскрывает значение государственных символов в жизни страны, граждан.", "min_price": 5, "max_price": 30, "link": "https://kursk.kassir.ru/muzey/pristenskiy-kraevedcheskiy-muzey/vyistavka-simvolika-rossii_2021-12-01", "status": "accepted", "updateDate": 1638870347229, "start": 1638338400000, "end": 1640093400000, "createDate": 1638252506621, "inAccepted": true, "acceptDate": 1638859888843, "image": {"author": "Голованова Г. М. ", "name": "75c4064b1f036ad50cb0c1f940979731.jpeg", "realName": "коп.jpeg", "source": "Собственные фонды"}, "photo": "https://pro.culture.ru/uploads/75c4064b1f036ad50cb0c1f940979731.jpeg", "gallery": ["https://pro.culture.ru/uploads/078c261f243e9d71f505a9f15d8e826c.jpeg", "https://pro.culture.ru/uploads/ac003c23b38b92151292d68cf720d2e8.jpeg", "https://pro.culture.ru/uploads/50ed056d21e1ffda89a5e59669225df0.jpeg"], "category": {"name": "Выставки", "sysName": "vystavki"}, "time": {"start": "2021-12-01 06:00:00", "end": "2021-12-21 13:30:00"}}, {"id": 1374498, "name": "Выставка «Время и деньги»", "age": 0, "description": "<p>В экспозиции представлены уникальные фотографии редких монет и банкнот из фондов музея Банка России, необычных предметов хранения и транспортировки ценностей, а также счетной техники.</p> <p>Посетители найдут ответы на множество вопросов об эволюции денег. Денежная система существовала задолго до появления банков, однако именно эти учреждения взяли на себя роль укрепления, развития и регулирования денежного обращения. В России эти функции начал выполнять Государственный банк, а финансовая история страны неразрывно связана с его деятельностью.</p>", "shortDescription": "Экспозиция рассказывает о малоизвестных фактах истории денег в России.", "min_price": 5, "max_price": 30, "link": "https://kursk.kassir.ru/muzey/pristenskiy-kraevedcheskiy-muzey/vyistavka-ob-istorii-denejnogo-obrascheniya-v-rossii-vremya-i-dengi_2021-10-18", "status": "accepted", "updateDate": 1635490519119, "start": 1634536800000, "end": 1637329200000, "createDate": 1633589320579, "inAccepted": true, "acceptDate": 1635490519127, "image": {"author": "Голованова Г.М.", "name": "4bb6fc91e7fec077cd2caece28bd15b3.jpeg", "realName": "прокультура 1.jpg", "source": "личные фотографии"}, "photo": "https://pro.culture.ru/uploads/4bb6fc91e7fec077cd2caece28bd15b3.jpeg", "gallery": ["https://pro.culture.ru/uploads/e0f108b1feb3d8eebbf573c14cd78809.jpeg"], "category": {"name": "Выставки", "sysName": "vystavki"}, "time": {"start": "2021-10-18 06:00:00", "end": "2021-11-19 13:40:00"}}]}