{"12260": [{"id": 1536935, "name": "Программа «Муза мести и печали»", "age": 12, "description": "<p style=\"margin-left:0px\">В концертной программе артисты Культурно-делового центра обратятся к поэме Николая Некрасова «Кому на Руси жить хорошо». </p><p style=\"margin-left:0px\">Личная и гражданская темы неразделимы для поэта. Народная тема, образ России являются центральными в его творчестве. Он горячо любит русский народ. Вместе с тем поэт ненавидит социальные пороки общества, обличает их, с горечью пишет о страданиях обездоленных и несчастных.</p> <p style=\"margin-left:0px\">На мероприятии будут представлены видеоматериалы о биографии Николая Алексеевича, прозвучит кантата «Весна» Сергея Рахманинова. В завершение зрителям будет предложена викторина «Жизнь и творчество Николая Алексеевича Некрасова». Роль ведущей исполнит Анастасия Солодянкина.</p>", "shortDescription": "Литературно-музыкальная композиция к 200-летию со дня рождения Николая Некрасова.", "min_price": 100, "max_price": 100, "link": "https://kdc.yanao.ru/events/muza-mesti-i-pechali", "status": "accepted", "updateDate": 1640067226909, "start": 1640246400000, "end": 1640255400000, "createDate": 1639575410131, "inAccepted": true, "acceptDate": 1640067227192, "image": {"author": "Евгений Тазов", "name": "06a86466069e58bf6f40dba9978d29f9.jpeg", "realName": "regnum_picture_1633080581203628_normal.jpeg", "source": "Архив Культурно-делового центра"}, "photo": "https://pro.culture.ru/uploads/06a86466069e58bf6f40dba9978d29f9.jpeg", "gallery": [], "category": {"name": "Концерты", "sysName": "koncerty"}, "time": {"start": "2021-12-23 08:00:00", "end": "2021-12-23 10:30:00"}}, {"id": 1512231, "name": "Концерт «Минлей»", "age": 12, "description": "<p style=\"margin-left:0px\">В концертной программе прозвучат старинные народные ненецкие и хантыйские песни, а также песни современных ямальских авторов, пишущих на национальных языках северных народов. Солисты ансамбля этнической музыки «Минлей» исполнят песни не только под аккомпанемент аутентичных северных инструментов, но и продемонстрируют современное звучание бубна и варгана с поддержкой скрипки, виолончели и ударной установки.</p> <p style=\"margin-left:0px\">В программе примут участие: Екатерина Салиндер (вокал), Надежда Серотэтто (вокал), Валентин Вальгамов (вокал), София Галиева (скрипка), Алина Шилова (виолончель), Павел Махнач (ударные инструменты).</p>", "shortDescription": "Живая, дышащая история песен северных народов.", "min_price": 500, "max_price": 1000, "link": "https://quicktickets.ru/salehard-kulturno-delovoj-centr/s202", "needCheck": true, "status": "accepted", "updateDate": 1639716184874, "start": 1639473300000, "end": 1640592000000, "createDate": 1638854081543, "inAccepted": true, "acceptDate": 1639648353741, "image": {"author": "Евгений Тазов", "name": "3a1e9b490b25f463fdb9b7a53e165267.jpeg", "realName": "021T8876.jpg", "source": "Архив Культурно-делового цента"}, "photo": "https://pro.culture.ru/uploads/3a1e9b490b25f463fdb9b7a53e165267.jpeg", "gallery": [], "category": {"name": "Концерты", "sysName": "koncerty"}, "time": {"start": "2021-12-14 09:15:00", "end": "2021-12-27 08:00:00"}}, {"id": 1476912, "name": "Концерт «Сердце Арктики»", "age": 12, "description": "<p>Ямал умеет творить, радовать, удивлять сочетанием древних традиций и современности. Земля, объединившая представителей разных национальностей, культур, вероисповеданий, стала теплым и надежным домом для всех, кто приехал осваивать и покорять арктические северные широты.</p> <p>В программе примут участие: </p> <ul> <li>Олена Уутай – российская звезда этнической музыки (г. Москва);</li> <li>группа Otyken – победители Конкурса жюри Международного этнического фестиваля «Музыка мира», лауреаты всероссийского конкурса «Дороги фронтовые – узелки на память» (г. Красноярск);</li> <li>уникальная группа акробатического паркур-шоу Bankai Show (г. Москва).</li></ul><p>Также в программе выступят творческие коллективы и артисты г. Салехарда. Ведущие концертной программы – Снежана Хороля и Сергей Новосельцев.</p>", "shortDescription": "Праздничная программа, посвященная 91-летию со дня образования Ямало-Ненецкого автономного округа.", "min_price": 200, "max_price": 300, "link": "https://quicktickets.ru/salehard-kulturno-delovoj-centr/s191", "status": "accepted", "updateDate": 1637920623525, "start": 1639143000000, "end": 1639146600000, "createDate": 1637667700378, "inAccepted": true, "acceptDate": 1637920631291, "image": {"author": "Евгений Тазов", "name": "8465cbd8db365f7834177d44dd56e689.jpeg", "realName": "021T3672.jpg", "source": "Архив Культурно-делового центра"}, "photo": "https://pro.culture.ru/uploads/8465cbd8db365f7834177d44dd56e689.jpeg", "gallery": [], "category": {"name": "Концерты", "sysName": "koncerty"}, "time": {"start": "2021-12-10 13:30:00", "end": "2021-12-10 14:30:00"}}, {"id": 1445208, "name": "Литературно-музыкальная композиция «Женские образы в русском искусстве»", "age": 12, "description": "<p>Сколько прекрасных стихотворений и песен сложено во славу женщины, сколько великих дел освящено ее именем! Произведения о женщине, написанные великими писателями и музыкантами, несут в себе высокую нравственность, пронизанную духовностью.</p><p>О женских образах XIX века расскажет под аккомпанемент камерного ансамбля Культурно-делового центра талантливая солистка с сильным, выразительным голосом Ксения Дронова. </p><p>Концертная программа построена на двух женских образах: Татьяны Лариной из романа А. С. Пушкина «Евгений Онегин» (музыка П. И. Чайковского) и Лизы из повести А. С. Пушкина «Пиковая дама» (музыка П. И. Чайковского).</p><p>Совместно с Ксенией Дроновой выступят Олег Сеньков (фортепиано), Софья Галиева (скрипка), Алина Шилова (виолончель), Кирилл Паюхин (флейта). </p>", "shortDescription": "Концертная программа в исполнении артистов Культурно-делового центра.", "min_price": 150, "max_price": 150, "link": "https://quicktickets.ru/salehard-kulturno-delovoj-centr/s187", "status": "accepted", "updateDate": 1636629965492, "start": 1638522000000, "end": 1638525600000, "createDate": 1636609072109, "inAccepted": true, "acceptDate": 1636629965578, "image": {"author": "Наталья Бутиева", "name": "0e42308e21ab490a20325a2d75482cca.jpeg", "realName": "_DSC1208.JPG", "source": "Архив Культурно-делового центра"}, "photo": "https://pro.culture.ru/uploads/0e42308e21ab490a20325a2d75482cca.jpeg", "gallery": [], "category": {"name": "Концерты", "sysName": "koncerty"}, "time": {"start": "2021-12-03 09:00:00", "end": "2021-12-03 10:00:00"}}, {"id": 1440873, "name": "Литературно-музыкальная композиция «Героический образ Александра Невского»", "age": 12, "description": "<p>Александр Невский – великий человек, грамотный полководец и дипломат, образец духовности и нравственности, сыграл огромную роль в истории Российского государства. Его образы воспевали поэты, ему посвящали музыку.</p> <p>В концертной программе будут представлены видеоматериалы из кинофильма «Александр Невский» режиссера Сергея Эйзенштейна, а также прозвучат музыкальные произведения: «Песня девушки», «Русь под игом монгольским» из кантаты Сергея Прокофьева «Александр Невский»; «Романс», «Элегия» Сергея Рахманинова; «Благословляю вас, леса...» Петра Чайковского.</p> <p>Музыкальные произведения прозвучат в исполнении Ксении Дроновой (сопрано), Николая Роткина (баритон), Олега Сенькова (фортепиано), Софьи Галиевой (скрипка), Алины Шиловой (виолончель), Кирилла Паюхина (флейта).</p>", "shortDescription": "Концертная программа к 800-летию со дня рождения Александра Невского.", "min_price": 150, "max_price": 150, "link": "https://quicktickets.ru/salehard-kulturno-delovoj-centr/s186", "status": "accepted", "updateDate": 1636624015649, "start": 1637658000000, "end": 1637661600000, "createDate": 1636462227320, "inAccepted": true, "acceptDate": 1636624015663, "image": {"author": "Наталья Бутиева", "name": "5142c5d43586c280533646e42de56c29.jpeg", "realName": "nevskij_rnG5RdV.jpg", "source": "Архив Культурно-делового центра"}, "photo": "https://pro.culture.ru/uploads/5142c5d43586c280533646e42de56c29.jpeg", "gallery": [], "category": {"name": "Концерты", "sysName": "koncerty"}, "time": {"start": "2021-11-23 09:00:00", "end": "2021-11-23 10:00:00"}}, {"id": 1402670, "name": "Концерт «И классика, и джаз»", "age": 6, "description": "<p style=\"margin-left:0px\"></p><p style=\"margin-left:0px\"><span>Для пианиста Дениса Мацуева концерты – возможность не только порадовать </span><span>зрителей блестящей техникой</span><span>. Это праздник музыки, радости и душевного общения с публикой, совместное творчество и импровизация, посвященные искусству.</span><br /></p><p style=\"margin-left:0px\">На концерте прозвучат импровизации на джазовые и классические темы. Вместе с Денисом Мацуевым (фортепиано) выступят известные джазовые музыканты: Александр Зингер (ударные), Андрей Иванов (контрабас), Екатерина Мочалова (домра), Софья Тюрина (саксофон), Борислав Струлев (виолончель). <span></span></p>", "shortDescription": "Музыка прозвучит в исполнении выдающегося пианиста, народного артиста России Дениса Мацуева.", "min_price": 800, "max_price": 2500, "link": "https://quicktickets.ru/salehard-kulturno-delovoj-centr/s185", "status": "accepted", "updateDate": 1634902936884, "start": 1637244000000, "end": 1637249400000, "createDate": 1634712590721, "inAccepted": true, "acceptDate": 1634902936905, "image": {"author": "Наталья Бутиева", "name": "77a7102f30241d3931148a8ce2931ecf.jpeg", "realName": "Денис Мацуев фото.jpg", "source": "Архив учреждения"}, "photo": "https://pro.culture.ru/uploads/77a7102f30241d3931148a8ce2931ecf.jpeg", "gallery": [], "category": {"name": "Концерты", "sysName": "koncerty"}, "time": {"start": "2021-11-18 14:00:00", "end": "2021-11-18 15:30:00"}}, {"id": 1397470, "name": "Концерт «Денис Мацуев и друзья»", "age": 6, "description": "<p style=\"margin-left:0px\">Каждый концерт Дениса Мацуева – это компиляция неповторимой музыки: классической, джаза и собственных импровизаций.</p> <p style=\"margin-left:0px\">Концертная программа пройдет в два отделения: в первом прозвучит цикл «Времена года» П. И. Чайковского и ариозо Иоланты «Отчего это прежде не знала…» из оперы «Иоланта», а во втором – Концерт для контрабаса и домры с оркестром Е. Подгайца и «Рапсодия в стиле блюз» Дж. Гершвина.</p> <p style=\"margin-left:0px\">Совместно с маэстро выступят Даниил Бессонов (скрипка), Екатерина Мочалова (домра), Андрей Иванов (контрабас). Концерт пройдет при участии Тюменского филармонического оркестра под управлением художественного руководителя и главного дирижера – заслуженного артиста России Алексея Карабанова.</p>", "shortDescription": "На сцене выступит выдающийся пианист современности, народный артист России Денис Мацуев.", "min_price": 800, "max_price": 2500, "link": "https://quicktickets.ru/salehard-kulturno-delovoj-centr/s184", "status": "accepted", "updateDate": 1634902952925, "start": 1637154000000, "end": 1637159400000, "createDate": 1634549873845, "inAccepted": true, "acceptDate": 1634902952947, "image": {"author": "Наталья Бутиева", "name": "447855685eefe3a6fad62ae6b9871f08.jpeg", "realName": "Фото с сайта.jpg", "source": "Архив учреждения"}, "photo": "https://pro.culture.ru/uploads/447855685eefe3a6fad62ae6b9871f08.jpeg", "gallery": [], "category": {"name": "Концерты", "sysName": "koncerty"}, "time": {"start": "2021-11-17 13:00:00", "end": "2021-11-17 14:30:00"}}, {"id": 1383726, "name": "XXV Открытый межрегиональный конкурс эстрадного творчества «Полярная звезда»", "age": 0, "description": "<p>Конкурс проходит по двум номинациям: «Эстрадный вокал (соло)», «Эстрадный вокал (ансамбли)». В нем принимают участие дети от 6 до 18 лет. </p><p> </p><p>В рамках конкурса пройдут следующие мероприятия:</p><ul><li>28 января – торжественное открытие конкурса (вход платный);</li><li> 29 января – конкурсные прослушивания участников, мастер-классы от экспертов;</li><li>30 января – торжественное закрытие конкурса, гала-концерт и церемония награждения победителей (вход платный).</li></ul> <p></p><p> </p><p></p><p></p> <p style=\"margin-left:0px;text-align:start\"></p><p style=\"margin-left:0px\">Оценивать конкурсантов будет экспертное жюри:</p><ul><li> Билль Андрей Михайлович – заслуженный артист Российской Федерации, певец, телеведущий, шоумен, арт-директор Института современного искусства (г. Москва);</li><li>Даньков Дмитрий Борисович – композитор, лауреат премии Министерства культуры Российской Федерации и Союза композиторов в области патриотической музыки (г. Москва);</li><li>Карне Мари Хамадо – певица, лауреат многочисленных международных конкурсов и фестивалей, участница самых рейтинговых и популярных телевизионных проектов «Голос», «Один в один», «Ну-ка все вместе» (г. Москва);</li><li>Балан Виктор – певец, лауреат многочисленных международных конкурсов и фестивалей (г. Москва).</li></ul><p></p>", "shortDescription": "Выступление ярких талантов, известных артистов и коллективов из разных уголков Ямала и России.", "min_price": 300, "max_price": 300, "link": "https://kdc.yanao.ru/events/polyarnaya-zvezda", "status": "accepted", "updateDate": 1638958897986, "start": 1643378400000, "end": 1643542200000, "createDate": 1634010609746, "inAccepted": true, "acceptDate": 1638958897992, "image": {"author": "Автономная некоммерческая организация «Центр творческих инициатив»", "name": "a89f0e903fe60434a7ea048a96286158.jpeg", "realName": "Кристина Питула(преподаватель) Елена Нагоричная, Дмитрий Даньков, обладатель гран-при Диана Егоян.JPG", "source": "Автономная некоммерческая организация «Центр творческих инициатив»"}, "photo": "https://pro.culture.ru/uploads/a89f0e903fe60434a7ea048a96286158.jpeg", "gallery": [], "category": {"name": "Встречи", "sysName": "vstrechi"}, "time": {"start": "2022-01-28 14:00:00", "end": "2022-01-30 11:30:00"}}, {"id": 1348721, "name": "Концерт «Путь на север»", "age": 6, "description": "<p style=\"margin-left:0px\">Снежана Хороля – артист нового поколения. В ней гармонично сочетается вокальное мастерство, хореографическая пластика и потрясающий артистизм. Репертуар певицы широк и многообразен, в нем звучат песни российских и зарубежных авторов. Снежана любит ненецкую культуру и с удовольствием исполняет произведения на родном языке. Очаровательный сценический облик, красивый хрустальный голос, неиссякаемая энергия, искренность, трудолюбие и преданность искусству снискали всеобщую любовь и уважение к певице.</p> <p style=\"margin-left:0px\">«Путь на север» – это первый сольный альбом певицы, в котором отражены сегодняшние ценности: индивидуальность каждого человека, его внутренняя сила и красота души. Это настоящая художественная инсталляция, смешение всех видов искусства от классического танца до компьютерного визуального представления и, конечно же, музыка вне временных и жанровых границ. Это билет в путешествие по неизведанным уголкам собственного сознания, по миру, не менее загадочному, чем глубинные просторы космоса, где можно буквально увидеть звук и услышать цвет!</p> <p style=\"margin-left:0px\">В концертной программе примут участие Сергей Новосельцев (гитара), Михаил Лященко (бас-гитара), Глеб Ласкин, Олег Сеньков (клавишные), Павел Махнач (ударные), Губернаторский национальный ансамбль танца «Сыра’Сэв» и Камерный ансамбль Культурно-делового центра.</p>", "shortDescription": "Презентация первого сольного альбома Снежаны Хороля.", "min_price": 400, "max_price": 600, "link": "https://kdc.yanao.ru/events/snezhana-horolya-put-na-sever", "status": "accepted", "updateDate": 1636630417900, "start": 1635516000000, "end": 1645975200000, "createDate": 1632455891363, "inAccepted": true, "acceptDate": 1636630417914, "image": {"author": "Сергей Анисимов", "name": "05ce20d588e22a034b37a19e6cd9b24d.jpeg", "realName": "khorolya-scaled.jpg", "source": "архив учреждения"}, "photo": "https://pro.culture.ru/uploads/05ce20d588e22a034b37a19e6cd9b24d.jpeg", "gallery": [], "category": {"name": "Концерты", "sysName": "koncerty"}, "time": {"start": "2021-10-29 14:00:00", "end": "2022-02-27 15:20:00"}}, {"id": 1347268, "name": "Спектакль «Северная легенда»", "age": 6, "description": "<p>В основу спектакля положен фольклор сибирских ненцев – самого крупного этноса коренных малочисленных народов Севера, Сибири и Дальнего Востока России, проживающих в ЯНАО, Тюменской области и в Долгано-Ненецком районе, в Красноярском <span>кра</span><span></span>е, на Таймыре.</p> <p>Сюжет спектакля, состоящего из девяти драматических сцен, воспроизводит одну из острых жизненных коллизий молодых ненцев, брата и сестры, в их борьбе с силами зла, представленными персонажами ненецкого фольклора. В нем использованы элементы народной музыки и разнообразие национальных музыкальных форм (стилизация под ненецкий повествовательный эпос «Яробц» и «Хынобц», сольные партии, восходящие к песенной ненецкой традиции), которые сохраняют национальный колорит спектакля и поэтику ненецких легенд, но адаптированы к восприятию современного зрителя.</p> <p>Постановка популяризирует национальную аутентичность, приобщая к ней современного зрителя как «возврат к истокам» среди вызовов сегодняшнего мира. Спектакль, основанный на фольклоре – важной части культуры автохтонных народов российского Севера – впервые реконструирует поэтические предания, мифы, народные легенды в виде сложного синтеза музыки, поэзии и театрального действия. Тема спектакля – извечная борьба добра со злом – актуальна в любые времена.</p> <p> </p> <p>Режиссер – заслуженный работник культуры ЯНАО – Андрей Сотников.<br />Хореограф – заслуженный артист Кубани – Павел Субботин.<br />Хореограф – заслуженный работник культуры ЯНАО – Олег Ролев.<br /> </p>", "shortDescription": "Национальная музыкальная драма по мотивам ненецких преданий.", "min_price": 500, "max_price": 800, "link": "https://quicktickets.ru/salehard-kulturno-delovoj-centr/s169", "needCheck": true, "status": "accepted", "updateDate": 1634279852033, "start": 1639828800000, "end": 1639832400000, "createDate": 1632393515319, "inAccepted": true, "acceptDate": 1634279852042, "image": {"author": "Наталья Бутиева", "name": "ab388c52476dd9a55fc32ccf7f7301a4.jpeg", "realName": "1920х1080-1.jpg", "source": "архив учреждения"}, "photo": "https://pro.culture.ru/uploads/ab388c52476dd9a55fc32ccf7f7301a4.jpeg", "gallery": [], "category": {"name": "Спектакли", "sysName": "spektakli"}, "time": {"start": "2021-12-18 12:00:00", "end": "2021-12-18 13:00:00"}}, {"id": 1322102, "name": "Спектакль «Забор»", "age": 16, "description": "<p>Спектакль о любви и человеческих взаимоотношениях, поставленный по пьесе знаменитого канадского драматурга Норма Фостера. Как сложно бывает найти любовь, и как легко ее потерять. Одного небрежно брошенного слова иногда достаточно, чтобы разрушить свою жизнь. Чаще всего заборы выстраиваются из непонимания, иронии и язвительности, из эпатажа и грубости. Заборы, за которыми прячутся одиночество и страх, тоска и беспомощность. И, казалось бы, чего проще – надо просто сказать два главных слова: «Прости» и «Люблю». Но именно эти слова так трудно бывает произнести…</p><p>Сюжет пьесы прост, как жизнь, в которой все банально, пока это касается кого-то другого: обида, измена, разлука, одиночество, любовь, отсутствие работы, тоска… Прямая речь героев лишена пафоса и легко находит дорогу к сердцу каждого зрителя.</p>", "shortDescription": "Постановка с участием народного артиста России Федора Добронравова.", "min_price": 1000, "max_price": 2500, "link": "https://quicktickets.ru/salehard-kulturno-delovoj-centr/s165", "status": "accepted", "updateDate": 1634839374661, "start": 1638194400000, "end": 1638201000000, "createDate": 1631211650783, "inAccepted": true, "acceptDate": 1634839374665, "image": {"author": "Наталья Бутиева", "name": "59d1c16e2e6de9a62a35c775e2ae1bda.jpeg", "realName": "1920х1080 забор.jpg", "source": "архив учреждения"}, "photo": "https://pro.culture.ru/uploads/59d1c16e2e6de9a62a35c775e2ae1bda.jpeg", "gallery": [], "category": {"name": "Спектакли", "sysName": "spektakli"}, "time": {"start": "2021-11-29 14:00:00", "end": "2021-11-29 15:50:00"}}, {"id": 1322100, "name": "Спектакль «Русский роман»", "age": 16, "description": "<p>Спектакль Миндаугаса Карбаускиса – тонкое, метафизическое соединение биографии и творчества Льва Николаевича Толстого. Вместе с Марюсом Ивашкявичюсом, автором пьесы, режиссер сплетает несколько времен и действительностей: произведения и события личной жизни Толстого, в центре которых оказывается его жена Софья Андреевна. Их любовь, измученная гениальностью писателя, становится отражением чувств его героев. Вместе с сыновьями и дочерьми Софья Андреевна пытается отвоевать у Облонских и Карениных место в судьбе мужа и разобраться, чья история первична: его литературных возлюбленных или же ее собственная. Сергей Бархин вписывает знаковые детали быта в монументальное пространство, устремленное ввысь, в котором частная история любви двух людей, благодаря масштабу личности Толстого, превращается в явление пророческое. Рифмы реальности и сцен из «Анны Карениной» граничат с помешательством жены гения, заблудившейся где-то на страницах его романа.</p><p></p> <p><span> </span></p> <p><span> </span></p> <p> </p> <p><span></span></p> <p></p>", "shortDescription": "Постановка пройдет в рамках фестиваля театрального искусства «Первый театральный».", "min_price": 1000, "max_price": 2500, "link": "https://quicktickets.ru/salehard-kulturno-delovoj-centr/s164", "status": "accepted", "updateDate": 1634838208852, "start": 1637935200000, "end": 1637947800000, "createDate": 1631211233587, "inAccepted": true, "acceptDate": 1634838208856, "image": {"author": "Наталья Бутиева", "name": "3e268a75876c5b17996204b1c00e8752.jpeg", "realName": "005a834550e230d419c43691fe1ff93f.jpg", "source": "архив учреждения"}, "photo": "https://pro.culture.ru/uploads/3e268a75876c5b17996204b1c00e8752.jpeg", "gallery": [], "category": {"name": "Спектакли", "sysName": "spektakli"}, "time": {"start": "2021-11-26 14:00:00", "end": "2021-11-26 17:30:00"}}, {"id": 1318606, "name": "Спектакль «Лабиринты сна»", "age": 6, "description": "<p>Согласно сюжету Алиса – молодая девушка, которая видит сон, но он отнюдь не безмятежен и безоблачен, а неизведан и непредсказуем. В затейливых лабиринтах сна Алисы кроется множество приключений, тайн и загадок, в процессе постижения которых и дети, и взрослые вместе с героями найдут новых друзей и сделают много полезных жизненных открытий.</p><p>Это новое прочтение сказки, ставшей культовой для многих поколений. Особенность жанра и прописная истина: мюзикл – это в первую очередь музыка. И она в «Лабиринтах» невероятно добротная – запоминающаяся и одновременно оптимистическая! Итальянские и ирландские мотивы, опера и танго – яркий музыкальный ассортимент спектакля весьма разнообразен! Красочные фантасмагоричные костюмы, созданные театральным художником Андреем Климовым, и голоса актеров невероятной силы позволяют полностью погрузиться в мир Льюиса Кэрролла.</p><p>Постановка дарит калейдоскоп незабываемых эмоций и уверенность, что оказаться в Стране Чудес сможет каждый, главное в нее поверить! Как говорил сам Кэрролл устами одного из своих героев: «Собирай в сказке все, что найдешь полезного. Кроме равнодушия и невежества…»</p>", "shortDescription": "Оригинальная фантазия по мотивам сказки Льюиса Кэрролла «Алиса в стране чудес».", "min_price": 300, "max_price": 800, "link": "https://quicktickets.ru/salehard-kulturno-delovoj-centr/s163", "status": "accepted", "updateDate": 1631277152390, "start": 1635073200000, "end": 1635080400000, "createDate": 1631098125621, "inAccepted": true, "acceptDate": 1631438131835, "image": {"author": "Наталья Бутиева", "name": "5b7588a5da36158b73a3e367e6d8695e.jpeg", "realName": "1920х1080 1.jpg", "source": "архив учреждения"}, "photo": "https://pro.culture.ru/uploads/5b7588a5da36158b73a3e367e6d8695e.jpeg", "gallery": [], "category": {"name": "Спектакли", "sysName": "spektakli"}, "time": {"start": "2021-10-24 11:00:00", "end": "2021-10-24 13:00:00"}}, {"id": 1318426, "name": "Спектакль «Полковник-птица»", "age": 18, "description": "<p>Произведение «Полковник – птица», написанное в 1997 году на фоне югославских военных конфликтов, сразу же после издания получило приз Британского совета как лучшая новая пьеса из Восточной и Центральной Европы.</p><p>Герои спектакля – пациенты психиатрической клиники, брошенные на произвол судьбы в монастыре в Балканских горах. Во время бури самолеты ООН ошибочно сбрасывают к ним предназначенный для «миротворцев» груз – военную форму. Молчаливый пациент, бывший полковник Фетисов (русский, потерявший свою семью во время бомбардировки) мобилизует больных в маленькую боевую единицу – переодев их и вернув им веру в здоровую жизнь.</p><p>В 1997 году пьеса «Полковник-птица» получила приз Британского Совета, была переведена на разные языки и поставлена в европейских и российских театрах.</p><p>Режиссер Роман Дробот обратился к непростому сценическому материалу. Всего в спектакле одна женская и шесть мужских ролей. Есть и еще одна, вне возраста и пола: придуманная режиссером роль Птицы (Антон Лапенко) как немого соглядатая. Повествование ведет рефлексирующий герой, молодой доктор-наркоман (Евгений Самарин), по стечению обстоятельств оказавшийся в заброшенном монастыре-клинике Сорока Святых Мучеников в Балканских горах. Здесь, оторванные от реальности, живут пациенты-сумасшедшие, и у каждого из них своя история. Антивоенный месседж комедии-притчи Христо Бойчева вновь актуален.</p>", "shortDescription": "Постановка по одноименной пьесе болгарского драматурга Христо Бойчева.", "min_price": 500, "max_price": 2000, "link": "https://quicktickets.ru/salehard-kulturno-delovoj-centr/s162", "status": "accepted", "updateDate": 1631261454136, "start": 1634911200000, "end": 1634921400000, "createDate": 1631095198248, "inAccepted": true, "acceptDate": 1631265458665, "image": {"author": "Наталья Бутиева", "name": "548c0d08ad0d8bbafc1e0c281db05085.jpeg", "realName": "1920х1080-1.jpg", "source": "архив учреждения"}, "photo": "https://pro.culture.ru/uploads/548c0d08ad0d8bbafc1e0c281db05085.jpeg", "gallery": [], "category": {"name": "Спектакли", "sysName": "spektakli"}, "time": {"start": "2021-10-22 14:00:00", "end": "2021-10-22 16:50:00"}}, {"id": 1268135, "name": "Литературно-музыкальная композиция «Достоевский. Территория души»", "age": 12, "description": "<p>В концертной программе артисты Омской филармонии обратятся к страницам знаменитого романа «Братья Карамазовы», пытаясь вместе с автором разобраться в «загадочной русской душе», с ее духовно-нравственными исканиями, взлетами и падениями и вечным поиском смысла жизни.</p><p>В программе прозвучат фрагменты романа «Братья Карамазовы», романсы русских композиторов: Глинки, Чайковского, Рубинштейна; музыка Моцарта, Бетховена, Верди и Мусорского в исполнении Татьяны Юрьевой (художественное слово); Татьяны Семерьяновой (сопрано); Евгения Романова (баритон); Константина Белякова (гитара) и Марины Климентовой (фортепиано).</p>", "shortDescription": "Концертная программа к 200-летию со дня рождения Федора Михайловича Достоевского.", "min_price": 150, "max_price": 150, "link": "https://quicktickets.ru/salehard-kulturno-delovoj-centr/s156", "status": "accepted", "updateDate": 1629447834538, "start": 1634113800000, "end": 1634118600000, "createDate": 1628743883536, "inAccepted": true, "acceptDate": 1629728990603, "image": {"author": "Наталья Бутиева", "name": "a2f67f561d61dd7ac1ffbade14081fbc.jpeg", "realName": "12318_huge_5c08cad095.jpg", "source": "Архив учреждения"}, "photo": "https://pro.culture.ru/uploads/a2f67f561d61dd7ac1ffbade14081fbc.jpeg", "gallery": [], "category": {"name": "Концерты", "sysName": "koncerty"}, "time": {"start": "2021-10-13 08:30:00", "end": "2021-10-13 09:50:00"}}, {"id": 1247825, "name": "Концерт камерного ансамбля «Солисты Москвы»", "age": 6, "description": "<p>Михаил Пореченков – одна из ярчайших фигур современного российского театра и кино. Уже более двух десятилетий он продолжает быть одним из самым востребованных актеров. Люди сегодняшнего дня и великие исторические личности, герои В. Шекспира, Л. Толстого, М. Булгакова, А. Вампилова – диапазон его актерских работ необычайно широк. На этот раз Михаил Пореченков прочитает стихи и поэмы главного поэта революции. «Облако в штанах» Михаил декламировал еще при поступлении в театральный институт, но лишь с годами понял, как должны звучать со сцены строки великого Маяковского.</p><p>«Многие его не понимают: что это такое ‒ лозунги всякие. Он специально это делает, педалирует, чтобы произвести максимальное впечатление, раздразнить рецепторы зрителя», ‒ делится своим восприятием Михаил Пореченков.</p><p>Революционную бескомпромиссность Маяковского Юрий Башмет смело соединяет с музыкой Прокофьева и Шостаковича. Казалось бы, вещи совсем несочетаемые, но в действительности судьбы всех троих были тесно переплетены: с Прокофьевым поэт дружил, с Шостаковичем вместе работал над постановкой «Клоп».</p>", "shortDescription": "Посетители услышат классическую музыку и произведение известного поэта.", "min_price": 800, "max_price": 2500, "link": "https://quicktickets.ru/salehard-kulturno-delovoj-centr/s153", "status": "accepted", "updateDate": 1628853716731, "start": 1631628000000, "end": 1631632800000, "createDate": 1627878824312, "inAccepted": true, "acceptDate": 1629085794317, "image": {"author": "Наталья Бутиева", "name": "3d59a49e41c1f06fcd18bf75f5ca262e.jpeg", "realName": "orig.jpg", "source": "Архив учреждения"}, "photo": "https://pro.culture.ru/uploads/3d59a49e41c1f06fcd18bf75f5ca262e.jpeg", "gallery": [], "category": {"name": "Концерты", "sysName": "koncerty"}, "time": {"start": "2021-09-14 14:00:00", "end": "2021-09-14 15:20:00"}}, {"id": 1241546, "name": "Спектакль «Старый дом»", "age": 16, "description": "<p>«Старый дом» – постановка памяти Алексея Казанцева и выражение благодарности новому дому SounDrama – Центру драматургии и режиссуры. В 1998 году Алексей Казанцев совместно с Михаилом Рощиным основал театр «Центр драматургии и режиссуры», руководителем которого он был до своей смерти в 2007 году. Спустя десять лет Владимир Панков перенимает принципы работы легендарного предшественника, когда-то открывшего двери своего театра начинающему режиссеру.</p><p></p><p>Как пишет газета «Экран и сцена»: «Именно в этом театре под руководством Казанцева начинал когда-то Владимир Панков, теперь сам ставший его худруком. Тот старый Центр драматургии и режиссуры, что находился в одном из московских переулков, Таганском тупике, – место легендарное, а для самого Панкова еще и родное, тот самый «старый дом» из казанцевской пьесы. Он связан с молодостью, свободой, началом пути».</p><p>Постановка – лауреат премии «Золотая маска» 2019 г.<br /></p><p> </p><p>Режиссер – Владимир Панков, художник – Максим Обрезков, музыкальный руководитель – Сергей Родюков, художник по свету – Николай Сурков, саунд-дизайн – Константин Познеков, хореограф – Полина Миронова.</p><p>В ролях: Елена Яковлева, Елена Шанина, Анна Гуляренко, Андрей Заводюк, Павел Акимкин, Анастасия Сычева, Антон Пахомов, Петр Маркин, Дмитрий Костяев, Юрий Оборотов, Дмитрий Мухамадеев, Ксения Макарова, Светлана Кочеткова, Любовь Томилова, Фаина Колоскова, Никита Жеребцов, Николь Плиева, Василий Сунцов, Яна Чекина, Алексей Гусаров, Сергей Лебедев, Виктор Маминов, Сергей Родюков, Григорий Спиридонов.</p> <p></p>", "shortDescription": "Постановка основана на воспоминаниях трех поколений одного старого дома.", "min_price": 500, "max_price": 2000, "link": "https://quicktickets.ru/salehard-kulturno-delovoj-centr/s159", "status": "accepted", "updateDate": 1628778429924, "start": 1631966400000, "end": 1631979000000, "createDate": 1627482083491, "inAccepted": true, "acceptDate": 1628824032986, "image": {"author": "Олеся Хороших", "name": "cac5be6e1b414005c9b69d1228eda11e.jpeg", "realName": "Staryi_dom_photo_Olesya_Horoshih.jpg", "source": "Архив учреждения"}, "photo": "https://pro.culture.ru/uploads/cac5be6e1b414005c9b69d1228eda11e.jpeg", "gallery": [], "category": {"name": "Спектакли", "sysName": "spektakli"}, "time": {"start": "2021-09-18 12:00:00", "end": "2021-09-18 15:30:00"}}]}