{"1154": [{"id": 1334042, "name": "Экспозиции Алексинского художественно-краеведческого музея", "age": 0, "description": "<p>Экспозиция музея состоит из 13 стационарных залов и 5 залов сменных выставок. </p><p><span>Экспозиция отдела природы знакомит с палеонтологическим прошлым, геологическим строением, полезными ископаемыми, водными ресурсами, флорой и фауной Алексинского района.</span> На втором этаже размещаются выставки, рассказывающие об Алексине XVIII – начала ХХ в. как купеческом городе. В разделе «Алексин в годы Великой Отечественной войны» рассказывается о подвигах алексинцев и событиях в городе и районе в ноябре – декабре 1941 года.</p><p>В залах, сохранивших архитектурное убранство, воссоздан интерьер парадных купеческих спальни и гостиной, описываются быт и нравы богатого провинциального купечества. Основу художественной коллекции музея составляют работы алексинских художников. </p><p>Временная выставка – «Рисуют дети о войне. Рисунки и размышления».</p>", "shortDescription": "Посещение временных и постоянных выставок.", "min_price": 50, "max_price": 100, "link": "https://vmuzey.com/event/poseshchenie-ekspoziciy-muzeya-2", "status": "accepted", "updateDate": 1639043012302, "start": 1632207600000, "end": 1640872800000, "createDate": 1631789549333, "inAccepted": true, "acceptDate": 1639043012413, "image": {"author": "МБУК АХКМ", "name": "d0250463833397d48989c9b969ee265c.jpeg", "realName": "Елки-Музей1.jpg", "source": "МБУК АХКМ"}, "photo": "https://pro.culture.ru/uploads/d0250463833397d48989c9b969ee265c.jpeg", "gallery": ["https://pro.culture.ru/uploads/e3712273e842b67755e04c0910334828.jpeg", "https://pro.culture.ru/uploads/5d7f64b4aa81fa48563cfb4a0b192387.jpeg", "https://pro.culture.ru/uploads/8b51ba80d9b179000990ee833ed1ff7b.jpeg", "https://pro.culture.ru/uploads/98f95a631359640af61fc74d7afc7952.jpeg", "https://pro.culture.ru/uploads/8e7c1a8b082ac477041e0eed3fde421d.jpeg", "https://pro.culture.ru/uploads/0c510fa12e1e3f73e2cda0832c061acc.jpeg", "https://pro.culture.ru/uploads/d450e775d59debbb9e611955dd65a4f1.jpeg", "https://pro.culture.ru/uploads/2a40a5352974330cb911801d89459cee.jpeg", "https://pro.culture.ru/uploads/640acb39655e800619f0e89e16285768.jpeg", "https://pro.culture.ru/uploads/13c1d4ce6392c506307c107fa5b4a496.jpeg"], "category": {"name": "Выставки", "sysName": "vystavki"}, "time": {"start": "2021-09-21 07:00:00", "end": "2021-12-30 14:00:00"}}]}