{"12475": [{"id": 1536285, "name": "Спектакль «Волшебные сосульки»", "age": 6, "description": "<p> Сказочный сюжет о падчерице, которую мачеха старается сжить со света, известен каждому. И тем не менее он остается одним из самых любимых и у артистов, и у зрителей. Ведь этот сюжет дает возможность вновь поговорить о прекрасных качествах человека, которые оказываются ценнее, чем золото, бриллианты и изумруды. </p><p>Известная русская сказка, по-новому осмысленная и с задором разыгранная прекрасными актерами, доставит массу удовольствия и детям, и их родителям. Актеры театра с удовольствием играют эту пьесу в новогодние и рождественские праздники. </p>", "shortDescription": "Театральная фантазия на тему русской сказки «Морозко».", "min_price": 350, "max_price": 600, "link": "https://komedianty.com/afisha/2022-01#performance=18169947", "status": "accepted", "updateDate": 1640373562378, "start": 1641200400000, "end": 1641463800000, "createDate": 1639567570894, "inAccepted": true, "acceptDate": 1640091721256, "image": {"author": "https://komedianty.com/", "name": "f52692c4110445803418c8dc26534e5c.jpeg", "realName": "4bcb7182a1185f6cbb6e0c0d659a36e8.jpg", "source": "https://komedianty.com/"}, "photo": "https://pro.culture.ru/uploads/f52692c4110445803418c8dc26534e5c.jpeg", "gallery": ["https://pro.culture.ru/uploads/4fbc44860d7770442ef9f3979e2bdef8.jpeg", "https://pro.culture.ru/uploads/aeb9463b2ae4fad20d9b5d006fddaef4.jpeg"], "category": {"name": "Спектакли", "sysName": "spektakli"}, "time": {"start": "2022-01-03 09:00:00", "end": "2022-01-06 10:10:00"}}, {"id": 1372750, "name": "Спектакль «Лекарь поневоле»", "age": 16, "description": "<p> В спектакле поведают историю о курьезном случае, настигнувшем главного героя – Сганареля. Поневоле он становится лекарем дочки одного знатного барина, чья болезнь крайне непроста: девушка перестала говорить. Простодушные пациенты вверяют ловкому и изобретательному обманщику нешуточные суммы денег в обмен на несуществующие лекарства и нелепые советы.</p><p> Но что же получается? Выдумщик Сганарель оставляет всех с носом и печется лишь о собственном богатстве? Вовсе нет! В Сганареле вместо честолюбивых мотивов он видит человека, совершившего обман во благо и стремившегося вершить добрые дела.<br /> </p>", "shortDescription": "Комедия по знаменитой пьесе Жана-Батиста Мольера.", "min_price": 750, "max_price": 1500, "link": "https://komedianty.com/afisha/2021-11#performance=18161654", "status": "accepted", "updateDate": 1634034490710, "start": 1637337600000, "end": 1637345700000, "createDate": 1633518216140, "inAccepted": true, "acceptDate": 1634034490849, "image": {"author": "https://komedianty.com/", "name": "873ffd0b1573719f637889ff162b5b65.jpeg", "realName": "5be3ee85f0e11788596820.jpg", "source": "https://komedianty.com/"}, "photo": "https://pro.culture.ru/uploads/873ffd0b1573719f637889ff162b5b65.jpeg", "gallery": ["https://pro.culture.ru/uploads/56373f97a0da6fa81376e503e2264836.jpeg", "https://pro.culture.ru/uploads/e261720a6527e6deffee7ac24ae71b32.jpeg", "https://pro.culture.ru/uploads/4ce5c973026932239ed5381090ddf081.jpeg", "https://pro.culture.ru/uploads/aad66e58d3d030cb559018e1919e4984.jpeg", "https://pro.culture.ru/uploads/557ae4994152c2b4f544c106b1e01796.jpeg"], "category": {"name": "Спектакли", "sysName": "spektakli"}, "time": {"start": "2021-11-19 16:00:00", "end": "2021-11-19 18:15:00"}}, {"id": 1320504, "name": "Спектакль «Брысь! или Истории кота Филофея»", "age": 6, "description": "<p>«Маленькие жители большой планеты. Любезные четвероногие. Мне кажется…» А вы задумывались, о чем думает вот тот рыжий кот, который пытается укрыться от дождя под деревянной лавкой, или тот белый котенок, юрко прячущийся под машиной? Об этих, порой непростых, судьбах поведает детям наш спектакль. Стая бездомных кошек, живущая в подвале под покровительством мудрого кота Филофея, расскажет истории, в которых, к несчастью, не последнюю роль играло страшное слово «Брысь!»</p><p>Но не пугайтесь грусти, которую навевают эти истории. Все будет хорошо. Спектакль наполнен теплом и любовью, ведь каждый из его героев сумел сохранить в своем сердце «огонек добра».</p>", "shortDescription": "Сказка для больших и маленьких в одном действии.", "min_price": 350, "max_price": 600, "link": "https://komedianty.com/afisha/2021-10#performance=18156906", "status": "accepted", "updateDate": 1631716334481, "start": 1635066000000, "end": 1635070800000, "createDate": 1631175939151, "inAccepted": true, "acceptDate": 1631716334500, "image": {"author": "https://komedianty.com/spektakl/brys-ili-istorii-kota-filofeya?event_id=1745", "name": "8ec81073a30e785ece3dc42e3c5c1d37.jpeg", "realName": "c869f8a987a1b8ea8ee2866aa52f7375.jpeg", "source": "https://komedianty.com/spektakl/brys-ili-istorii-kota-filofeya?event_id=1745"}, "photo": "https://pro.culture.ru/uploads/8ec81073a30e785ece3dc42e3c5c1d37.jpeg", "gallery": ["https://pro.culture.ru/uploads/45ba7b7f3e9defe68ece9abc0a883163.jpeg", "https://pro.culture.ru/uploads/beee344299d8b87eefda5a781e98bb9d.jpeg"], "category": {"name": "Спектакли", "sysName": "spektakli"}, "time": {"start": "2021-10-24 09:00:00", "end": "2021-10-24 10:20:00"}}, {"id": 1319314, "name": "Спектакль «Крепостная любовь»", "age": 12, "description": "<p> Это история о любви. События происходят в усадьбе, где правит бал своенравная барыня и ее прислужники. Чувства, возникшие между Герасимом и крепостной Татьяной, чисты и трогательны. Но герои живут в мире, в котором нет свободы, в мире, где любовь – непозволительная роскошь. </p><p>Постановка идет практически без слов, но то и дело раздаются русские народные песни, которые оказываются полноценной частью действия. Постановка украшает визуальный ряд – проекция картин русских художников: перед зрителями возникают изображения усадьбы, реки, военных действий и пр. Оригинальная трактовка сочетает в себе современные пластические формы с самобытностью и очарованием народного фольклора, а классическая литературная основа придает действию лиризма и пронзительности. </p>", "shortDescription": "Постановка по повести И. С. Тургенева «Муму».", "min_price": 350, "max_price": 800, "link": "https://www.komedianty.com/afisha/2021-12#performance=18165058", "status": "accepted", "updateDate": 1639642326396, "start": 1635264000000, "end": 1642617000000, "createDate": 1631108961509, "inAccepted": true, "acceptDate": 1636375442099, "image": {"author": "https://komedianty.com/spektakl/krepostnaya-lyubov?event_id=1747", "name": "fc2f8d57ac023c98360049c1fb09b9ea.jpeg", "realName": "ebf09dad7a4a6b09550e8342815b550a.jpeg", "source": "https://komedianty.com/spektakl/krepostnaya-lyubov?event_id=1747"}, "photo": "https://pro.culture.ru/uploads/fc2f8d57ac023c98360049c1fb09b9ea.jpeg", "gallery": ["https://pro.culture.ru/uploads/c761ecbbef5ec46807a11add8451da21.jpeg", "https://pro.culture.ru/uploads/b7eca2acc46a03bd2deb79b72de790a3.jpeg"], "category": {"name": "Спектакли", "sysName": "spektakli"}, "time": {"start": "2021-10-26 16:00:00", "end": "2022-01-19 18:30:00"}}, {"id": 1319221, "name": "Спектакль «Провинциальные анекдоты»", "age": 16, "description": "<p> «Провинциальные анекдоты» – это два полноценных мини-спектакля: «История с метранпажем» и «Двадцать минут с ангелом». Их действие происходит в маленькой провинциальной гостинице «Тайга», куда по разным причинам занесло героев с разных концов Советского Союза. Персонажи спектакля не столько сатиричны, сколько «по-фарсовому» комичны в своей простоте, типичности и заурядности. </p><p>Какие-то их проблемы кажутся сейчас просто смешными, но анекдотические ситуации, в которые попадают герои, в итоге приводят их к неожиданному и драматическому финалу. Эта пьеса – один из лучших образцов советской сатиры на бюрократию, в трактовке театра «Комедианты» звучит с некоторой ноткой грусти и ностальгии по времени, которого уже нет. </p>", "shortDescription": "Две мини-постановки: «История с метранпажем» и «Двадцать минут с ангелом».", "min_price": 350, "max_price": 800, "link": "https://www.komedianty.com/afisha/2021-12#performance=18165061", "needCheck": true, "status": "accepted", "updateDate": 1639646387422, "start": 1634918400000, "end": 1642186800000, "createDate": 1631107656877, "inAccepted": true, "acceptDate": 1636518939567, "image": {"author": "https://komedianty.com/spektakl/provintsialnye-anekdoty?event_id=1743", "name": "e2776bb7d7edf23dbdce5b831114bbe9.jpeg", "realName": "56116c53b4a02061598126.jpg", "source": "https://komedianty.com/spektakl/provintsialnye-anekdoty?event_id=1743"}, "photo": "https://pro.culture.ru/uploads/e2776bb7d7edf23dbdce5b831114bbe9.jpeg", "gallery": ["https://pro.culture.ru/uploads/6563f9518be53e0e8f0225f9e679dec6.jpeg", "https://pro.culture.ru/uploads/62a73e4f50978dd491ec0804b1ae10b8.jpeg"], "category": {"name": "Спектакли", "sysName": "spektakli"}, "time": {"start": "2021-10-22 16:00:00", "end": "2022-01-14 19:00:00"}}, {"id": 1318841, "name": "Спектакль «Марина! Какое счастье!»", "age": 16, "description": "<p>Конец Cеребряного века – то время столетие назад, московское, переломное, канун 20-х</p><p>и сами 20-е, когда настоящее скудно и бедно, прошлое просматривается отчетливо, а будущее совершенно туманно.</p><p>Прелестная молодая актриса с неповторимой индивидуальностью Сонечка Голлидэй, воплощение любимого цветаевского женского типа, дерзкая и сентиментальная, несчастливая в любви, обреченная рано умереть, и молодые вахтанговские студийцы Володя Алексеев и Юрий Завадский.<br />Герои сходятся у Марины, самой старшей и одаренной – читают стихи, изобретают сюжеты, цитируют любимые сказки, смеются, влюбляются.</p><p>Поэты и щеголи, романтичные студийцы вахтанговцы, театральная молодежь, голодная и талантливая, нежная и обреченная, все «самое-самое и последнее» к ногам инфанты.</p><p>И любовь… Любовь, которая правит судьбами людей…</p><p>А кто лучше всех сказал о любви? Вы удивитесь – именно Сонечка. Ведь именно она говорит – я люблю любить… Образ замечательной Сонечки, который лучше всех мужских и женских образов любила, сохранила и донесла до нас Марина Цветаева.</p><p>А потом кончилась молодость, век Cеребряный стал железным, и все разъехались или умерли. Потому что так бывает всегда…</p>", "shortDescription": "Постановка по мотивам дневников Марины Цветаевой и ее «Повести о Сонечке».", "min_price": 350, "max_price": 800, "link": "https://komedianty.com/afisha/2022-01#performance=18169966", "status": "accepted", "updateDate": 1639573115401, "start": 1634482800000, "end": 1642354200000, "createDate": 1631101931884, "inAccepted": true, "acceptDate": 1639206905392, "image": {"author": "https://komedianty.com/spektakl/marina-kakoe-schaste?event_id=1739", "name": "4f7ca98572eec42e0b17d46e2a0d66f7.jpeg", "realName": "IMG_5221.jpg", "source": "https://komedianty.com/spektakl/marina-kakoe-schaste?event_id=1739"}, "photo": "https://pro.culture.ru/uploads/4f7ca98572eec42e0b17d46e2a0d66f7.jpeg", "gallery": ["https://pro.culture.ru/uploads/769fe9e8825e70a903538d1b4963499d.jpeg", "https://pro.culture.ru/uploads/a86f92cc8db16368ebf07d6fdca211f5.jpeg", "https://pro.culture.ru/uploads/0833f6145d275860221f75943a1d39d3.jpeg", "https://pro.culture.ru/uploads/1f8346e8bfd6eaa190fd9530c7fe458b.jpeg", "https://pro.culture.ru/uploads/34a4fe1712bc91f2224bc09edd41d333.jpeg"], "category": {"name": "Спектакли", "sysName": "spektakli"}, "time": {"start": "2021-10-17 15:00:00", "end": "2022-01-16 17:30:00"}}, {"id": 1318259, "name": "Спектакль «Барбетт одевается»", "age": 16, "description": "<p>26 июня 2021 года на сцене театра «Комедианты» состоялась премьера спектакля «Барбетт одевается» по пьесе драматурга Марии Малухиной. </p> <p>Главный герой пьесы – 30-летний Игорь – скрывается в «идеальном мире» грез, спасаясь от реальности. Но наступает момент, когда он вынужден сделать выбор между реальной жизнью и вымышленной. </p><p>Спектакль по пьесе Марии Малухиной, получившей первую премию в номинации «Пьеса для большой сцены» на XVII международном конкурсе драматургов «Евразия-2019» и вошедшей в шорт-листы Всероссийского конкурса драматургов «Действующие лица» и конкурса драматургов «Кульминация».</p><p></p>", "shortDescription": "Спектакль по пьесе Марии Малухиной, получившей первую премию в номинации «Пьеса для большой сцены».", "min_price": 550, "max_price": 1000, "link": "https://www.komedianty.com/afisha/2021-12#performance=18165065", "needCheck": true, "status": "accepted", "updateDate": 1639651434808, "start": 1633536000000, "end": 1642527000000, "createDate": 1631092702373, "inAccepted": true, "acceptDate": 1637217764576, "image": {"author": "https://komedianty.com/spektakl/barbett-odevaetsya?event_id=1727 ", "name": "1d65df8f618f9c500d0370558248d476.jpeg", "realName": "скрин101.jpg", "source": "https://komedianty.com/spektakl/barbett-odevaetsya?event_id=1727"}, "photo": "https://pro.culture.ru/uploads/1d65df8f618f9c500d0370558248d476.jpeg", "gallery": ["https://pro.culture.ru/uploads/5aac18147c850fc0c032426ed82904af.jpeg"], "category": {"name": "Спектакли", "sysName": "spektakli"}, "time": {"start": "2021-10-06 16:00:00", "end": "2022-01-18 17:30:00"}}, {"id": 1241794, "name": "Спектакль «Земляки»", "age": 16, "description": "<p> Совершите путешествие в русскую глубинку 60-х годов ХХ века. Зритель попадет в сельский клуб, где проходит смотр художественной самодеятельности. Участники продемонстрируют свои разносторонние таланты и обязательно споют, ведь песня испокон веков сопровождает русского человека и в печали, и в радости. </p><p>В постановке песни превращаются в реальные истории: от Ивана Петина жена ушла, да не просто ушла, а сбежала с офицером, а в семье Худяковых родился младенец без отца, а Венька Зяблицкий – тот вообще тещу в туалете заколотил. И каждая такая история оборачивается исповедью. «Земляки» – это постановка про русских людей, которым горе не беда, а печаль в радость. Это постановка про родную страну – огромную, прекрасную и непостижимую. </p>", "shortDescription": "Лирическая комедия Василия Шукшина.", "min_price": 550, "max_price": 1000, "link": "https://komedianty.com/afisha/2022-01#performance=18169985", "status": "accepted", "updateDate": 1639575191346, "start": 1632844800000, "end": 1643478000000, "createDate": 1627515216470, "inAccepted": true, "acceptDate": 1639207000431, "image": {"author": "https://komedianty.com/spektakl/zemlyaki?event_id=1720", "name": "db678181db14d29de4679a6ab49decb9.jpeg", "realName": "56116c5b3159a376122724.jpg", "source": "https://komedianty.com/spektakl/zemlyaki?event_id=1720"}, "photo": "https://pro.culture.ru/uploads/db678181db14d29de4679a6ab49decb9.jpeg", "gallery": ["https://pro.culture.ru/uploads/425b26b6f925a6138de8c68f151f471c.jpeg"], "category": {"name": "Спектакли", "sysName": "spektakli"}, "time": {"start": "2021-09-28 16:00:00", "end": "2022-01-29 17:40:00"}}, {"id": 1241793, "name": "Спектакль «Карлсон»", "age": 0, "description": "<p> В одном самом обыкновенном городе, в самой обыкновенной семье жил-был самый обыкновенный Малыш. И у него были чудесные папа и мама, которые его очень любили. Но, к сожалению, папа и мама были настолько погружены в свои взрослые заботы, что Малыш частенько чувствовал себя очень одиноким. Так бы оно все и продолжалось, если бы в один из самых обыкновенных дней не началась самая необыкновенная в жизни Малыша история – знакомство с бедокуром и озорником Карлсоном, который живет на крыше! </p><p>Актеры театра «Комедианты» разыграют перед зрителем знакомый и любимый всеми сюжет – с новыми акцентами и интонациями. Спектакль полон ярких красок, озорного юмора, музыки и танцев. Специально для спектакля написаны замечательные песни. </p>", "shortDescription": "Постановка по мотивам повести Астрид Линдгрен.", "min_price": 350, "max_price": 600, "link": "https://komedianty.com/afisha/2022-01#performance=18169957", "status": "accepted", "updateDate": 1639588189070, "start": 1632646800000, "end": 1643450700000, "createDate": 1627514503776, "inAccepted": true, "acceptDate": 1639207026596, "image": {"author": "https://komedianty.com/spektakl/karlson?event_id=1717", "name": "489ca8bfd2d518ce853d169a7bef0fa4.jpeg", "realName": "56116c56500dd120259647.jpg", "source": "https://komedianty.com/spektakl/karlson?event_id=1717"}, "photo": "https://pro.culture.ru/uploads/489ca8bfd2d518ce853d169a7bef0fa4.jpeg", "gallery": ["https://pro.culture.ru/uploads/783f8a689c9eb0ea25aa28af1f9c44cc.jpeg", "https://pro.culture.ru/uploads/56c2afcc7c8b3fc16bc43d19592e4501.jpeg"], "category": {"name": "Спектакли", "sysName": "spektakli"}, "time": {"start": "2021-09-26 09:00:00", "end": "2022-01-29 10:05:00"}}, {"id": 1241792, "name": "Спектакль «Поминальная молитва»", "age": 16, "description": "<p>«В деревне Анатовка с давних пор жили русские, украинцы и евреи. Жили вместе, работали вместе, только умирать ходили каждый на свое кладбище… Таков обычай!»</p><p>По обычаю русские женились на русских, а евреи – на евреях. Отец семейства сам должен был выдавать замуж своих дочерей. У главного героя, молочника Тевье, дочерей целых пять. Кругом революции, гонения и погромы, и в воздухе витают новые идеи. И нелегко будет принять старому Тевье то, что его дочери выберут себе женихов сами, даже вопреки вере и традициям. На помощь героям приходит любовь и юмор.</p><p> «Все смеются и плачут» так заканчивается пьеса Г. Горина, признанная его лучшим драматическим произведением. «Поминальная молитва» написана по повести «Тевье-Молочник» Шолом-Алейхема, классика еврейской литературы.</p>", "shortDescription": "Трагикомедия по повести «Тевье-Молочник» Шолом-Алейхема, классика еврейской литературы.", "min_price": 750, "max_price": 1200, "link": "https://komedianty.com/afisha/2021-09#performance=18150295", "needCheck": true, "status": "accepted", "updateDate": 1633596035111, "start": 1632668400000, "end": 1636828800000, "createDate": 1627513902362, "inAccepted": true, "acceptDate": 1633596035216, "image": {"author": "Драматический театр \"Комедианты\"", "name": "c2cca3cadb47d49a9c89fa4bc7d22541.jpeg", "realName": "a3b4e96cbf0787401a7a47a04d73da95.jpeg", "source": "https://komedianty.com/spektakl/pominalnaia-molitva?event_id=1718"}, "photo": "https://pro.culture.ru/uploads/c2cca3cadb47d49a9c89fa4bc7d22541.jpeg", "gallery": ["https://pro.culture.ru/uploads/4e3860b4b575520da931b42d277a53fe.jpeg"], "category": {"name": "Спектакли", "sysName": "spektakli"}, "time": {"start": "2021-09-26 15:00:00", "end": "2021-11-13 18:40:00"}}, {"id": 1241790, "name": "Спектакль «Женитьба»", "age": 16, "description": "<p>«Если бы губы Никанора Ивановича да приставить к носу Ивана Кузьмича, да взять сколько-нибудь развязности, какая у Балтазара Балтазарыча, да, пожалуй, прибавить к этому еще дородности Ивана Павловича…» – эх, вот бы вышел муж для купеческой дочки Агафьи Тихоновны! Все женихи – как на подбор. Один – моряк, другой – отставной офицер, третий, страшно подумать – экзекутор! Выбор невесты, в конце концов, падает на надворного советника Подколесина, который, в свою очередь, тоже терзается неразрешимыми сомнениями: холостяцкая свобода или полный дом маленьких кричащих Подколесиных.</p><p>Внимательное и любовное отношение к классике в сочетании с острым ощущением современности дает неожиданный результат. </p>", "shortDescription": "Сценическая версия пьесы, названная «самой поэтической «Женитьбой» в Петербурге.", "min_price": 550, "max_price": 1000, "link": "https://komedianty.com/afisha/2022-01#performance=18169949", "needCheck": true, "status": "accepted", "updateDate": 1639646596014, "start": 1633017600000, "end": 1641319200000, "createDate": 1627513069866, "inAccepted": true, "acceptDate": 1633595386247, "image": {"author": "Театр Комедианты", "name": "0e213d61af7fe058261a58f5dcd2b172.jpeg", "realName": "mFaRBKjRPMM.jpg", "source": "https://komedianty.com/spektakl/zhenitba?event_id=1721"}, "photo": "https://pro.culture.ru/uploads/0e213d61af7fe058261a58f5dcd2b172.jpeg", "gallery": [], "category": {"name": "Спектакли", "sysName": "spektakli"}, "time": {"start": "2021-09-30 16:00:00", "end": "2022-01-04 18:00:00"}}, {"id": 1232162, "name": "Спектакль «В Париж!»", "age": 16, "description": "<p>Ранние рассказы А. П. Чехова, напечатанные под псевдонимом А. Чехонте, на театральную сцену попали лишь недавно. Эта постановка, построенная на непрерывном движении и пластике, рассказывает о том, как многие мечтают о Париже, но зачастую дальше Курска уехать не способны. </p><p>Перед зрителями предстанут юмористические картины из жизни заурядного уездного города N. Вот бал, на котором обязательно сплетничают; вот «образцовая» семейная жизнь с закулисными ссорами и драками; вот влюбленность, естественно, несчастливая; вот мечты о будущем, конечно, неосуществимые. А началось все с того, что двух подвыпивших героев покусала собака, и достопочтенное общество городка собирает деньги, чтобы отправить их на лечение в Париж!</p>", "shortDescription": "Экстравагантная комедия по ранним рассказам А. П. Чехова.", "min_price": 350, "max_price": 800, "link": "https://komedianty.com/afisha/2022-01#performance=18169987", "status": "accepted", "updateDate": 1639656786321, "start": 1632326400000, "end": 1643565600000, "createDate": 1626908540866, "inAccepted": true, "acceptDate": 1639487136753, "image": {"author": "Драматический театр \"Комедианты\"", "name": "ef5d8f5ccf492ff1fbb1d6e5ecec0c67.jpeg", "realName": "-_4joRNCMkw.jpg", "source": "https://vk.com/photo-15602252_356537690"}, "photo": "https://pro.culture.ru/uploads/ef5d8f5ccf492ff1fbb1d6e5ecec0c67.jpeg", "gallery": ["https://pro.culture.ru/uploads/16c860be25cbe8656040dec85210e8fb.jpeg", "https://pro.culture.ru/uploads/519487b0de902b3b78adb9284f7fb4ec.jpeg"], "category": {"name": "Спектакли", "sysName": "spektakli"}, "time": {"start": "2021-09-22 16:00:00", "end": "2022-01-30 18:00:00"}}, {"id": 1232161, "name": "Спектакль «Волки и овцы»", "age": 16, "description": "<p>Почтенная «волчица» крепко держит бразды правления в маленьком губернском городке. Она вершит судьбы покорных ей «овечек», надежно прикрываясь общественной моралью. Женить непутевого племянника на богатой молоденькой вдове, напугав ее несуществующим долгом покойного мужа, и забрать в свои руки ее имение – все складывается успешно.</p><p> Но неожиданно в ее планы вмешивается новый персонаж, деловой перспективный «волк» – жених безутешной вдовы. Овцы кротки, и кажется, исход предсказуем. Но не перегрызут ли волки друг другу глотки в борьбе за очередную заблудившуюся овцу?!</p><p>Пьесы Островского актуальны во все времена. На сцене вас ожидает созвучное современному времени действо, наполненное юмором и цинизмом, с узнаваемыми характерами и неоднозначным финалом.</p>", "shortDescription": "По-прежнему злободневная пьеса А. Н. Островского.", "min_price": 550, "max_price": 1000, "link": "https://komedianty.com/afisha/2022-01#performance=18169983", "status": "accepted", "updateDate": 1639646905341, "start": 1632063600000, "end": 1643398200000, "createDate": 1626906610250, "inAccepted": true, "acceptDate": 1639206976061, "image": {"author": "Драматический театр \"Комедианты\"", "name": "73671d1b7fa2d992ebbbcd35a19361b0.jpeg", "realName": "v_WliCAN-KA.jpg", "source": "https://komedianty.com/spektakl/volki-i-ovtsy?event_id=1711"}, "photo": "https://pro.culture.ru/uploads/73671d1b7fa2d992ebbbcd35a19361b0.jpeg", "gallery": [], "category": {"name": "Спектакли", "sysName": "spektakli"}, "time": {"start": "2021-09-19 15:00:00", "end": "2022-01-28 19:30:00"}}, {"id": 1232160, "name": "Спектакль «Дачницы»", "age": 16, "description": "<p> Современная семья – Бабушка, Мама, Дочка и Домработница – однажды решились и сняли за городом дачу для того, чтобы отдохнуть от сумасшедшей городской жизни. И захотели они хотя бы на короткий срок отпуска пожить совершенно по-новому: «без мужиков и без телевизоров» и «стать, наконец, женщинами!» Действующие лица спектакля не имеют имен! Даже Хозяйка, у которой героини сняли дачу, зовется просто – Хозяйка. Но все они объединены одним общим именем Женщины. Современные женщины, которые сами зарабатывают деньги, сами покупают себе цветы и духи, сами воспитывают детей, втайне все равно мечтают о Мужчине, единственном и желанном. И был бы этот отпуск спокоен и скучен, если бы на той самой даче, которую сняли героини подальше от «мужиков», ими не было бы обнаружено Мужское Тело. Мертвое! </p>", "shortDescription": "Фарс-детектив по пьесе Владимира Карасева.", "min_price": 550, "max_price": 996, "link": "https://komedianty.com/afisha/2021-09#performance=18150284", "status": "accepted", "updateDate": 1630127458454, "start": 1631977200000, "end": 1631986200000, "createDate": 1626905788933, "inAccepted": true, "acceptDate": 1630303841297, "image": {"author": "Драматический театр \"Комедианты\"", "name": "240ad053aed6a07d4c42498e9a337db8.jpeg", "realName": "jRL1_agRAbk.jpg", "source": "https://komedianty.com/spektakl/dachnitsy?event_id=1709"}, "photo": "https://pro.culture.ru/uploads/240ad053aed6a07d4c42498e9a337db8.jpeg", "gallery": ["https://pro.culture.ru/uploads/284f186f37154784c83b9204c991825b.jpeg", "https://pro.culture.ru/uploads/5b9f0180cc9b87c58191b19bb665fb33.jpeg", "https://pro.culture.ru/uploads/f53d1831452a87a3ce2924ec6c076b35.jpeg"], "category": {"name": "Спектакли", "sysName": "spektakli"}, "time": {"start": "2021-09-18 15:00:00", "end": "2021-09-18 17:30:00"}}, {"id": 1232159, "name": "Спектакль «Сегодня расписался с одной, завтра с другой»", "age": 16, "description": "<p>Квадратура круга ‒ это один из самых известных неразрешимых математических случаев. А как решат подобную жизненную проблему герои спектакля «Сегодня расписался с одной, завтра с другой» можно увидеть в театре «Комедианты».</p><p>Двадцатые годы двадцатого столетия, время строительства коммунизма и НЭП. Два молодых советских человека Василий и Абрам, проживающих в одной коммуналке, женятся в один день и приводят жен в общую комнату, в надежде что товарищ поймет... Комичная ситуация, а еще более забавно то, как все герои будут ее решать. </p>", "shortDescription": "Водевиль в двух действиях по пьесе Валентина Катаева «Квадратура круга».", "min_price": 750, "max_price": 1500, "link": "https://komedianty.com/afisha/2022-01#performance=18169950", "status": "accepted", "updateDate": 1639632761960, "start": 1631894400000, "end": 1642958400000, "createDate": 1626904532923, "inAccepted": true, "acceptDate": 1639207234488, "image": {"author": "Драматический театр \"Комедианты\"", "name": "df7b9a856fc15f924a5224f08fd06b28.jpeg", "realName": "1fioH5zso54.jpg", "source": "https://komedianty.com/spektakl/segodnya-raspisalsya-s-odnoy-zavtra-s-drugoy?event_id=1708"}, "photo": "https://pro.culture.ru/uploads/df7b9a856fc15f924a5224f08fd06b28.jpeg", "gallery": ["https://pro.culture.ru/uploads/4a42801a393841acb83dcd5bd33260a0.jpeg", "https://pro.culture.ru/uploads/256429afbf6507a4ced0cc70a00b596a.jpeg"], "category": {"name": "Спектакли", "sysName": "spektakli"}, "time": {"start": "2021-09-17 16:00:00", "end": "2022-01-23 17:20:00"}}, {"id": 1110370, "name": "Спектакль «Дети Ноя»", "age": 16, "description": "<p> Спектакль «Дети Ноя» стал лауреатом Международного фестиваля кукольных и синтетических театров КУКART-XV.</p><p>Вторая Мировая война. Мальчик по имени Жозеф, спасаясь от фашистов и смерти в концлагере, знакомится с католическим священником Понсом, который в своем приюте скрывает детей. <br />Спектакль не только о войне. Это история о дружбе, любви, надежде и вере, о том, что и на фоне страшных событий того времени есть место добрым поступкам и человечности.<br /></p><p>В основе спектакля повесть Эрика-Эмманюэля Шмитта, одного из самых читаемых и играемых на сцене французских авторов. Его книги переведены на пятьдесят языков мира. Он лауреат Гонкуровской премии, обладатель Гран-при французской академии и других престижных наград.</p>", "shortDescription": "Литературная постановка по повести Э.-Э. Шмитта.", "min_price": 350, "max_price": 800, "link": "https://komedianty.com/afisha/2021-09#performance=18150291", "status": "accepted", "updateDate": 1632217635513, "start": 1632412800000, "end": 1632421200000, "createDate": 1620912688845, "inAccepted": true, "acceptDate": 1632217635524, "image": {"author": "Фотограф - Ирина Ковалёва-Кондурова", "name": "ae7bdcaffdea5e0cb5ca40b6bd947585.jpeg", "realName": "9LJB_k0_u2w.jpg", "source": "https://vk.com/teatrkomediantispb"}, "photo": "https://pro.culture.ru/uploads/ae7bdcaffdea5e0cb5ca40b6bd947585.jpeg", "gallery": ["https://pro.culture.ru/uploads/1fd0fb0871e840fb2284876fdcd3ad39.jpeg", "https://pro.culture.ru/uploads/c577912ad3b6d57a736fcfc3beeaf06b.jpeg", "https://pro.culture.ru/uploads/c533d138dfb8e32c6e77fce7e846de9b.jpeg", "https://pro.culture.ru/uploads/babc4a16d3b98efab308d127e19e345e.jpeg"], "category": {"name": "Спектакли", "sysName": "spektakli"}, "time": {"start": "2021-09-23 16:00:00", "end": "2021-09-23 18:20:00"}}, {"id": 1109949, "name": "Спектакль «Поллианна»", "age": 12, "description": "<p>Одиннадцатилетняя девочка после смерти отца переезжает в небольшой городок, в дом своей тети. Здесь довольно скучный уклад, тетя Полли строга и властна, но Поллианна абсолютно не желает жить по указке. У нее есть секрет – игра, которой ее научил отец. Смысл игры очень прост: находить радость в любой ситуации. «И чем труднее найти радость, тем интереснее», – говорит Поллианна, успев поделиться своим оптимизмом с жителями городка. С появлением племянницы в унылом существовании самой тети Полли происходят изменения: она открывает для себя, как все-таки прекрасна жизнь, а некий симпатичный мужчина – доктор Томас Чилтон – отвергнутый когда-то навсегда, переступает порог ее дома.</p><p>Режиссер-постановщик, художественный руководитель – заслуженный деятель искусств России Михаил Левшин.</p>", "shortDescription": "История для семейного просмотра.", "min_price": 550, "max_price": 800, "link": "https://komedianty.com/spektakl/pollianna?event_id=1712#performance=18150289", "status": "accepted", "updateDate": 1632217639609, "start": 1632240000000, "end": 1632249000000, "createDate": 1620906876822, "inAccepted": true, "acceptDate": 1632217639621, "image": {"author": "Драматический театр \"Комедианты\"", "name": "37b35d261dfcc0ab204700e1667b39eb.jpeg", "realName": "IMG_5020.jpg", "source": "https://komedianty.com/spektakl/pollianna?event_id=1712#performance=18150289"}, "photo": "https://pro.culture.ru/uploads/37b35d261dfcc0ab204700e1667b39eb.jpeg", "gallery": ["https://pro.culture.ru/uploads/00659492a94779d1e42d272864363e85.jpeg", "https://pro.culture.ru/uploads/45c96b0d44798620e79cea857c52a0e8.jpeg", "https://pro.culture.ru/uploads/13ada875688cc7ad15ac4a5b89aa05cd.jpeg", "https://pro.culture.ru/uploads/c9d356728563b5f874f3dedfaed47d04.jpeg"], "category": {"name": "Спектакли", "sysName": "spektakli"}, "time": {"start": "2021-09-21 16:00:00", "end": "2021-09-21 18:30:00"}}, {"id": 1050914, "name": "Спектакль «Дети Ноя»", "age": 16, "description": "<p> Здесь есть люди, одним из которых можно доверять, а другим – нет, здесь не всякий соотечественник – друг, и не каждый немец – враг. Отец Понс не просто прячет еврейских детей, а помогает им оставаться собой в ситуации, когда проще быть кем-то другим, помогает оставаться верными своей религии, родителям, оставаться со своим народом, который не всегда может защитить. <br /></p><p>Война может ворваться в любой, даже самый тихий уголок планеты и принести горе и страх. Но постановка расскажет не только о войне. Она также поведает о вере, дружбе, доброте и человечности. </p>", "shortDescription": "Постановка по мотивам повести Эрика-Эмманюэля Шмитта.", "min_price": 350, "max_price": 800, "link": "https://www.komedianty.com/afisha/2022-01#performance=18169982", "status": "accepted", "updateDate": 1639595770240, "start": 1620403200000, "end": 1643307300000, "createDate": 1618311554751, "inAccepted": true, "acceptDate": 1639209136874, "image": {"author": "группа Вконтакте театра \"Комедианты\"", "name": "9feb7f9a79905cdf2fc274ec7c3ebe65.jpeg", "realName": "3XRKTIXAlpI.jpg", "source": "https://vk.com/album-15602252_278803645"}, "photo": "https://pro.culture.ru/uploads/9feb7f9a79905cdf2fc274ec7c3ebe65.jpeg", "gallery": ["https://pro.culture.ru/uploads/888cd3f667d498618652ae9284051a1d.jpeg", "https://pro.culture.ru/uploads/f20d452323e710ad0cbb06fa0445276b.jpeg", "https://pro.culture.ru/uploads/304bdd7e172b9b880f11bc7a377d21d6.jpeg", "https://pro.culture.ru/uploads/257c5d731b99dbd3623d8df3aa4b1ff8.jpeg"], "category": {"name": "Спектакли", "sysName": "spektakli"}, "time": {"start": "2021-05-07 16:00:00", "end": "2022-01-27 18:15:00"}}, {"id": 1049005, "name": "Спектакль «Училка из будущего»", "age": 12, "description": "<p>«До чего дошел прогресс? До невиданных чудес!» </p><p>В некотором будущем детям больше не нужно ходить в школу! Обучение проходит на дому под руководством индивидуального робота – «училки». А живые учителя стали просто никому не нужны. И вот одна из бывших учительниц – Нэнси Аллен – под видом домашнего обучающего робота устраивается в семью четырнадцатилетнего мальчика Марка. В обыкновенную семью из будущего, где папа сутками пропадает на работе, а мама проводит все свободное время за просмотром телепередач по «телеглазу». </p><p>А истина проста, но важна: детям будущего, как и современным ребятам, нужен вовсе не робот, а живой учитель, который не просто ответит на всевозможные «Что?» и «Почему?», а подарит свой опыт и эмоции. Ведь робот никогда не будет другом, советчиком, не сможет помочь ребенку стать Человеком. </p>", "shortDescription": "Фэнтези по мотивам мировой фантастики ХХ века.", "min_price": 550, "max_price": 800, "link": "https://komedianty.com/spektakl/uchilka-iz-budushchego?event_id=1710#performance=18150285", "status": "accepted", "updateDate": 1632217662963, "start": 1632042000000, "end": 1633258800000, "createDate": 1618237433141, "inAccepted": true, "acceptDate": 1632122680651, "image": {"author": "Драматический театр \"Комедианты\"", "name": "3bcacf78f07dacc01e299154ce5e9a41.jpeg", "realName": "училкаБ.jpg", "source": "https://komedianty.com/spektakl/uchilka-iz-budushchego?event_id=1710"}, "photo": "https://pro.culture.ru/uploads/3bcacf78f07dacc01e299154ce5e9a41.jpeg", "gallery": [], "category": {"name": "Спектакли", "sysName": "spektakli"}, "time": {"start": "2021-09-19 09:00:00", "end": "2021-10-03 11:00:00"}}, {"id": 745867, "name": "Спектакль «Дурочка»", "age": 16, "description": "<p>Действие «Дурочки» относит зрителя в далекий XVII век, в славный город Мадрид, который населяют сплошь благородные кабальеро и прекрасные сеньориты.</p><p> У мужчины есть две дочери, которых он хочет выдать замуж. Одна – умница, «учена так, что оторопь берет», но, к несчастью всех ее обожателей, обделена наследством. Другая – богата, но ума в ней, согласно людской молве, кот наплакал. Дура – и все тут.</p><p>Интриги опутывают дом старого гранда, как ветви хмельного дикого винограда. Здесь лукавые слуги всюду суют свой любопытный острый нос. Потенциальные женихи обеих невест ведут словесные дуэли, которые уже готовы перерасти в самые что ни на есть настоящие. Но чувства разуму неподвластны, и в один прекрасный момент у «дуры» обязательно появится удивительный учитель – любовь!<br /></p>", "shortDescription": "У богатого испанского гранда – две красивые и любимые дочери на выданье.", "min_price": 750, "max_price": 1200, "link": "https://komedianty.com/afisha/2022-01#performance=18169951", "status": "accepted", "updateDate": 1639632771824, "start": 1601481600000, "end": 1642790700000, "createDate": 1600866893948, "inAccepted": true, "acceptDate": 1639562406618, "image": {"author": "Анастасия Филиппова", "name": "e0842f4d52c8cd7a3923aa6299884254.jpeg", "realName": "6U-okmx2t5Y.jpg", "source": "https://komedianty.com/spektakl/durochka?event_id=1728"}, "photo": "https://pro.culture.ru/uploads/e0842f4d52c8cd7a3923aa6299884254.jpeg", "gallery": ["https://pro.culture.ru/uploads/e79b45984623f2883482ac23b81205de.jpeg", "https://pro.culture.ru/uploads/4b0ce6757c8934940a02e20a9c4f1848.jpeg", "https://pro.culture.ru/uploads/7ff8d0b871e37bf81566c7d2e7bcf926.jpeg", "https://pro.culture.ru/uploads/4a4378f37d8a07b201124157e0d1f752.jpeg", "https://pro.culture.ru/uploads/8de878bf7186a5ea13de23f4ecf1931d.jpeg", "https://pro.culture.ru/uploads/6175ae4269cad76d14249d23f3d1de87.jpeg"], "category": {"name": "Спектакли", "sysName": "spektakli"}, "time": {"start": "2020-09-30 16:00:00", "end": "2022-01-21 18:45:00"}}, {"id": 584679, "name": "Спектакль «Страсти по-итальянски»", "age": 16, "description": "<p> Один любитель бесцельно побродить по улицам околдован женщиной, любительницей каждое утро понежиться в ванной прямо на балконе своей квартиры. А та, оказывается, вовсе не против провести с ним ночь, но что бы вы думали?! За 10000 лир! И… возле трупа своего мужа… </p><p>А на соседней улочке скучает фотограф в своем маленьком фотоателье. Удача забредает к нему в обличие влюбленной парочки, желающей воспользоваться его услугами… И не успевает фотограф найти нужное освещение, как Амур ранит его прямо в нежное итальянское сердце! </p><p>«Почти невероятные истории из жизни неаполитанцев, описанные великим итальянским комедиографом», идут уже 20 лет. </p>", "shortDescription": "Почти невероятные истории из жизни неаполитанцев.", "min_price": 350, "max_price": 800, "link": "https://komedianty.com/spektakl/strasti-po-italyanski?event_id=1723#performance=18156881", "status": "accepted", "updateDate": 1632217834586, "start": 1633186800000, "end": 1640712600000, "createDate": 1582118439673, "inAccepted": true, "acceptDate": 1632217834614, "image": {"author": "https://komedianty.com/spektakl/strasti-po-italyanski?event_id=1723#performance=18156881", "name": "99d2b48d0693eac8e5c3affab6af9be2.jpeg", "realName": "DSC_6750.jpg", "source": "https://komedianty.com/spektakl/strasti-po-italyanski?event_id=1723#performance=18156881"}, "photo": "https://pro.culture.ru/uploads/99d2b48d0693eac8e5c3affab6af9be2.jpeg", "gallery": ["https://pro.culture.ru/uploads/f8daac7f8f52db1dae3771fce51626d9.jpeg", "https://pro.culture.ru/uploads/8d83e865d51921c736bde3e50e4ee15e.jpeg", "https://pro.culture.ru/uploads/da18b8925fe0909915c2f4c68974de90.jpeg", "https://pro.culture.ru/uploads/b65e390e7b03685b9f9a3b44d6778a6f.jpeg"], "category": {"name": "Спектакли", "sysName": "spektakli"}, "time": {"start": "2021-10-02 15:00:00", "end": "2021-12-28 17:30:00"}}, {"id": 505570, "name": "Спектакль «Кыцик, Мыцик и тётушка Мари»", "age": 0, "description": "<p> Спектакль получил диплом ХIХ фестиваля «Театры Санкт-Петербурга – детям» за игровое общение с маленькими зрителями (2010 г.). Эта весёлая музыкальная история о дружбе мышонка Мыцика, рыжего котёнка Кыцика и одинокой тётушки Мари позабавит маленьких зрителей и заставит задуматься о том, что друг может оказаться совсем не похожим на тебя… </p><p>В уютном и чистеньком домике живет одинокая тётушка Мари. У неё только одна печаль – мышиная возня. А у маленького и очень весёлого мышонка одна забота – найти друзей. Неожиданный подарок тётушки Мари мышонку Мыцику переворачивает всё с ног на голову. </p>", "shortDescription": "Весёлая история о необыкновенной дружбе.", "min_price": 350, "max_price": 600, "link": "https://komedianty.com/spektakl/kytsik-mytsik-i-tetushka-mari?event_id=1752#performance=18156913", "status": "accepted", "updateDate": 1631716581780, "start": 1573207200000, "end": 1635674400000, "createDate": 1572429763805, "inAccepted": true, "acceptDate": 1631716581787, "image": {"author": "https://komedianty.com/spektakl/kytsik-mytsik-i-tetushka-mari?event_id=1752", "name": "89001c90fa2bf4756ef7b3a580a73518.jpeg", "realName": "Кыцик.jpg", "source": "https://komedianty.com/spektakl/kytsik-mytsik-i-tetushka-mari?event_id=1752"}, "photo": "https://pro.culture.ru/uploads/89001c90fa2bf4756ef7b3a580a73518.jpeg", "gallery": ["https://pro.culture.ru/uploads/9c3438a279e7e39e2dd91c5eb9e8f8c5.jpeg", "https://pro.culture.ru/uploads/1d1e90ca14073166ce8013b37d272053.jpeg", "https://pro.culture.ru/uploads/056c0a1469feadb60a5e8591c8f941de.jpeg", "https://pro.culture.ru/uploads/6dee70131488501fc00e6456a8e1331f.jpeg"], "category": {"name": "Спектакли", "sysName": "spektakli"}, "time": {"start": "2019-11-08 10:00:00", "end": "2021-10-31 10:00:00"}}, {"id": 488082, "name": "Спектакль «Если поженились, значит, жить придется!»", "age": 18, "description": "<p> С тех пор как мужчина и женщина стали жить вместе, появились «семейные проблемы». Конечно, можно сходить к психологу или же использовать «театральную» терапию – взглянуть на проблемы семейной жизни с комической, а может, даже с гротесковой стороны. В спектакле показаны три фарса. В одном – жена с тещей «пилят» мужа и доводят его до отчаяния (знакомо, не правда ли?), в другом, наоборот, мужу наскучила «жена у корыта», и он решает завести шашни с молоденькой соседкой. Ситуации старые как мир! Но какие оригинальные выходы находят из них герои! Авторы спектакля, идя вслед за народным театром, смело соединили балет с драмой, оперу – с народной комедией, и, перемешав все это как следует, предлагают зрителям творческий «винегрет», приправленный озорными шутками. </p>", "shortDescription": "Озорная комедия по французским средневековым фарсам.", "min_price": 550, "max_price": 1000, "link": "https://komedianty.com/afisha/2021-09#performance=18150293", "status": "accepted", "updateDate": 1632217847484, "start": 1632582000000, "end": 1632592200000, "createDate": 1570618863472, "inAccepted": true, "acceptDate": 1632217847496, "image": {"author": "Драматический театр \"Комедианты\"", "name": "f89dc399ce975402f5d4ec64d886d764.jpeg", "realName": "LUSbGVxNWuY.jpg", "source": "https://komedianty.com/spektakl/esli-pozhenilis-znachit-zhit-pridetsya?event_id=1716"}, "photo": "https://pro.culture.ru/uploads/f89dc399ce975402f5d4ec64d886d764.jpeg", "gallery": ["https://pro.culture.ru/uploads/92e1318e0ceb7667fb7c0e3f8c2e7ed8.jpeg", "https://pro.culture.ru/uploads/862a8bd04a4a6b16bf739b62485fd014.jpeg", "https://pro.culture.ru/uploads/05a46942959ca2804158034f13a6e55f.jpeg", "https://pro.culture.ru/uploads/78874c2685a727d593585e62d7663f2d.jpeg", "https://pro.culture.ru/uploads/b6f9a04cf1d147b815711a3ff7f7bc5b.jpeg"], "category": {"name": "Спектакли", "sysName": "spektakli"}, "time": {"start": "2021-09-25 15:00:00", "end": "2021-09-25 17:50:00"}}, {"id": 436683, "name": "Спектакль «Лекарь поневоле»", "age": 16, "description": "<p>Выдающийся «Моцарт драматургии» Мольер в этой работе выводит на зрительский суд ловкого, предприимчивого, креативного и весьма изобретательного «обманщика» Сганареля, который поневоле становится лекарем дочки одного знатного барина, чья болезнь крайне непроста: девушка перестала говорить. </p><p>Сам Мольер до конца своих дней играл эту пьесу с ошеломительным успехом, а режиссер Михаил Левшин открывает ее с новой стороны: в Сганареле вместо честолюбивых мотивов он видит человека, совершившего «обман во благо» и стремившегося вершить добрые дела. Спектакль предлагает зрителю расширить свои представления о собственных возможностях, пробовать, рисковать, примерять на себя новые социальные роли, а людскую наивность и доверчивость использовать не с корыстью, а во благо общества.</p>", "shortDescription": "По пьесе Ж.-Б. Мольера.", "min_price": 750, "max_price": 1500, "link": "https://komedianty.com/spektakl/lekar-ponevole?event_id=1725#performance=18156883", "status": "accepted", "updateDate": 1631716585016, "start": 1561820400000, "end": 1633282200000, "createDate": 1560947662291, "inAccepted": true, "acceptDate": 1631716585028, "image": {"author": "https://komedianty.com/spektakl/lekar-ponevole?event_id=1725", "name": "912bc3eb9c1e6880d53d8ca094cc2dc2.jpeg", "realName": "Лекарь поневоле_2.jpg", "source": "https://komedianty.com/spektakl/lekar-ponevole?event_id=1725"}, "photo": "https://pro.culture.ru/uploads/912bc3eb9c1e6880d53d8ca094cc2dc2.jpeg", "gallery": ["https://pro.culture.ru/uploads/39147016229259dfad86279e74b55ff1.jpeg", "https://pro.culture.ru/uploads/b1c959c8f5192131c7bc8c73fe53e7be.jpeg", "https://pro.culture.ru/uploads/28cf359e352905ebe1d6c461c68917cc.jpeg"], "category": {"name": "Спектакли", "sysName": "spektakli"}, "time": {"start": "2019-06-29 15:00:00", "end": "2021-10-03 17:30:00"}}, {"id": 398559, "name": "Спектакль «Поллианна»", "age": 12, "description": "<p>Одиннадцатилетняя девочка после смерти отца переезжает в небольшой городок, в дом своей тети. Ее ждал довольно скучный уклад, тетя Полли строга и властна, но Поллианна абсолютно не желает жить по указке. У нее есть секрет – игра, которой ее научил отец. Смысл игры очень прост: находить радость в любой ситуации. «И чем труднее найти радость, тем интереснее», – говорит Поллианна, успев поделиться своим оптимизмом с жителями городка.</p><p> С появлением племянницы в унылом существовании самой тети Полли происходят изменения: она открывает для себя, как все-таки прекрасна жизнь, а некий симпатичный мужчина, доктор Томас Чилтон, отвергнутый когда-то навсегда, переступает порог ее дома. </p><p>Гостей ждет много музыки (композитор – Евгений Петров), а также пластические этюды, забавные сцены и приятные сюрпризы. Каждый получит свою долю душевного оздоровления.</p>", "shortDescription": "Постановка для семейного просмотра.", "min_price": 550, "max_price": 800, "link": "https://komedianty.com/afisha/2022-01#performance=18169959", "status": "accepted", "updateDate": 1639572864627, "start": 1555516800000, "end": 1641925800000, "createDate": 1554894591730, "inAccepted": true, "acceptDate": 1639118526419, "image": {"author": "https://komedianty.com/spektakl/pollianna?event_id=1726", "name": "696d98d861990e56546f7996e3ebd571.jpg", "realName": "Поллианна 16 марта_3.jpg", "source": "https://komedianty.com/spektakl/pollianna?event_id=1726"}, "photo": "https://pro.culture.ru/uploads/696d98d861990e56546f7996e3ebd571.jpg", "gallery": ["https://pro.culture.ru/uploads/efef1769cbf9014a10917738e690d128.jpg", "https://pro.culture.ru/uploads/455764de3d8dee883c2b7dc0898e7087.jpg", "https://pro.culture.ru/uploads/70b262b7019e28a5e7be71f5090d9dd8.jpg", "https://pro.culture.ru/uploads/ade6222b2a6aec774873d0c27745caa0.jpeg", "https://pro.culture.ru/uploads/8b69f471e2adc0c8a886338f65364633.jpeg", "https://pro.culture.ru/uploads/a13dd803f5a647fe93879e0d39f38d01.jpeg"], "category": {"name": "Спектакли", "sysName": "spektakli"}, "time": {"start": "2019-04-17 16:00:00", "end": "2022-01-11 18:30:00"}}, {"id": 167428, "name": "Спектакль «Я теперь ничего не боюсь»", "age": 16, "description": "<p>В глубинку из города приезжает учитель географии. Хрупкая и отчаянно нездешняя, похожая на экзотическую птицу героиня Таисии Попенко Эльза, на землю которой зрители попадают, вдруг оказывается растерянной перед внезапно родившимся чувством, словно девочка-подросток, и за краткое время своего романа стремительно наверстывает непрожитое – юношескую робость перед свиданием, трепет первого поцелуя, гордость статуса невесты, а затем впервые за долгие годы смирения обретает свой голос.</p> <p>Контраст реального и фантастического, земного и вечного в этом спектакле почти мучителен. «Земля Эльзы» выталкивает зрителя из зоны комфорта, требуя открыть глаза и поверить, что возможно все и никогда не поздно стать хозяином собственной жизни.</p>", "shortDescription": "Эта трогательная и нежная пьеса – своеобразный парафраз истории Ромео и Джульетты.", "min_price": 750, "max_price": 1500, "link": "https://komedianty.com/afisha/2022-01#performance=18169969", "status": "accepted", "updateDate": 1639688915474, "start": 1508342400000, "end": 1642704300000, "createDate": 1507719309781, "inAccepted": true, "acceptDate": 1639205831748, "image": {"author": "https://komedianty.com/spektakl/ya-teper-nichego-ne-boyus?event_id=1737", "name": "bc63b359e2b95e18c5dbaf05361e438d.jpg", "realName": "6A7POi5VmWw.jpg", "source": "https://komedianty.com/spektakl/ya-teper-nichego-ne-boyus?event_id=1737"}, "photo": "https://pro.culture.ru/uploads/bc63b359e2b95e18c5dbaf05361e438d.jpg", "gallery": ["https://pro.culture.ru/uploads/a698c68ddf01a8975b267b0c7ad5f713.jpg", "https://pro.culture.ru/uploads/60aa2b0b976f99d740417aed58368636.jpg", "https://pro.culture.ru/uploads/4807a3db483c7c8d8ffd0ca174f251cf.jpg", "https://pro.culture.ru/uploads/c9caa34f6ad4f5612131f2617aab4768.jpg", "https://pro.culture.ru/uploads/eb6ebe80ba4293a3a4c9fcdf883f19c6.jpg", "https://pro.culture.ru/uploads/bbd3ca1548bd2a619f1811306dc75913.jpg", "https://pro.culture.ru/uploads/441c4ac51e1207d8317359d9a6f91506.jpg", "https://pro.culture.ru/uploads/ae0c4f2387a6086a73d058aae3acab44.jpg"], "category": {"name": "Спектакли", "sysName": "spektakli"}, "time": {"start": "2017-10-18 16:00:00", "end": "2022-01-20 18:45:00"}}, {"id": 155163, "name": "Спектакль «На чистую воду, или Самая счастливая семья»", "age": 18, "description": "<p>Семейная идиллия, или посторонним вход воспрещен!</p><p>Обыкновенная квартира в хрущевке. Отпраздновав получку, муж прячет деньги от жены – и забывает, куда. В надежде отыскать пропажу супруга приглашает гипнотизера. Вот только, когда он приступает к работе, выясняется, что спрятанные деньги – далеко не единственная проблема семьи Бызовых. </p><p>Под гипнозом все тайное становится явным. Один за другим «из шкафа» появляются самые сокровенные секреты семьи Бызовых и заставляют героев по-новому посмотреть на свою жизнь. История, рассказанная в легком ироничном жанре, на самом деле повествует о серьезных и вечных проблемах семейных отношений.</p><p></p>", "shortDescription": "Ироничная история о семейных отношениях.", "min_price": 750, "max_price": 1500, "link": "https://komedianty.com/spektakl/na-chistuyu-vodu?event_id=1715#performance=18150292", "status": "accepted", "updateDate": 1632217866675, "start": 1632499200000, "end": 1632508200000, "createDate": 1503917126524, "inAccepted": true, "acceptDate": 1632217866693, "image": {"author": "Драматический театр \"Комедианты\"", "name": "0bdcb7d9f3f7c0a27e5a3dbf0448c36e.jpeg", "realName": "5a5ea7bb5b785543222513.jpg", "source": "https://komedianty.com/spektakl/na-chistuyu-vodu?event_id=1715"}, "photo": "https://pro.culture.ru/uploads/0bdcb7d9f3f7c0a27e5a3dbf0448c36e.jpeg", "gallery": ["https://pro.culture.ru/uploads/6b0ff3c666bd883cec01f21967f50513.jpg"], "category": {"name": "Спектакли", "sysName": "spektakli"}, "time": {"start": "2021-09-24 16:00:00", "end": "2021-09-24 18:30:00"}}, {"id": 32375, "name": "Спектакль «Завещание целомудренного бабника»", "age": 16, "description": "<p> Дон Жуан – фигура легендарная, скандальная. Этот образ много веков будоражит умы, вызывает желание творить величайших писателей, художников и музыкантов.</p><p> Гордый испанский аристократ, похититель женских сердец, распутник, ловелас, чуть ли не заключивший сделку с дьяволом, в спектакле театра «Комедианты» предстанет в неожиданном виде. Хитросплетения сюжета, проделки преданного слуги – шалопая Лепорелло, и, конечно, любовная история. Анатолий Крым в пьесе поднимает извечные вопросы – что есть любовь, что ищет женщина в мужчине и чем пленить загадочное женское сердце. Оживет легенда – прекрасная легенда о любви.</p>", "shortDescription": "Умирающий Дон Жуан призывает монаха для исповеди и раскрывает тайну величайшего любовника в мире.", "min_price": 750, "max_price": 1500, "link": "https://komedianty.com/afisha/2022-01#performance=18169960", "status": "accepted", "updateDate": 1639573915280, "start": 1633878000000, "end": 1642011600000, "createDate": 1458304005338, "inAccepted": true, "acceptDate": 1639206872878, "image": {"author": "https://komedianty.com/spektakl/zaveshchanie-tselomudrennogo-babnika?event_id=1732", "name": "ca4cc034aa1df004b743d8a5e086f15c.jpeg", "realName": "56e0008eece8d589730133.jpg", "source": "https://komedianty.com/spektakl/zaveshchanie-tselomudrennogo-babnika?event_id=1732"}, "photo": "https://pro.culture.ru/uploads/ca4cc034aa1df004b743d8a5e086f15c.jpeg", "gallery": ["https://pro.culture.ru/uploads/172a9e910c07cda34c44c8e17c6423ea.jpeg", "https://pro.culture.ru/uploads/e8680173d4fe31c785665b1b36d22545.jpeg", "https://pro.culture.ru/uploads/972b2d747503fc150a5cb73df023d97c.jpeg", "https://pro.culture.ru/uploads/924effdf99c1fda9d5b8aaf9d778862c.jpeg"], "category": {"name": "Спектакли", "sysName": "spektakli"}, "time": {"start": "2021-10-10 15:00:00", "end": "2022-01-12 18:20:00"}}]}