{"12665": [{"id": 1349286, "name": "Литературная гостиная «Достоевский – исследователь человеческих душ»", "age": 0, "description": "<p><span>Литературная гостиная посвящена <span> </span>200-летию Ф. М. Достоевского и <span> </span>знакомит с личностью писателя, философа и гуманиста, значимыми фактами его биографии, мировоззрением, основными литературными произведениями. </span></p><p><span>Подобранный материал направлен на <span> </span>популяризацию<span> </span>творчества <span> </span>писателя, развитие и углубление интереса к литературному наследию знаменитого автора, поднятию престижа классики, познанию лучших образцов мировой художественной прозы, <span> </span>приобщению <span> </span>разновозрастной аудитории к чтению <span> </span>произведений столь непростого мастера слова. </span></p><p><span>Будет представлена выставка<span> </span>книг писателя.</span> <span>В виртуальном формате<span> можно посмотреть</span> </span><span> </span><span>интервью с известными писателями, литературоведами, историками, филологами, актерами и режиссерами – теми, кто говорит и пишет о Достоевском.</span> </p>", "shortDescription": "Программа, посвященная жизни и творчеству Ф. М. Достоевского.", "min_price": 10, "link": "https://kursk.kassir.ru/muzey/fatejskiy-kraevedcheskiy-muzey/dostoevskiy-stranitsyi-sudbyi-i-tvorchestva_2021-10-20", "status": "accepted", "updateDate": 1635150258246, "start": 1634544000000, "end": 1634979600000, "createDate": 1632470102707, "inAccepted": true, "acceptDate": 1635150258264, "image": {"author": "Фатежский краеведческий музей", "name": "0774da0480c48287d00d712379f171ff.jpeg", "realName": "dscn9993.jpg", "source": "https://ok.ru/group/53824658276525"}, "photo": "https://pro.culture.ru/uploads/0774da0480c48287d00d712379f171ff.jpeg", "gallery": ["https://pro.culture.ru/uploads/086c5aaa9a9491fda82acce4165935fa.jpeg", "https://pro.culture.ru/uploads/a8e4d0fd6fd2ba2990821486d73fcfd0.jpeg"], "category": {"name": "Встречи", "sysName": "vstrechi"}, "time": {"start": "2021-10-18 08:00:00", "end": "2021-10-23 09:00:00"}}]}