{"11273": [{"id": 1279619, "name": "Программа «В гостях у разных профессий»", "age": 6, "description": "<p>Изучение и оценка потенциальных способностей и талантов юных участников. При помощи различных увлекательных психодиагностических методов можно будет глубже изучить личностные и деловые качества детей, а также оценить их предрасположенность к той или иной профессиональной деятельности.<br /> </p><p>Юные участники цикла будут знакомиться с разнообразными профессиями посредством ролевых игр, занимательных сценариев и костюмированных викторин. В программе занятий – обзоры новых детских книг о том, кем стать, а также задания на развитие ловкости, внимания, памяти и фантазии.<br /></p>", "shortDescription": "Цикл занятий для дошкольников, направленный на профориентацию и профессиональную диагностику.", "min_price": 750, "max_price": 750, "link": "https://www.mos.ru/afisha/event/145418257/", "status": "accepted", "updateDate": 1635750573319, "start": 1636549200000, "end": 1637762400000, "createDate": 1629280843222, "inAccepted": true, "acceptDate": 1635750573338, "image": {"author": "-", "name": "dccd06060cb1743268e4be37f490a694.jpeg", "realName": "pexels-andrea-piacquadio-3771074.jpg", "source": "-"}, "photo": "https://pro.culture.ru/uploads/dccd06060cb1743268e4be37f490a694.jpeg", "gallery": [], "category": {"name": "Встречи", "sysName": "vstrechi"}, "time": {"start": "2021-11-10 13:00:00", "end": "2021-11-24 14:00:00"}}]}