{"12353": [{"id": 1475735, "name": "Программа «День Героев Отечества»", "age": 12, "description": "<p>Мероприятие приурочено ко Дню Героев Отечества – 9 декабря. В 2021 году в России отметили 80-летие со дня начала Великой Отечественной войны. В ходе мероприятия будут работать интерактивные площадки, где посететили познакомятся с различными военными специальностями девушек и их вкладом в Победу. </p><p>Героями мероприятия станут вельчанки участницы Великой Отечественной войны. Их образы будут представлены сотрудниками музея. Ярким моментом станет использование реконструкции военной формы 1941–1945 гг. <br /></p>", "shortDescription": "Представление различных военных специальностей вельчанок – участниц Великой Отечественной войны.", "min_price": 30, "max_price": 70, "link": "https://arh.kassir.ru/frame/event/956542?key=f1c585aa-665d-b067-e4a7-8ed2d5744440&WIDGET_936326969=ddpa1m4dhhbmb4geu6g1kreh6v", "status": "accepted", "updateDate": 1639131381126, "start": 1638774000000, "end": 1639224000000, "createDate": 1637653809084, "inAccepted": true, "acceptDate": 1639131381268, "image": {"author": "Вельский краеведческий музей", "name": "986740dbc0633ebfe162fdb290fa2a80.jpeg", "realName": "f1cc602230e96c905488581ce1ff8bc5.jpeg", "source": "https://www.vel-museum.ru"}, "photo": "https://pro.culture.ru/uploads/986740dbc0633ebfe162fdb290fa2a80.jpeg", "gallery": ["https://pro.culture.ru/uploads/12f3547f530bbc67692b4c4684bb35d8.jpeg", "https://pro.culture.ru/uploads/fe56ba5d0b4984d953c393b4b585a45e.jpeg", "https://pro.culture.ru/uploads/f373b4f9ed7bd2d2550932e03c12d3de.jpeg", "https://pro.culture.ru/uploads/7dd6ddbd65ea24979b581ae515734e18.jpeg"], "category": {"name": "Встречи", "sysName": "vstrechi"}, "time": {"start": "2021-12-06 07:00:00", "end": "2021-12-11 12:00:00"}}, {"id": 1443640, "name": "Выставка «Когда зажигаются елки»", "age": 0, "description": "<p> Выставка рассказывает о традициях встречи главного зимнего праздника в 1940–1991 годы, когда новогоднее торжество в стране вновь обрело официальный статус. </p><p>Экспозиция также дает представление о том, как проводили детские утренники и молодежные карнавальные вечера, как зарождались новогодние корпоративы на работе и общепринятые ужины с семьей и друзьями в ночь с 31 декабря на 1 января. </p><p>Для посетителей собраны елочные украшения из различных материалов: ваты, бумаги, картонажа, стекла, канители, металла. Большая их часть – из коллекции Оксаны Губенской, автора музея «Мамин дом» (Вельский район).</p>", "shortDescription": "Экспонаты расскажут о традициях встречи Нового года в эпоху СССР.", "min_price": 40, "max_price": 70, "link": "https://arh.kassir.ru/muzey/velskiy-kraevedcheskiy-muzey-im-v-f-kulakova/vyistavka-kogda-zajigayutsya-yolki_2021-11-11", "status": "accepted", "updateDate": 1637310035774, "start": 1636614000000, "end": 1642514400000, "createDate": 1636543714495, "inAccepted": true, "acceptDate": 1637310035799, "image": {"author": "Вельский краеведческий музей им. В.Ф. Кулакова", "name": "a8189ccf3641e3ccd4e1e52bc3f2267b.jpeg", "realName": "главное фото.jpg", "source": "https://vk.com/velskmuseum"}, "photo": "https://pro.culture.ru/uploads/a8189ccf3641e3ccd4e1e52bc3f2267b.jpeg", "gallery": ["https://pro.culture.ru/uploads/b71069cc986024abcd256a2f88b9c169.jpeg", "https://pro.culture.ru/uploads/14377adfdbec2e140f44072134f4b8e1.jpeg", "https://pro.culture.ru/uploads/9778d80c97c7659dd3edd6cb6b17b020.jpeg"], "category": {"name": "Выставки", "sysName": "vystavki"}, "time": {"start": "2021-11-11 07:00:00", "end": "2022-01-18 14:00:00"}}, {"id": 1363787, "name": "Программа «Handmade на ночь глядя»", "age": 6, "description": "<p style=\"text-align:justify\"></p><p>Музейное мероприятие пройдет под названием «<span>Handmade</span> на ночь глядя». Handmade в переводе с английского – это вещи ручной работы, а также творческий процесс по их созданию, в результате которого появляются уникальные предметы.<span></span></p><p><span>Участники мероприятия познакомятся с экспонатами из фондов Вельского краеведческого музея: пряничными и набойными досками, женскими народными костюмами, музыкальными инструментами, предметами интерьера с важскими росписями.</span> </p><p>В день акции <span><span> </span></span> будет организовано семь интерактивных площадок и мастер-классов, представляющих <span>современные и </span> традиционные виды творчества: набойку по ткани, роспись пряника, валяние из шерсти, декупаж и др. Приглашенные мастера в доступной и увлекательной форме поделятся с гостями своими умениями.<span> </span><span></span><span></span><span></span></p><p><span>Ярким </span> элементом ночи станет презентация выставки «Когда зажигаются елки», где впервые будет максимально широко представлена тема традиции встречи Нового года в СССР, в том числе и на территории Вельского района. Окунуться в волшебный мир творчества в этот вечер смогут взрослые и дети. Гости смогут изготовить сувенир своми руками. <span></span></p> <p><strong></strong></p>", "shortDescription": "Интерактивные мастер-классы познакомят с видами народного декоративно-прикладного творчества.", "min_price": 150, "max_price": 200, "link": "https://arh.kassir.ru/muzey/velskiy-kraevedcheskiy-muzey-im-v-f-kulakova/handmade-na-noch-glyadya_2021-11-03", "status": "accepted", "updateDate": 1633615261654, "start": 1635948000000, "end": 1635966000000, "createDate": 1633081732336, "inAccepted": true, "acceptDate": 1634210238043, "image": {"author": "Шереги Н.А.", "name": "88b9576d0ea4c69dd102c1167272bd0c.jpeg", "realName": "23oSQb0NMJQ.jpg", "source": "ГБУК АО \"Вельский краеведческий музей им. В.Ф. Кулакова\""}, "photo": "https://pro.culture.ru/uploads/88b9576d0ea4c69dd102c1167272bd0c.jpeg", "gallery": ["https://pro.culture.ru/uploads/faee4ef09772f1197e0fa48f3ada36ab.jpeg"], "category": {"name": "Обучение", "sysName": "obuchenie"}, "time": {"start": "2021-11-03 14:00:00", "end": "2021-11-03 19:00:00"}}, {"id": 1305865, "name": "Выставка «Учителями славится Россия»", "age": 12, "description": " <p>Выставка из фондов Вельского краеведческого музея и образовательных учреждений Вельского района. Через судьбы известных вельских педагогов, удостоенных высоких государственных наград, уважения учеников, их родителей, коллег, выставка повествует об истории образовательных учреждений Вельского района в период хрущевской «оттепели» (1956–1964 гг.). В числе предметов, экспонирующихся на выставке, – фотографии, документы, награды, личные вещи, оборудование, характеризующие трудовую деятельность вельских педагогов.<br /></p>", "shortDescription": "Рассказ об истории образовательных учреждений Вельского района.", "min_price": 40, "max_price": 70, "link": "https://arh.kassir.ru/muzey/vyistavki-uchitelyami-slavitsya-rossiya#884331", "status": "accepted", "updateDate": 1634542942932, "start": 1630566000000, "end": 1639832400000, "createDate": 1630574182074, "inAccepted": true, "acceptDate": 1634542943129, "image": {"author": "Вельский краеведческий музей", "name": "978a4d9e7d7ff5f54e2e6092cd9c1d3f.jpeg", "realName": "P1040668.JPG", "source": "Вельский краеведческий музей"}, "photo": "https://pro.culture.ru/uploads/978a4d9e7d7ff5f54e2e6092cd9c1d3f.jpeg", "gallery": ["https://pro.culture.ru/uploads/9ad034c34d4583ee125513f20e6fa7af.jpeg", "https://pro.culture.ru/uploads/b50550acd6bde21ac577a86473feae2a.jpeg", "https://pro.culture.ru/uploads/bb5734475c85a1d07ef6ce10866df56f.jpeg"], "category": {"name": "Выставки", "sysName": "vystavki"}, "time": {"start": "2021-09-02 07:00:00", "end": "2021-12-18 13:00:00"}}, {"id": 1301177, "name": "Выставка «Все свое ношу с собой: от узелка до сумы...»", "age": 6, "description": "<p><span>Выставка «Все свое ношу с собой: от узелка до сумы...» из фондов Российского этнографического музея (г. Санкт-Петербург) знакомит </span><span>c</span><span> коллекцией аксессуаров традиционных костюмов народов России, – дополнительными деталями для хранения и переноски личных вещей, – мелких и крупных, пищевых продуктов, денег и драгоценностей, инструментов и многих других предметов. Артефакты, собранные в разных уголках нашей страны и соседних территориях с </span><span>XIX</span><span> до конца </span><span>XX</span><span> </span><span>века, играли немаловажную роль в создании этнического образа. Могли рассказать о социальном статусе человека, его профессии, основных и сезонных занятиях, материальном положении и возрасте.</span></p> <p> </p>", "shortDescription": "Представлена коллекция аксессуаров к традиционным костюмам народов России.", "min_price": 40, "max_price": 40, "link": "https://arh.kassir.ru/muzey/velskiy-kraevedcheskiy-muzey-im-v-f-kulakova/vyistavka-vse-svoe-noshu-s-soboy-ot-uzelka-do-sumyi-iz-fondov-rossiyskogo-etnograficheskogo-muzeya-g_2021-08-25", "status": "accepted", "updateDate": 1630650975722, "start": 1630393200000, "end": 1634734800000, "createDate": 1630391232358, "inAccepted": true, "acceptDate": 1631536987030, "image": {"author": "Вельский краеведческий музей", "name": "30c4e8c039cfabf080fde3ebd18453e3.jpeg", "realName": "P1020849.JPG", "source": "Вельский краеведческий музей"}, "photo": "https://pro.culture.ru/uploads/30c4e8c039cfabf080fde3ebd18453e3.jpeg", "gallery": ["https://pro.culture.ru/uploads/f95bc47fb989725154c4d10572b4c047.jpeg", "https://pro.culture.ru/uploads/01d472ec568700fd942ac95e6ed2141b.jpeg", "https://pro.culture.ru/uploads/210ea94ccb98694fcb148cba59245779.jpeg"], "category": {"name": "Выставки", "sysName": "vystavki"}, "time": {"start": "2021-08-31 07:00:00", "end": "2021-10-20 13:00:00"}}]}