{"12163": [{"id": 1498415, "name": "Концерт «Весело»", "age": 0, "description": "<p>Гости услышат концерт группы «Паперный Т.А.М.», которая представляет собой трио – Алексей Паперный (вокал, гитара), Павел Паньковский (бас-гитара), Владимир Комлев (барабаны). В ходе программы музыканты исполнят произведения из последнего альбома «Весело», записанного на студии «Синий лес». </p><p>Алексей Паперный о создании коллектива: «Группа появилась году в 93-м. До этого я с друзьями-актерами и музыкантами сделал спектакль «Твербуль» на основе моих песен, мы объездили с ним пол мира, получили Fringe First в Эдинбурге. Наша команда называлась «Т.А.М.» («Товарищество актеров и музыкантов»). Открылся клуб «Кризис жанра», куда меня позвали петь. Я быстро сколотил группу и присобачил к «Т.А.М.» свою фамилию».<br /></p><p>Алексей Паперный – российский поэт, музыкант, драматург, основатель московского клуба «Китайский летчик Джао Да», автор нескольких театральных проектов. Летом 2021 года вышел сборник его пьес, в который вошло пять текстов – «Пустыня», «Река», «Август», «4 пьесы» и «Байрон».<br /></p>", "shortDescription": "Музыкальная программа.", "min_price": 600, "max_price": 999, "link": "https://chambervrn.ru/theatrical/veselo", "status": "accepted", "updateDate": 1639749622401, "start": 1640541600000, "end": 1640547000000, "createDate": 1638379451799, "inAccepted": true, "acceptDate": 1639744565497, "image": {"author": "Павел Контраков", "name": "85b2c65cb8b8540fe506a28486891113.jpeg", "realName": "11 — копия.JPG", "source": "Сайт АУК ВО Воронежский Камерный театр"}, "photo": "https://pro.culture.ru/uploads/85b2c65cb8b8540fe506a28486891113.jpeg", "gallery": [], "category": {"name": "Концерты", "sysName": "koncerty"}, "time": {"start": "2021-12-26 18:00:00", "end": "2021-12-26 19:30:00"}}, {"id": 1498411, "name": "Поэтический вечер «Современная иранская поэзия»", "age": 0, "description": "<p>В программе вечера – лекция-вступление, посвященная иранской поэзии, чтение стихотворений на фарси и стихотворений современных иранских поэтов в переводе Юлтан Садыковой.</p><p>Юлтан Садыкова – востоковед-иранист, переводчик фарси, исследователь современной иранской литературы. Составитель и переводчик Антологии современной иранской поэзии, переводчик нашумевшего романа Шахрнуш Парсипур «Женщины без мужчин» на русский язык, романов «Стокгольмский синдром» и «Земля матерей» Шахзоды Назаровой-Самарканди, переводчик поэм «Про это», «Флейта-позвоночник», «Облако в штанах», произведений Маяковского на персидский язык, а также романа «Хазарский словарь» Милорада Павича, «Сказов» Павла Бажова; составитель и переводчик Антологии поэтов Серебряного века на фарси.</p>", "shortDescription": "Чтение произведений иранских поэтов.", "min_price": 500, "max_price": 600, "link": "https://chambervrn.ru/theatrical/sovremennaya-iranskaya-poeziya#", "status": "accepted", "updateDate": 1639560022669, "start": 1640534400000, "end": 1640538000000, "createDate": 1638379294517, "inAccepted": true, "acceptDate": 1639482152691, "image": {"author": "Алексей Бычков", "name": "97ba1642c38c45ea94b86d6103645aac.jpeg", "realName": "юлтан copy (1).jpg", "source": "Сайт АУК ВО Воронежский Камерный театр"}, "photo": "https://pro.culture.ru/uploads/97ba1642c38c45ea94b86d6103645aac.jpeg", "gallery": [], "category": {"name": "Встречи", "sysName": "vstrechi"}, "time": {"start": "2021-12-26 16:00:00", "end": "2021-12-26 17:00:00"}}, {"id": 1498407, "name": "Поэтический вечер «13 вопросов к Ахматовой»", "age": 0, "description": "<p>Юлия Рутберг – советская и российская актриса театра и кино, народная артистка РФ, лауреат российских театральных премий «Чайка» и «Турандот».</p><p> Поэтический вечер пройдет единожды на Большой сцене Воронежского камерного театра. В программе звучат стихотворения Анны Ахматовой и музыка Дмитрия Шостаковича, Иоганна Себастьяна Баха, Сергея Рахманинова. <br /> </p><p>Музыкальное оформление и сопровождение – Алексей Воронков.<br /><br /> Премьера поэтического вечера «13 вопросов к Ахматовой» состоялась на сцене Арт-кафе Театра имени Евг. Вахтангова в 2019 году.<br /></p>", "shortDescription": "Чтения произведений Анны Ахматовой в исполнении Юлии Рутберг.", "min_price": 800, "max_price": 1200, "link": "https://chambervrn.ru/theatrical/13-voprosov-k-ahmatovoy#", "status": "accepted", "updateDate": 1639560022577, "start": 1640527200000, "end": 1640532600000, "createDate": 1638379029380, "inAccepted": true, "acceptDate": 1639481755093, "image": {"author": "Елена Нечаева", "name": "feac9a522724d907f588d546356a5956.jpeg", "realName": "13 вопросов к Ахматовой 2 фото - Яна Овчинникова.jpg", "source": "Сайт АУК ВО Воронежский Камерный театр"}, "photo": "https://pro.culture.ru/uploads/feac9a522724d907f588d546356a5956.jpeg", "gallery": [], "category": {"name": "Встречи", "sysName": "vstrechi"}, "time": {"start": "2021-12-26 14:00:00", "end": "2021-12-26 15:30:00"}}, {"id": 1498400, "name": "Спектакль «Четвертая проза»", "age": 0, "description": "<p>«Четвертая проза» – нечто среднее между исповедью и памфлетом. Текст ее вырос из обличительного открытого письма Мандельштама советским писателям. В своем произведении он яростно заявляет о разрыве с этими писателями и с интеллигенцией в целом. Личная обида, чувство этической и эстетической несовместимости заставляют Мандельштама объявить о разрыве с советской литературой в радикальном и темном тексте, который станет своего рода символом веры неподцензурной словесности.</p><p>Премьера состоялась 20 декабря 2019 года на III фестивале поэтического искусства МандельштамФест.</p>", "shortDescription": "По мотивам одноименной книги поэта.", "min_price": 500, "max_price": 600, "link": "https://chambervrn.ru/theatrical/chetvertaya-proza#", "status": "accepted", "updateDate": 1639560022640, "start": 1640523600000, "end": 1640527200000, "createDate": 1638378569086, "inAccepted": true, "acceptDate": 1639481975108, "image": {"author": "Алексей Бычков", "name": "f0563784b217121d1a96e2a2c1491602.jpeg", "realName": "4проза copy (1).jpg", "source": "АУК ВО Воронежский Камерный театр"}, "photo": "https://pro.culture.ru/uploads/f0563784b217121d1a96e2a2c1491602.jpeg", "gallery": [], "category": {"name": "Спектакли", "sysName": "spektakli"}, "time": {"start": "2021-12-26 13:00:00", "end": "2021-12-26 14:00:00"}}, {"id": 1498386, "name": "Концерт «Любовь и жизнь поэта»", "age": 0, "description": "<p>Алексей Гориболь (фортепиано) – заслуженный артист России, лауреат I Международного конкурса имени Дмитрия Шостаковича Classica Nova. Ввокалист Тарас Присяжнюк (тенор) – солист Большого театра Республики Беларусь, артист Молодежной оперной программы Большого театра России.</p><p>В программе артисты исполнят фрагменты из вокального цикла Роберта Шумана «Любовь поэта», пять избранных романсов Петра Чайковского и вокальный цикл Леонида Десятникова «Любовь и жизнь поэта» на стихи Николая Олейникова и Даниила Хармса.<br /></p>", "shortDescription": "Вокальный цикл в трех частях.", "min_price": 800, "max_price": 1200, "link": "https://chambervrn.ru/theatrical/lyubov-i-zhizn-poeta", "status": "accepted", "updateDate": 1639560022607, "start": 1640451600000, "end": 1640456100000, "createDate": 1638377962518, "inAccepted": true, "acceptDate": 1639481879466, "image": {"author": "Алексей Бычков", "name": "392e19a4e544528960bf68b46deda756.jpeg", "realName": "WhatsApp Image 2021-11-26 at 13.29.01.jpeg", "source": "Сайт АУК ВО Воронежский Камерный театр"}, "photo": "https://pro.culture.ru/uploads/392e19a4e544528960bf68b46deda756.jpeg", "gallery": [], "category": {"name": "Концерты", "sysName": "koncerty"}, "time": {"start": "2021-12-25 17:00:00", "end": "2021-12-25 18:15:00"}}, {"id": 1498372, "name": "Спектакль «Юдифь»", "age": 0, "description": "<p>Моноспектакль Бориса Павловича, который номинирован на премию «Золотая маска» в четырех номинациях.<br />Полное название пьесы – «Юдифь. Тайный дневник». Это художественное осмысление библейской истории в виде личных заметок Юдифи – женщины, убившей возлюбленного ради своего народа. Спектакль касается аспектов национальной идентичности, а также места человека в государстве.</p><p>По тексту на украинском языке драматурга Клима режиссер Борис Павлович создал постановку, крепко связанную с национальной идентичностью главной актрисы – Катерины Таран.</p>", "shortDescription": "По произведению Клима.", "min_price": 800, "max_price": 1000, "link": "https://chambervrn.ru/theatrical/yudif#", "status": "accepted", "updateDate": 1639560022724, "start": 1640444400000, "end": 1640451600000, "createDate": 1638377564597, "inAccepted": true, "acceptDate": 1639482357274, "image": {"author": "Екатерина Сухорукова", "name": "4067e78b12b0d94be00bc7235e0f0773.jpeg", "realName": "photo5296580333040416580.jpg", "source": "Сайт АУК ВО Воронежский Камерный театр"}, "photo": "https://pro.culture.ru/uploads/4067e78b12b0d94be00bc7235e0f0773.jpeg", "gallery": [], "category": {"name": "Спектакли", "sysName": "spektakli"}, "time": {"start": "2021-12-25 15:00:00", "end": "2021-12-25 17:00:00"}}, {"id": 1498341, "name": "Программа «Поэтический вечер Льва Оборина»", "age": 16, "description": "<p>Поэтический вечер пройдет на большой сцене Воронежского камерного театра. На своем вечере автор представит стихотворения и расскажет зрителям о современной поэзии, ее течениях, изменениях и основных тенденциях, которые диктуют современные реалии. В конце состоится обсуждение, где можно будет задать вопросы поэту.<br /></p><p>Лев Оборин – поэт, переводчик, литературный критик. Автор пяти книг стихов, книги детских стихов; публикации в журналах «Воздух», «Знамя», «Новый мир», «Октябрь», , TextOnly, Poetry, Poem, International Poetry Review. Финалист премии «Дебют» (2004, 2008), премия журнала «Знамя» (2010), премия «Парабола» (2019). Редактор проекта «Полка», книжной серии «Культура повседневности» издательства «Новое литературное обозрение». Сооснователь поэтической премии «Различие», эксперт премии «Нос». Стихи переведены на несколько языков. <br /></p><p></p>", "shortDescription": "Авторские чтения.", "min_price": 300, "max_price": 398, "link": "https://chambervrn.ru/theatrical/poeticheskiy-vecher-lva-oborina#", "status": "accepted", "updateDate": 1639639222371, "start": 1640437200000, "end": 1640442600000, "createDate": 1638376107437, "inAccepted": true, "acceptDate": 1639574961675, "image": {"author": "Дирк Скиба", "name": "9baf42ea783659f89a10cd9a5b3d45f6.png", "realName": "Снимок экрана 2021-12-08 в 23.51.12.png", "source": "Сайт АУК ВО Воронежский Камерный театр"}, "photo": "https://pro.culture.ru/uploads/9baf42ea783659f89a10cd9a5b3d45f6.png", "gallery": [], "category": {"name": "Встречи", "sysName": "vstrechi"}, "time": {"start": "2021-12-25 13:00:00", "end": "2021-12-25 14:30:00"}}, {"id": 1497655, "name": "Спектакль «Ры+Си»", "age": 16, "description": "<p>Для создания этого необычного спектакля выбран уникальный поэтический арт-материал ­– творчество двух мало изученных авторов Ры Никоновой (Анна Таршис) и Сигея (Сергей Сигов).</p><p>Себя и близких поэтов они называли трансфуристами – от слова «транспонирование», обозначавшего центральную идею их творчества: перевод существующего произведения, текстового или визуального, в другую тональность. Авторы перформанса исследуют скрытые звуковые и визуальные возможности поэтических и оформленных графически текстов этого направления.</p>", "shortDescription": "Театрализованная лекция.", "min_price": 700, "max_price": 800, "link": "https://chambervrn.ru/theatrical/rysi", "status": "accepted", "updateDate": 1639383622565, "start": 1640365200000, "end": 1640369400000, "createDate": 1638363556755, "inAccepted": true, "acceptDate": 1639061082618, "image": {"author": "Юлия Гирба", "name": "92c9945c35a4193dbe46f071727610eb.jpeg", "realName": "photo5271847252765292437.jpg", "source": "Сайт АУК ВО Воронежский Камерный театр"}, "photo": "https://pro.culture.ru/uploads/92c9945c35a4193dbe46f071727610eb.jpeg", "gallery": [], "category": {"name": "Спектакли", "sysName": "spektakli"}, "time": {"start": "2021-12-24 17:00:00", "end": "2021-12-24 18:10:00"}}, {"id": 1497471, "name": "Спектакль Ötükän", "age": 16, "description": "<p>Спектакль из репертуара творческого объединения «Әлиф» (Казань), который будет показан в рамках фестиваля поэтического искусства «Мандельштамфест».</p><p>Основан на цикле стихотворений татарской поэтессы Йолдыз Миннулиной, которые на языке оригинала читает сама Йолдыз.</p><p>В 552 году на территориях современной Монголии и Китая, на берегу Байкала, в степях Восточной Сибири и Алтая возникает первый Тюркский каганат, объединивший тюркские племена. Во главе каганата – Бумын-каган из рода Ашина. С усилением могущества Китая в Тюркском каганате начинаются внутренние распри…</p><p></p><p></p>", "shortDescription": "Пластическая постановка основана на цикле стихотворений татарской поэтессы Йолдыз Миннулиной.", "min_price": 600, "max_price": 800, "link": "https://chambervrn.ru/theatrical/otukan", "status": "accepted", "updateDate": 1639560022756, "start": 1640359800000, "end": 1640363400000, "createDate": 1638361958791, "inAccepted": true, "acceptDate": 1639485376915, "image": {"author": "Алена Батулла", "name": "6ef6faccc8e4d502a968f35f16b1337e.jpeg", "realName": "photo5296580333040416578.jpg", "source": "Сайт АУК ВО Воронежский Камерный театр"}, "photo": "https://pro.culture.ru/uploads/6ef6faccc8e4d502a968f35f16b1337e.jpeg", "gallery": [], "category": {"name": "Спектакли", "sysName": "spektakli"}, "time": {"start": "2021-12-24 15:30:00", "end": "2021-12-24 16:30:00"}}, {"id": 1486720, "name": "Спектакль «Ребенок»", "age": 16, "description": "<p> Премьерный спектакль Антона Федорова – одного из наиболее востребованных театральных режиссеров. </p><p>Персонажи пьесы «Ребенок» находятся в измененном состоянии сознания уже сразу, с самого начала. В каждой сцене драматург задает все больше и больше вопросов – только в существующих бытовых обстоятельствах ответы на них найти невозможно. Его персонажи остаются наедине с пустотой. Происходит столкновение с «ничто», и именно здесь возникает особенное пространство, которое располагает к поиску нового, непривычного способа существования как для актера, так и зрителя.<br /></p>", "shortDescription": "Постановка по пьесе современного норвежского драматурга Юна Фоссе.", "min_price": 1600, "max_price": 2000, "link": "https://chambervrn.ru/theatrical/rebyonok#", "status": "accepted", "updateDate": 1638780023669, "start": 1639839600000, "end": 1642701600000, "createDate": 1637960455965, "inAccepted": true, "acceptDate": 1638539457622, "image": {"author": "Алексей Бычков", "name": "9b1d8b47023281c5ae967b005287777c.jpeg", "realName": "voronezh-chamber-theater.jpeg", "source": "Сайт АУК ВО Воронежский Камерный театр"}, "photo": "https://pro.culture.ru/uploads/9b1d8b47023281c5ae967b005287777c.jpeg", "gallery": [], "category": {"name": "Спектакли", "sysName": "spektakli"}, "time": {"start": "2021-12-18 15:00:00", "end": "2022-01-20 18:00:00"}}, {"id": 1469504, "name": "Спектакль «Иранская конференция»", "age": 16, "description": "<p>Пьеса «Иранская конференция» была написана в 2017 году, а ее первая читка прошла в 2018 году на фестивале молодой драматургии «Любимовка». С этого момента интерес к ней возрастает с каждым годом – к пьесе обращались режиссеры Виктор Рыжаков, Елена Невежина, и Артем Рыбаков. Спектакль в постановке самого Ивана Вырыпаева идет в Драматическом театре Варшавы (Польша).</p><p>В основе сюжета – конференция по «иранской проблеме», участие в которой принимают лучшие умы Дании: ученые, журналисты, общественные деятели. Но с первого же выступления дискуссия принимает неожиданное направление, и в эпицентре обсуждения оказываются вопросы общечеловеческого масштаба.</p>", "shortDescription": "Премьера по мотивам пьесы И. Вырыпаева.", "min_price": 1600, "max_price": 2000, "link": "https://chambervrn.ru/theatrical/iranskaya-konferenciya", "needCheck": true, "status": "accepted", "updateDate": 1638361315590, "start": 1638543600000, "end": 1643562000000, "createDate": 1637330438069, "inAccepted": true, "acceptDate": 1638361315962, "image": {"author": "Алексей Бычков", "name": "0b6e80fc7abac92c4f7d4c1f6930d2fc.jpeg", "realName": "ик.jpg", "source": "Сайт АУК ВО Воронежский Камерный театр"}, "photo": "https://pro.culture.ru/uploads/0b6e80fc7abac92c4f7d4c1f6930d2fc.jpeg", "gallery": [], "category": {"name": "Спектакли", "sysName": "spektakli"}, "time": {"start": "2021-12-03 15:00:00", "end": "2022-01-30 17:00:00"}}, {"id": 1404397, "name": "Спектакль «Ренессанс – 2021»", "age": 0, "description": "<p>Одноактная постановка – совместный проект фестиваля Context. Diana Vishneva и Воронежского камерного театра. Работа была сделана на базе Камерного театра и длилась на протяжении двух месяцев с артистами танцевальной труппы. </p><p>Это исследование интеллектуальной телесности современных людей, их расслабленного и действенного присутствия, празднование открывающейся силы и свободы.<br /><br />Постановка абстрактна, насыщена символами, телесным языком. В нем много воздуха и свободы. Это телесное воплощение чувства ренессанса: сексуальность, яркость, эйфория, мощь. Зритель увидит не результат, а процесс, и каждый может выстроить символы в своем порядке и понять, что такое ренессанс именно для него.<br /></p>", "shortDescription": "Танцевальная постановка Анны Щеклеиной.", "min_price": 1000, "max_price": 1000, "link": "https://chambervrn.ru/theatrical/renessans-2021", "status": "accepted", "updateDate": 1636352835182, "start": 1636480800000, "end": 1636484400000, "createDate": 1634736058268, "inAccepted": true, "acceptDate": 1636352835194, "image": {"author": "Анна Резник", "name": "2782473ece62ff8ae894602c5501521a.jpeg", "realName": "a4hzLDH8KuA.jpeg", "source": "Сайт фестиваля Context.Diana Vishneva"}, "photo": "https://pro.culture.ru/uploads/2782473ece62ff8ae894602c5501521a.jpeg", "gallery": ["https://pro.culture.ru/uploads/2c29032abc633f606ab218eefaf33376.jpeg"], "category": {"name": "Спектакли", "sysName": "spektakli"}, "time": {"start": "2021-11-09 18:00:00", "end": "2021-11-09 19:00:00"}}, {"id": 1338642, "name": "Концерт «Две скрипки, альт, виолончель»", "age": 16, "description": "<p>Живая музыка в Камерном – это проект театра, который задуман как цикл музыкальных событий в разных формах, жанрах и составах. Цель проекта – вовлечь зрительскую аудиторию Камерного театра в большой и разнообразный мир музыки, которая дарит не менее яркие переживания, чем лучшие драматические и танцевальные спектакли.</p><p>Две скрипки, альт, виолончель – третий концерт, который пройдет на Большой сцене Камерного. Программму сформировала и предложила солистка Яна Мирошникова. В первом отделении скрипачка выступит одна, во втором – прозвучит струнный квартет. </p><p> </p><p>Программа</p><p>1 отделение</p><p>Н. Паганини</p><ul><li>Каприс №24</li></ul><p>И.С. Бах</p><ul><li>Чакона из Партиты №2</li></ul><p>Э. Изаи</p><ul><li>Соната №2</li></ul><p>А. Шнитке</p><ul><li>Посвящение Паганини</li></ul><p>2 отделение</p><p>Д. Шостакович</p><ul><li>Квартет №8</li></ul>", "shortDescription": "Живая музыка в Камерном. ", "min_price": 800, "max_price": 1000, "link": "https://chambervrn.ru/theatrical/zhivaya-muzyka-v-kamernom-dve-skripki-alt-violonchel#", "status": "accepted", "updateDate": 1635364911420, "start": 1634054400000, "end": 1634059800000, "createDate": 1632122307839, "inAccepted": true, "acceptDate": 1635364911423, "image": {"author": "Алексей Бычков", "name": "ed39d6003c99b34e19432d28ae197046.jpeg", "realName": "9M5A4634.jpg", "source": "Сайт АУК ВО Вороежский Камерный театр"}, "photo": "https://pro.culture.ru/uploads/ed39d6003c99b34e19432d28ae197046.jpeg", "gallery": [], "category": {"name": "Концерты", "sysName": "koncerty"}, "time": {"start": "2021-10-12 16:00:00", "end": "2021-10-12 17:30:00"}}, {"id": 1326882, "name": "Спектакль «Сахарный ребенок»", "age": 12, "description": "<p>Девочка Стелла счастливо живет с мамой и папой в Москве. В ее жизни много сказок и игр, разговоров с родителями о том, что значит быть хорошим человеком. Но в один момент все меняется: ее папу арестовали и увезли, а их с мамой отправляют в ссылку в далекую и непонятную Киргизию.</p><p>Книга основана на воспоминаниях реального человека, Стеллы Нудольской. Но ее трудно назвать документальной – скорее, это повесть-сказка, где реальные события из жизни девочки Стеллы происходят не только на фоне самого драматичного периода истории России, но и в мире образов и фантазий героини. С помощью мамы она создает свой внутренний сказочный мир, который дает ей опору в самых трудных ситуациях, его законы помогают сохранить любовь к жизни, веру в людей и уважение к себе.</p><p>После спектакля состоится обсуждение.</p>", "shortDescription": "История взросления обычного ребенка в 1930–1940-е годы.", "min_price": 1000, "link": "https://vrn.kassir.ru/frame/action/119082?key=0ba9d050-ad2c-cd51-ad78-e649c6f94f9a&WIDGET_4008333277=e49mdtabn0rc87b7805k68m06l#897959", "needCheck": true, "status": "accepted", "updateDate": 1635341851250, "start": 1648476000000, "end": 1648566000000, "createDate": 1631541368613, "inAccepted": true, "acceptDate": 1635341851394, "image": {"author": "Творческий центр «Среда» и Центр имени Вс. Мейерхольда", "name": "501039039054ec266cca3d26f86b84a3.jpeg", "realName": "Сахарный ребёнок4.jpg", "source": "http://www.marshakfest.com/show/saharnyy-rebenok"}, "photo": "https://pro.culture.ru/uploads/501039039054ec266cca3d26f86b84a3.jpeg", "gallery": ["https://pro.culture.ru/uploads/58e9f41f63816d7789fc1cadd1fa4c78.jpeg", "https://pro.culture.ru/uploads/0141a9b664c6535c1b5b47b8b406d9d3.jpeg"], "category": {"name": "Спектакли", "sysName": "spektakli"}, "time": {"start": "2022-03-28 14:00:00", "end": "2022-03-29 15:00:00"}}, {"id": 1310810, "name": "Спектакль «Трамвай «Желание»", "age": 18, "description": "<p>Одна из самых известных пьес великого американского драматурга Теннесси Уильямса, лауреата Пулитцеровской премии. Теннесси Уильямс, начиная со времен «железного занавеса» и до нынешних дней, был и остается одним из самых востребованных драматургов в российском театре.Такую любовь русского зрителя к американскому драматургу можно объяснить тем, что на Уильямса очень сильное влияние оказал Антон Павлович Чехов. Даже имя главной героини пьесы Бланш Дюбуа (в переводе с французского «Белые деревья», или, как сама героиня называет, – «Весенний сад в цвету») созвучно с «Вишневым садом» Чехова.</p>", "shortDescription": "Постановка по произведению драматурга Теннесси Уильямса.", "min_price": 1500, "max_price": 1900, "link": "https://chambervrn.ru/theatrical/tramvay-zhelanie#", "needCheck": true, "status": "accepted", "updateDate": 1638355057581, "start": 1632412800000, "end": 1642620600000, "createDate": 1630767408765, "inAccepted": true, "acceptDate": 1637494717048, "image": {"author": "Алексей Бычков", "name": "fe811d535e64817338da804104df56b0.jpeg", "realName": "ii5a3992.jpeg", "source": "Сайт АУК ВО Воронежский Камерный театр"}, "photo": "https://pro.culture.ru/uploads/fe811d535e64817338da804104df56b0.jpeg", "gallery": ["https://pro.culture.ru/uploads/4532206cdeb29b66322710895622c883.jpeg", "https://pro.culture.ru/uploads/4d1d9bc0f4d4fd6d080fcff6d8e13378.jpeg"], "category": {"name": "Спектакли", "sysName": "spektakli"}, "time": {"start": "2021-09-23 16:00:00", "end": "2022-01-19 19:30:00"}}, {"id": 1288034, "name": "Спектакль «Антигона»", "age": 16, "description": "<p>Вечный вопрос выбора между долгом и свободой, вечная зависимость человека от роли, которую все играют в обществе. Свою интерпретацию мифа драматург написал в 1942 году в оккупированном Париже по мотивам одноименной трагедии Софокла, где автор представил героиню Антигону символом французского Сопротивления. </p><p>Спектакль – лауреат российской национальной театральной премии «Золотая маска» 2019 года в номинации «Лучшая мужская роль в драме». Победитель – актер Камерного театра Камиль Тукаев (за роль Креона).</p>", "shortDescription": "Постановка по пьесе Жана Ануя.", "min_price": 1100, "max_price": 1500, "link": "https://chambervrn.ru/theatrical/antigona", "needCheck": true, "status": "accepted", "updateDate": 1638355021556, "start": 1632063600000, "end": 1642350600000, "createDate": 1629733931084, "inAccepted": true, "acceptDate": 1634205470594, "image": {"author": "Алексей Бычков", "name": "ccb1f21aa96362b1f36de7a62cf094d5.jpeg", "realName": "55c8553f-99f6-43f0-b98a-f32fd72bc275.jpeg", "source": "Сайт АУК ВО Воронежского Камерного театра"}, "photo": "https://pro.culture.ru/uploads/ccb1f21aa96362b1f36de7a62cf094d5.jpeg", "gallery": ["https://pro.culture.ru/uploads/a2ffc3394aff8d51fb314df183a32589.jpeg", "https://pro.culture.ru/uploads/e4e8601a8e7f704fcac171945e8821f9.jpeg"], "category": {"name": "Спектакли", "sysName": "spektakli"}, "time": {"start": "2021-09-19 15:00:00", "end": "2022-01-16 16:30:00"}}, {"id": 1288027, "name": "Спектакль «Дураки на периферии»", "age": 16, "description": "<p>Спектакль, который режиссер определил как комедию, больше напоминает фарс, поскольку действующие лица все без исключения – дураки. Фарс этот очень смешной и, в сущности, трагический.</p><p> В пьесе все парадоксально, начиная с завязки и кончая финалом. Герои нелепы, сюжет невероятен, комизм, сопутствующий всему действию, внезапно оборачивается своей изнанкой. Быт и фантасмагория предстают в немыслимом сочетании. Сценография минималистична, костюмы персонажей нарочито смешанные во временах и стилях, образы утрированные, гротескные.</p>", "shortDescription": "Гомерически смешная комедия абсурда.", "min_price": 1300, "max_price": 15000, "link": "https://chambervrn.ru/theatrical/duraki-na-periferii", "needCheck": true, "status": "accepted", "updateDate": 1634208188559, "start": 1631977200000, "end": 1637429400000, "createDate": 1629733166429, "inAccepted": true, "acceptDate": 1634208188748, "image": {"author": "Алексей Бычков", "name": "e75f6e18f04ce210f85dbef95bd43119.jpeg", "realName": "1_1.jpeg", "source": "Сайт АУК ВО Воронежского Камерного театра"}, "photo": "https://pro.culture.ru/uploads/e75f6e18f04ce210f85dbef95bd43119.jpeg", "gallery": ["https://pro.culture.ru/uploads/e95b865661f9150f7a2c592ad8fda1bc.jpeg", "https://pro.culture.ru/uploads/0d9bbb21053392c79a511ad2ab2eb542.jpeg"], "category": {"name": "Спектакли", "sysName": "spektakli"}, "time": {"start": "2021-09-18 15:00:00", "end": "2021-11-20 17:30:00"}}, {"id": 1288019, "name": "Спектакль «Игроки»", "age": 16, "description": "<p>Гоголевский сюжет, решенный режиссером Михаилом Бычковым в жанре вестерн. Сценография театрального художника Эмиля Капелюша представляет собой деревянный салун, наполненный мистическими персонажами.</p><p>В эпицентре событий оказывается Ихарев, карточный шулер, который обдумывает очередное дело. Но он не догадывается, что в местном трактире, где игрок останавливается на постой, его ждут не менее хитрые и продуманные соперники. Поможет ли Аделаида Ивановна, верная спутница Ихарева, выиграть партию в этот раз?</p>", "shortDescription": "Постановка по одноименной комедийной пьесе Н. В. Гоголя.", "min_price": 1100, "max_price": 1500, "link": "https://chambervrn.ru/theatrical/igroki", "needCheck": true, "status": "accepted", "updateDate": 1638354865133, "start": 1631894400000, "end": 1642264200000, "createDate": 1629732033245, "inAccepted": true, "acceptDate": 1638354120426, "image": {"author": "Алексей Бычков ", "name": "422247b095ca48fcf378306ba0875c25.jpeg", "realName": "1_14.jpeg", "source": "Сайт АУК ВО Воронежского Камерного театра"}, "photo": "https://pro.culture.ru/uploads/422247b095ca48fcf378306ba0875c25.jpeg", "gallery": ["https://pro.culture.ru/uploads/6164c5785ae1e11c999a4c18afd65acc.jpeg", "https://pro.culture.ru/uploads/df7e90db7aa00bcf2a92b216519fb5ce.jpeg"], "category": {"name": "Спектакли", "sysName": "spektakli"}, "time": {"start": "2021-09-17 16:00:00", "end": "2022-01-15 16:30:00"}}, {"id": 1288011, "name": "Спектакль «Сказка про Эрвина и госпожу Отт»", "age": 16, "description": "<p>Спектакль «Сказка про Эрвина и госпожу Отт» соединяет в себе прозу и поэзию Набокова этого периода, а также немецкие песни, создающие атмосферу Берлина 20-х годов – такого, каким он предстал перед молодым автором. «Золотые двадцатые» – краткий период истории Германии с 1924 по 1929 годы, когда Веймарская республика достигла своего расцвета. </p><p>В Берлине, Гамбурге и других крупных городах Германии получили небывалую популярность кабаре, стриптиз и другие увеселения. После тягот войны и революционных потрясений приходит время любви. </p><p>Владимир Набоков, новелла «Сказка»: «Фантазия, трепет, восторг фантазии… Эрвин хорошо это знал. В трамвае он садился всегда по правую руку, – чтобы ближе быть к тротуару. Ежедневно, дважды в день, в трамвае, который вез его на службу и со службы обратно, Эрвин смотрел в окно и набирал гарем…»</p>", "shortDescription": "Новелла «Сказка» была написана в 1926 году. Это яркий пример ранней прозы Набокова.", "min_price": 1200, "link": "https://chambervrn.ru/theatrical/skazka-pro-ervina-i-gospozhu-ott", "needCheck": true, "status": "accepted", "updateDate": 1638355100406, "start": 1631811600000, "end": 1643306400000, "createDate": 1629731126975, "inAccepted": true, "acceptDate": 1637763799442, "image": {"author": "Алексей Бычков", "name": "0763cbe37494f3fc54dee38ed255690a.jpeg", "realName": "ii5a2892.jpeg", "source": "Сайт АУК ВО Воронежского Камерного театра"}, "photo": "https://pro.culture.ru/uploads/0763cbe37494f3fc54dee38ed255690a.jpeg", "gallery": ["https://pro.culture.ru/uploads/3768bed1c2c6cd5fa456102239b4105f.jpeg", "https://pro.culture.ru/uploads/774d86349ec69b77ac1e738a2e2b0fa1.jpeg"], "category": {"name": "Спектакли", "sysName": "spektakli"}, "time": {"start": "2021-09-16 17:00:00", "end": "2022-01-27 18:00:00"}}, {"id": 1288008, "name": "Танцевальный спектакль «Сны междуречья»", "age": 16, "description": "<p>С самого начала работы над постановкой хореограф делилась с танцовщиками своей хореографической лексикой, пыталась погрузить их в непривычный способ существования. Они осваивали этот язык, старались ощутить его изнутри, найти индивидуальные средства выражения. Вместе танцовщики прошли серьезный творческий путь, результатом которого стал спектакль «Сны междуречья».<br /><br />В этой работе хореограф Виктория Арчая пыталась поделиться ощущением снов: сложных, многоуровневых, в которых часто сокрыто все самое важное или древнее, –все, что на самом деле люди знают с рождения, но так часто прячут в уголках подсознания.</p>", "shortDescription": "Авторская постановка хореографа Виктории Арчая. ", "min_price": 600, "max_price": 1000, "link": "https://chambervrn.ru/theatrical/sny-mezhdurechya#", "needCheck": true, "status": "accepted", "updateDate": 1634205413705, "start": 1631808000000, "end": 1636045200000, "createDate": 1629730740420, "inAccepted": true, "acceptDate": 1634205413894, "image": {"author": "Алексей Бычков", "name": "dfe9931cba92a56a3520f6a40fa7a168.jpeg", "realName": "185431516_169907325048746_6021241122343072_n.jpeg", "source": "Сайт АУК ВО Воронежского Камерного театра"}, "photo": "https://pro.culture.ru/uploads/dfe9931cba92a56a3520f6a40fa7a168.jpeg", "gallery": ["https://pro.culture.ru/uploads/0cf77b51041503fa795df25049540fe3.jpeg", "https://pro.culture.ru/uploads/1c64b756afd8fc1594869fd2aa395ca0.jpeg"], "category": {"name": "Спектакли", "sysName": "spektakli"}, "time": {"start": "2021-09-16 16:00:00", "end": "2021-11-04 17:00:00"}}, {"id": 1284243, "name": "Спектакль «Кабала святош»", "age": 16, "description": "<p>Пьеса «Кабала святош» о Жане-Батисте Мольере была написана в 1929 г. для Художественного театра. Основной темой произведения стало противостояние писателя и власти. Этот сюжет воплотился в реальности – пьесу Михаила Булгакова не пропускала цензура, требовавшая, прежде всего, изменить название и убрать аллюзии на современность.</p><p>Только в 1932 г. начались репетиции спектакля «Мольер». Постановка была готова спустя 4 года. Премьера спектакля состоялась 16 февраля 1936 г. Уже 9 марта после разгромной публикации в газете «Правда» спектакль был запрещен. Дальнейшую сценическую жизнь пьеса получила лишь в 60–80-е годы ХХ века.</p><p>Среди самых известных постановок – спектакли Анатолия Эфроса (Ленком), Сергея Юрского (БДТ им. Горького) и Адольфа Шапиро (МХТ им. Чехова).</p>", "shortDescription": "Постановка по произведению Михаила Булгакова.", "min_price": 1300, "max_price": 1500, "link": "https://chambervrn.ru/theatrical/kabala-svyatosh#", "needCheck": true, "status": "accepted", "updateDate": 1638354732402, "start": 1631721600000, "end": 1642012200000, "createDate": 1629461422254, "inAccepted": true, "acceptDate": 1634205279796, "image": {"author": "Алексей Бычков", "name": "83b7f3f86542968a5c04c07085a57675.jpeg", "realName": "-mwie8nzocm.jpeg", "source": "Сайт АУК ВО ВОронежского Камерного театра"}, "photo": "https://pro.culture.ru/uploads/83b7f3f86542968a5c04c07085a57675.jpeg", "gallery": ["https://pro.culture.ru/uploads/38ceaf77a082042a2bffb8e463f6d76d.jpeg", "https://pro.culture.ru/uploads/9f25661ef2a5e820bb92e9564bd7fca7.jpeg"], "category": {"name": "Спектакли", "sysName": "spektakli"}, "time": {"start": "2021-09-15 16:00:00", "end": "2022-01-12 18:30:00"}}, {"id": 1284023, "name": "Спектакль «Каренин»", "age": 0, "description": "<p>Кажется, все перипетии истории семьи Карениных, которая «несчастлива по-своему», зрители знают еще со школьной скамьи. Анна – мать. Анна – любовница. Анна – несчастная женщина. Анна – самоубийца. Лев Толстой так любовно выписывает свою Анну и так любуется движениями ее души, что невольно – а может быть, и нарочно – уводит читательские мысли от того, кто мучается не меньше ее. Как будто бы на написанной пастелью картине фигура Анны вычерчена углем. </p><p>Тем интереснее попытка Василия Сигарева, а вслед за ним и режиссера Руслана Маликова, взяться за персонажа Алексея Каренина и попробовать зафиксировать взгляд читателя и зрителя на нем.</p>", "shortDescription": "Произведение, которое по-новому расставляет акценты в толстовской истории.", "min_price": 1300, "link": "https://chambervrn.ru/theatrical/karenin", "status": "accepted", "updateDate": 1638354643160, "start": 1631637000000, "end": 1641924600000, "createDate": 1629458549111, "inAccepted": true, "acceptDate": 1637609863901, "image": {"author": "Алексей Бычков", "name": "08ea68ff20689193887821c378edefc1.jpeg", "realName": "ii5a3204.jpeg", "source": "Сайт АУК ВО Воронежского Камерного театра"}, "photo": "https://pro.culture.ru/uploads/08ea68ff20689193887821c378edefc1.jpeg", "gallery": ["https://pro.culture.ru/uploads/ffc7a2387eca4896c73e302612a017bd.jpeg", "https://pro.culture.ru/uploads/b5f44a9e73fda9fb7415b5e99fb59b6e.jpeg"], "category": {"name": "Спектакли", "sysName": "spektakli"}, "time": {"start": "2021-09-14 16:30:00", "end": "2022-01-11 18:10:00"}}, {"id": 1266832, "name": "Спектакль «Дядя Ваня»", "age": 16, "description": "<p>Режиссер предлагает свою необычную версию известного произведения А. П. Чехова. В постановке отображена жизнь советских людей брежневской эпохи в далекой сельской глубинке. Безмятежные, но несвободные будни персонажей представлены в атмосфере безнадежности и безысходности. </p><p>Но несмотря на это, спектакль не кажется тяжелым. Постановка простая, легкая, понятная. Искренность героев пьесы передана в спектакле живой игрой актеров: настроение их бесед, ссор, личных рассуждений окрашено скорее не словами, а мимикой, жестами, интонацией.</p>", "shortDescription": "Сцены из деревенской жизни, помещенные в советскую эстетику 60–70-х годов.", "min_price": 1300, "max_price": 1700, "link": "https://chambervrn.ru/theatrical/dyadya-vanya", "status": "accepted", "updateDate": 1638354381276, "start": 1631458800000, "end": 1643394600000, "createDate": 1628676309069, "inAccepted": true, "acceptDate": 1637593691710, "image": {"author": "Алексей Бычков", "name": "5fc300dd871068ea28d196ac4a1b59e9.jpeg", "realName": "1_13.jpeg", "source": "Сайт АУК ВО Воронежского Камерного театра"}, "photo": "https://pro.culture.ru/uploads/5fc300dd871068ea28d196ac4a1b59e9.jpeg", "gallery": ["https://pro.culture.ru/uploads/31f05cd1c5f12dfcd424c4cbf0a3610c.jpeg", "https://pro.culture.ru/uploads/0e40894e1b781f27c72b87f0e537f1b9.jpeg"], "category": {"name": "Спектакли", "sysName": "spektakli"}, "time": {"start": "2021-09-12 15:00:00", "end": "2022-01-28 18:30:00"}}, {"id": 1266756, "name": "Спектакль «Гроза»", "age": 16, "description": "<p>Действие пьесы Островского разворачивается в вымышленном городе Калинове на берегу Волги в 60-х годах XIX века.</p><p>Режиссер Михаил Бычков помещает героев хрестоматийной драмы в условную действительность времен оттепели с узнаваемыми советскими маркерами: первомайскими шествиями, трамваями и ситцевыми платьями. Только Катерина будто совсем из другой действительности. Тонкая, статная, совсем не вписывающаяся в душное пространство города, похожего на угольную шахту. Словом, другая. С особым, почти мистическим умением чувствовать.</p>", "shortDescription": "Постановка по произведению Александра Островского.", "min_price": 1100, "max_price": 1500, "link": "https://chambervrn.ru/theatrical/groza", "needCheck": true, "status": "accepted", "updateDate": 1638355307644, "start": 1631372400000, "end": 1643477400000, "createDate": 1628674933158, "inAccepted": true, "acceptDate": 1638355281934, "image": {"author": "Алексей Бычков", "name": "372f9ff14512d7cb12e675dafcb6a41d.jpeg", "realName": "ii5a9250.jpeg", "source": "Сайт АУК ВО Воронежского Камерного театра"}, "photo": "https://pro.culture.ru/uploads/372f9ff14512d7cb12e675dafcb6a41d.jpeg", "gallery": ["https://pro.culture.ru/uploads/556da36ecbb551cf09e9e1323f1a4425.jpeg", "https://pro.culture.ru/uploads/5acb9e595ba0380c41b459d8c09a0540.jpeg", "https://pro.culture.ru/uploads/303c14368b1dc0b50fc1bed10589c334.jpeg"], "category": {"name": "Спектакли", "sysName": "spektakli"}, "time": {"start": "2021-09-11 15:00:00", "end": "2022-01-29 17:30:00"}}, {"id": 1266692, "name": "Спектакль «Свадьба Кречинского»", "age": 16, "description": "<p>Молодой режиссер Владимир Данай представляет картины настоящего, или как он сам определяет жанр спектакля – «сцены». Взяв за основу сюжет двух пьес: «Свадьба Кречинского» (1854) и «Дело» (1861), режиссер создает собственную историю, где главным действующим лицом оказывается не Кречинский и даже не Тарелкин, а пострадавший от жесткого закона и делопроизводства Муромский.</p><p> Именно его фигура кажется постановщику созвучной времени. Тот, кто по роковой случайности и ошибке попал в жернова системы, и оказался ею сломлен. Почти детективная история с подлогом бриллианта и неудавшейся женитьбой превращается в жутковатую картину русской жизни, а текст XIX века звучит крайне остро и ультрасовременно.</p>", "shortDescription": "Постановка по трилогии русского драматурга А. В. Сухово-Кобылина «Картины прошедшего».", "min_price": 1300, "max_price": 1700, "link": "https://chambervrn.ru/theatrical/svadba-krechinskogo", "needCheck": true, "status": "accepted", "updateDate": 1638355352176, "start": 1631289600000, "end": 1642789800000, "createDate": 1628673821085, "inAccepted": true, "acceptDate": 1634206056374, "image": {"author": "Алексей Бычков", "name": "955001037501c2b35db59955a47f71dd.jpeg", "realName": "9m5a9174.jpeg", "source": "Сайт АУК ВО Воронежского Камерного театра"}, "photo": "https://pro.culture.ru/uploads/955001037501c2b35db59955a47f71dd.jpeg", "gallery": ["https://pro.culture.ru/uploads/106dbc0a7552f50a372d65d07e8be556.jpeg", "https://pro.culture.ru/uploads/e0eaea5256fa229552091c97252d40c1.jpeg"], "category": {"name": "Спектакли", "sysName": "spektakli"}, "time": {"start": "2021-09-10 16:00:00", "end": "2022-01-21 18:30:00"}}, {"id": 1264171, "name": "Спектакль «Привидения»", "age": 16, "description": "<p>В новом спектакле Михаила Бычкова, где он выступает не только как режиссер, но и как художник и автор сценической редакции текста, акцент сделан на взаимоотношениях внутри буржуазной семьи. За внешним ее благополучием кроется ложь, настоящее переплетается с прошлым, а привидения, наполняющие дом госпожи Алвинг, вынуждают обратить внимание на «грехи отцов», скрывать которые становится невозможно.</p><p>«Привидения» были написаны в 1881 году. Постановки пьесы сопровождались скандалами – в произведении автор затрагивал темы, говорить о которых считалось недопустимым. В России же пьеса была долгие годы запрещена и стала известна театральному зрителю только в начале XX века.</p>", "shortDescription": "Постановка по пьесе норвежского драматурга Генриха Ибсена.", "min_price": 1500, "max_price": 1900, "link": "https://chambervrn.ru/theatrical/privideniya", "needCheck": true, "status": "accepted", "updateDate": 1638354504865, "start": 1631116800000, "end": 1642957200000, "createDate": 1628590260996, "inAccepted": true, "acceptDate": 1637610188170, "image": {"author": "Алексей Бычков", "name": "f3b22a043a32ef9119b3f47d8122467a.jpeg", "realName": "9m5a8022_0.jpeg", "source": "Сайт АУК ВО Воронежского Камерного театра"}, "photo": "https://pro.culture.ru/uploads/f3b22a043a32ef9119b3f47d8122467a.jpeg", "gallery": ["https://pro.culture.ru/uploads/9301dea2faf6668fcd847cdbf8ac007f.jpeg", "https://pro.culture.ru/uploads/c9a4269e4efb5841885f0d42e89a9eaf.jpeg"], "category": {"name": "Спектакли", "sysName": "spektakli"}, "time": {"start": "2021-09-08 16:00:00", "end": "2022-01-23 17:00:00"}}, {"id": 1264129, "name": "Спектакль «Цветы для Элджернона»", "age": 0, "description": "<p>Данный спектакль является самостоятельной работой оного из актеров драматической труппы Ворнежского Камерного театра – Олега Луконина. Замысел спектакля появился у автора еще в 2012 году, тогда, будучи студентом второго курса РГИСИ, он впервые прочитал этот рассказ, а затем и роман, но побоялся браться за такую серьезную работу. Спустя несколько лет он получил возможность вернуться к этому замыслу.</p><p>В постановке автор размышляет о влиянии науки на повседневную жизнь, социальных проблемах общества и о психологии человеческой личности. В спектакле темы тесно переплетаются и раскрываются в сложном и многогранном, но одновременно простом рассказе главного персонажа Чарли, который добровольно становится участником эксперимента по повышению уровня интеллекта.</p>", "shortDescription": "Постановка по произведению Дэниэла Киза.", "min_price": 1700, "max_price": 1700, "link": "https://chambervrn.ru/theatrical/cvety-dlya-eldzhernona", "needCheck": true, "status": "accepted", "updateDate": 1638353374744, "start": 1631030400000, "end": 1643134200000, "createDate": 1628589624714, "inAccepted": true, "acceptDate": 1638352475775, "image": {"author": "Алексей Бычков", "name": "66c61489c2f2ce932048766a07d2c0c7.jpeg", "realName": "cvety_na_stranicu_spek.jpeg", "source": "Сайт АУК ВО ВОронежский Камерный театр"}, "photo": "https://pro.culture.ru/uploads/66c61489c2f2ce932048766a07d2c0c7.jpeg", "gallery": [], "category": {"name": "Спектакли", "sysName": "spektakli"}, "time": {"start": "2021-09-07 16:00:00", "end": "2022-01-25 18:10:00"}}, {"id": 1264020, "name": "Спектакль «Бальзаминов»", "age": 16, "description": "<p>«Женитьба Бальзаминова» написана в 1861 году. Впервые текст пьесы был опубликован в журнале «Время» Ф. Достоевского. </p><p> Изначально пьесу не пропускал литературно-театральный комитет, который ссылался на отсутствие в ней литературных и сценических достоинств. Благодаря прогрессивной прессе этот инцидент получил общественную огласку. После пересмотра постановления комитет изменил свое решение и допустил «Женитьбу» к представлению. </p><p> Пьеса необычайно созвучна нашему веку. Благодаря особенному выразительному ряду спектакля, соединяющему в себе кино и театр, зритель сможет увидеть в персонажах Островского сегодняшних людей с их нынешними мечтами и проблемами.</p>", "shortDescription": "Постановка по пьесе А. Островского «Женитьба Бальзаминова» (или «За чем пойдешь, то и найдешь»).", "min_price": 1300, "max_price": 1700, "link": "https://chambervrn.ru/theatrical/balzaminov", "needCheck": true, "status": "accepted", "updateDate": 1638352037403, "start": 1630854000000, "end": 1643220000000, "createDate": 1628588197118, "inAccepted": true, "acceptDate": 1637591548179, "image": {"author": "Андрей Парфенов", "name": "bd7373f65db61905d087b5b20e85fb5b.jpeg", "realName": "parfyonov3425_0.jpeg", "source": "Сайт АУК ВО Воронежского Камерного театра"}, "photo": "https://pro.culture.ru/uploads/bd7373f65db61905d087b5b20e85fb5b.jpeg", "gallery": ["https://pro.culture.ru/uploads/385fc80049e589f2cf8546820fb0e9da.jpeg", "https://pro.culture.ru/uploads/3a394d3444f0fe51255d43ebddf3ab16.jpeg", "https://pro.culture.ru/uploads/ebf980fd67232670a23914935a1c82ed.jpeg"], "category": {"name": "Спектакли", "sysName": "spektakli"}, "time": {"start": "2021-09-05 15:00:00", "end": "2022-01-26 18:00:00"}}, {"id": 954464, "name": "Спектакль «Зеркало»", "age": 16, "description": "<p>Первый танцевальный спектакль в репертуаре Воронежского камерного театра, не имеющий в своей основе литературного источника. </p><p>Действие разворачивается в мистическом пространстве, атмосферу которого подчеркивает минимализм в выборе художественных средств, а также хореография, требующая от исполнителей полной физической отдачи. Истории и образы, возникающие на сцене, переплетаются в одно повествование о природе внутреннего мира человека и его тайнах. </p><p>Павел Глухов (Москва) – хореограф, педагог современного танца, танцовщик. В 2013 году закончил балетмейстерский факультет Российской академии театрального искусства – \n\nРоссийский институт театрального искусства\n. Был артистом современной труппы театров «Балет Москва» и «Новый балет», участником мастерских молодых хореографов. Спектакли Павла Глухова «Три сестры» (2014 г.) и «Миф» (2018 г.) были включены в лонг-лист премии «Золотая маска».</p>", "shortDescription": "Пластическая постановка Павла Глухова.", "min_price": 500, "max_price": 900, "link": "https://chambervrn.ru/theatrical/zerkalo", "needCheck": true, "status": "accepted", "updateDate": 1638355398594, "start": 1615129200000, "end": 1643303400000, "createDate": 1613728576833, "inAccepted": true, "acceptDate": 1634207865815, "image": {"author": "Алексей Бычков", "name": "cc3d462449f778648e79f9497523691a.jpeg", "realName": "1_21.jpg", "source": "Сайт Воронежского Камерного театра"}, "photo": "https://pro.culture.ru/uploads/cc3d462449f778648e79f9497523691a.jpeg", "gallery": ["https://pro.culture.ru/uploads/acf5f36c058bddad112392104fd3567b.jpeg", "https://pro.culture.ru/uploads/e3d85c268f06593f3871349cf8b2edd4.jpeg"], "category": {"name": "Спектакли", "sysName": "spektakli"}, "time": {"start": "2021-03-07 15:00:00", "end": "2022-01-27 17:10:00"}}, {"id": 954352, "name": "Спектакль «После актрисы»", "age": 16, "description": "<p>«После актрисы» – это спектакль, приоткрывающий завесы артистической жизни. Калейдоскоп слов, записок, карточек, писем, дневников и книжечек, сохранившихся в секретном ящичке провинциальной актрисы, складывается в причудливое повествование о ее короткой, но яркой судьбе. До слез смешное и одновременно трогательное, грустное произведение позволяет исследовать нюансы театрального быта благодаря мастерству автора, выразительности и меткости описываемых им сюжетов.</p><p>Влас Дорошевич – известный фельетонист конца XIX – начала XX века, журналист и критик. С 1902 по 1917 год Дорошевич работал редактором газеты «Русское слово», которая в эти годы стала самым читаемым изданием в Российской империи. Автор был не понаслышке знаком со спецификой театрального ремесла. Трижды был женат. И каждый раз на актрисе.</p>", "shortDescription": "Постановка по произведению Власа Дорошевича.", "min_price": 1200, "link": "https://chambervrn.ru/theatrical/posle-aktrisy#", "needCheck": true, "status": "accepted", "updateDate": 1638355253474, "start": 1614445200000, "end": 1642876200000, "createDate": 1613726637299, "inAccepted": true, "acceptDate": 1634206007812, "image": {"author": "Алексей Бычков", "name": "f3d480e5aee696a357f8c91cb0f74563.jpeg", "realName": "ii5a5444.jpg", "source": "Сайт Воронежского Камерного театра"}, "photo": "https://pro.culture.ru/uploads/f3d480e5aee696a357f8c91cb0f74563.jpeg", "gallery": ["https://pro.culture.ru/uploads/7a8059a1acd07b6af70c52ba2c783ebc.jpeg", "https://pro.culture.ru/uploads/27b298e017494295c5da34a1b8effe6d.jpeg", "https://pro.culture.ru/uploads/1db73b40a3fb393bb02d7a3fcd952527.jpeg", "https://pro.culture.ru/uploads/464127c062c69541cb8d8ddba51da248.jpeg"], "category": {"name": "Спектакли", "sysName": "spektakli"}, "time": {"start": "2021-02-27 17:00:00", "end": "2022-01-22 18:30:00"}}, {"id": 840061, "name": "Спектакль «Метод Грёнхольма»", "age": 16, "description": "<p>Стресс-тест «Метод Гренхольма» – драма о людях, пришедших на собеседование в крупную компанию. </p><p>Психологический триллер о собеседовании офисных работников поставил в Воронеже известный российский театральный режиссер, главный режиссер Омского драматического театра Георгий Цхвирава. По словам Георгия Цхвиравы, этот тест проходят не только герои пьесы, но и зрители. Тема пьесы испанского драматурга Жорди Гальсерана актуальна и сегодня. Она о том, на что каждый готов пойти ради достижения славы, успеха, денег.</p>", "shortDescription": "Постановка рассказывает о стрессовом собеседовании. Зритель будет заинтригован до самого конца!", "min_price": 1300, "max_price": 1500, "link": "https://chambervrn.ru/theatrical/metod-gryonholma", "needCheck": true, "status": "accepted", "updateDate": 1638354912488, "start": 1608652800000, "end": 1642096800000, "createDate": 1606901513056, "inAccepted": true, "acceptDate": 1634205908832, "image": {"author": "Алексей Бычков", "name": "d54cbd12bc036c79065d7443e77f0d39.jpeg", "realName": "ii5a3683.jpg", "source": "Сайт Воронежского Камерного театра"}, "photo": "https://pro.culture.ru/uploads/d54cbd12bc036c79065d7443e77f0d39.jpeg", "gallery": ["https://pro.culture.ru/uploads/ca7ea0afaf15c1e6dcc781903d2787a9.jpeg", "https://pro.culture.ru/uploads/b3cadb1a7d5bc67058b0b0621dc5bb3a.jpeg", "https://pro.culture.ru/uploads/73b9265305f03aee62b6aef9f51e314b.jpeg"], "category": {"name": "Спектакли", "sysName": "spektakli"}, "time": {"start": "2020-12-22 16:00:00", "end": "2022-01-13 18:00:00"}}, {"id": 709070, "name": "Спектакль «Женщины, которые осмеливаются»", "age": 16, "description": "<p>«Женщины, которые осмеливаются» – это спектакль о любви, ревности, изменах, влюбленности, хитрости – о том, что знакомо каждому. Ги де Мопассан был автором, который обращался именно к теме взаимоотношения полов. Для своего времени он писал достаточно откровенно, не приукрашивая и не скрывая человеческих страстей и слабостей. В основе постановки – произведения «У постели», «Избавилась», «Знак» и «Незнакомка». </p><p>Ги де Мопассан – один из крупнейших французских новеллистов XIX века. Был невероятно популярен в свое время, но и по сей день не теряет актуальности. Для авторского почерка характерны психологическая глубина, натурализм и точность анализа человеческих отношений, а также простота и выразительность языка.</p>", "shortDescription": "В литературную основу постановки легли четыре рассказа Ги де Мопассана.", "min_price": 1200, "max_price": 1200, "link": "https://chambervrn.ru/theatrical/zhenshchiny-kotorye-osmelivayutsya", "needCheck": true, "status": "accepted", "updateDate": 1638355209765, "start": 1600966800000, "end": 1642961400000, "createDate": 1597406975249, "inAccepted": true, "acceptDate": 1638355180623, "image": {"author": "Алексей Бычков", "name": "60398725f6389f598187d56ee8d5cfdc.jpeg", "realName": "ii5a1986-min.jpg", "source": "Сайт Воронежского Камерного театра"}, "photo": "https://pro.culture.ru/uploads/60398725f6389f598187d56ee8d5cfdc.jpeg", "gallery": ["https://pro.culture.ru/uploads/3d3e5e4f4bd617e9f4a22a7b70ed7104.jpeg", "https://pro.culture.ru/uploads/545f93890067f0c982e360a0a4e69e6f.jpeg", "https://pro.culture.ru/uploads/6c356341171c99a6c07f1919708c94a1.jpeg", "https://pro.culture.ru/uploads/1daaf0e0d14c2cf92098db305bca5a24.jpeg", "https://pro.culture.ru/uploads/0749fc6bb6848d3b966d775f790ca388.jpeg"], "category": {"name": "Спектакли", "sysName": "spektakli"}, "time": {"start": "2020-09-24 17:00:00", "end": "2022-01-23 18:10:00"}}, {"id": 704398, "name": "Спектакль «Плот Медузы»", "age": 16, "description": "<p>Замысел спектакля зародился благодаря одноименной картине «Плот Медузы» французского художника Теодора Жерико, которая была написана в 1819 году. Поводом для ее создания послужила реальная морская катастрофа – после крушения фрегата «Медуза» пассажиры и экипаж корабля в течение 12 дней спасались на плоту в открытом море.</p><p>Постановочная команда:</p><ul><li>хореограф – Павел Глухов;</li><li>композитор – Василий Пешков;</li><li>художник по свету – Татьяна Мишина.</li></ul><p>В сезоне 2019/20 танцевальный спектакль «Зеркало» номинирован на Российскую национальную театральную премию «Золотая маска» в трех номинациях.</p><p>Павел Глухов, хореограф спектакля: «Плот Медузы» – это модель общества в миниатюре. В спектакле делают попытку проанализировать эту модель, работают с разнообразными архетипами личности. Каждый человек здесь, как и в реальном социуме, занимает какую-то роль: кто-то сильный, кто-то слабый, кто-то хитрый, а кто-то простой. Где грань между человеком и животным? Какие свойства характера начинают проявляться перед лицом опасности? Именно эти вопросы исследуются в спектакле».</p>", "shortDescription": "Пластическая постановка, не имеющая в свей основе литературного источника.", "min_price": 800, "max_price": 1000, "link": "https://chambervrn.ru/theatrical/plot-meduzy", "needCheck": true, "status": "accepted", "updateDate": 1638352171619, "start": 1600358400000, "end": 1641319800000, "createDate": 1597065676341, "inAccepted": true, "acceptDate": 1634208080275, "image": {"author": "Андрей Парфенов", "name": "4da106651124b0a3636d776adc3005c6.jpeg", "realName": "3par5744.jpg", "source": "Сайт Воронежского Камерного театра"}, "photo": "https://pro.culture.ru/uploads/4da106651124b0a3636d776adc3005c6.jpeg", "gallery": ["https://pro.culture.ru/uploads/1143fc3edd9a495b653b05bdc1a5e553.jpeg", "https://pro.culture.ru/uploads/a5fc3a4264038ac135e762fabfa36741.jpeg", "https://pro.culture.ru/uploads/60e1db63abf3d4e583438894eb677a8a.jpeg"], "category": {"name": "Спектакли", "sysName": "spektakli"}, "time": {"start": "2020-09-17 16:00:00", "end": "2022-01-04 18:10:00"}}, {"id": 704367, "name": "Спектакль «Бальзаминов»", "age": 16, "description": "<p> «Женитьба Бальзаминова» написана в 1861 году. Впервые текст пьесы был опубликован в журнале «Время» Ф. Достоевского. </p><p> Изначально пьесу не пропускал литературно-театральный комитет, который ссылался на отсутствие в ней литературных и сценических достоинств. Благодаря прогрессивной прессе этот инцидент получил общественную огласку. После пересмотра постановления комитет изменил свое решение и допустил «Женитьбу» к представлению. </p><p> Пьеса необычайно созвучна нашему веку. Благодаря особенному выразительному ряду спектакля, соединяющему в себе кино и театр, зритель сможет увидеть в персонажах Островского сегодняшних людей с их нынешними мечтами и проблемами. </p>", "shortDescription": "Постановка по пьесе А. Островского «Женитьба Бальзаминова» (или «За чем пойдешь, то и найдешь»).", "min_price": 1300, "max_price": 1700, "link": "https://chambervrn.ru/theatrical/balzaminov", "status": "accepted", "updateDate": 1630394022920, "start": 1600272000000, "end": 1630864800000, "createDate": 1597064739443, "inAccepted": true, "acceptDate": 1631017457633, "image": {"author": "Андрей Парфенов", "name": "b67579a5e112610c3d79be6fc3c1a473.jpeg", "realName": "0TNrGdayZIs.jpg", "source": "Сайт Воронежского Камерного театра"}, "photo": "https://pro.culture.ru/uploads/b67579a5e112610c3d79be6fc3c1a473.jpeg", "gallery": ["https://pro.culture.ru/uploads/225f459d5664c256bcd011128700f41c.jpeg", "https://pro.culture.ru/uploads/b03500fc59a4f6bb1893466d0f7fc8fd.jpeg", "https://pro.culture.ru/uploads/e291ddeabf94d9e45c0d9c3daaa34c0c.jpeg"], "category": {"name": "Спектакли", "sysName": "spektakli"}, "time": {"start": "2020-09-16 16:00:00", "end": "2021-09-05 18:00:00"}}, {"id": 704268, "name": "Спектакль «Афродита»", "age": 16, "description": "<p>«Афродита» – один из немногих рассказов Андрея Платонова о любви, где главный герой Назар (альтер эго автора) тоскует по женщине своей жизни – Наталье, любовно названной им Афродитой в честь греческой богини.</p><p> В спектакле также используются фрагменты писем Платонова к жене, которые стали основой рассказа «Афродита». Звучат стихотворения Николая Заболоцкого «Стирка белья», «Утренняя песня», «Сквозь волшебный прибор Левенгука», «Вчера, о смерти размышляя...», а также «О природе вещей» Тита Лукреция Кара.</p>", "shortDescription": "По одноименному рассказу и письмам Андрея Платонова к жене.", "min_price": 1000, "max_price": 1200, "link": "https://chambervrn.ru/theatrical/afrodita", "needCheck": true, "status": "accepted", "updateDate": 1638354969715, "start": 1600187400000, "end": 1642528800000, "createDate": 1597061497165, "inAccepted": true, "acceptDate": 1637610134671, "image": {"author": "Алексей Бычков", "name": "858c1c35ec55691e5f33f90a3c836276.jpeg", "realName": "48374579_2206681696257651_2343438584532434944_n.jpg", "source": "Сайт Воронежского Камерного театра"}, "photo": "https://pro.culture.ru/uploads/858c1c35ec55691e5f33f90a3c836276.jpeg", "gallery": ["https://pro.culture.ru/uploads/1a4060d54806f37e3b9eae2118c9d449.jpeg", "https://pro.culture.ru/uploads/3ccced604aae1c2a56173ee1b818a428.jpeg", "https://pro.culture.ru/uploads/182241b20f687dc027856367ecbaeba9.jpeg", "https://pro.culture.ru/uploads/36623ca4b9ab628edf7132121982ddb5.jpeg"], "category": {"name": "Спектакли", "sysName": "spektakli"}, "time": {"start": "2020-09-15 16:30:00", "end": "2022-01-18 18:00:00"}}]}