{"12303": [{"id": 1552590, "name": "Концерт «Разговор со счастьем»", "age": 6, "description": "<p>Выступление ансамбля приурочено к 95-летию выдющегося советского и российского копозитора Александра Зацепина. Художественный руководитель и дирижер – заслуженная артистка РТ Ялтанская Оксана Леонидовна.</p><p>В программе прозвучат произведения «Остров невезения», «Этот миг между прошлым и будущем». Александр Зацепин подарил сотни песен, любимых и не стареющих с годами. Его хиты – давно в репертуаре многих звезд эстрады и кино. Эти мелодии по сей день часто поют в караоке и заказывают на радио, когда душа просит музыки.</p><p>Ведущая – Ольга Валиуллина.</p> <p></p>", "shortDescription": "Программа вокального ансамбля «Капелла».", "min_price": 300, "max_price": 300, "link": "https://bileton.ru/events/razgovor-so-schastem-60544", "status": "accepted", "updateDate": 1640605123374, "start": 1642174200000, "end": 1642179600000, "createDate": 1640176133263, "inAccepted": true, "acceptDate": 1640605125984, "image": {"author": "Климова", "name": "6a23c083b35790ff441c59f2ae042bd4.jpeg", "realName": "5838F9A8-582A-4DC1-9341-659589CCEA13.jpg", "source": "Климова"}, "photo": "https://pro.culture.ru/uploads/6a23c083b35790ff441c59f2ae042bd4.jpeg", "gallery": ["https://pro.culture.ru/uploads/574f848fd2a2ec8c66644b38ca08ef4e.jpeg"], "category": {"name": "Концерты", "sysName": "koncerty"}, "time": {"start": "2022-01-14 15:30:00", "end": "2022-01-14 17:00:00"}}, {"id": 1462293, "name": "Гала-концерт проекта «Молодые таланты – 2021»", "age": 6, "description": "<p>Проект «Молодые таланты» – творческий союз оркестра народных инструментов концертно-творческого центра и учащихся детских школ дополнительного музыкального образования Нижнекамского муниципального района Республики Татарстан. </p><p>Цель данного проекта – познакомить слушателей с юными исполнителями, лауреатами конкурсов, помочь одаренным звездочкам «заблестеть» еще ярче, дать стимул к развитию потенциала и профессионализма, назвать и отметить прекрасных педагогов и приобщить к занятиям музыкой подрастающее поколение. </p><p>Идея проекта – воспитание эстетического вкуса у современной молодежи, вовлечение ее в творческую деятельность.</p>", "shortDescription": "Музыкальное выступление детей с оркестром народных инструментов.", "min_price": 300, "link": "https://bileton.ru/events/proekt-molodye-talanty-2021-57735", "needCheck": true, "status": "accepted", "updateDate": 1640351858542, "start": 1639755000000, "end": 1639764000000, "createDate": 1637147376544, "inAccepted": true, "acceptDate": 1637667582553, "image": {"author": "Катерина Климова", "name": "8d902e7e709b3afa5872077ae5fe59a1.jpeg", "realName": "IMG_0175.JPG", "source": "Катерина Климова"}, "photo": "https://pro.culture.ru/uploads/8d902e7e709b3afa5872077ae5fe59a1.jpeg", "gallery": ["https://pro.culture.ru/uploads/6c2a8f312467872b649628ba8ea28505.jpeg"], "category": {"name": "Концерты", "sysName": "koncerty"}, "time": {"start": "2021-12-17 15:30:00", "end": "2021-12-17 18:00:00"}}, {"id": 1353955, "name": "Концерт камерного оркестра «Музыка Вены»", "age": 6, "description": "<p><span>«Великолепно оркестрованный город» – так называл Вену выдающийся австрийский писатель Стефан Цвейг. Она сама подобна застывшей музыке, необычайно яркой и разнообразной, и вместе с тем, поражающая своей изысканной гармонией.</span></p> <p><span>26 ноября камерный оркестр под управлением Заслуженного работника культуры РТ – Загриевой С.М. представит новую концертную программу «Музыкальная Вена», в которой прозвучат сочинения В.А. Моцарта, Л. Ван Бетховена, Ф. Крейслера, Ф. Легара – композиторов, чья жизнь в разное время была связана с этой музыкальной Меккой Европы.</span></p>", "shortDescription": "Концерт камерного оркестра.", "min_price": 200, "max_price": 300, "link": "https://bileton.ru/events/koncert-kamernogo-orkestra-pod-upravleniem-zagrievoy-s-m-muz-53791", "needCheck": true, "status": "accepted", "updateDate": 1640351858542, "start": 1637940600000, "end": 1637947800000, "createDate": 1632740468073, "inAccepted": true, "acceptDate": 1635942664583, "image": {"author": "Осипова Светлана Вячеславовна", "name": "d8611a5daa221a2f9dea889431f93256.jpeg", "realName": "1.jpg", "source": "Климова Екатерина Андреевна"}, "photo": "https://pro.culture.ru/uploads/d8611a5daa221a2f9dea889431f93256.jpeg", "gallery": ["https://pro.culture.ru/uploads/31273b61bfe87d520590f524e3910cdb.jpeg"], "category": {"name": "Концерты", "sysName": "koncerty"}, "time": {"start": "2021-11-26 15:30:00", "end": "2021-11-26 17:30:00"}}, {"id": 1353850, "name": "Концерт оркестра народных инструментов «Музыка народов мира»", "age": 6, "description": "<p> Концерт оркестра народных инструментов под управлением Заслуженного работника культуры РТ – Плетневой З.И. «Музыка народов мира» для школьников города Нижнекамска, в рамках проекта «Путешествие в мир музыки». Музыкальная программа «Музыка народов мира» открывает перед слушателями все разнообразие музыки народов России и мира. Народные песни, танцы, присущие им особенности, национальные инструменты-все эти темы ведущий раскрывает перед зрителями, сопровождая яркими музыкальными примерами в исполнении оркестра. Школьники знакомятся и с композиторами разных стран, с их культурой и традициями. </p>", "shortDescription": "Концерт оркестра народных инструментов.", "min_price": 300, "link": "https://bileton.ru/events/koncert-orkestra-narodnyh-instrumentov-muzyka-narodov-mira-53689", "needCheck": true, "status": "accepted", "updateDate": 1640351858542, "start": 1637593200000, "end": 1637596800000, "createDate": 1632739050191, "inAccepted": true, "acceptDate": 1636613478086, "image": {"author": "Екатерина Климова", "name": "3b12efe204183ea95110169af853bb47.jpeg", "realName": "2.jpg", "source": "Екатерина Климова"}, "photo": "https://pro.culture.ru/uploads/3b12efe204183ea95110169af853bb47.jpeg", "gallery": ["https://pro.culture.ru/uploads/e19c85cb5d5c57a1de8ae76cec5c9887.jpeg"], "category": {"name": "Концерты", "sysName": "koncerty"}, "time": {"start": "2021-11-22 15:00:00", "end": "2021-11-22 16:00:00"}}, {"id": 1342552, "name": "Концерт «Шурале»", "age": 6, "description": "<p> Первому татарскому балету «Шурале», написанному композитором Фаридом Яруллиным, исполняется 80 лет! Казанский камерный оркестр La Primavera и Рустем Абязов подготовили к этой дате совершенно особенный проект – премьеру Большой сюиты из «Шурале». Она прозвучит на концерте в сопровождении стихов Альбины Абсалямовой, в программе концерта также сочинения Яруллина, Сайдашева, Яхина. Приглашенная солистка – Дания Хайбуллина из Новосибирска.</p><p>В программу концерта вошла большая сюита Фарида яруллина и музыка из зарубежной киноклассики. На концерте будет презентован диск с записью сюиты.</p><p> </p>", "shortDescription": "Казанский камерный оркестр.", "min_price": 500, "max_price": 500, "link": "https://bileton.ru/events/shurale-80-53281", "status": "accepted", "updateDate": 1640351858542, "start": 1634052600000, "end": 1634058000000, "createDate": 1632238783283, "inAccepted": true, "acceptDate": 1633627630489, "image": {"author": "ля примавера", "name": "5d250310373b5df0256aa299aaa800ba.jpeg", "realName": "1484118231.jpg", "source": "https://elitat.ru/anons/kazanskij-kamernyj-orkestr-la-primavera-progra/"}, "photo": "https://pro.culture.ru/uploads/5d250310373b5df0256aa299aaa800ba.jpeg", "gallery": ["https://pro.culture.ru/uploads/d8a2e3cbceabe05377d16637e17a6d7c.jpeg", "https://pro.culture.ru/uploads/09208cbeeafdc5d81eb48d485146dd17.jpeg"], "category": {"name": "Концерты", "sysName": "koncerty"}, "time": {"start": "2021-10-12 15:30:00", "end": "2021-10-12 17:00:00"}}, {"id": 1342518, "name": "Концерт «Мелодии из мобильника»", "age": 6, "description": "<p>Бесплатный образовательный проект для студентов и школьников Татарстана. Оркестр объехал более 20 отдаленных сел республики, где выступил со специальной программой. В нее вошли «Времена года» Вивальди, Ария D-dur из Сюиты N 3 Баха, «Маленькая ночная серенада» Моцарта, «Танец пастушков» из балета «Щелкунчик» Чайковского, польки Штрауса, «Танец с саблями» Хачатуряна, Libertango Пьяццоллы, пятый «Венгерский танец» Брамса – эти произведения школьники слышат обычно как рингтоны своих мобильных телефонов.</p><p>По словам художественного руководителя и главного дирижера оркестра Рустема Абязова, проект начинался со студенческой аудитории, а затем оркестр решил играть эту программу для школьников</p><p> Казанский камерный оркестр La Primavera под руководством Рустема Абязова представит программу для молодых людей.</p><p></p>", "shortDescription": "Казанский камерный оркестр.", "min_price": 400, "max_price": 400, "link": "https://bileton.ru/events/melodii-iz-mobilnika-53280", "status": "accepted", "updateDate": 1640351858542, "start": 1634036400000, "end": 1634040000000, "createDate": 1632237744818, "inAccepted": true, "acceptDate": 1633627675823, "image": {"author": "Ля Примавера", "name": "e28832f0e69227b472b0b00f0280aa94.jpeg", "realName": "23432c5361.jpeg", "source": "https://kzngo.ru/child/event/kamernyy-orkestr-la-rrimavera-v-mege-2991"}, "photo": "https://pro.culture.ru/uploads/e28832f0e69227b472b0b00f0280aa94.jpeg", "gallery": ["https://pro.culture.ru/uploads/aeeae17c8e58585dc22732354b572870.jpeg"], "category": {"name": "Концерты", "sysName": "koncerty"}, "time": {"start": "2021-10-12 11:00:00", "end": "2021-10-12 12:00:00"}}, {"id": 1340071, "name": "Концерт оркестра La Primavera", "age": 6, "description": "<p><span>Шесть городов Татарстана войдут в специальный концертный тур Казанского камерного оркестра La Primavera, который пройдет с 11 по 18 октября. На<a href=\"http://www.la-primavera.org/calendar/show/360\" target=\"_blank\"></a> дневные программы приглашены молодые люди, которые стали держателями «Пушкинской карты». </span></p> <p><span>Для них художественный руководитель оркестра Рустем Абязов подготовил программу «Мелодии из мобильников». В нее вошли сочинения Баха, Моцарта, Гайдна, Хачатуряна, хорошо известные школьникам и студентам больше как рингтоны. Несколько лет назад эта программа с успехом была представлена в селах Татарстана.</span></p> <p><span>Концерты тура пройдут в Набережных Челнах, Нижнекамске, Елабуге, Бугульме, Чистополе, Буинске</span></p>", "shortDescription": "В программу вошли сочинения Вивальди, Моцарта, Баха, Гайдна", "min_price": 400, "max_price": 400, "link": "https://nabchelny.kassir.ru/koncert/melodii-iz-mobilnika#903789", "status": "accepted", "updateDate": 1640351858542, "start": 1633950000000, "end": 1634562000000, "createDate": 1632159896451, "inAccepted": true, "acceptDate": 1634850608743, "image": {"author": "Юлия Калинина", "name": "7b5246e0e8a98dd285827fc3150f20d2.jpeg", "realName": "афиша виртуозы Ля Примавера-2 А4+ (1).jpg", "source": "Пресс-служба Казанского камерного оркестра La Primavera"}, "photo": "https://pro.culture.ru/uploads/7b5246e0e8a98dd285827fc3150f20d2.jpeg", "gallery": [], "category": {"name": "Концерты", "sysName": "koncerty"}, "time": {"start": "2021-10-11 11:00:00", "end": "2021-10-18 13:00:00"}}, {"id": 1339662, "name": "Концерт «Шурале-80»", "age": 6, "description": "<p><span>Специальные концерты Казанский камерный оркестр La Primavera даст в шести городах Татарстана. </span></p> <p><span>Они посвящены 80-летию первого татарского балета «Шурале». В программу концерта вошла премьера Большой сюиты Фарида Яруллина и музыка из зарубежной киноклассики: фильмов «Завтрак у Тиффани», «Властелин колец», «Пираты Карибского моря», «Жизнь прекрасна» и др. </span></p><p><span>На концерте будет презентован диск с записью сюиты, которая стала возможна полученному гранту благотворительного фонда ПАО «Татнефть». Запись будет бесплатно передана в библиотеки музыкальных школ и колледжей, фонды радио и телевидения.</span></p>", "shortDescription": "В программе – музыка кино, классика.", "min_price": 400, "link": "https://nabchelny.kassir.ru/koncert/shurale-80-g-elabuga#903788", "status": "accepted", "updateDate": 1640351858542, "start": 1633966200000, "end": 1634580000000, "createDate": 1632142429670, "inAccepted": true, "acceptDate": 1633627688113, "image": {"author": "Василий Иванов", "name": "164717f9126caef0957c13ee076b20fc.jpeg", "realName": "IVF00904.jpeg", "source": "Пресс-служба Казанского камерного оркестра La Primavera"}, "photo": "https://pro.culture.ru/uploads/164717f9126caef0957c13ee076b20fc.jpeg", "gallery": ["https://pro.culture.ru/uploads/207511103c32c69815b894dd08286943.jpeg"], "category": {"name": "Концерты", "sysName": "koncerty"}, "time": {"start": "2021-10-11 15:30:00", "end": "2021-10-18 18:00:00"}}, {"id": 1331948, "name": "Концерт «Вечер русского романса»", "age": 6, "description": "<p>Концерт оркестра народных инстументов под управлением Заслуженного работника кульутры РТ – Плетневой Зинаиды Ивановны «Вечер русского романса». </p><p> </p><p> Романсы невелики по объему, голос их негромок и обращен не к массовой публике, а к каждому слушателю. В них так просто и задушевно ведется повествование о самых сокровенных чувствах, переживаниях, глубоких раздумьях.</p><p>Родиной романса считается Испания. В средние века слово РОМАНС означало песню на романском, то есть испанском языке, в отличие от церковных песнопений, которые исполнялись на латыни.</p><p>В Россию этот термин пришел из Франции в XVIII веке. Тогда романсами назывались произведения на французский текст. В противоположность им произведения, написанные на русский текст, именовались «российскими песнями». Позже романсом стали называть произведение для голоса, с сопровождением, с характерными лирическими, чувствительными оборотами. Первые русские романсы сочинялись не только композиторами, но и певцами-любителями. Их имена часто оставались неизвестными.</p> <p></p><p>В концерте принимают участие : Заслуженный работник культуры РТ – Шарафудинова З.В; Заслуженная артистка РТ – Ялтанская О.Л.; соилсты: Кофевникова О.Г.; Петренко А.А. </p>", "shortDescription": "Выступление оркестра народных инструментов.", "min_price": 200, "max_price": 300, "link": "https://bileton.ru/events/vecher-russkogo-romansa-s-orkestrom-narodnyh-instrumentov-53285", "status": "accepted", "updateDate": 1640351858542, "start": 1633707000000, "end": 1633712400000, "createDate": 1631708503551, "inAccepted": true, "acceptDate": 1632147355732, "image": {"author": "Климова Екатерина", "name": "e4cc15b1e6adda10f27aab1729bd58cf.jpeg", "realName": "88D30EDB-99AA-4402-BEBE-4E7CE2F987D8.jpeg", "source": "Климова Екатерина"}, "photo": "https://pro.culture.ru/uploads/e4cc15b1e6adda10f27aab1729bd58cf.jpeg", "gallery": ["https://pro.culture.ru/uploads/a6b2bda5a3736cf22d29cf0dfd271ffe.jpeg"], "category": {"name": "Концерты", "sysName": "koncerty"}, "time": {"start": "2021-10-08 15:30:00", "end": "2021-10-08 17:00:00"}}]}