{"12264": [{"id": 1464828, "name": "Спектакль «Чудо рождественской ночи»", "age": 16, "description": "<p><span><span>Традиционно считается, что в рождественскую ночь возможна встреча человека с ангелом. Она может быть зримой или незримой, но чудо происходит. В этом спектакле ангелы ведут действие, подталкивают персонажей к нужным поступкам, создают рождественские чудеса их руками. </span></span></p> <p><span><span>Визуальным центром спектакля становится круглый вращающийся планшет. Он может быть и городской улицей, и ярмарочной каруселью, и комнатой, в которой происходит действие рассказа. А вокруг – чудесная рождественская ночь. Она занимает все пространство сцены, и в ней, как и положено, звезды, снег и ангелы. У этой ночи есть своя музыка (композитор – Александр Яничек). </span></span></p> <p><span><span>Все выразительные средства спектакля направлены на создание рождественской атмосферы, когда хочется верить в чудеса, и когда они действительно могут произойти. Чудеса доброты, душевного прозрения, сердечного озарения.</span></span></p><p><span><span> </span></span></p><p>Режиссер-постановщик – заслуженная артистка РФ Нина Туманова. </p><p>Сценография и куклы – лауреат Российской национальной театральной премии «Золотая маска» Алевтина Торик.</p> <p><span></span> </p><p><span> </span></p> <p><span> </span></p> <p><span> </span></p>", "shortDescription": "Сказки для взрослых по рождественским рассказам Серебряного века.", "min_price": 800, "link": "https://quicktickets.ru/arhangelsk-teatr-kukol", "status": "accepted", "updateDate": 1637914385934, "start": 1640359800000, "end": 1641663000000, "createDate": 1637224961223, "inAccepted": true, "acceptDate": 1637914385991, "image": {"author": "В. Малахов", "name": "c7f40c93db894453f80ead762940f68f.jpeg", "realName": "Чудо рождественской ночи.jpg", "source": "Архив Архангельского театра кукол"}, "photo": "https://pro.culture.ru/uploads/c7f40c93db894453f80ead762940f68f.jpeg", "gallery": ["https://pro.culture.ru/uploads/c262425acfef6cc82170437d647f4974.jpeg", "https://pro.culture.ru/uploads/77ee549b53c2cbfd20f59f89efb42781.jpeg"], "category": {"name": "Спектакли", "sysName": "spektakli"}, "time": {"start": "2021-12-24 15:30:00", "end": "2022-01-08 17:30:00"}}, {"id": 1245888, "name": "Спектакль «Барин, Полина и Петух»", "age": 16, "description": "<p>Драматург Виктор Ольшанский написал пьесу по мотивам малоизвестных рассказов Н. С. Лескова. Художник Алевтина Торик создала на сцене декорацию, вместившую в себя и тот, и этот свет.<br /></p><p>В этой декорации разыгрывается простая и очень запутанная история о том, как выгодно женить сыночка, который о женитьбе и не помышляет, но оказывается ранен стрелой Амура и влюбляется в крепостную девицу Пелагею, тогда как на самом деле она еще и француженка Полин. А какое отношение к этой истории имеют Петух, медведь, поп с попадьей, курочки-несушки, философ Вольтер и души ангельские – в этом вы сможете разобраться только по просмотру спектакля.</p>", "shortDescription": "Почти водевиль.", "min_price": 700, "max_price": 700, "link": "https://quicktickets.ru/arhangelsk-teatr-kukol", "status": "accepted", "updateDate": 1629285419376, "start": 1637854200000, "end": 1637947800000, "createDate": 1627652705484, "inAccepted": true, "acceptDate": 1629293831165, "image": {"author": "Архангельский театр кукол", "name": "91e10a0e3b738a72d021c54f9d0fec0b.jpeg", "realName": "Барин Полина и Петух.jpg", "source": "https://vk.com/club12755701?z=photo-12755701_457240413%2Fwall-12755701_4636"}, "photo": "https://pro.culture.ru/uploads/91e10a0e3b738a72d021c54f9d0fec0b.jpeg", "gallery": [], "category": {"name": "Спектакли", "sysName": "spektakli"}, "time": {"start": "2021-11-25 15:30:00", "end": "2021-11-26 17:30:00"}}, {"id": 1245781, "name": "Спектакль «Не любо – не слушай»", "age": 12, "description": "<p> Литературной основой спектакля «Не любо – не слушай» являются сказки архангельского писателя, этнографа, художника Степана Писахова «Морожены песни», «Не любо – не слушай», «Северное cияние», Баня в море«,»Перепилиха«,» Модница«,»Проповедь попа Сиволдая\" и др. Из этих сказок можно узнать, как жили архангельские крестьяне, как ходили в море, ловили рыбу, катались на льдинах, сушили северное сияние, как медведи торговали на ярмарках молоком, а пингвины приезжали на заработки и ходили по улицам с шарманкой. <br /></p>", "shortDescription": "Веселое, лукавое и в то же время мудрое игрище, созданное на основе древней фольклорной традиции.", "min_price": 500, "max_price": 500, "link": "https://quicktickets.ru/arhangelsk-teatr-kukol/e101", "status": "accepted", "updateDate": 1631524047042, "start": 1633102200000, "end": 1633186800000, "createDate": 1627651116679, "inAccepted": true, "acceptDate": 1631524050895, "image": {"author": "Пермский театр кукол", "name": "5fd67aaa1080fe56a4d1c36c5627582d.jpeg", "realName": "Не любо - не слушай...jpg", "source": "http://kuklindom.perm.ru/"}, "photo": "https://pro.culture.ru/uploads/5fd67aaa1080fe56a4d1c36c5627582d.jpeg", "gallery": [], "category": {"name": "Спектакли", "sysName": "spektakli"}, "time": {"start": "2021-10-01 15:30:00", "end": "2021-10-02 15:00:00"}}, {"id": 880900, "name": "Спектакль «Любовь в почтовом ящике»", "age": 16, "description": "<p> В основе спектакля, как и явствует из названия, дневники, письма, устные воспоминания Фаины Георгиевны Раневской, афоризмы этой гениальной личности. Вы узнаете о жизни актрисы, о сложностях ее сценической судьбы, о людях, перевернувших эту жизнь и судьбу. Но монолог актрисы в спектакле переведен на театральный язык, превращен в фейерверк диалогов, эксцентричных номеров, в лирические или гротескные портреты тех, кого актриса любила, ненавидела, боялась, презирала, боготворила. </p><p>Продолжительность спектакля – 1 час.</p><p>Спектакль идет без антракта.</p><p>Премьера состоялась 24 апреля 2016 г.</p>", "shortDescription": "Постановка о великой актрисе русского театра Фаине Георгиевне Раневской. ", "min_price": 500, "link": "https://quicktickets.ru/arhangelsk-teatr-kukol", "status": "accepted", "updateDate": 1630310431276, "start": 1612449000000, "end": 1635438600000, "createDate": 1609690128350, "inAccepted": true, "acceptDate": 1630310433477, "image": {"author": "Н.Туманова", "name": "dfe4af10ed0210fbcc2c18dc1283a8f2.jpeg", "realName": "Л3.JPG", "source": "Архив Архангельского театра кукол"}, "photo": "https://pro.culture.ru/uploads/dfe4af10ed0210fbcc2c18dc1283a8f2.jpeg", "gallery": [], "category": {"name": "Спектакли", "sysName": "spektakli"}, "time": {"start": "2021-02-04 14:30:00", "end": "2021-10-28 16:30:00"}}, {"id": 850642, "name": "Спектакль «Золочёные лбы»", "age": 16, "description": "<p> Спектакль поставлен по одной из самых известных сказок Бориса Шергина.</p><p> Жили в некотором государстве царь да мужичонка Капитонко. Мужичонка как-то царю жизнь спас, на том основании себя к нему в друзья-приятели определил. А царю это не по нраву пришлось, вот он Капитонку в кутузку и засадил. Обиделся на него Капитонко сильно, отомстил ему страшно. Страшно смешно. </p><p> «Картинки из жизни некоторого государства» – так, в шергинском стиле, определил режиссёр жанр спектакля. Сказка разыгрывается как череда сюжетных картинок, выдержанных в балаганном, лубочном ключе. Сценография, костюмы, игра актёров – всё относит зрителей к балагану, популярнейшему некогда виду народного театра. </p>", "shortDescription": "Много музыки, песен, плясок в исполнении актёров – людей и кукол.", "min_price": 700, "link": "https://quicktickets.ru/arhangelsk-teatr-kukol/s1068", "status": "accepted", "updateDate": 1635901255584, "start": 1611930600000, "end": 1637944200000, "createDate": 1607441685793, "inAccepted": true, "acceptDate": 1635901255596, "image": {"author": "А.Яничек", "name": "6245fe4963847d2ce1d74d359bfb6c41.jpeg", "realName": "Лбы.jpg", "source": "Архив Архангельского театра кукол"}, "photo": "https://pro.culture.ru/uploads/6245fe4963847d2ce1d74d359bfb6c41.jpeg", "gallery": ["https://pro.culture.ru/uploads/35790d46bdfdd9d41c71959d5a6b7ebe.jpeg", "https://pro.culture.ru/uploads/bb3c5d28e4702b990f021d958d6f6b98.jpeg", "https://pro.culture.ru/uploads/2f0989dcb811aad5fa4d99a18cdaccc5.jpeg"], "category": {"name": "Спектакли", "sysName": "spektakli"}, "time": {"start": "2021-01-29 14:30:00", "end": "2021-11-26 16:30:00"}}]}