{"11744": [{"id": 1524052, "name": "Мастер-класс «Прекрасное внутри»", "age": 12, "description": "<p>Культурный центр приглашает на весеннюю арт-вечеринку. </p><p>Брошь – изящное украшение, которое не только дополнит праздничный наряд, но и впишется в повседневный образ. Поэтому специалисты центра предлагают посетителям создать такой модный аксессуар. На мастер-классе участники сделают объемную брошь из бисера на фетре. Каждый выберет один из трех предложенных вариантов. Оригинальны в этом сезоне кактусы, киты и авокадо. Материалы, необходимые для создания броши, будут предоставлены.</p><p> Уютная атмосфера весеннего праздника, приятная музыка и легкий кофе-брейк создадут благоприятную обстановку для творчества. <br /></p>", "shortDescription": "Создание броши из бисера на фетре.", "min_price": 1200, "link": "https://www.mos.ru/afisha/venues/59211/", "status": "accepted", "updateDate": 1639834829485, "start": 1647014400000, "end": 1647021600000, "createDate": 1639137601115, "inAccepted": true, "acceptDate": 1639834829730, "image": {"author": "ДЕТСКИЕ ПРАЗДНИКИ В МОСКВЕ И МОСКОВСКОЙ ОБЛАСТИ", "name": "16b01dca2a830e07a772731c0202c491.jpeg", "realName": "5-1.jpg", "source": "https://xn--80aje0aeeii.xn--p1ai/detskie-masterklassy/brosh-iz-bisera-na-fetre-page/"}, "photo": "https://pro.culture.ru/uploads/16b01dca2a830e07a772731c0202c491.jpeg", "gallery": [], "category": {"name": "Обучение", "sysName": "obuchenie"}, "time": {"start": "2022-03-11 16:00:00", "end": "2022-03-11 18:00:00"}}, {"id": 1278265, "name": "Спектакль «Пушкин. Сны»", "age": 12, "description": "<p>Культурный центр приглашает на спектакль, который исполнит театральная студия «Классика Ру».</p><p>Иногда возникает впечатление, что Пушкин прожил множество жизней и в нем скрывалось несколько поэтов, настолько он разный – и мудрый, и ироничный, и страстный, и щемяще-нежный. Спектакль собрал в единую композицию семь произведений писателя разных периодов его творчества: «Сон», «Сказка о рыбаке и рыбке», «Жил на свете рыцарь бедный», «Борис Годунов» (народная сцена), «Анджело» (отрывок), «Медный всадник» (композиция), «Сон Татьяны» (отрывок из пятой главы поэмы «Евгений Онегин»). </p><p> Возможно, в них зритель сумеет разглядеть то, что осталось за рамками школьной программы и что составляет подлинного Пушкина.</p>", "shortDescription": "Постановка по мотивам произведений Александра Сергеевича Пушкина.", "min_price": 300, "link": "https://www.mos.ru/afisha/event/160579257/", "status": "accepted", "updateDate": 1637309418064, "start": 1638028800000, "end": 1638036000000, "createDate": 1629213195504, "inAccepted": true, "acceptDate": 1637309418146, "image": {"author": "Арсений Агафонов", "name": "4483e46fbbd73bfca8ac88d44a2bdaca.jpeg", "realName": "Пушкин. Сны.jpeg", "source": "Личный архив"}, "photo": "https://pro.culture.ru/uploads/4483e46fbbd73bfca8ac88d44a2bdaca.jpeg", "gallery": [], "category": {"name": "Спектакли", "sysName": "spektakli"}, "time": {"start": "2021-11-27 16:00:00", "end": "2021-11-27 18:00:00"}}, {"id": 1278216, "name": "Мастер-класс «Телесные практики осознанности. Ритмы жизни»", "age": 12, "description": "<p>«В результате технического прогресса человечество выиграло, а человек проиграл: он расплачивается потерей связи с телом». А.Б. Дрознин На встрече мы будем восстанавливать внутреннюю опору через соединение со своими внутренними ритмами. Уделим внимание развитию и повышению чувствительности, ощущению безопасности. На данном мастер-классе мы с вами будем прикасаться к этим состояниям через танец, музыку, движение. В основу встречи положена техника волны ритмов, разработанная Г.Рот, которая самым прямым образом сочетается с идеей А.Лоуэна о влиянии ритмической активности человека на возможность переживать удовольствие и чувствовать внутреннюю опору. Собираясь на мастер-класс, оденьтесь пожалуйста, комфортно и свободно,возьмите сменку и теплые носки. </p><p> Встречу проводит Алиса Шустова, практикующий телесный психолог. <br /></p>", "shortDescription": "Гости научатся понимать телесные механизмы своих эмоциональных и мыслительных реакций.", "min_price": 800, "link": "https://optimistclub.ru/events/", "needCheck": true, "status": "accepted", "updateDate": 1635406591917, "start": 1638547200000, "end": 1638550800000, "createDate": 1629211025965, "inAccepted": true, "acceptDate": 1635406592069, "image": {"author": "неизвестен", "name": "7bcd138af970394857fc9fdb67308bf7.jpeg", "realName": "Ритмы жизни.jpg", "source": "https://yandex.ru/images/search?text=%D1%82%D0%B5%D0%BB%D0%B5%D1%81%D0%BD%D1%8B%D0%B9%20%D0%BC%D0%B0%D1%81%D1%82%D0%B5%D1%80-%D0%BA%D0%BB%D0%B0%D1%81%D1%81%20%D1%80%D0%B8%D1%82%D0%BC%D1%8B%20%D0%B6%D0%B8%D0%B7%D0%BD%D0%B8"}, "photo": "https://pro.culture.ru/uploads/7bcd138af970394857fc9fdb67308bf7.jpeg", "gallery": ["https://pro.culture.ru/uploads/1c9957cd1bca29e6782f5af9dd412133.jpeg", "https://pro.culture.ru/uploads/8cf64b851186cf70a89d8f58ed140d50.jpeg"], "category": {"name": "Прочие", "sysName": "prochie"}, "time": {"start": "2021-12-03 16:00:00", "end": "2021-12-03 17:00:00"}}, {"id": 1278187, "name": "Мастер-класс «Телесные практики осознанности. Присутствие в себе»", "age": 12, "description": "<p>Наше уважаемое тело, которое всегда рядом. Как же разбудить тебя, как наполнить энергией, здоровьем, счастливыми переживаниями? Тело является главным инструментом восприятия и осознавания окружающего мира. У кого то оно ленивое и неповоротливое, у кого то подвижное и восприимчивое. Нейропсихологи, психофизиологи и другие специалисты неустанно повторяют, что процесс мышления НАПРЯМУЮ связан с двигательной активностью. Именно поэтому я приглашаю вас на мастер-класс по работе с телом. Мы познакомимся с методами телесно-ориентированной терапии и увидим на практике, как они работают. На встрече мы будем актуализировать дыхание и наполнять тело энергией. Попробуем заметить и размягчить наши привычные схемы поведения. Повысить уровень телесной осознанности и расширить представление о себе, вот та цель, к которой мы стремимся. Это будет эмоциональный и очень индивидуальный опыт, который раскроет вам пространство новых ощущений. Собираясь на мастер-класс, оденьтесь пожалуйста, комфортно и свободно, возьмите сменку и теплые носки.</p><p>Встречу проводит Алиса Шустова, практикующий телесный психолог.</p>", "shortDescription": "Гости научатся понимать телесные механизмы своих эмоциональных и мыслительных реакций.", "min_price": 800, "link": "https://optimistclub.ru/events/", "needCheck": true, "status": "accepted", "updateDate": 1635403267172, "start": 1637337600000, "end": 1637341200000, "createDate": 1629210152556, "inAccepted": true, "acceptDate": 1635403267520, "image": {"author": "неизвестный", "name": "8e4bfc856edd9786deafbfc0ef6c5b1e.jpeg", "realName": "Телесный м-к.jpg", "source": "https://yandex.ru/images/search?text=%D1%82%D0%B5%D0%BB%D0%B5%D1%81%D0%BD%D1%8B%D0%B9%20%D0%BC%D0%B0%D1%81%D1%82%D0%B5%D1%80-%D0%BA%D0%BB%D0%B0%D1%81%D1%81&pos=4&img_url=https%3A%2F%2Fstatic9.depositphotos.com%2F1594308%2F1158%2Fi%2F950%2Fdepositphotos_11583550-stock-photo-smile.jpg&rpt=simage"}, "photo": "https://pro.culture.ru/uploads/8e4bfc856edd9786deafbfc0ef6c5b1e.jpeg", "gallery": ["https://pro.culture.ru/uploads/7b1d71726429e83cd9e9d0710943c904.jpeg", "https://pro.culture.ru/uploads/81c7b411b1b2ad2d7f6113f1b4e6b93d.jpeg"], "category": {"name": "Прочие", "sysName": "prochie"}, "time": {"start": "2021-11-19 16:00:00", "end": "2021-11-19 17:00:00"}}, {"id": 1268873, "name": "Оптимист-квиз «PROкино»", "age": 12, "description": "<p>Все желающие приглашаются на интеллектуальную кинобитву. Это захватывающая командная игра, в которой для победы пригодятся логика, эрудиция и, конечно же, чувство юмора. Игра состоит из 6 раундов и включает в себя более 40 вопросов, на которые каждая команда отвечает коллективно. В этот раз вопросы будут о кинематографе: немного истории, необычных фактов, музыки и много-много чего еще.</p><p>В игре примут участие команды от 2 до 6 человек. Приходите с друзьями или без них, организаторы помогут найти единомышленников. Победившая команда получит приз! А в перерывах вы насладитесь приятной музыкой. Для приятной игры и зарядки для мозгов вы можете угоститься печеньем и теплым чаем.</p>", "shortDescription": "Интеллектуальная игра на тему «Все про кино»: мультипликация, музыка, история кинематографа и др.", "min_price": 200, "link": "https://optimistclub.ru/events/", "status": "accepted", "updateDate": 1629267358548, "start": 1633795200000, "end": 1633802400000, "createDate": 1628758716774, "inAccepted": true, "acceptDate": 1629278045678, "image": {"author": "неизвестен", "name": "6e93c592a62053c33d3fc985b61c8d76.jpeg", "realName": "Квиз 3.jpg", "source": "https://yandex.ru/images/search?text=%D0%B8%D0%B3%D1%80%D0%B0%20%D0%BA%D0%B2%D0%B8%D0%B7%20%D1%84%D0%BE%D1%82%D0%BE&pos=165&p=3&img_url=https%3A%2F%2Fir.misis.ru%2Ffiles%2F12693%2FDSC_6103.jpg&rpt=simage"}, "photo": "https://pro.culture.ru/uploads/6e93c592a62053c33d3fc985b61c8d76.jpeg", "gallery": [], "category": {"name": "Встречи", "sysName": "vstrechi"}, "time": {"start": "2021-10-09 16:00:00", "end": "2021-10-09 18:00:00"}}, {"id": 1254498, "name": "Спектакль «Зверушкины истории»", "age": 12, "description": "<p>Этот спектакль – сборник разномастных мини-пьес, объединенных лишь одним: все персонажи – животные. Они пытаются жить и решать свои проблемы. Узнать в них себя или же просто посмеяться над ними – зритель решает сам для себя.</p><p> Спектакль состоит из девяти мини-пьес, каждая из которых раскрывает человеческие страсти на примере диалогов или монологов животных. </p><p> В спектакле заняты артисты театра и кино: Дарья Пономарева, Павел Кижук, Иван Викторов, Дарья Репина, Роман Меснянкин, Ильназ Яруллин.</p><p>Режиссер-постановщик – Егор Дроздов. <br /></p>", "shortDescription": "Постановка по сочинениям американского драматурга Дона Нигро.", "min_price": 300, "link": "https://www.mos.ru/afisha/event/160578257/", "status": "accepted", "updateDate": 1632303139451, "start": 1632582000000, "end": 1632589200000, "createDate": 1628086387788, "inAccepted": true, "acceptDate": 1632303139463, "image": {"author": "Егор Дроздов", "name": "a1cf98cf1cacb1f33823a13fd37246d5.jpeg", "realName": "Зверушкины истории.jpeg", "source": "из личного архива"}, "photo": "https://pro.culture.ru/uploads/a1cf98cf1cacb1f33823a13fd37246d5.jpeg", "gallery": [], "category": {"name": "Спектакли", "sysName": "spektakli"}, "time": {"start": "2021-09-25 15:00:00", "end": "2021-09-25 17:00:00"}}, {"id": 1254447, "name": "Оптимист-квиз «Внутри искусства»", "age": 12, "description": "<p>В настоящее время квизы и подобные им развлечения очень популярны. Правила просты: <span>игроки отвечают на поставленные игрой вопросы, получая за ответы баллы. Кто больше ответил, тот и выиграл.</span></p> <p>Игра будет проходить в шесть раундов, каждый из которых по-своему уникален<span>.</span> <span>В игре будут звучать вопросы, отражающие в себе различные направления искусства: кино, живопись, театр, танец, архитектура и многое другое. </span>Здесь у каждого будет возможность проявить себя. Всего за время игры прозвучит более 50 вопросов, на которые каждая команда обдумывает ответы и отвечает коллективно. Для успешной игры будет достаточно вашей логики, внимательности, сообразительности и желания победить.</p>", "shortDescription": "Интеллектуальная игра для знатоков мира искусства.", "min_price": 200, "link": "https://optimistclub.ru/events/", "status": "accepted", "updateDate": 1628854895720, "start": 1636214400000, "end": 1636221600000, "createDate": 1628085092579, "inAccepted": true, "acceptDate": 1628857889476, "image": {"author": "Кукушкина Анна", "name": "b5e1cae308eefb1c3b92f0663043979c.jpeg", "realName": "Оптимист_2020-11-03_Оптимист-квиз Внутри искусства_Фото.jpg", "source": "Личный архив"}, "photo": "https://pro.culture.ru/uploads/b5e1cae308eefb1c3b92f0663043979c.jpeg", "gallery": [], "category": {"name": "Встречи", "sysName": "vstrechi"}, "time": {"start": "2021-11-06 16:00:00", "end": "2021-11-06 18:00:00"}}]}