{"12821": [{"id": 1289759, "name": "Спектакль «Русское тайнобрачие»", "age": 12, "description": "<p><span>Много разных историй знает отец Алексей о том, как вершится тайнобрачие на Руси. И как под дулом пистолета людей венчают, и как отец на дочери женится. Все знает наш герой! И по воле случая пришлось ему разбираться в одной такой истории. Не откажешь же несчастной девушке, которая в такую хитрую «комбинацию» попала, что голову сломаешь, пока разберешь! А как иначе? До начальства далеко, а мы, малые люди, можем помочь друг другу и должны.<span> </span></span></p><p><span>Александр Баркар – режиссер и актер, педагог по сценическому мастерству. Ряд его постановок отмечен наградами международных театральных фестивалей, в том числе и Гран-при. </span></p> <p></p>", "shortDescription": "Постановка по произведению Н. С. Лескова.", "min_price": 280, "max_price": 280, "link": "https://quicktickets.ru/elec-dramteatr-benefis/e7", "needCheck": true, "status": "accepted", "updateDate": 1639055225649, "start": 1634310000000, "end": 1642782600000, "createDate": 1629805396020, "inAccepted": true, "acceptDate": 1638291053658, "image": {"author": "Кольчевская", "name": "3ea629f8062dbdacc79f4258cc4c3db2.jpeg", "realName": "I2rgDaaJVG8.jpg", "source": "Архив"}, "photo": "https://pro.culture.ru/uploads/3ea629f8062dbdacc79f4258cc4c3db2.jpeg", "gallery": [], "category": {"name": "Спектакли", "sysName": "spektakli"}, "time": {"start": "2021-10-15 15:00:00", "end": "2022-01-21 16:30:00"}}, {"id": 333421, "name": "Спектакль «Шуршик, или Тайна старинных часов»", "age": 6, "description": "<p>Как говорит русская пословица, если время зря потратишь, то потом его ни за что не вернешь! А если не зря потратишь – оно вернется добрыми делами! Добрая и поучительная история о каникулах, о бабушке и её внучке Верочке и о Шуршике, проказнике и выдумщике. Таинственный и справедливый, он живёт в старинных напольных часах, следит за временем и за теми, кто понапрасну его тратит. Кто же он, этот таинственный Шуршик? </p><p>В ролях: Шуршик – Наталья Хороших, Бабушка – Оксана Ильина, Верочка – Лидия Баженова. </p>", "shortDescription": "Сказка для детей и их родителей с чудесами и превращениями.", "min_price": 220, "max_price": 280, "link": "https://quicktickets.ru/elec-dramteatr-benefis/e23", "status": "accepted", "updateDate": 1639493752141, "start": 1545555600000, "end": 1642334100000, "createDate": 1544088931341, "inAccepted": true, "acceptDate": 1639493752206, "image": {"author": "Бенефис", "name": "6f59004d4a812fadb2b6b0da4fb27426.jpg", "realName": "шуршик,или таина старинных часов.jpg", "source": "Бенефис"}, "photo": "https://pro.culture.ru/uploads/6f59004d4a812fadb2b6b0da4fb27426.jpg", "gallery": [], "category": {"name": "Спектакли", "sysName": "spektakli"}, "time": {"start": "2018-12-23 09:00:00", "end": "2022-01-16 11:55:00"}}]}