{"12575": [{"id": 1467820, "name": "Арт-лекторий «Искусство вокруг нас»", "age": 12, "description": "<p>На встречах можно узнать о жизни и творчестве знаменитых русских и зарубежных художников, музыкантов, писателей, познакомиться с шедеврами мирового искусства и коллекциями крупнейших музеев. Погружение в отечественную и зарубежную культуру поможет освежить в памяти уже известные факты или узнать что-то новое. Серию популярных лекций подготовили и проводят сотрудники отдела литературы по искусству. При разработке использовались книги и периодические издания из фондов библиотеки, а также материалы из открытых источников.</p> <p>Темы лекций можно узнать <a href=\"http://nbmariel.ru/navigaciya/art-lektoriy-iskusstvo-vokrug-nas\">на сайте</a>. Выбрав одну из них, нужно позвонить по телефону +7 (902) 100-99-08, чтобы уточнить дату и записаться, после чего можно покупать билет.</p>", "shortDescription": "Цикл популярных лекций об истории изобразительного искусства, кинематографа, музыки и литературы.", "min_price": 100, "link": "https://widget.afisha.yandex.ru/w/events/255753?clientKey=c56dc3ed-f75d-4a01-9359-be1a04eb171b&regionId=41", "status": "accepted", "updateDate": 1640349240096, "start": 1637838000000, "end": 1643286600000, "createDate": 1637309014074, "inAccepted": true, "acceptDate": 1640349240148, "image": {"author": "Ибраев Д.", "name": "348a47c4b3d1df2355d675f6a5a8bb67.jpeg", "realName": "Лекторий_4.JPG", "source": "Архив библиотеки"}, "photo": "https://pro.culture.ru/uploads/348a47c4b3d1df2355d675f6a5a8bb67.jpeg", "gallery": [], "category": {"name": "Обучение", "sysName": "obuchenie"}, "time": {"start": "2021-11-25 11:00:00", "end": "2022-01-27 12:30:00"}}, {"id": 1467732, "name": "Программа «Свитки, рукописи, книги…»", "age": 6, "description": "<p style=\"margin-left:0px\">Отдел редких книг проводит познавательную программу для посетителей разных возрастных групп.</p> <p style=\"margin-left:0px\">На занятии вы узнаете, какими были книги еще до того, как их стали называть книгами, что такое клинопись, иероглифы, алфавит, папирус, свиток, бумага. Вы заглянете в глубину веков, узнаете, как люди жили в дописьменную эпоху, как появилась письменность. </p> <p style=\"margin-left:0px\">Вы увидите лучшие памятники отечественной книжной культуры XI–XVI веков, необычные коллекции: старинные издания из кожи и ткани; с движущимися картинками; книги и очень большие, и миниатюрные, с высоким качеством полиграфического исполнения.</p> <p style=\"margin-left:0px\">На мастер-классе «Вокруг каллиграфии» вы познакомитесь с письмом XIX века и попробуете написать небольшо<a name=\"_GoBack\"></a>й текст с помощью пера и чернил. Освоение искусства каллиграфии позволит красиво писать буквы и слова, подражая образцам письма того времени. </p> <p style=\"margin-left:0px\">Вход по билетам. Оптимальноеколичество участников при групповом посещении 10–12 человек.<br /></p> <p style=\"margin-left:0px\">Предварительная запись – по телефону: +7 (902) 100-44-74.</p>", "shortDescription": "Знакомство со старинными, редкими, раритетными и необычными изданиями, мастер-класс по каллиграфии.", "min_price": 150, "link": "https://widget.afisha.yandex.ru/w/events/255751?clientKey=c56dc3ed-f75d-4a01-9359-be1a04eb171b&regionId=41", "needCheck": true, "status": "accepted", "updateDate": 1640178268477, "start": 1638273600000, "end": 1643117400000, "createDate": 1637307936793, "inAccepted": true, "acceptDate": 1637829080424, "image": {"author": "Мандриков А. А.", "name": "3a899db9f02285b4e90ef7b13c721911.jpeg", "realName": "Редкая_1.JPG", "source": "Архив библиотеки"}, "photo": "https://pro.culture.ru/uploads/3a899db9f02285b4e90ef7b13c721911.jpeg", "gallery": ["https://pro.culture.ru/uploads/a9c8f4bc12d08ab71fbc7b3149753871.jpeg", "https://pro.culture.ru/uploads/ddaeb4d29c7d62f0245d8e8764b2edfc.jpeg"], "category": {"name": "Встречи", "sysName": "vstrechi"}, "time": {"start": "2021-11-30 12:00:00", "end": "2022-01-25 13:30:00"}}, {"id": 564732, "name": "Экспозиция «Литературный кабинет Сергея Григорьевича Чавайна»", "age": 12, "description": "<p> Национальная библиотека Марий Эл носит имя писателя с 1982 года. </p><p>Композиционно кабинет включает три части: литературную, биографическую и предметно-бытовую. </p><p>Литературная часть объединила произведения писателя, литературу о нем и библиографический материал. </p><p>Предметно-бытовая среда погружает в эпоху 30-х годов ХХ века, когда жил и работал писатель. Это кожаный диван, письменный стол, книжный шкаф, чернильница, пишущая машинка и др. </p><p> Интерактивная литературная карта «Сергей Григорьевич Чавайн (1888–1937): илыш корно» знакомит со значимыми местами жизни и творчества писателя. Ключевые географические объекты сопровождаются QR-кодами с отсылкой к электронным публикациям.</p><p> В литературном кабинете проводятся экскурсии, литературные вечера, встречи и др. </p><p> На сайте библиотеки создана <a href=\"http://nbmariel.ru/content/uvazhaemye-3\" target=\"_blank\">виртуальная версия литературного кабинета</a>, которая включает материалы о писателе, интересные факты о нем, обзоры его произведений и др. </p>", "shortDescription": "Инсталляция литературного кабинета родоначальника и классика марийской художественной литературы.", "min_price": 100, "link": "https://widget.afisha.yandex.ru/w/events/248279?clientKey=c56dc3ed-f75d-4a01-9359-be1a04eb171b&regionId=41", "needCheck": true, "status": "accepted", "updateDate": 1640177768724, "start": 1580803200000, "end": 1735639200000, "createDate": 1580202157701, "inAccepted": true, "acceptDate": 1640153840719, "image": {"author": "Мандриков А. А. ", "name": "35e10703fe9ca0c68a8bf1f65826315e.jpeg", "realName": "74a2f2d650bd711f03c53c8626175f4f_w2048_h2048.jpeg", "source": "Архив библиотеки"}, "photo": "https://pro.culture.ru/uploads/35e10703fe9ca0c68a8bf1f65826315e.jpeg", "gallery": ["https://pro.culture.ru/uploads/f34074af8b3df5b393244ee3546d3e40.jpeg", "https://pro.culture.ru/uploads/16747af2f48c28d4f92cb8fd0a4d8b01.jpeg", "https://pro.culture.ru/uploads/7ff6c6a816a954c197349b53c8d32a01.jpeg", "https://pro.culture.ru/uploads/db2318b3bc76a59b326c2336cd01dba4.jpeg", "https://pro.culture.ru/uploads/846e89478e5a5e38f6676b33c4e34c87.jpeg", "https://pro.culture.ru/uploads/89a7b0efffda67a9b55dd0cf22910947.jpeg"], "category": {"name": "Выставки", "sysName": "vystavki"}, "time": {"start": "2020-02-04 08:00:00", "end": "2024-12-31 10:00:00"}}]}