{"12071": [{"id": 1500062, "name": "Экскурсии по выставке «Архив Музея моды. Избранное»", "age": 12, "description": "<p>На экскурсии по выставке посетители узнают об истории Музея моды, костюмах и формировании коллекции, истории западной и отечественной моды, а также услышат интересные истории о предметах из музейного собрания. Впервые посетители смогут увидеть самый старинный предмет коллекции – мужской шелковый жилет XVIII века, а также экспонат из последнего поступления – редкий японский ватный халат конца XIX века. </p><p>Основная часть экспозиции охватывает период в 100 лет – с 1890 по 1990 годы: от дореволюционных платьев на французский манер до аутентичных костюмов европейских именитых дизайнеров. Гости выставки увидят самые знаковые силуэты и предметы каждого десятилетия в моде. Истории многих вещей рассказывают о жизни отдельных людей, что оживляет их и дает лицо моде. </p>", "shortDescription": "Знакомство со старинными экспонатами.", "min_price": 500, "link": "https://www.mos.ru/afisha/event/213890257/", "status": "accepted", "updateDate": 1639388358104, "start": 1638964800000, "end": 1640704200000, "createDate": 1638433661871, "inAccepted": true, "acceptDate": 1639388358163, "image": {"author": "Кристина Монакова", "name": "cc08bc2bced78405f93cd705ca508a32.jpeg", "realName": "1-1-11.jpg", "source": "Музей Моды"}, "photo": "https://pro.culture.ru/uploads/cc08bc2bced78405f93cd705ca508a32.jpeg", "gallery": [], "category": {"name": "Экскурсии", "sysName": "ekskursii"}, "time": {"start": "2021-12-08 12:00:00", "end": "2021-12-28 15:10:00"}}, {"id": 1476589, "name": "Выставка «Архив Музея Моды. Избранное»", "age": 12, "description": "<p>Экспозиция рассказывает посетителям о формировании коллекции и об истории моды. Впервые продемонстрирован самый старый экземпляр коллекции – мужской жилет XVIII века. Также посетители увидят платья из последних поступлений в фонды музея. На примере работ советских модельеров из Московского дома моделей и западных дизайнеров гостям будет предложено сравнить мировую моду и моду Советского Союза.</p><p>Экспозиция наиболее полно охватывает историю моды длиной в 100 лет – с конца XIX века до конца XX века. От дореволюционных платьев на французский манер до аутентичных костюмов европейских именитых дизайнеров. Истории многих вещей рассказывают о жизни отдельных людей.</p>", "shortDescription": "Лучшие экспонаты из коллекции музея, собранные за 14 лет работы музея.", "min_price": 200, "max_price": 200, "link": "https://www.mos.ru/afisha/event/209671257/", "status": "accepted", "updateDate": 1637919115323, "start": 1637827200000, "end": 1640880000000, "createDate": 1637664247933, "inAccepted": true, "acceptDate": 1637919118996, "image": {"author": "Анна Черемушкина", "name": "1daf38113917ce95072ec9ddac3ce260.jpeg", "realName": "IMG_20211112_145345.jpg", "source": "МВЦ Музей Моды"}, "photo": "https://pro.culture.ru/uploads/1daf38113917ce95072ec9ddac3ce260.jpeg", "gallery": [], "category": {"name": "Выставки", "sysName": "vystavki"}, "time": {"start": "2021-11-25 08:00:00", "end": "2021-12-30 16:00:00"}}, {"id": 1425350, "name": "Лекция «Шаляпин – икона стиля»", "age": 12, "description": "<p>Про Федора Шаляпина писали как о денди, с десятого поколения привыкшем носить фрак. Откуда у сына крестьян это качество и желание всегда прекрасно выглядеть? Об этом и многом другом слушатели узнают на лекции в Музее моды.</p><p>Федор Шаляпин выступал в самых престижных театрах мира – Большом, Мариинском, Метрополитен-опере. Среди поклонников его таланта были композиторы Сергей Прокофьев и Антон Рубинштейн, актер Чарли Чаплин и будущий английский король Эдуард VI. Критик Владимир Стасов называл его «великим художником», а Максим Горький – «эпохой русского искусства».</p><p>Лекцию проведет историк моды, член творческого союза дизайнеров и имиджмейкеров Руслан Мигранов.</p>", "shortDescription": "Руслан Мигранов расскажет, почему потомок крестьян выглядел, как денди.", "min_price": 500, "link": "https://www.mos.ru/afisha/event/192687257/", "status": "accepted", "updateDate": 1636294829694, "start": 1638288000000, "end": 1638293400000, "createDate": 1635507046591, "inAccepted": true, "acceptDate": 1636294829702, "image": {"author": "Коровин К.А.", "name": "8639252fe1284675a0c676022183366f.jpeg", "realName": "шаляпин.jpg", "source": "Государственный Русский музей"}, "photo": "https://pro.culture.ru/uploads/8639252fe1284675a0c676022183366f.jpeg", "gallery": [], "category": {"name": "Обучение", "sysName": "obuchenie"}, "time": {"start": "2021-11-30 16:00:00", "end": "2021-11-30 17:30:00"}}, {"id": 1425326, "name": "Лекция «Космические шестидесятые»", "age": 12, "description": "<p> </p><p>В 1961 году Юрий Гагарин облетел вокруг Земли, что повлияло не только на развитие науки, но и на моду. Дизайнеры вдохновились новыми перспективами и стали создавать причудливые «инопланетные» модели.</p><p>Первопроходцем в «космической моде» был дизайнер Андре Курреж, поклонники которого носили лунные ботинки и солнцезащитные очки в форме теннисных мячей. Он создавал короткие платья, украшал их сверкающими пайетками и необычными аксессуарами.</p> <p></p><p>Музей моды приглашает на лекцию, посвященную моде 1960-х годов. Историк моды, член творческого союза дизайнеров и имиджмейкеров Руслан Мигранов расскажет, почему космический стиль стал восстребован и в чем заключалась его уникальность. </p><p> </p><p> </p>", "shortDescription": "Куратор Музея Моды Руслан Мигранов расскажет о влиянии космоса на моду.", "min_price": 500, "link": "https://www.mos.ru/afisha/event/192673257/", "needCheck": true, "status": "new", "updateDate": 1637145787826, "start": 1638100800000, "end": 1638106200000, "createDate": 1635506776058, "inAccepted": true, "acceptDate": 1636294840330, "image": {"author": "Андре Курреж", "name": "ab7cd3c5e93e8358aed10365cf333022.jpeg", "realName": "космос.jpg", "source": "Музей Моды"}, "photo": "https://pro.culture.ru/uploads/ab7cd3c5e93e8358aed10365cf333022.jpeg", "gallery": [], "category": {"name": "Обучение", "sysName": "obuchenie"}, "time": {"start": "2021-11-28 12:00:00", "end": "2021-11-28 13:30:00"}}, {"id": 1425305, "name": "Мастер-класс «Модная иллюстрация»", "age": 12, "description": "<p>Фэшн-художники делают скетчи на модных показах, переносят стритстайл на бумагу, отрисовывают луки, создают паттерны для тканей и ассистируют дизайнерам одежды при создании коллекций. Они работают над иллюстрациями для модных журналов, книг, фильмов, рекламных роликов и веб-сайтов, сотрудничают с брендами одежды, рекламными агентствами, издательствами и дизайнерскими бюро.</p><p> Выпускница Британской высшей школы дизайна Анна Черемушкина проведет мастер-класс по рисунку в стиле фэшн-иллюстрации, где расскажет о самом направлении и его знаменитых представителях. Участники научатся делать базовые наброски одежды и освоят технику передачи текстур тканей. <br /></p>", "shortDescription": "Проводит сотрудник Музея Моды и выпускница Британской высшей школы дизайна.", "min_price": 400, "link": "https://www.mos.ru/afisha/event/192665257/", "status": "accepted", "updateDate": 1636294845168, "start": 1636552800000, "end": 1636556400000, "createDate": 1635506536754, "inAccepted": true, "acceptDate": 1636294845177, "image": {"author": "Анна Черемушкина", "name": "608db64ab9042ffb5d34f201940c80b7.jpeg", "realName": "иллюстратор.jpg", "source": "Музей Моды"}, "photo": "https://pro.culture.ru/uploads/608db64ab9042ffb5d34f201940c80b7.jpeg", "gallery": [], "category": {"name": "Обучение", "sysName": "obuchenie"}, "time": {"start": "2021-11-10 14:00:00", "end": "2021-11-10 15:00:00"}}, {"id": 1367915, "name": "Лекция «New look 1950 годов»", "age": 12, "description": "<p>Стиль 50-х годов отличается женственностью и элегантностью. Гости узнают о главных особенностях стиля того времени.</p><p>После окончания Второй мировой войны женская одежда была простой и довольно однообразной. Когда жизнь начала возвращаться в прежнее русло, женщины захотели вновь почувствовать себя утонченными и красивыми. Мода в послевоенное время стремительно менялась: на смену серой одежде пришли платья с пышными юбками, жакеты с мягкой линией плеч, топы и узкие юбки.</p><p>Большое влияние на формирование нового модного направления оказал Кристиан Диор, предложивший фасоны, которые получили название New look.</p>", "shortDescription": "Гости узнают о главных особенностях стиля того времени.", "min_price": 500, "max_price": 500, "link": "https://www.mos.ru/afisha/event/181393257/", "status": "accepted", "updateDate": 1633505555192, "start": 1634572800000, "end": 1634580000000, "createDate": 1633351746598, "inAccepted": true, "acceptDate": 1633505555196, "image": {"author": "Черемущкина Анна", "name": "25bedd9b8cc2a12a526f09bc5c552518.jpeg", "realName": "1-1-168.jpg", "source": "Музей Моды"}, "photo": "https://pro.culture.ru/uploads/25bedd9b8cc2a12a526f09bc5c552518.jpeg", "gallery": [], "category": {"name": "Обучение", "sysName": "obuchenie"}, "time": {"start": "2021-10-18 16:00:00", "end": "2021-10-18 18:00:00"}}, {"id": 1367758, "name": "Лекция «Мода и графика: Эрнесто Тайат»", "age": 12, "description": "<p>Эрнесто Тайат – известный итальянский художник и иллюстратор, работавший со знаменитым домом мадам Вионне. Это был один из самых успешных союзов в сфере моды в первой половине ХХ века.</p><p>Тайат занимался дизайном логотипа дома Vionnet, рисовал модели платьев, которые Мадлен Вионне создавала сразу на манекенах, не притрагиваясь к карандашу и бумаге, а также придумывал принты. Также Эрнесто был дизайнером и изобретателем – он создал важный символ футуристического гардероба – комбинезон «Тута».</p><p>Лекцию прочитает научный сотрудник Музея моды, искусствовед-исследователь Дарья Сережкина. Лектор написала и защитила магистерскую и аспирантскую диссертации на тему модной иллюстрации и графики в зарубежной и отечественной моде.</p>", "shortDescription": "Рассказ об итальянском художнике и иллюстраторе первой половины ХХ века.", "min_price": 400, "link": "https://www.mos.ru/afisha/event/181397257/", "status": "accepted", "updateDate": 1633512898925, "start": 1634227200000, "end": 1634234400000, "createDate": 1633349758038, "inAccepted": true, "acceptDate": 1633512898941, "image": {"author": "Эрнесто Тайат", "name": "65bb62a92ff92c1bac904b1670dd06d3.jpeg", "realName": "20959168996_2.jpg", "source": "Музей моды Киото"}, "photo": "https://pro.culture.ru/uploads/65bb62a92ff92c1bac904b1670dd06d3.jpeg", "gallery": [], "category": {"name": "Обучение", "sysName": "obuchenie"}, "time": {"start": "2021-10-14 16:00:00", "end": "2021-10-14 18:00:00"}}, {"id": 1367673, "name": "Лекция «Маяковский от кутюр: искусство одеваться»", "age": 12, "description": "<p>«Костюмов у меня не было никогда. Были две блузы гнуснейшего вида. Испытанный способ – украшаться галстуком. Нет денег. Взял у сестры кусок желтой ленты. Обвязался. Фурор. Значит, самое заметное и красивое в человеке – галстук», – отмечал Владимир Маяковский. Как формировался и менялся образ поэта Маяковского на протяжении всего его жизненного и творческого пути? Почему он выходил на сцену в желтой кофте и действительно ли она была желтой?! Зачем разрисовывал лицо, а в петлицу засовывал деревянные ложки и пучки редиски? Какое влияние на его стиль оказала Лиля Брик, что заставила его сделать впервую очередь? Об этом и многом другом расскажут на лекции в Музее моды.</p>", "shortDescription": "Рассказ о великом поэте и его влиянии на моду.", "min_price": 500, "link": "https://www.mos.ru/afisha/event/181391257/", "status": "accepted", "updateDate": 1633526387897, "start": 1634054400000, "end": 1634061600000, "createDate": 1633348401389, "inAccepted": true, "acceptDate": 1633526387907, "image": {"author": "CULTURE CLUB", "name": "a4ce157f17c13ccb5cfef9e2eff0ca87.png", "realName": "4f4912e1733f5c2a69757932782d4e9d.png", "source": "GETTY IMAGES"}, "photo": "https://pro.culture.ru/uploads/a4ce157f17c13ccb5cfef9e2eff0ca87.png", "gallery": [], "category": {"name": "Обучение", "sysName": "obuchenie"}, "time": {"start": "2021-10-12 16:00:00", "end": "2021-10-12 18:00:00"}}, {"id": 1269903, "name": "Лекция «Мода эпохи рококо»", "age": 12, "description": "<p> В 18 веке стиль барокко сменился стилем рококо. Название это происходит от французского слова, означающего «украшение в форме раковины».<br />Стиль рококо отличался изящной декоративностью, хрупкостью, утонченностью, чувственностью и некоторой манерностью. Он не терпел прямых линий, и они приобрели изогнутость и плавность. Это был последний период господства аристократической моды, который окончился с началом французской революции и падением абсолютизма.<br />Идеалом рококо считался изящный силуэт и утонченные манеры. Движение, походка вырабатывались под руководством учителей «хороших манер». «Хороший тон» стал той преградой, которая разделяла аристократию и буржуазию.<br />18 век называли «галантным веком», веком менуэта, кружев и пудры.<br /><br />Лекцию читает Руслан Мигранов – историк моды, визуальный мерчендайзер, витринист, член творческого союза дизайнеров и имиджмейкеров, преподаватель Высшей школы стилистики и ученик Александра Васильева. Куратор Музея моды.</p>", "shortDescription": "Руслан Мигранов расскажет об истории моды в эпоху рококо.", "min_price": 500, "link": "https://www.mos.ru/afisha/event/143760257/", "status": "accepted", "updateDate": 1630244236692, "start": 1632240000000, "end": 1632247200000, "createDate": 1628775935274, "inAccepted": true, "acceptDate": 1630266270197, "image": {"author": "Анна Черёмушкина", "name": "e5c279ea9cffbc4c50484d6c76734793.jpeg", "realName": "1-1-148.jpg", "source": "Музей Моды"}, "photo": "https://pro.culture.ru/uploads/e5c279ea9cffbc4c50484d6c76734793.jpeg", "gallery": [], "category": {"name": "Обучение", "sysName": "obuchenie"}, "time": {"start": "2021-09-21 16:00:00", "end": "2021-09-21 18:00:00"}}]}