{"12000": [{"id": 1271977, "name": "Спектакль «Ложь во спасение»", "age": 16, "description": "<p>Может ли ложь быть во спасение? Можно ли ложью спасти человека? С такими вопросами столкнутся зрители.</p><p> </p><p>Постановка в двух актах по пьесе «Деревья умирают стоя» повествует о дедушке, что выгнал из дома внука, который после попал в тюрьму. Чтобы не расстраивать бабушку, дед пишет ей липовые письма от имени внука, чтобы показать, что все у него хорошо. Финал, разумеется, трагичен. </p><p>Представление сопровождается видеорядом, который в прямом эфире снимается прямо на сцене, где Инна Чурикова танцует танго Астора Пьяццоллы в сопровождении оркестра.</p><p></p>", "shortDescription": "Сценическая версия постановки по мотивам Алехандро Касоны.", "min_price": 400, "max_price": 7000, "link": "https://lenkom.ru/shows/16", "status": "accepted", "updateDate": 1640641958775, "start": 1631808000000, "end": 1640717400000, "createDate": 1628855497682, "inAccepted": true, "acceptDate": 1634635859312, "image": {"author": "Театр \"Ленком Марка Захарова\"", "name": "528951834bfe8b4426c94a235f1f6c7f.jpeg", "realName": "ЛС.jpg", "source": "https://lenkom.ru/upload/images/stickyfile/2016_12/ls6.jpg?4443"}, "photo": "https://pro.culture.ru/uploads/528951834bfe8b4426c94a235f1f6c7f.jpeg", "gallery": [], "category": {"name": "Спектакли", "sysName": "spektakli"}, "time": {"start": "2021-09-16 16:00:00", "end": "2021-12-28 18:50:00"}}, {"id": 1271913, "name": "Спектакль «Аквитанская львица»", "age": 16, "description": "<p>Написанная в 60-е годы XX века, пьеса была поставлена на Бродвее, а позже послужила основой для двух экранизаций. Бенефисная драма о непростых отношениях английского короля Генриха II со своими домочадцами и особенно со своей незаурядной женой Алиенорой Аквитанской. </p><p> Дважды королева, мать двоих королей, один из которых – знаменитый Ричард Львиное Сердце. Ее влияние распространялось и на политику, и на литературу, на экономику и на социальную жизнь. И такой яркий женский характер под стать актрисе такого масштаба, как Инна Чурикова. Ее супруга играет Дмитрий Певцов.</p><p>Постановка более десяти лет с успехом идет на ленкомовской сцене.</p>", "shortDescription": "Постановка по мотивам пьесы Д. Голдмена «Лев зимой».", "min_price": 400, "max_price": 7000, "link": "https://lenkom.ru/ticket", "status": "accepted", "updateDate": 1639928581727, "start": 1635955200000, "end": 1639941900000, "createDate": 1628854676251, "inAccepted": true, "acceptDate": 1633596554079, "image": {"author": "Александр Стернин", "name": "6ef560e19b87dfb7ff12192173671424.jpeg", "realName": "al6.jpg", "source": "архив театра"}, "photo": "https://pro.culture.ru/uploads/6ef560e19b87dfb7ff12192173671424.jpeg", "gallery": ["https://pro.culture.ru/uploads/9cc296326a413306c850a94b534e6dcd.jpeg", "https://pro.culture.ru/uploads/958ad9e1ff3ad7566f19ddc321d5a94c.jpeg", "https://pro.culture.ru/uploads/132f3d8363b6cd37fb8903e0d26fb05e.jpeg", "https://pro.culture.ru/uploads/560cf527d819967178309265fb87b78e.jpeg"], "category": {"name": "Спектакли", "sysName": "spektakli"}, "time": {"start": "2021-11-03 16:00:00", "end": "2021-12-19 19:25:00"}}, {"id": 1271846, "name": "Спектакль «Вишневый сад»", "age": 16, "description": "<p>Бессмертный чеховский шедевр будет являться зрителям всегда. Если уцелеет планета от людских политических исканий и таяния льдов в Антарктике, люди и тогда на остатках суши будут удивляться рассказам о всех выгодах сушеной вишни, познавать и многие другие несуразности трагической комедии, что стала энциклопедией русской души. </p><p>Сведущие люди давно догадались и даже убедились, что герой Лопахин – это во многом автобиографический персонаж. Чехов страстно желал, чтобы купца Лопахина играл К. С. Станиславский – «тонкая натура с длинными пальцами», в которой может проснуться купеческая дьявольская сила.</p><p>Это произведение было последним спектаклем, где репетировал великий артист О. И. Янковский. Вместе с А. В. Збруевым он был назначен на роль Гаева. Театральное представление посвящено его памяти.</p>", "shortDescription": "Постановка по мотивам комедии А. П. Чехова.", "min_price": 400, "max_price": 5000, "link": "https://lenkom.ru/shows/2", "status": "accepted", "updateDate": 1640641942463, "start": 1630598400000, "end": 1638900600000, "createDate": 1628853739270, "inAccepted": true, "acceptDate": 1634635862817, "image": {"author": "Театр \"Ленком Марка Захарова\"", "name": "88ca41d01bccc353bb003d612111adee.jpeg", "realName": "ВС1.jpg", "source": "https://lenkom.ru/upload/images/stickyfile/2018_07/img_3273.jpg?4247"}, "photo": "https://pro.culture.ru/uploads/88ca41d01bccc353bb003d612111adee.jpeg", "gallery": [], "category": {"name": "Спектакли", "sysName": "spektakli"}, "time": {"start": "2021-09-02 16:00:00", "end": "2021-12-07 18:10:00"}}, {"id": 1271799, "name": "Спектакль «Женитьба»", "age": 16, "description": "<p><span>Сюжет гоголевской «Женитьбы» знаком каждому, кто любит русскую классику. И пересказывать его нет смысла. Но Марк Захаров, как водится, внес в знакомую историю свои коррективы, и пьеса получила весьма современную трактовку. </span></p><p><span>Зрители увидят постановку, которая превратилась в захватывающее и динамичное зрелище. Нельзя не сказать и про блестящий ансамбль народных артистов: Александра Захарова, Виктора Ракова, Ивана Агапова, Александра Збруева, Дмитрия Певцова, Александра Сирина, Татьяну Кравченко. Зритель убедится, что Гоголь в ленкомовской постановке исключительно интересен и актуален. </span></p>", "shortDescription": "Комедия в двух частях по произведению Н. В. Гоголя.", "min_price": 400, "max_price": 7000, "link": "https://lenkom.ru/ticket", "status": "accepted", "updateDate": 1640641910564, "start": 1631548800000, "end": 1640542800000, "createDate": 1628853030723, "inAccepted": true, "acceptDate": 1634635866862, "image": {"author": "Театр \"Ленком Марка Захарова\"", "name": "3a6c1bf0643bb866fab3aea034c6508c.jpeg", "realName": "Женитьба.jpg", "source": "https://lenkom.ru/upload/images/stickyfile/2020_02/7z4a7581zhenya_sirina.jpg?4005"}, "photo": "https://pro.culture.ru/uploads/3a6c1bf0643bb866fab3aea034c6508c.jpeg", "gallery": ["https://pro.culture.ru/uploads/e0ce2a8ee7160b6f0f7cfd3c25ed0599.jpeg", "https://pro.culture.ru/uploads/50b72565c96e399a6660b5c0b344f404.jpeg", "https://pro.culture.ru/uploads/32fc667e6bcd04d014676605a29ead73.jpeg"], "category": {"name": "Спектакли", "sysName": "spektakli"}, "time": {"start": "2021-09-13 16:00:00", "end": "2021-12-26 18:20:00"}}, {"id": 1271787, "name": "Спектакль «Американские горки»", "age": 16, "description": "<p>Постановка по авантюрной комедии Les Montagnes russes. Главная мужская роль писалась драматургом специально для Алена Делона. В версии театра же роль героя-любовника досталась российскому актеру Геннадию Хазанову. Правда, сам артист в одном из интервью отметил, что у них с французской звездой совершенно разные «природы». Так что его персонаж (Пьер) не столько удачливый Дон Жуан, сколько одинокий и не очень везучий человек. </p><p>Чем может обернуться знакомство в баре с кроткой на первый взгляд девушкой? Героиня Анны Большовой за полтора часа успеет сменить несколько образов. У девушки вполне конкретная цель. И для ее достижения все средства хороши. </p>", "shortDescription": "Постановка по пьесе Эрика Ассу в переводе Ирины Прохоровой.", "min_price": 400, "max_price": 7000, "link": "https://lenkom.ru/shows/44", "status": "accepted", "updateDate": 1640641922675, "start": 1631980800000, "end": 1638033900000, "createDate": 1628852876225, "inAccepted": true, "acceptDate": 1634635870042, "image": {"author": "Театр \"Ленком Марка Захарова\"", "name": "2a87f51e9636a3fd0f384fdcfa0272ca.jpeg", "realName": "АГ.jpg", "source": "Театр \"Ленком Марка Захарова\""}, "photo": "https://pro.culture.ru/uploads/2a87f51e9636a3fd0f384fdcfa0272ca.jpeg", "gallery": [], "category": {"name": "Спектакли", "sysName": "spektakli"}, "time": {"start": "2021-09-18 16:00:00", "end": "2021-11-27 17:25:00"}}, {"id": 1271746, "name": "Спектакль «Ва-банк»", "age": 16, "description": "<p> «Он начал необыкновенно», – воскликнул Иван Тургенев, прослушав в чтении Александра Островского его первую пьесу «Свои люди – сочтемся». </p><p>Но при всей незаурядности театра Островского одна из самых особенных его пьес – комедия «Последняя жертва». Написанная в последний период жизни, она как бы вбирает в себя все важнейшие творческие открытия российского Шекспира, прозвучавшие во многих и многих его шедеврах. </p><p>Произведение несет в себе совершенно новый житейский и художественный образ купца современной укладки, дельца крупного размаха, не замкнутого российскими границами, честного предпринимателя, умного русского капиталиста Флора Прибыткова. </p><p>Речь пойдет об умном меценатстве и о крепкой предпринимательской хватке, выводящей патриархальную Россию на мировые просторы равного, а подчас и приоритетного делового партнерства.<br /></p>", "shortDescription": "Сцены из комедии Александра Островского «Последняя жертва».", "min_price": 400, "max_price": 5000, "link": "https://lenkom.ru/shows/6", "status": "accepted", "updateDate": 1640641945621, "start": 1630857600000, "end": 1639677600000, "createDate": 1628852128372, "inAccepted": true, "acceptDate": 1634635872671, "image": {"author": "Театр \"Ленком Марка Захарова\"", "name": "41cafdbb77dba3b407684514b8301925.jpeg", "realName": "ВБ.jpg", "source": "https://lenkom.ru/upload/images/stickyfile/2019_04/img_5618.jpg?3810"}, "photo": "https://pro.culture.ru/uploads/41cafdbb77dba3b407684514b8301925.jpeg", "gallery": [], "category": {"name": "Спектакли", "sysName": "spektakli"}, "time": {"start": "2021-09-05 16:00:00", "end": "2021-12-16 18:00:00"}}, {"id": 1271681, "name": "Спектакль «Tout paye, или Все оплачено»", "age": 16, "description": "<p>Немолодой и состоятельный Александр Амилькар решает купить себе семейное счастье. За большие деньги он устраивает домашний спектакль: роль жены исполняет профессиональная актриса, дочери – уличная путана, друга – случайный встречный. При этом продюсером, режиссером и единственным зрителем остается сам Амилькар, тщательно репетирующий с «близкими» их роли. </p><p>Забавный и одновременно грустный сюжет по пьесе французского драматурга Ива Жамиака разыграют актеры Анна Большова, Анна Якунина, Андрей Соколов, Дмитрий Певцов и др.</p> <p> </p>", "shortDescription": "Ив Жамиак. Комедия в двух актах, перевод Е. Бабенко.", "min_price": 400, "max_price": 7000, "link": "https://lenkom.ru/ticket", "status": "accepted", "updateDate": 1640641955920, "start": 1634918400000, "end": 1640372400000, "createDate": 1628851177323, "inAccepted": true, "acceptDate": 1634635875217, "image": {"author": "Театр \"Ленком Марка Захарова\"", "name": "cc291d949bab65c32b34d799861c21aa.jpeg", "realName": "ВО.jpg", "source": "https://lenkom.ru/upload/images/stickyfile/2017_04/img_4412.jpg?4665"}, "photo": "https://pro.culture.ru/uploads/cc291d949bab65c32b34d799861c21aa.jpeg", "gallery": ["https://pro.culture.ru/uploads/fc18f9da15493764cb4ff52f3714816a.jpeg"], "category": {"name": "Спектакли", "sysName": "spektakli"}, "time": {"start": "2021-10-22 16:00:00", "end": "2021-12-24 19:00:00"}}, {"id": 1271649, "name": "Спектакль «Под одной крышей»", "age": 16, "description": "<p> Три поколения женщин находятся под одной крышей в томном ожидании прекрасного принца. Три попытки обрести женское счастье. </p><p>По словам режиссера Романа Самгина, эта пьеса «обожгла его своей человеческой правдой, правдой о жизни и женщинах». Вместе с прекрасными актрисами, неумолимой любовью к тексту, всепоглощающей ностальгией по молодости и сочинялся эта постановка Авторы не побоялись переписать жесткий социальный финал, добавив истории новых красок. Получилось смешно и горько, красиво и трепетно. </p>", "shortDescription": "Постановка по мотивам пьесы Людмилы Разумовской.", "min_price": 400, "max_price": 7000, "link": "https://lenkom.ru/ticket", "needCheck": true, "status": "accepted", "updateDate": 1640641876462, "start": 1637251200000, "end": 1640196600000, "createDate": 1628850799269, "inAccepted": true, "acceptDate": 1633596557002, "image": {"author": "Женя Сирина", "name": "c4b5f17e301c76119936251cc000911d.jpeg", "realName": "2Y1A7486@sirinazhenya.jpg", "source": "Архив театра"}, "photo": "https://pro.culture.ru/uploads/c4b5f17e301c76119936251cc000911d.jpeg", "gallery": ["https://pro.culture.ru/uploads/105166d0ae7d2126ad39688f66773bea.jpeg", "https://pro.culture.ru/uploads/44f49e4cb36a7f1fa42e73c0988195ec.jpeg", "https://pro.culture.ru/uploads/5757fd5f7afc2e2d6ad23a4b46b78d71.jpeg"], "category": {"name": "Спектакли", "sysName": "spektakli"}, "time": {"start": "2021-11-18 16:00:00", "end": "2021-12-22 18:10:00"}}, {"id": 1271621, "name": "Спектакль «Шут Балакирев»", "age": 16, "description": "<p>Сюжетные коллизии трагикомедии Григория Горина и спектакля Марка Захарова имеют в определенной степени и документальную основу. В XVIII столетии существовал реальный Балакирев, солдат Преображенского полка. Позже придворный шут Балакирев передавал всевозможные послания и, будучи доверенным лицом Екатерины I, оказался в курсе ее взаимоотношений с Монсом. О любовной связи узнал Петр, за что Монс был казнен, а Балакирев арестован. </p><p>У ленкомовского «Шута Балакирева» богатая история. Премьеру в 2001 году играли Олег Янковский, Николай Караченцов, Александра Захарова, Александр Збруев. Александр Лазарев-младший, который в новой версии играет Петра Первого, исполнял роль Монса. В постановке также участвуют Мария Миронова, Виктория Соловьева, Виктор Раков, Сергей Ююкин, Татьяна Кравченко и др. </p>", "shortDescription": "Трагикомедия в сценической версии театра.", "min_price": 600, "max_price": 6000, "link": "https://lenkom.ru/shows/9", "status": "accepted", "updateDate": 1640641950358, "start": 1631635200000, "end": 1640458200000, "createDate": 1628850093137, "inAccepted": true, "acceptDate": 1634635877335, "image": {"author": "Театр \"Ленком Марка Захарова", "name": "8433739cb7bbd398e9df02e37b0a03d4.jpeg", "realName": "ШБ29.jpg", "source": "https://lenkom.ru/upload/images/stickyfile/2020_06/29.jpg?9367"}, "photo": "https://pro.culture.ru/uploads/8433739cb7bbd398e9df02e37b0a03d4.jpeg", "gallery": ["https://pro.culture.ru/uploads/796569c5fcd816677777efdcd83903e3.jpeg", "https://pro.culture.ru/uploads/40af5818429eca4c67da2e05e8fe00e7.jpeg", "https://pro.culture.ru/uploads/c5ded646597e10af7e7f955cef33d996.jpeg", "https://pro.culture.ru/uploads/d3f5b0fd72c67e389dc99270aafc4a4f.jpeg", "https://pro.culture.ru/uploads/e76ca27b699761d92b1d12eef14c18c7.jpeg", "https://pro.culture.ru/uploads/6061befcf92a1bc9e3da976c2c42ba00.jpeg"], "category": {"name": "Спектакли", "sysName": "spektakli"}, "time": {"start": "2021-09-14 16:00:00", "end": "2021-12-25 18:50:00"}}, {"id": 1271592, "name": "Спектакль «Вечный обманщик»", "age": 16, "description": "<p><span>Первое представление этой пьесы состоялось 356 лет назад в Версале. Потом она еще дважды переписывалась драматургом. Но на дальнейшем успехе произведения такие манипуляции никак не отразились. Шедевр Мольера и сейчас не утратил остроты и актуальности. </span></p> <p><span>В новой постановке Дайнюс Казлаускас собрал вместе и неожиданно раскрыл хорошо знакомых ленкомовских артистов: Ивана Агапова, Анну Якунину, Ирину Серову, Анастасию Марчук, Викторию Соловьеву, Анну Зайкову, Елену Есенину, Сергея Ююкина и других. </span></p><p><span>Каждой эпохе – свой Тартюф. </span><span>В постановке «Ленкома» в этой роли – Станислав Тикунов и Дмитрий Гизбрехт, артисты яркой индивидуальности. Главный герой – интриган и соблазнитель, который ловко подбирает ключи к особо доверчивым и не в меру фанатичным персонажам. </span></p> <p><span>«</span><span>В моей постановке нет ничего, чего нет в мольеровской пьесе. Все, что им написано, вы в спектакле увидите или услышите. Но по-другому. Посмотрим на Тартюфа сегодняшними глазами», – предлагает режиссер. </span></p>", "shortDescription": "Сценическая фантазия по мотивам произведений Ж. Б. Мольера.", "min_price": 400, "max_price": 10000, "link": "https://lenkom.ru/shows/49", "status": "accepted", "updateDate": 1640641924166, "start": 1634054400000, "end": 1639247400000, "createDate": 1628849569744, "inAccepted": true, "acceptDate": 1634635879414, "image": {"author": "Женя Сирина", "name": "3f5793d11dffbe06c2d712a70c67f117.jpeg", "realName": "2Y1A0879@sirinazhenya.jpg", "source": "архив театра"}, "photo": "https://pro.culture.ru/uploads/3f5793d11dffbe06c2d712a70c67f117.jpeg", "gallery": [], "category": {"name": "Спектакли", "sysName": "spektakli"}, "time": {"start": "2021-10-12 16:00:00", "end": "2021-12-11 18:30:00"}}, {"id": 1271571, "name": "Спектакль «Королевские игры»", "age": 16, "description": "<p>Чем больше попыток исключить политику из собственной жизни, тем с большим сожалением можно наблюдать за ее насильственным вторжением в глубоко интимную сферу бытия и духа. </p><p>Сюжет, связанный с жизнью английского короля Генриха VIII, всегда интересовал и продолжает интересовать многих прошлых и нынешних сочинителей. В театральном представлении воспроизведен режиссерский вариант этой вечной зависимости человеческой судьбы от зловещего молоха государственных механизмов. В этом заслуга постоянного автора – драматурга Г. Горина.</p>", "shortDescription": "Опера в двух частях по мотивам пьесы М. Андерсона «1000 дней Анны Болейн».", "min_price": 400, "max_price": 4000, "link": "https://lenkom.ru/shows/11", "status": "accepted", "updateDate": 1640641961437, "start": 1630684800000, "end": 1639593000000, "createDate": 1628849236965, "inAccepted": true, "acceptDate": 1634635881949, "image": {"author": "Театр \"Ленком Марка Захарова\"", "name": "2fdcfaa586452645ab15e103014b0091.jpeg", "realName": "КИ7.jpg", "source": "https://lenkom.ru/upload/images/stickyfile/2020_03/7.jpg?5945"}, "photo": "https://pro.culture.ru/uploads/2fdcfaa586452645ab15e103014b0091.jpeg", "gallery": [], "category": {"name": "Спектакли", "sysName": "spektakli"}, "time": {"start": "2021-09-03 16:00:00", "end": "2021-12-15 18:30:00"}}, {"id": 1271546, "name": "Спектакль «Поминальная молитва»", "age": 16, "description": "<p><span>Постановка Марка Захарова с Евгением Леоновым в роли Тевье – из категории обязательных к просмотру. Театралы делились на тех, кто застал «Поминальную молитву» на сцене, и тех, кто смотрел телеверсию.</span></p> <p><span>Александр Лазарев выступает в качестве режиссера с лучшими силами сегодняшнего «Ленкома»: Сергеем Степанченко, Андреем Леоновым, Анной Большовой, Олесей Железняк, Александром Сириным, Виктором Раковым</span><span>, Иваном Агаповым и другими. Эти звезды <span>возвращают постановку </span>зрителям. Современные ритмы, новые смыслы, вечный юмор, любимые артисты – «Поминальная молитва» обретает вторую жизнь. </span></p>", "shortDescription": "Пьеса Григория Горина по повести Шолом-Алейхема «Тевье-молочник» (перевод Михаила Шамбадала).", "min_price": 400, "max_price": 10000, "link": "https://lenkom.ru/shows/51", "status": "accepted", "updateDate": 1640641912791, "start": 1631376000000, "end": 1640805600000, "createDate": 1628848815712, "inAccepted": true, "acceptDate": 1634635886355, "image": {"author": "Женя Сирина", "name": "04aaf39ddd99865a35291c2944c2cbb1.jpeg", "realName": "2Y1A6150-2@sirinazhenya.jpg", "source": "архив театра "}, "photo": "https://pro.culture.ru/uploads/04aaf39ddd99865a35291c2944c2cbb1.jpeg", "gallery": ["https://pro.culture.ru/uploads/0bd803d50a5819f929941810ebf353c9.jpeg", "https://pro.culture.ru/uploads/8da647241e7e8f2319ac7a94118fff19.jpeg", "https://pro.culture.ru/uploads/e5734ae50dee4d3a58c5cf842e018f53.jpeg", "https://pro.culture.ru/uploads/a69aaa5f089d13ce1058c82510e22dad.jpeg", "https://pro.culture.ru/uploads/9c186ddfe0a657b5231159812e025487.jpeg", "https://pro.culture.ru/uploads/4004366393d702edf2a65476d36c08af.jpeg", "https://pro.culture.ru/uploads/df730acbb49ed03c139a6118491baf6e.jpeg", "https://pro.culture.ru/uploads/b2130ab2e76d5c1f569436fce9093db1.jpeg", "https://pro.culture.ru/uploads/2e40255b4755a3f27155c08c44c9ad62.jpeg", "https://pro.culture.ru/uploads/8f3b32793c1030b0f5841db9efd56bc6.jpeg"], "category": {"name": "Спектакли", "sysName": "spektakli"}, "time": {"start": "2021-09-11 16:00:00", "end": "2021-12-29 19:20:00"}}, {"id": 1271523, "name": "Спектакль «Безумный день, или Женитьба Фигаро»", "age": 16, "description": "<p><span>«Безумный день, или Женитьба Фигаро» – один из самых популярных и любимых зрителями спектаклей. Без малого 30 лет с успехом идет на ленкомовской сцене.</span><span> </span><span>Стремительная, музыкальная, яркая постановка по-прежнему поднимает настроение и радует зрителей. </span></p><p><span> </span></p><p> Придуманная придворным часовщиком П. Бомарше «Женитьба Фигаро» уже не одно столетие пользуется заслуженным успехом – история, динамичность, юмор – ничто не утратило свеой свежести. Главный герой – талантливый и жизнелюбивый Фигаро, которому предстоит преодолеть немало безумств – <span>интриги, любовные приключения, суд, мнимая измена, обретение родителей. Несмотря на все испытания, он не теряет веру в себя. </span></p><p><span>Когда Людвик XVI, который искренне любил Бомарше, прочел в 1782 году рукопись «Женитьбы Фигаро», реакция его была мгновенной: «Если быть последовательным, то, чтобы допустить постановку этой пьесы, нужно разрушить Бастилию...». Слова оказались пророческими – Бастилия рухнула вскоре после первых представлений «Фигаро». И еще неизвестно, революционная ли эпоха правила рукой и мыслью Бомарше, или Бомарше, проклявший аристократию и прославивший буржуа, подтолкнул революцию. Не случайно и свидетельство Наполеона I: «Женитьба Фигаро» – это уже революция в действии». <br /></span></p><p></p>", "shortDescription": "Постановка по произведению П. Бомарше, посвященная А. Миронову.", "min_price": 400, "max_price": 5000, "link": "https://lenkom.ru/shows/14", "needCheck": true, "status": "accepted", "updateDate": 1640641948321, "start": 1631894400000, "end": 1642963800000, "createDate": 1628848346339, "inAccepted": true, "acceptDate": 1635748873918, "image": {"author": "Театр \"Ленком Марка Захарова\"", "name": "f68e799fa4b694ecb28038938d4d2095.jpeg", "realName": "ЖФupload_images_stickyfile_2021_07_2y1a9925_kopiyasirinazhenya.jpg", "source": "https://lenkom.ru/shows/14"}, "photo": "https://pro.culture.ru/uploads/f68e799fa4b694ecb28038938d4d2095.jpeg", "gallery": ["https://pro.culture.ru/uploads/9e1fe23c695f230cccd9f678d0624607.jpeg", "https://pro.culture.ru/uploads/24801bddedbc5c8cf4882cd9529baf18.jpeg", "https://pro.culture.ru/uploads/cd2b3c3673e04185c73669f034211c22.jpeg", "https://pro.culture.ru/uploads/ad561dfacddd8b4ee07bb720e0f612c6.jpeg", "https://pro.culture.ru/uploads/4ffbcaa1b9c553e72b5d5d1d5cf2be46.jpeg"], "category": {"name": "Спектакли", "sysName": "spektakli"}, "time": {"start": "2021-09-17 16:00:00", "end": "2022-01-23 18:50:00"}}, {"id": 1271449, "name": "Спектакль «Доходное место»", "age": 16, "description": "<p> Известный кинорежиссер Дмитрий Астрахан дебютирует на ленкомовской сцене с комедией А. Островского «Доходное место». Не переиначивая драматурга, режиссер рассказывает современную историю о том, есть ли у молодого человека шансы добиться всего исключительно честным путем. </p><p>Что это – идеалистические принципы или глупость? Порядочность и вера в любовь плохо уживаются рядом с корыстью, подкупом и подлостью. На сцене – живые и всем знакомые характеры со страстями и переживаниями, а не далекие персонажи из позапрошлого столетия. </p>", "shortDescription": "Постановка по пьесе А. Н. Островского.", "min_price": 400, "max_price": 10000, "link": "https://lenkom.ru/shows/52", "status": "accepted", "updateDate": 1640641951933, "start": 1632585600000, "end": 1640285100000, "createDate": 1628847034538, "inAccepted": true, "acceptDate": 1634635890433, "image": {"author": "Театр \"Ленком Марка Захарова\"", "name": "2b94210da2ca2636ca88eb7c8d53b4c3.jpeg", "realName": "ДМ2y1a4715sirinazhenya.jpg", "source": "Театр \"Ленком Марка Захарова\""}, "photo": "https://pro.culture.ru/uploads/2b94210da2ca2636ca88eb7c8d53b4c3.jpeg", "gallery": ["https://pro.culture.ru/uploads/ea17d4615c437b8b9626c1365c3c307a.jpeg", "https://pro.culture.ru/uploads/53eb6c27b80c23df6c3482e762e77691.jpeg", "https://pro.culture.ru/uploads/506fdc0f3ff27c2d8d347347c465791f.jpeg", "https://pro.culture.ru/uploads/ba88597912d8464a234391c4ac21fb0c.jpeg"], "category": {"name": "Спектакли", "sysName": "spektakli"}, "time": {"start": "2021-09-25 16:00:00", "end": "2021-12-23 18:45:00"}}, {"id": 1270816, "name": "Спектакль «Юнона и Авось»", "age": 16, "description": "<p>«Юнона и Авось» – визитная карточка «Ленкома». Впервые его сыграли 8 июля 1981 года (официальная премьера – 20 октября 1981).</p> <p>Режиссер Марк Захаров и сценограф Олег Шейнцис поставили абсолютно новаторский для того времени спектакль на текст Андрея Вознесенского и музыку Алексея Рыбникова. Хореографию создал известный танцовщик и балетмейстер Владимир Васильев. Постановку с огромным успехом играли во Франции и в США, в Германии и Израиле, в Греции и Дании.</p> <p>Николай Караченцов в образе графа Резанова без дублера выходил на ленкомовскую сцену почти четверть века. Позже графа играл Виктор Раков. Сейчас в образе Резанова на ленкомовскую сцену выходят Дмитрий Певцов и Семен Шкаликов. Первой исполнительницей роли Кончитты была Елена Шанина. Затем ее играли Алена Хмельницкая, Инна Пиварс, Анна Большова, Алла Юганова, Анна Зайкова, Александра Волкова, Алена Митрошина.</p>", "shortDescription": "Современная опера в двух частях.", "min_price": 400, "max_price": 10000, "link": "https://lenkom.ru/shows/8", "status": "accepted", "updateDate": 1640641953949, "start": 1630252800000, "end": 1640970000000, "createDate": 1628838215313, "inAccepted": true, "acceptDate": 1634635904187, "image": {"author": "Театр \"Ленком Марка Захарова\"", "name": "7f1cef4fea74c414dce21ecbe4e4a3d9.jpeg", "realName": "7z4a44163zhenya_sirina.jpg", "source": "lenkom.ru"}, "photo": "https://pro.culture.ru/uploads/7f1cef4fea74c414dce21ecbe4e4a3d9.jpeg", "gallery": [], "category": {"name": "Спектакли", "sysName": "spektakli"}, "time": {"start": "2021-08-29 16:00:00", "end": "2021-12-31 17:00:00"}}]}