{"11328": [{"id": 1474707, "name": "Концерт «С днем рождения, Фрэнк!»", "age": 12, "description": "<p>12 декабря исполняется 106 лет со дня рождения одного из самых популярных вокалистов и киноактеров ХХ века, звезды американской эстрады и джаза – Фрэнка Синатры. Филармония регулярно проводит концерты, посвященные этому легендарному исполнителю. Программу-посвящение представят Jazz Philharmonic Оrchestra под управлением Кирилла Бубякина и вокалисты Дмитрий Носков (Москва) и Денис Кузьмин (Санкт-Петербург). </p><p>Музыкантов tribute-программ объединила идея воспроизвести колорит ушедшей эпохи. Замечательные романтические мелодии, которые прозвучат на двух концертах, напомнят любителям джаза о ностальгически прекрасном времени, символом которого стал Фрэнк Синатра. Его лучше слушать, чем говорить о нем. Все знают такие композиции из его репертуара, как Moon river, I’v got you under my skin, My way, а также New York, New York. </p><p>Голос Фрэнка Синатры узнаваем как любителями эстрады, так и знатоками джаза. Обладатель девяти премий Grammy, музыкант явился воплощением американской культуры 40–60-х годов прошлого века, символом периода Кеннеди. Его песни стали золотыми хитами, которые исполняют звезды мирового вокала.<br /></p><p></p>", "shortDescription": "Популярные композиции и джазовые хиты из репертуара известного музыканта.", "min_price": 800, "max_price": 2000, "link": "https://spa.profticket.ru/customer/80/shows/101/216/?_ga=2.235313089.1150205632.1637597403-1051323779.1622535034", "status": "accepted", "updateDate": 1638381626930, "start": 1639324800000, "end": 1639332000000, "createDate": 1637603515752, "inAccepted": true, "acceptDate": 1637910761551, "image": {"author": "фото из архива филармонии", "name": "c3f7b581e635b5fa05844ebaa3e38783.jpeg", "realName": "Frank-Sinatra-smile-suit-tie-hat-749290.jpg", "source": "фото из архива филармонии"}, "photo": "https://pro.culture.ru/uploads/c3f7b581e635b5fa05844ebaa3e38783.jpeg", "gallery": [], "category": {"name": "Концерты", "sysName": "koncerty"}, "time": {"start": "2021-12-12 16:00:00", "end": "2021-12-12 18:00:00"}}, {"id": 1437718, "name": "Спектакль «Дураки-дороги»", "age": 16, "description": "<p>Основой спектакля стали фольклорные аналоги мемов из книги Владимира Сорокина «Русские народные пословицы и поговорки» и рассказы автора, написанные в разные годы. В центре сюжета – российская глубинка, готовящаяся широко отметить свой знаковый юбилей. Этот условный, лубочный и страшный русский мир населяют характерные персонажи – чудаковатые и нелепые, трогательные и жалкие, самозабвенно стремящиеся выслужится перед начальством.</p><p>Проза Сорокина, неординарная и эксцентричная, дала постановочной команде театра широкое поле для фантазии. Зрителей ждет яркая комедийная история, где найдется место и хлесткой сатире, и грустной иронии, и целой череде абсурдных, трагикомических ситуаций.</p> <p></p>", "shortDescription": "Оригинальная интерпретация текстов живого классика соц-арта Владимира Сорокина.", "min_price": 500, "max_price": 2100, "link": "https://estrada.spb.ru/repertuar/duraki-dorogi", "status": "accepted", "updateDate": 1640354335841, "start": 1643385600000, "end": 1643482800000, "createDate": 1636375535605, "inAccepted": true, "acceptDate": 1640354335971, "image": {"author": "Театр Эстрады", "name": "da66d4dc0c1ea2845dc3fc5d7283fe82.jpeg", "realName": "2.jpg", "source": "Театр Эстрады"}, "photo": "https://pro.culture.ru/uploads/da66d4dc0c1ea2845dc3fc5d7283fe82.jpeg", "gallery": [], "category": {"name": "Спектакли", "sysName": "spektakli"}, "time": {"start": "2022-01-28 16:00:00", "end": "2022-01-29 19:00:00"}}, {"id": 1289899, "name": "Спектакль «Главный элемент»", "age": 16, "description": "<p> Над Землей завис инопланетный корабль. Представители неизвестной цивилизации требуют выдать им для исследования одного представителя человечества – опытный образец. Кто вступает на путь героя: ученый, знаменитый спортсмен, общественный деятель, генерал космических войск? Вовсе нет! Героем оказывается обычный офисный работник с неполным высшим образованием – типичный маленький человек, чья жизнь и чьи достижения кажутся такими незаметными и незначительными.<br /><br />Сможет ли он достойно пройти путь, с чем предстоит ему столкнуться и какие выводы он сделает после произошедшего? Абсурд, ирония, юмор – повествование не превращается в научную фантастику, но при этом затрагивает философские вопросы. В своей новой работе режиссер предложит зрителю задуматься о глобальном – о смысле жизни, предназначении человека…<br /><br />Быть может, мы напрасно все усложняем? И настоящий смысл по своей природе очень прост? «Что в нашей жизни главное – случайное или очень случайное? Когда уже так страшно, что нужно начать смеяться? – говорит режиссер. – И зачем мы отшучиваемся, когда нечего сказать? Это так просто и так сложно – сказать, например, «я люблю тебя». </p>", "shortDescription": "Фантастическая комедия.", "min_price": 500, "max_price": 2000, "link": "https://estrada.spb.ru/repertuar/glavnyj-element", "needCheck": true, "status": "accepted", "updateDate": 1633352636098, "start": 1632931200000, "end": 1637780400000, "createDate": 1629806995243, "inAccepted": true, "acceptDate": 1633352636260, "image": {"author": "Театр Эстрады", "name": "e486ebc5e9920184f5a46a02d2a5dfc5.jpeg", "realName": "1.jpg", "source": "Театр Эстрады"}, "photo": "https://pro.culture.ru/uploads/e486ebc5e9920184f5a46a02d2a5dfc5.jpeg", "gallery": [], "category": {"name": "Спектакли", "sysName": "spektakli"}, "time": {"start": "2021-09-29 16:00:00", "end": "2021-11-24 19:00:00"}}, {"id": 1283827, "name": "Спектакль «Шоу для настоящих леди»", "age": 16, "description": "<p>Сюжет этой веселой музыкальной комедии хорошо знаком зрителям по голливудскому фильму 1959 года «В джазе только девушки» (Some likes it hot) с Мэрилин Монро в главной роли. Правда, спектакль представляет немного другую версию, наиболее близкую к реальным событиям: в начале 30-х годов прошлого века два актера, чтобы выжить в период кризиса и Великой депрессии, тайно переоделись в женщин-актрис и участвовали в предвыборной компании сенатора Бена Брауна…</p><p>Спектакль «Шоу для настоящих леди», поставленный замечательным комедийным режиссером Владимиром Глазковым, – настоящий хит в репертуаре Театра эстрады. Яркий, динамичный, с песнями, танцами и искрометным юмором, он сразу же полюбился публике, а игра молодых талантливых актеров заслужила благожелательные отзывы строгих критиков.</p>", "shortDescription": "Яркая, динамичная постановка с песнями, танцами и искрометным юмором.", "min_price": 500, "max_price": 1900, "link": "https://estrada.spb.ru/repertuar/shou-dlya-nastoyashchikh-ledi", "needCheck": true, "status": "accepted", "updateDate": 1640171804737, "start": 1632067200000, "end": 1643659200000, "createDate": 1629455168972, "inAccepted": true, "acceptDate": 1640112255316, "image": {"author": "Театр Эстрады", "name": "cbce32c0fbb5406bbe3e40398e7b5479.jpeg", "realName": "1.jpg", "source": "Театр Эстрады"}, "photo": "https://pro.culture.ru/uploads/cbce32c0fbb5406bbe3e40398e7b5479.jpeg", "gallery": ["https://pro.culture.ru/uploads/c17fe44cc639bcbb0039947cdf462b82.jpeg", "https://pro.culture.ru/uploads/e197c146e193001189fb085d223c8c1d.jpeg", "https://pro.culture.ru/uploads/1378a3176ff2e5fbbcb55fce80fab328.jpeg"], "category": {"name": "Спектакли", "sysName": "spektakli"}, "time": {"start": "2021-09-19 16:00:00", "end": "2022-01-31 20:00:00"}}, {"id": 1283810, "name": "Спектакль «Бармалей»", "age": 6, "description": "<p>Мюзикл для всей семьи. Cпектакль, который станет настоящим подарком для ценителей жанра, а также для всех, кто ждет от театра зрелищности и захватывающего действия. Встреча с героями, знакомыми с детства, принесет немало открытий. А музыкальные темы, созданные гениальным композитором Георгием Фиртичем, зададут спектаклю живой и безудержно веселый ритм.</p><p>«Что главное в мюзикле? Правильно, музыка. Одновременно с литературным источником нас вдохновил знаменитый мультфильм Давида Черкасского «Доктор Айболит», в котором звучат великолепные музыкальные произведения Георгия Фиртича. Отчего-то они оказались незаслуженно забытыми сегодня, но мы исправим ситуацию», – Илья Архипов, режиссер.</p><p>Каждая из этих композиций – невероятно характерная, эмоционально наполненная и завершенная. Они написаны так, будто специально для сцены. В них – целая кладезь для актерских импровизаций. В сочетании со сказками Чуковского получается искренняя и заводная история.</p>", "shortDescription": "Музыкальное хулиганство по мотивам произведений Корнея Чуковского.", "min_price": 400, "max_price": 1000, "link": "https://estrada.spb.ru/repertuar/barmalej", "needCheck": true, "status": "accepted", "updateDate": 1633354444069, "start": 1632040200000, "end": 1639908000000, "createDate": 1629454868230, "inAccepted": true, "acceptDate": 1633354444252, "image": {"author": "Театр Эстрады", "name": "9c289e627a9b55c2a58aab71967a2c78.jpeg", "realName": "1.jpg", "source": "Театр Эстрады"}, "photo": "https://pro.culture.ru/uploads/9c289e627a9b55c2a58aab71967a2c78.jpeg", "gallery": ["https://pro.culture.ru/uploads/c70afa66ca0a475740806c983f65c0d6.jpeg", "https://pro.culture.ru/uploads/9fa7af55def5b68bad733d0ae6708f17.jpeg", "https://pro.culture.ru/uploads/6de5a673ff3decafd51e39b992370a60.jpeg", "https://pro.culture.ru/uploads/d209b528ca1fd76baa9dde3bcf8aefaa.jpeg"], "category": {"name": "Спектакли", "sysName": "spektakli"}, "time": {"start": "2021-09-19 08:30:00", "end": "2021-12-19 10:00:00"}}, {"id": 1283803, "name": "Спектакль «Крокодил души моей»", "age": 16, "description": "<p>Этот парадокс из записной книжки Чехова незнаком ни одному из персонажей спектакля Театра Эстрады «Крокодил души моей». Карусель из самовлюбленных щеголей, влюбленных, кокеток, моралистов, матрон, отцов семейств закручивается с каждой минутой действия все быстрее. </p><p>В молодой задорной надежде на безусловное личное счастье, они поют комические куплеты и пародируют телевизор, но опытный зритель, насмотревшийся «Чаек» и «Вишневых садов», знает, что будет, когда стихнет громкая музыка. </p><p>Снова где-то (может, в душах?) раздастся звук лопнувшей струны. Всем станет понятно, что опять ничего не сбылось и никуда не деться. Но говорить об этом всхлипывая – так же пошло, как называть возлюбленную «зайка моя».</p>", "shortDescription": "Переосмысление классики новыми средствами.", "min_price": 500, "max_price": 1600, "link": "https://estrada.spb.ru/repertuar/krokodil-dushi-moej", "status": "accepted", "updateDate": 1640112398831, "start": 1631962800000, "end": 1641236400000, "createDate": 1629454624053, "inAccepted": true, "acceptDate": 1636554363960, "image": {"author": "Театр Эстрады", "name": "e406d79f5bf7cd15f25b6e0a44987b73.jpeg", "realName": "1.jpg", "source": "Театр Эстрады"}, "photo": "https://pro.culture.ru/uploads/e406d79f5bf7cd15f25b6e0a44987b73.jpeg", "gallery": ["https://pro.culture.ru/uploads/2ceb6119cf4069ed5b63ceeee93f46ce.jpeg", "https://pro.culture.ru/uploads/a211cafb57887404ed1b35797bc6b9c1.jpeg", "https://pro.culture.ru/uploads/10732d3ecad8edc1580f29942cd2bc5f.jpeg", "https://pro.culture.ru/uploads/060e4c1ad34b6fe28eaea773ba992b12.jpeg"], "category": {"name": "Спектакли", "sysName": "spektakli"}, "time": {"start": "2021-09-18 11:00:00", "end": "2022-01-03 19:00:00"}}, {"id": 1283671, "name": "Спектакль «Мнимый больной»", "age": 16, "description": "<p>Отточенные реплики, игра смыслами и словами – эпохи смешиваются, аллюзии неожиданно становятся очевидными. Вячеслав Манучаров ведет роль мнимого больного так, что веришь в его искреннее убеждение: мир можно заставить вращаться вокруг себя. А вот можно ли заставить его себя любить… Наивность не прощается – мошенники от медицины, аптекари, священники и прочий ушлый люд тут как тут. Многоликий Юрий Гальцев ведет несколько партий, перевоплощаясь на глазах. Был бы герой, а обманщик с небесно-голубыми глазами всегда найдется. Интрига закручивается, любовные коллизии держат в напряжении.</p><p>Стряхнув пыль четырех веков, «Мнимый больной» сошел с библиотечной полки, чтобы сказать: освобождающий смех необходим в любую эпоху, ибо человеческая глупость, как и человеческая жадность, вечны. А над всем этим согласно законам жанра торжествует любовь.</p>", "shortDescription": "Сочная, острая, энергичная постановка Нины Чусовой.", "min_price": 500, "max_price": 2100, "link": "https://estrada.spb.ru/repertuar/mnimyj-bol-noj", "needCheck": true, "status": "accepted", "updateDate": 1633354569716, "start": 1631721600000, "end": 1638471600000, "createDate": 1629452380762, "inAccepted": true, "acceptDate": 1633354569846, "image": {"author": "Театр Эстрады", "name": "f401197d5d2a0a8d47901a8cb1fb5d9e.jpeg", "realName": "1.jpg", "source": "Театр Эстрады"}, "photo": "https://pro.culture.ru/uploads/f401197d5d2a0a8d47901a8cb1fb5d9e.jpeg", "gallery": ["https://pro.culture.ru/uploads/ced5938ae2fcde75195e1fe35c84d84d.jpeg", "https://pro.culture.ru/uploads/10bcf0df39d9340c7f2e4c254e11ecee.jpeg", "https://pro.culture.ru/uploads/aaec3644c86ceacf5dfbd0eb7823fb36.jpeg", "https://pro.culture.ru/uploads/11bd837b6d20f08ff07b209a7f336bbc.jpeg"], "category": {"name": "Спектакли", "sysName": "spektakli"}, "time": {"start": "2021-09-15 16:00:00", "end": "2021-12-02 19:00:00"}}, {"id": 1283650, "name": "Спектакль «Конопатая девчонка»", "age": 16, "description": "<p>Небольшой провинциальный аэровокзал стал на время нелетной погоды – пурги и мороза – пристанищем для разных людей. Один из пережидающих в аэропорту нелетную вьюжную погоду – Юрий Гальцев. Он спешит с гастролей в Петербург, в свой родной театр. </p><p>Артист и станет главным героем истории, разворачивающейся в зале ожидания, в коридорах и в баре аэропорта. И сыграет он самого себя. Но бенефисом этот спектакль назвать нельзя. Потому что не будет заученных монологов, успешных эстрадных номеров и сцен из спектаклей, сыгранных за несколько десятков творческих лет. А будет путешествие во времени, наполненное очень личными воспоминаниями. Будет взгляд назад, на ту эпоху, когда Невский казался свободнее и шире, а Казанский собор впечатлил подростка, впервые приехавшего в Ленинград, больше, чем потом уже взрослого римский собор Петра и Павла. </p><p>«Возвращаться назад грустно, но и радостно», – говорит Юрий Николаевич. И добавляет: «В молодости я думал, что любовь приносит счастье. И я оказался прав».</p>", "shortDescription": "Юрий Гальцев в автобиографической постановке.", "min_price": 500, "max_price": 2100, "link": "https://estrada.spb.ru/repertuar/konopataya-devchonka", "needCheck": true, "status": "accepted", "updateDate": 1640112278922, "start": 1631635200000, "end": 1640804400000, "createDate": 1629452074477, "inAccepted": true, "acceptDate": 1636482718508, "image": {"author": "Театр Эстрады", "name": "bd1bba700c65cbc7d29b8e0933d21a7c.jpeg", "realName": "1.jpg", "source": "Театр Эстрады"}, "photo": "https://pro.culture.ru/uploads/bd1bba700c65cbc7d29b8e0933d21a7c.jpeg", "gallery": ["https://pro.culture.ru/uploads/c8df9cb1b642511dd1270752500fef7c.jpeg", "https://pro.culture.ru/uploads/bd848a16df2068379243699eb7ec168f.jpeg", "https://pro.culture.ru/uploads/90bb1b19ee43a221b7100c597ea8220d.jpeg", "https://pro.culture.ru/uploads/db6994e1a7641b318845a5708e623adc.jpeg"], "category": {"name": "Спектакли", "sysName": "spektakli"}, "time": {"start": "2021-09-14 16:00:00", "end": "2021-12-29 19:00:00"}}, {"id": 1283613, "name": "Спектакль «Искусство жениться»", "age": 16, "description": "<p>Остроумная музыкальная комедия по мотивам пьесы Оскара Уайльда «Как важно быть серьезным».</p><p>Автор постановки – известный режиссер, автор самых успешных спектаклей Театра эстрады – Владимир Глазков. Настоящий мастер «легкого жанра», он создал изящную комедию, наполненную атмосферой Англии прошлого века, стильной «джазовой» музыкой Владимира Баскина, сохранив при этом острый и афористичный язык классика английской драматургии. </p><p>Несерьезную историю о том, как важно быть серьезным (особенно при вступлении в брак!), расскажут популярные петербургские артисты разных поколений.</p>", "shortDescription": "Несерьезная комедия для серьезных людей.", "min_price": 500, "max_price": 1700, "link": "https://estrada.spb.ru/repertuar/iskusstvo-zhenitsya", "status": "accepted", "updateDate": 1640112716858, "start": 1631548800000, "end": 1641670200000, "createDate": 1629451470943, "inAccepted": true, "acceptDate": 1633354532016, "image": {"author": "Театр Эстрады", "name": "bf611ba46d5e6b6dc912b2e1ec0119c8.jpeg", "realName": "1.jpg", "source": "Театр Эстрады"}, "photo": "https://pro.culture.ru/uploads/bf611ba46d5e6b6dc912b2e1ec0119c8.jpeg", "gallery": ["https://pro.culture.ru/uploads/01d004a09df77b4425c03946f3d6c88b.jpeg", "https://pro.culture.ru/uploads/c0fc6f03ba0c6ddf26368df2ad95434b.jpeg", "https://pro.culture.ru/uploads/a8c12ea25d799a15431207b31749facc.jpeg", "https://pro.culture.ru/uploads/2769408ed05b39ab1324df059de341ab.jpeg"], "category": {"name": "Спектакли", "sysName": "spektakli"}, "time": {"start": "2021-09-13 16:00:00", "end": "2022-01-08 19:30:00"}}, {"id": 1283595, "name": "Спектакль «Мама-кот»", "age": 6, "description": "<p>Постановку придумал московский актер и драматург Александр Шаврин на основе сказочной повести чилийского писателя Луиса Сепульведа. В центре сюжета – история четырех портовых котов, взявших на воспитание птенца чайки... </p> <p>Музыку к этому доброму и веселому спектаклю написал знаменитый российский музыкант, экс-участник бит-квартета «Секрет» Максим Леонидов, а поставил его известный актер и режиссер Андрей Носков.</p> <p>Прекрасный актерский состав, оригинальная хореография, запоминающиеся вокальные номера, современные декорации и увлекательный сюжет сделали мюзикл «Мама-кот» популярным не только среди юных петербуржцев, но и среди их родителей. Эта увлекательная и зрелищная постановка даст повод поговорить с детьми и подростками на такие важные темы, как стремление найти себя, умение различать добро и зло, способность находить счастье в каждом прожитом дне.</p>", "shortDescription": "Популярный актер и продюсер Андрей Носков выпустил мюзикл для всей семьи.", "min_price": 500, "max_price": 1200, "link": "https://estrada.spb.ru/repertuar/myuzikl-mama-kot", "needCheck": true, "status": "accepted", "updateDate": 1640112767247, "start": 1631437200000, "end": 1641747600000, "createDate": 1629451045572, "inAccepted": true, "acceptDate": 1633353592731, "image": {"author": "Театр Эстрады", "name": "b7ec2e98a0047cd7cf94cda9302284a6.jpeg", "realName": "1.jpg", "source": "Театр Эстрады"}, "photo": "https://pro.culture.ru/uploads/b7ec2e98a0047cd7cf94cda9302284a6.jpeg", "gallery": ["https://pro.culture.ru/uploads/c21e41605a01f22c0ad5be6d4b0971bb.jpeg", "https://pro.culture.ru/uploads/92df7c17b9daec5152eb6e96178bad03.jpeg", "https://pro.culture.ru/uploads/bf23e9944dc8da7ffff3f9c52bd4bf7e.jpeg", "https://pro.culture.ru/uploads/6b15155228ea819e2adf3422a9ab63c4.jpeg"], "category": {"name": "Спектакли", "sysName": "spektakli"}, "time": {"start": "2021-09-12 09:00:00", "end": "2022-01-09 17:00:00"}}, {"id": 1283576, "name": "Спектакль «Увязался М за Ж»", "age": 16, "description": "<p>Этот спектакль по стихотворениям русского поэта Олега Григорьева, с музыкой из репертуара групп Ленинградского рок-клуба поставил Кирилл Петров – популярный актер Театра эстрады, занятый в большинстве его постановок. </p><p>Олега Григорьева можно считать одним из последних поэтов советской эпохи. Его творчество интересно своим парадоксальным, иногда наивным и детским взглядом на жизнь и общество. Но при кажущемся инфантилизме и незамысловатости творчества поэта в этих стихотворениях живут настоящая мудрость и глубина – Григорьев был очень тонким, умным и образованным человеком. </p><p>Спектакль о любви – в ней, правда, множество сторон и оттенков, и о поиске внутренней свободы. Эта история получилась звонкой, легкой и дающей пищу для зрительского ума.</p>", "shortDescription": "Музыкально-поэтическая постановка о перестройке в Ленинграде.", "min_price": 500, "max_price": 1100, "link": "https://estrada.spb.ru/repertuar/mzh", "needCheck": true, "status": "accepted", "updateDate": 1640112471785, "start": 1631376000000, "end": 1641322800000, "createDate": 1629450609076, "inAccepted": true, "acceptDate": 1633592334219, "image": {"author": "Театр Эстрады", "name": "e09edd8d4de27c64e78984a59d091a4d.jpeg", "realName": "1.jpg", "source": "Театр Эстрады"}, "photo": "https://pro.culture.ru/uploads/e09edd8d4de27c64e78984a59d091a4d.jpeg", "gallery": ["https://pro.culture.ru/uploads/11200cf282f832ded2c6d2d375cbd4ce.jpeg", "https://pro.culture.ru/uploads/34fb99693b2c776486f678bc186dd63f.jpeg", "https://pro.culture.ru/uploads/7bc6b6e2ef1bdcf26adf4f299d89b0bd.jpeg", "https://pro.culture.ru/uploads/2fb7b8746c05529a2ca145ec7878d395.jpeg"], "category": {"name": "Спектакли", "sysName": "spektakli"}, "time": {"start": "2021-09-11 16:00:00", "end": "2022-01-04 19:00:00"}}, {"id": 1283481, "name": "Спектакль «Шуры-муры (по рассказам В. Шукшина)»", "age": 16, "description": "<p>Зрителей ждут трогательные рассказы о простых людях. Главные роли в спектакле исполняют молодые актеры и актрисы, ведь создатели постановки стремились посмотреть глазами современного молодого человека, понять, что близко именно ему в этих маленьких шедеврах русской литературы прошлого века.</p><p>Это серия миниатюр, яркая мозаика из кратких историй, смешных и грустных, забавных и лиричных. Трогательные и очень искренние герои в исполнении молодых талантливых актеров вызывают у зрителей самые теплые чувства и яркие эмоции.</p>", "shortDescription": "Серия миниатюр по мотивам советской классики.", "min_price": 500, "max_price": 1300, "link": "https://estrada.spb.ru/repertuar/shury-mury-po-rasskazam-v-shukshina", "status": "accepted", "updateDate": 1633352777403, "start": 1631203200000, "end": 1636052400000, "createDate": 1629449129140, "inAccepted": true, "acceptDate": 1633352777537, "image": {"author": "Театр Эстрады", "name": "72ce59a9743aaa63269d01892f6048c0.jpeg", "realName": "1.jpg", "source": "Театр Эстрады"}, "photo": "https://pro.culture.ru/uploads/72ce59a9743aaa63269d01892f6048c0.jpeg", "gallery": ["https://pro.culture.ru/uploads/3956e1f450e89038a026c73dc9dd2bb0.jpeg", "https://pro.culture.ru/uploads/c8c572129f254089e1ea3fb58aca7571.jpeg", "https://pro.culture.ru/uploads/00c78ad984e1ae5bb1acb9a60aa0af03.jpeg"], "category": {"name": "Спектакли", "sysName": "spektakli"}, "time": {"start": "2021-09-09 16:00:00", "end": "2021-11-04 19:00:00"}}, {"id": 668517, "name": "Спектакль «Три апельсина. Карнавал»", "age": 16, "description": "<p>Спектакль Театра эстрады погружает зрителя в атмосферу Венецианского карнавала. Здесь вымысел смешался с правдой, черт с ангелом, а жизнь граничит со смертью. На карнавале есть лишь один закон – не быть собой. Но все ли действующие лица надели предназначенные для них маски? </p><p>Режиссер Илья Архипов придает классическим маскам итальянского площадного театра современное звучание. В дополнение к гротесковому существованию спектакль наполнится авторской музыкой, характерной карнавальной хореографией и эффектными сценическими решениями.</p>", "shortDescription": "Комедия по классической итальянской пьесе.", "min_price": 500, "max_price": 1100, "link": "https://estrada.spb.ru/repertuar/tri-apel-sina-karnaval", "status": "accepted", "updateDate": 1640112167249, "start": 1599840000000, "end": 1640545200000, "createDate": 1592838624329, "inAccepted": true, "acceptDate": 1633354062222, "image": {"author": "Ковтун", "name": "1a5467d2165a74c8eeef34dd30b39d22.jpeg", "realName": "p_RtCQ0LV2Y.jpg", "source": "Пресс"}, "photo": "https://pro.culture.ru/uploads/1a5467d2165a74c8eeef34dd30b39d22.jpeg", "gallery": ["https://pro.culture.ru/uploads/92c72665aaafece03970a0ecd9f1faad.jpeg", "https://pro.culture.ru/uploads/3f6a42f54c5230f0bb90bbb5b1af06df.jpeg", "https://pro.culture.ru/uploads/295d06c39908ce1546a01d5a62a73a04.jpeg", "https://pro.culture.ru/uploads/c4f7a943f89309764c242d92259ecee3.jpeg", "https://pro.culture.ru/uploads/b70a3532d3f6b9b8e5bca20fe28c0b1a.jpeg", "https://pro.culture.ru/uploads/bc611333c10c9e8d7cc85fe64973836e.jpeg"], "category": {"name": "Спектакли", "sysName": "spektakli"}, "time": {"start": "2020-09-11 16:00:00", "end": "2021-12-26 19:00:00"}}, {"id": 489313, "name": "Спектакль «Сорочинская ярмарка»", "age": 16, "description": "<p>События этой невероятной истории, поставленной по произведениям Николая Гоголя, происходят в летний солнечный день в Малороссии. Волшебные превращения и мистические происшествия, ожившие предания и непредсказуемые курьезы – вот, что ждет вас в этой музыкальной феерии. </p><p>Новый спектакль Театра эстрады им. А. Райкина представит молодой, но уже довольно известный актер и режиссер Илья Архипов, поставивший до этого невероятные детские постановки «Бармалей», «Волшебное кольцо» и «Рикки-Тикки-Тави».</p><p> «Сорочинская ярмарка» – самое нетипичное произведение из Гоголя, к которому мы привыкли, – мистификатора, холодного, пронизывающего до мурашек», – говорит он. – В новом спектакле соединены мотивы, герои, фрагменты сразу нескольких произведений писателя. Это будет настоящая ярмарочная карусель, которая будет закручивать сюжет и сплетать судьбы персонажей». Спектакль станет самой массовой постановкой театра – всего на сцене будет задействовано около 30 артистов и музыкантов».</p>", "shortDescription": "Постановка по произведению Н. В. Гоголя.", "min_price": 500, "max_price": 1100, "link": "https://estrada.spb.ru/repertuar/sorochinskaya-yarmarka-premera", "needCheck": true, "status": "accepted", "updateDate": 1640112539363, "start": 1572019200000, "end": 1641409200000, "createDate": 1570718478066, "inAccepted": true, "acceptDate": 1633353750875, "image": {"author": "Ковтун", "name": "51b7d4bf72efc293bf8ce30a7f677cac.jpeg", "realName": "uKDeumt-Obc.jpg", "source": "Пресс"}, "photo": "https://pro.culture.ru/uploads/51b7d4bf72efc293bf8ce30a7f677cac.jpeg", "gallery": ["https://pro.culture.ru/uploads/36ac2fb27ecfe00cfef4432d1ca2983c.jpeg", "https://pro.culture.ru/uploads/46b231bbf82460f0493586c656d376f5.jpeg", "https://pro.culture.ru/uploads/ecb35f33d83da57cb289f63281691692.jpeg", "https://pro.culture.ru/uploads/64b09e7e54c58827544bf0a283181cee.jpeg"], "category": {"name": "Спектакли", "sysName": "spektakli"}, "time": {"start": "2019-10-25 16:00:00", "end": "2022-01-05 19:00:00"}}, {"id": 325408, "name": "Спектакль «Рикки-Тикки-Тави»", "age": 6, "description": "<p>Захватывающая история воплотилась на сцене Театра эстрады в стилистике современного Болливуда! Маленьким зрителям спектакль поведает о доблести, дружбе, верности своему слову, необходимости защищать слабых и с уважением относиться к старшим. Родителям же спектакль напомнит о классике индийского кинематографа. </p><p>По замыслу режиссера храбрый мангуст Рикки попадает не в семью англичан, а в семейство раджи, и становится лучшим другом наследника престола. Таким образом, война, которую в одиночку будет вести герой, приобретает невиданный размах и иносказательный смысл – речь в спектакле пойдет о противостоянии царей людских и царей змеиных. А значит, о противостоянии двух миров: человеческих ценностей, высоких идеалов и – змеиных принципов: лжи, коварства, обмана.</p>", "shortDescription": "Музыкальная постановка по мотивам одноименного рассказа Редьярда Киплинга.", "min_price": 400, "max_price": 1000, "link": "https://estrada.spb.ru/repertuar/rikki-tikki-tavi", "status": "accepted", "updateDate": 1633937028440, "start": 1543741200000, "end": 1638716400000, "createDate": 1542731994110, "inAccepted": true, "acceptDate": 1633937028452, "image": {"author": "Ковтун", "name": "ed73060b05524d16763ba2a7d8c0e6c5.jpeg", "realName": "0R-FHh4kOqs.jpg", "source": "Пресс"}, "photo": "https://pro.culture.ru/uploads/ed73060b05524d16763ba2a7d8c0e6c5.jpeg", "gallery": ["https://pro.culture.ru/uploads/5f9d49e2d8eb22a58b4308c4c2903703.jpeg", "https://pro.culture.ru/uploads/b71f78159bccd7c1dda3b8ad331033c3.jpeg"], "category": {"name": "Спектакли", "sysName": "spektakli"}, "time": {"start": "2018-12-02 09:00:00", "end": "2021-12-05 15:00:00"}}, {"id": 320905, "name": "Спектакль «Золушка»", "age": 6, "description": "<p>Режиссер Юрий Катаев и драматург Оксана Штанина представят зрителям новую версию любимой с детства сказки. Милая, добрая, трудолюбивая Золушка каждый день терпит обиды от своей мачехи и ее капризных дочерей. Но ведь добро всегда побеждает зло. Золушка обязательно поедет на бал и встретит там своего принца. А помогут ей… три лесных орешка!</p><p>Зрителей ждет блестящая игра талантливых актеров, яркие оригинальные костюмы, современные мультимедийные декорации, юмор, песни и танцы.</p><p>«Золушка» Театра эстрады – это красивая музыкальная сказка, которая понравится не только детям, но и их родителям.</p>", "shortDescription": "Новая версия любимой с детства сказки.", "min_price": 400, "max_price": 900, "link": "https://estrada.spb.ru/repertuar/zolushka", "status": "accepted", "updateDate": 1640112347784, "start": 1542531600000, "end": 1641142800000, "createDate": 1542032783602, "inAccepted": true, "acceptDate": 1633352997846, "image": {"author": "Оксана Ковтун", "name": "a3d4b787be51eaf421828789c27a5971.jpg", "realName": "63545372db0c965c6b4a5e9f38156121_w2048_h2048.jpg", "source": "Пресс служба"}, "photo": "https://pro.culture.ru/uploads/a3d4b787be51eaf421828789c27a5971.jpg", "gallery": ["https://pro.culture.ru/uploads/2b89e4ea76e34664c0a096dce9f6a961.jpg", "https://pro.culture.ru/uploads/dc6e1793c575f943757037ef3b40e79d.jpg", "https://pro.culture.ru/uploads/fe404267d2ef4b3a68a8f72ff88b4d54.jpg"], "category": {"name": "Спектакли", "sysName": "spektakli"}, "time": {"start": "2018-11-18 09:00:00", "end": "2022-01-02 17:00:00"}}, {"id": 153468, "name": "Спектакль «Дом»", "age": 16, "description": "<p><span>Художественный руководитель Театра эстрады им. А. Райкина, заслуженный артист России, один из самых любимых комиков страны предстанет перед публикой в необычном для себя образе. </span><span>Необычно серьезном – о</span><span>н исполнит главную роль в драматической комедии «Дом» по одноименной пьесе Евгения Гришковца в постановке режиссера Олега Куликова.</span></p> <p><span>Главный герой пьесы Игорь – врач, работающий в обычной районной поликлинике. У него любимая работа, большая семья. Осталось осуществить сокровенную мечту родом из детства – построить собственный дом.</span></p> <p><span>Пьеса «Дом» была написана Евгением Гришковцом<span> в соавторстве с Анной Матисон. </span> Поставлена она в двух театрах страны: в 2009 году <span>в театре «Школа современной пьесы» </span>режиссером Иосифом Райхельгаузом (с участием телеведущего Александра Гордона), в 2011 году – режиссером Сергеем Пускепалисом в <span>МХАТ им. Чехова (</span>главную роль сыграл Игорь Золотовицкий).</span></p>", "shortDescription": "Драматическая комедия по пьесе Евгения Гришковца. В главной роли – Юрий Гальцев.", "min_price": 500, "max_price": 2100, "link": "https://estrada.spb.ru/repertuar/dom", "needCheck": true, "status": "accepted", "updateDate": 1633354333310, "start": 1509206400000, "end": 1639422000000, "createDate": 1503314231218, "inAccepted": true, "acceptDate": 1633354333440, "image": {"author": "Ковтун", "name": "9c9d8a624f56ac0bbc3536515494b9f7.jpg", "realName": "без имени (143 из 299).jpg", "source": "Пресс"}, "photo": "https://pro.culture.ru/uploads/9c9d8a624f56ac0bbc3536515494b9f7.jpg", "gallery": ["https://pro.culture.ru/uploads/5f9a3e6fdcd4a25ba6ae7372a53bb8d5.jpg", "https://pro.culture.ru/uploads/88f8b2d187bce0670b19e95da850817c.jpg", "https://pro.culture.ru/uploads/b4a2380b4a133c49f1f9f0846d98c271.jpg"], "category": {"name": "Спектакли", "sysName": "spektakli"}, "time": {"start": "2017-10-28 16:00:00", "end": "2021-12-13 19:00:00"}}, {"id": 48014, "name": "Спектакль «Здрасьте, я ваша тетя!»", "age": 16, "description": "<p>История безработного авантюриста Бабса Баберлея, волею случая вынужденного «превратиться» в очаровательную бразильскую тетушку-миллионершу, прекрасно знакома каждому зрителю. В 1975 году эту роль блистательно исполнил Александр Калягин в фильме «Здравствуйте, я ваша тетя!». Но мало кто знает, что эта уморительно смешная комедия имеет весьма долгую и успешную театральную судьбу. </p><p>Написанная в конце XIX века английским драматургом Брэндоном Томасом, пьеса «Тетка Чарлея» впервые была поставлена Лондонским Королевским театром в 1892 году. Говорят, успех спектакля был так велик, что исполнитель главной роли смог за гонорар построить собственный театр… Несколько лет с невероятными аншлагами пьеса шла на Бродвее. Была она поставлена и в нашей стране: премьера состоялась в 1894 году в знаменитом театре Корша, а роль «тетушки» исполнил один из лучших комедийных актеров того времени – Павел Орленев. </p>", "shortDescription": "Лихо закрученный сюжет, блистательный актерский ансамбль и искрометный юмор.", "min_price": 500, "max_price": 2000, "link": "https://estrada.spb.ru/repertuar/zdraste-ya-vasha-tetya", "needCheck": true, "status": "accepted", "updateDate": 1640112819804, "start": 1481212800000, "end": 1643223600000, "createDate": 1466518141798, "inAccepted": true, "acceptDate": 1633353535512, "image": {"author": "Ковтун", "name": "aa56803eb7688c2047b168e01af9abfe.jpg", "realName": "ffcca7faf2d29216807444749e562f07_w2048_h2048.jpg", "source": "Пресс"}, "photo": "https://pro.culture.ru/uploads/aa56803eb7688c2047b168e01af9abfe.jpg", "gallery": ["https://pro.culture.ru/uploads/a328274a6cb5b081918b530101f93bf1.jpg", "https://pro.culture.ru/uploads/ca95710a522ba87f6eb0510cd8481993.jpg", "https://pro.culture.ru/uploads/0ca3725d50ed1e0ae66cc7dacb885317.jpg", "https://pro.culture.ru/uploads/9171c84b62b2e02532cbfc6bde2e8b98.jpg", "https://pro.culture.ru/uploads/62b89df9d57bc2827203897f6e86bd36.jpg"], "category": {"name": "Спектакли", "sysName": "spektakli"}, "time": {"start": "2016-12-08 16:00:00", "end": "2022-01-26 19:00:00"}}, {"id": 46309, "name": "Спектакль «Феномены»", "age": 12, "description": "<p>Город замер в ожидании важного спортивного события. Тем временем по приглашению научного журнала в столицу приезжают трое «феноменов» – людей с экстраординарными способностями. Один из них видит сквозь стены, другой передвигает предметы силой взгляда, а третий читает чужие мысли! Конечно, вскоре выясняется, что двое из них – не совсем уж такие уникумы… Но важнее другое. Ведь в мире способность бескорыстно любить другого человека – это куда больший дар, чем умение взглядом перемещать по столу спички. </p><p>Как и во всех пьесах Григория Горина, в комедии «Феномены» есть и тонкий юмор, и удивительная простота, и глубокое понимание сложной природы человека. Спектакль поставлен замечательным комедийным режиссером Александром <span>Синотовым</span>, а главные роли в нем исполняют блистательные актеры, любимцы публики – Андрей <span>Федорцов</span>, Оксана <span>Базилевич</span>, Андрей Носков, Алексей Васильев и Сергей Сафронов. Театра эстрады имени Аркадия Райкина обещает зрителям очень интересный вечер.</p>", "shortDescription": "Действие этой доброй и смешной комедии происходит в Москве накануне Олимпиады.", "min_price": 500, "max_price": 2000, "link": "https://estrada.spb.ru/repertuar/fenomeny", "needCheck": true, "status": "accepted", "updateDate": 1633353637857, "start": 1479484800000, "end": 1639681200000, "createDate": 1464959284184, "inAccepted": true, "acceptDate": 1633353638047, "image": {"author": "Ковтун", "name": "3fb1193cbb1d123d0e1cfb89434017e8.jpg", "realName": "н (24 из 199).jpg", "source": "Пресс"}, "photo": "https://pro.culture.ru/uploads/3fb1193cbb1d123d0e1cfb89434017e8.jpg", "gallery": ["https://pro.culture.ru/uploads/ed515b923115896a4b133ba21574166d.jpg", "https://pro.culture.ru/uploads/25bfdce4798ab253044d894d9bd99698.jpg", "https://pro.culture.ru/uploads/8ec9e826317de08ebd49cf9a0b7421ba.jpg", "https://pro.culture.ru/uploads/9f8a520d65e6adea4b63732be10197d6.jpg", "https://pro.culture.ru/uploads/bdac16ff71d9fda19313ab5433e6ad5c.jpg", "https://pro.culture.ru/uploads/d603f3a9852f20062623b607727e5338.jpg", "https://pro.culture.ru/uploads/d1e048c198fcc53dd1bf4b60b3b7839a.jpg"], "category": {"name": "Спектакли", "sysName": "spektakli"}, "time": {"start": "2016-11-18 16:00:00", "end": "2021-12-16 19:00:00"}}]}