{"11604": [{"id": 1533988, "name": "Мастер-класс «Веселый травянчик»", "age": 12, "description": "<p>Руководитель экомастерской «Зеленая лаборатория» Юлия Зеленина приглашает всех желающих сделать травянчика – интерьерную игрушку, у которой растут волосы в виде травы. Юлия Владимировна всегда использует экологичные, пластичные и удобные материалы, из которых можно создавать любые поделки. </p><p>Участники мастер-класса создадут поделку в виде веселого человечка из капрона, опилок и семян. Освоив разнообразные способы выполнения декоративных элементов и создания композиций из природных материалов, ребята и взрослые изучат различные приемы и техники, которые помогут им реализовать свои дизайнерские идеи.</p>", "shortDescription": "Занятие по созданию травянчика.", "min_price": 500, "max_price": 500, "link": "https://w.intickets.ru/event/12193436/?wkey=10702896", "status": "accepted", "updateDate": 1640000885231, "start": 1647781200000, "end": 1647786600000, "createDate": 1639510968414, "inAccepted": true, "acceptDate": 1640000885336, "image": {"author": "Культурный центр \"Братеево\"", "name": "c230dec26bfa6250d16cbe45647dbdbc.jpeg", "realName": "214cfb48ce0a8a8b2c902b1a5b6c43b6.jpeg", "source": "Культурный центр \"Братеево\""}, "photo": "https://pro.culture.ru/uploads/c230dec26bfa6250d16cbe45647dbdbc.jpeg", "gallery": [], "category": {"name": "Обучение", "sysName": "obuchenie"}, "time": {"start": "2022-03-20 13:00:00", "end": "2022-03-20 14:30:00"}}, {"id": 1533976, "name": "Мастер-класс «Лавандовое сердечко»", "age": 12, "description": "<p>Руководитель экомастерской «Зеленая лаборатория» Юлия Зеленина приглашает всех желающих сделать ароматный мешочек-саше и научиться работать с нетоксичными материалами, которые всегда найдутся в каждом доме. </p><p>Юлия Владимировна использует экологичные, пластичные и удобные материалы, из которых можно создавать любые поделки. </p><p>Участники мастер-класса сделают ароматный подарок своими руками. Освоив разнообразные способы выполнения декоративных элементов и создания композиций из природных материалов, ребята и взрослые изучат различные приемы и техники, которые помогут им реализовать свои дизайнерские идеи. Сердечко будет не только украшать дом, но и придавать приятный аромат помещению.</p>", "shortDescription": "Занятие по созданию саше.", "min_price": 500, "max_price": 500, "link": "https://w.intickets.ru/event/12193421/?wkey=10702896", "status": "accepted", "updateDate": 1640000758969, "start": 1644757200000, "end": 1644762600000, "createDate": 1639510112522, "inAccepted": true, "acceptDate": 1640000759030, "image": {"author": "Культурный центр \"Братеево\"", "name": "91debe9868047b2df9b5ee5d10c056b3.jpeg", "realName": "imgonline-com-ua-Resize-ATNcBdiOODXP2Z.jpg", "source": "Культурный центр \"Братеево\""}, "photo": "https://pro.culture.ru/uploads/91debe9868047b2df9b5ee5d10c056b3.jpeg", "gallery": [], "category": {"name": "Обучение", "sysName": "obuchenie"}, "time": {"start": "2022-02-13 13:00:00", "end": "2022-02-13 14:30:00"}}, {"id": 1533962, "name": "Мастер-класс «Карандашница»", "age": 12, "description": "<p>Руководитель экомастерской «Зеленая лаборатория» Юлия Зеленина приглашает всех желающих научиться работать с нетоксичными материалами, которые всегда найдутся в каждом доме. Юлия Владимировна всегда использует экологичные, пластичные и удобные материалы, из которых можно создавать любые поделки. </p><p>Участники мастер-класса сделают необычную карандашницу из втулки от туалетной бумаги, сами придумают декор этой будущей настольной помощницы. Они освоят разнообразные способы выполнения декоративных элементов и создания композиций из природных материалов, изучат различные приемы и техники, которые помогут им реализовать свои дизайнерские идеи.</p>", "shortDescription": "Занятие по созданию аксессуара для канцелярских принадлежностей.", "min_price": 500, "max_price": 500, "link": "https://iframeab-pre1287.intickets.ru/event/12193415", "status": "accepted", "updateDate": 1640069282498, "start": 1642942800000, "end": 1642948200000, "createDate": 1639509504171, "inAccepted": true, "acceptDate": 1640069282574, "image": {"author": "Культурный центр \"Братеево\"", "name": "ba43f17a110eb17314ad6be038fe00f6.jpeg", "realName": "imgonline-com-ua-Resize-yhefcFj8DcLIY.jpg", "source": "Культурный центр \"Братеево\""}, "photo": "https://pro.culture.ru/uploads/ba43f17a110eb17314ad6be038fe00f6.jpeg", "gallery": [], "category": {"name": "Обучение", "sysName": "obuchenie"}, "time": {"start": "2022-01-23 13:00:00", "end": "2022-01-23 14:30:00"}}, {"id": 1507963, "name": "Мастер-класс «Новогодняя сказка»", "age": 12, "description": "<p>Участники мероприятия научатся основным техникам съемки портрета, узнают, как придумать концепт новогодней съемки, и погрузятся в процесс подготовки и практику съемочного процесса. Мастер-класс состоится под руководством Анны Дроздовой – руководителя ведущей творческой студии города Москвы фотостудии ProLight, фотохудожника и искусствоведа. </p><p>Можно будет изучить особенности портретной съемки на зеркальный фотоаппарат: узнать секреты, как снимать красивые новогодние композиции, ориентируясь на правила фотосъемки; понять, что значит правильное фото и как красиво его сделать. Также посетители мастер-класса изучат естественный и искусственный свет.</p><p>Фотографии, сделанные на этом занятии, смогут стать отличным подарком в виде новогодней открытки.</p>", "shortDescription": "Создание новогодней фотографии.", "min_price": 700, "max_price": 700, "link": "http://kcbrateevo.ru/afisha/7594/", "status": "accepted", "updateDate": 1639637630166, "start": 1640523600000, "end": 1640534400000, "createDate": 1638702434573, "inAccepted": true, "acceptDate": 1639637630236, "image": {"author": "Культурный центр \"Братеево\"", "name": "4308aa0c4a6e5a6acc1abe00dccf60d9.jpeg", "realName": "b1ba85850f48c32ce57f0ab0312fb84b-1024x683.jpg", "source": "Культурный центр \"Братеево\""}, "photo": "https://pro.culture.ru/uploads/4308aa0c4a6e5a6acc1abe00dccf60d9.jpeg", "gallery": [], "category": {"name": "Обучение", "sysName": "obuchenie"}, "time": {"start": "2021-12-26 13:00:00", "end": "2021-12-26 16:00:00"}}, {"id": 1507958, "name": "Мастер-класс «Пингвин-обнимашка»", "age": 12, "description": "<p> Участники, посетившие мастер-класс, сваляют из шерсти толстенького и мягонького пингвинчика. В первый день ребята и взрослые вырежут основу для валяния, подберут шерсть и сваляют ласты. Во второй день сделают раскладку шерсти и задекорируют. В третий день будут валять ладошками и в скрутке. В четвертый – сделают прорезь и окончательно доваляют фигурку. После мастер-класса дома пингвинчика можно набить чем-нибудь мягким, сделав таким образом из него подушку. Такой созданный своими руками сувенир станет прекрасным украшением интерьера или необычным подарком. </p>", "shortDescription": "Занятие по изготовлению основы для подушки в технике мокрого валяния.", "min_price": 1500, "max_price": 1500, "link": "http://kcbrateevo.ru/afisha/pingvin-obnimashka/", "status": "accepted", "updateDate": 1639172372822, "start": 1639225800000, "end": 1639922400000, "createDate": 1638702190882, "inAccepted": true, "acceptDate": 1639172373014, "image": {"author": "Культурный центр\" Братеево\"", "name": "261232124f7f3e604f9f24915f70e26e.jpeg", "realName": "e4b6aa76871e11260d001a857d00ad2e.jpg", "source": "Культурный центр\" Братеево\""}, "photo": "https://pro.culture.ru/uploads/261232124f7f3e604f9f24915f70e26e.jpeg", "gallery": [], "category": {"name": "Обучение", "sysName": "obuchenie"}, "time": {"start": "2021-12-11 12:30:00", "end": "2021-12-19 14:00:00"}}, {"id": 1507949, "name": "Спектакль «Незнакомый господин Чехов»", "age": 12, "description": "<p>Большинство еще со времен школы привыкло воспринимать писателей как скучных, непогрешимых, но, конечно же, великих классиков. Однако создатели спектакля предлагают другую точку зрения. </p><p>Антон Павлович Чехов в интерпретации актеров Товарищества предстает совершенно по-новому. «Кто он – этот господин? Желчный циник, высмеивающий человеческие пороки? Глубокий психолог, исследующий глубины человеческой души? Или высокий романтик, мечтающий о прекрасном будущем России, с трепетом и надеждой вглядывающийся в грядущее?» – спрашивают создатели спектакля. </p><p>Актеры вместе с режиссером предприняли попытку взглянуть на автора «Скрипки Ротшильда», «Цветов запоздалых», и, пожалуй, известной всем «Лошадиной фамилии» глазами людей века сегодняшнего. Из времени, когда сбылось многое из того, о чем писал Чехов, а рожденные им человеческие типажи надолго пережили своего создателя.</p><p>В спектакле звучит живая музыка – романсы, погружающие в атмосферу салона начала прошлого века, а исполнение отрывков из произведений Чехова сочетается с рассказом о нем самом. </p>", "shortDescription": "Постановка, открывающая заново известного драматурга.", "min_price": 500, "max_price": 750, "link": "http://kcbrateevo.ru/afisha/neznakomyj-gospodin-chehov/", "status": "accepted", "updateDate": 1639589226434, "start": 1639843200000, "end": 1639850400000, "createDate": 1638701809522, "inAccepted": true, "acceptDate": 1639589226537, "image": {"author": "Петр Гилев", "name": "fe4d9d612076053c232390a766fa5957.png", "realName": "чехов.png", "source": "Петр Гилев"}, "photo": "https://pro.culture.ru/uploads/fe4d9d612076053c232390a766fa5957.png", "gallery": [], "category": {"name": "Спектакли", "sysName": "spektakli"}, "time": {"start": "2021-12-18 16:00:00", "end": "2021-12-18 18:00:00"}}, {"id": 1469751, "name": "Спектакль «Прелюдия развода»", "age": 16, "description": "<p>Прелюдия – короткое музыкальное произведение, не имеющее строгой формы, являющееся вступительной частью к более длинному, сложному музыкальному произведению. </p><p>Свадьба главных героев спектакля, начинающего журналиста Алексея и студентки консерватории Анны, стала началом окончания их двухлетней любви – прелюдией к разводу. Уже через месяц они подали на развод. Что же стало причиной разрыва их отношений? Теща, Изольда Тихоновна, которая считала, что любовь – не главное (стерпится, слюбится)? Другой мужчина? Может быть Анна, вообще, никого не любила? Эти вопросы мучают Алексея 14 лет, так как он в душе продолжает ее любить. Все эти годы он пытается выяснить причину у Анны. Сильное разочарование и горечь ощущает Алексей, когда понимает, что истинной причиной развода стал именно он… </p>", "shortDescription": "Трагикомедия на тему отношений мужчины и женщины.", "min_price": 700, "max_price": 700, "link": "https://www.mos.ru/afisha/event/193186257/", "status": "accepted", "updateDate": 1637763164179, "start": 1638025200000, "end": 1638036000000, "createDate": 1637341656716, "inAccepted": true, "acceptDate": 1637763164232, "image": {"author": "Евгений Гусев", "name": "e3bc3d9225abb97e12e6b7b348c49dfe.jpeg", "realName": "прелюдия.jpg", "source": "Евгений Гусев"}, "photo": "https://pro.culture.ru/uploads/e3bc3d9225abb97e12e6b7b348c49dfe.jpeg", "gallery": [], "category": {"name": "Спектакли", "sysName": "spektakli"}, "time": {"start": "2021-11-27 15:00:00", "end": "2021-11-27 18:00:00"}}, {"id": 1469735, "name": "Мастер-класс «Снеговик»", "age": 12, "description": "<p> В преддверии самого любимого всеми праздника в Культурном центре состоится мастер-класс, на котором все участники смогут создать новогоднюю игрушку вместе с Еленой Гелиевой – руководителем ведущей творческой студии г. Москвы «Глазурь». </p><p>Гости познакомятся с забытой техникой создания новогодней игрушки на елку – из ваты, а после раскрасят своих снеговичков и добавят им такия украшения, как шляпка, шарфик, метла и, конечно, побольше снега. Сделанный своими руками сувенир станет прекрасным украшением новогодней елки или необычным подарком. </p>", "shortDescription": "Создание елочной игрушки.", "min_price": 400, "max_price": 400, "link": "https://www.mos.ru/afisha/event/193179257/", "status": "accepted", "updateDate": 1637755899740, "start": 1638016200000, "end": 1638021600000, "createDate": 1637340670169, "inAccepted": true, "acceptDate": 1637755899809, "image": {"author": "Культурный центр \"Братеево\"", "name": "7ce47b047e5198b99e1caf01f06f034e.jpeg", "realName": "kak-sdelat-snegovika-svoimi-rukami-64-1024x681.jpg", "source": "Культурный центр \"Братеево\""}, "photo": "https://pro.culture.ru/uploads/7ce47b047e5198b99e1caf01f06f034e.jpeg", "gallery": [], "category": {"name": "Обучение", "sysName": "obuchenie"}, "time": {"start": "2021-11-27 12:30:00", "end": "2021-11-27 14:00:00"}}, {"id": 1441049, "name": "Мастер-класс по пуантовой технике", "age": 12, "description": "<p> Мастер-класс проведет Хо Мун, лауреат международных конкурсов, кандидат искусствоведения.</p><p> Балет – самая прекрасная форма искусства танца. Каждый ребенок может начать свой путь в волшебный мир балета. Самая сложная и красивая форма классического танца – на пуантах. Балерины занимаются на пальцах с первых лет обучения под чутким руководством педагога. Такой педагог – Хо Мун, имея за плечами огромный международный опыт балерины и преподавателя балета, покажет и поможет участникам мастер-класса освоить азы пуантовой техники. </p><p>Участники мастер-класса должны стоять на пуантах, иметь практику занятий на пуантах не менее полугода. </p>", "shortDescription": "Занятие по классическому танцу для начинающих.", "min_price": 700, "link": "https://www.mos.ru/afisha/event/193349257/", "status": "accepted", "updateDate": 1636701714814, "start": 1637078400000, "end": 1637082000000, "createDate": 1636464445483, "inAccepted": true, "acceptDate": 1636701714827, "image": {"author": "Студия \"32 fouette\"", "name": "bc35fa934af2871086f9e73949d3b774.jpeg", "realName": "imgonline-com-ua-Resize-M6TZs6VvoYm7s-768x513.jpg", "source": "Студия \"32 fouette\""}, "photo": "https://pro.culture.ru/uploads/bc35fa934af2871086f9e73949d3b774.jpeg", "gallery": [], "category": {"name": "Обучение", "sysName": "obuchenie"}, "time": {"start": "2021-11-16 16:00:00", "end": "2021-11-16 17:00:00"}}, {"id": 1441002, "name": "Лекция «Изобретение фотографии: портрет XIX века»", "age": 12, "description": "<p> «Арт-лекторий» – проект культурного центра «Братеево», в рамках которого разные творческие люди рассказывают о том, что им нравится. Формат проекта – лекции, но не обычные и однообразные, скорее – интерактивные программы, где музыканты играют на гитаре, дизайнеры показывают макеты проектов, а фотохудожник и руководитель ведущего творческого коллектива г. Москва фотостудии Prolight Анна Дроздова демонстрирует на экране репродукции известнейших художников. </p><p>На лекции Анна Дроздова расскажет о первом опыте воспроизведения фотографических изображений, появлении и распространении дагеротипии, персоналиях в мире фотографии во второй половине XIX века и о том, как фотография отнимает хлеб у живописцев. </p>", "shortDescription": "Интерактивная лекция по истории фотографии.", "min_price": 500, "max_price": 500, "link": "https://www.mos.ru/afisha/event/192818257/", "status": "accepted", "updateDate": 1636673443538, "start": 1636893000000, "end": 1636900200000, "createDate": 1636463919171, "inAccepted": true, "acceptDate": 1636673443547, "image": {"author": "Анна Дроздова", "name": "d0ae310d7a6f2086d4a7d2d3dcc5060a.jpeg", "realName": "drozdova_janna_kate-1.jpg", "source": "Анна Дроздова"}, "photo": "https://pro.culture.ru/uploads/d0ae310d7a6f2086d4a7d2d3dcc5060a.jpeg", "gallery": [], "category": {"name": "Обучение", "sysName": "obuchenie"}, "time": {"start": "2021-11-14 12:30:00", "end": "2021-11-14 14:30:00"}}, {"id": 1379379, "name": "Мастер-класс «Фотопортрет»", "age": 12, "description": "<p>Участники мероприятия научатся основным техникам съемки портрета под руководством Анны Дроздовой – руководителя ведущей творческой фотостудии города Москвы ProLight, фотохудожника и искусствоведа. </p><p> </p><p>На занятии можно будет изучить особенности портретной съемки на зеркальный фотоаппарат, узнать секреты, как снимать красивые портреты, ориентируясь на правила фотосъемки, понять, что значит правильное фото и как красиво его сделать. Посетители изучат естественный и искусственный свет, обсудят принципиальные различия мужского и женского портретов.</p><p>Анна Дроздова подскажет участникам самые выигрышные точки, с которых можно получить лучшие портреты. Фотографы, которые собираются работать в жанре фотопортрета, смогут пополнить свое портфолио съемками в этом стиле.</p><p></p>", "shortDescription": "Занятие по созданию фотопортрета.", "min_price": 700, "max_price": 700, "link": "https://www.mos.ru/afisha/event/160337257/", "status": "accepted", "updateDate": 1634146496221, "start": 1635080400000, "end": 1635091200000, "createDate": 1633705312773, "inAccepted": true, "acceptDate": 1634146496228, "image": {"author": "Анна Дроздова", "name": "8bd0640d09664d801c4384d99928e289.jpeg", "realName": "qyP1z_P4v80.jpg", "source": "Анна Дроздова"}, "photo": "https://pro.culture.ru/uploads/8bd0640d09664d801c4384d99928e289.jpeg", "gallery": [], "category": {"name": "Обучение", "sysName": "obuchenie"}, "time": {"start": "2021-10-24 13:00:00", "end": "2021-10-24 16:00:00"}}, {"id": 1379372, "name": "Мастер-класс «Моя литера»", "age": 12, "description": "<p>Урок по созданию элемента декора интерьера от Елены Гелиевой – руководителя ведущей творческой студии г. Москвы «Глазурь». </p><p>В первый день участники нарисуют эскиз большой буквы, например, первой буквы имени. Из плотного картона вырежут детали и соединят их, загрунтуют и прокрасят. Во второй день – украсят букву декупажными салфетками, бусинами, лентами и другими объемными элементами, а также покроют лаком.</p><p>Этот сделанный своими руками сувенир станет прекрасным украшением интерьера или необычным подарком.</p>", "shortDescription": "Участники научатся работать в технике декупаж.", "min_price": 600, "max_price": 600, "link": "https://www.mos.ru/afisha/event/185543257/", "status": "accepted", "updateDate": 1634146486793, "start": 1634387400000, "end": 1634479200000, "createDate": 1633705004738, "inAccepted": true, "acceptDate": 1634146486811, "image": {"author": "Елена Гелиева", "name": "f27ff308d104dceaaf59dc42296c15bc.jpeg", "realName": "20211007_201625.jpg", "source": "Елена Гелиева"}, "photo": "https://pro.culture.ru/uploads/f27ff308d104dceaaf59dc42296c15bc.jpeg", "gallery": [], "category": {"name": "Обучение", "sysName": "obuchenie"}, "time": {"start": "2021-10-16 12:30:00", "end": "2021-10-17 14:00:00"}}, {"id": 1289412, "name": "Мастер-класс «Дизайнерская елочка»", "age": 12, "description": "<p>Руководитель ЭкоМастерской «Зеленая Лаборатория» приглашает всех желающих научиться работать с шишками и веточками и сделать из них интерьерную игрушку. Юлия Зеленина всегда использует пластичные и удобные материалы, из которых можно делать любые поделки. Участники мастер-класса сделают свою елочку к новому году. Такая вещица станет прекрасным украшением интерьера или подарком для близкого человека. При создании будут использованы только природные материалы, что поддерживает один из последних мировых трендов во многих сферах – акцент на экологию.</p>", "shortDescription": "Участники создадут декора из экологичных материалов.", "min_price": 900, "max_price": 900, "link": "http://kcbrateevo.ru/afisha/dizajnerskaya-elochka/", "status": "accepted", "updateDate": 1639057599154, "start": 1639224000000, "end": 1639229400000, "createDate": 1629800912533, "inAccepted": true, "acceptDate": 1639057602453, "image": {"author": "Алёна Кузнецова", "name": "3b01f7f3b69919e518757170b6c272f0.jpeg", "realName": "1616656641_58-p-dizain-novogodnikh-yelok-iz-shishek-65.jpg", "source": "Алёна Кузнецова"}, "photo": "https://pro.culture.ru/uploads/3b01f7f3b69919e518757170b6c272f0.jpeg", "gallery": [], "category": {"name": "Обучение", "sysName": "obuchenie"}, "time": {"start": "2021-12-11 12:00:00", "end": "2021-12-11 13:30:00"}}, {"id": 1272217, "name": "Спектакль «Утренняя фея»", "age": 12, "description": "<p>Притча, наполненная светлой печалью, история о любви и смерти.<br /> <br /> В доме четыре года назад поселилось горе. Не звучит смех, не слышно теплых слов, и никто в доме уже давно не смотрит друг на друга с нежностью и любовью. Безутешная мать все подчинила своей скорби, несмотря на то что в семье еще трое детей. Однажды ночью в доме появляется необыкновенная странница, красивая и загадочная. И только благодаря ей в этой семье поймут, какая великая ценность – жизнь. Жизнь, перед которой меркнут со временем все потери и утраты.<br /> <br /> Это романтическая, возвышенная легенда, наполненная верой в нравственные идеалы и воспевающая любовь, полная глубоких философских раздумий.<br /> <br />Постановка восстановлена режиссером Андреем Платоновым в 2007 г.</p>", "shortDescription": "Романтическая новелла по пьесе испанского драматурга Алехандро Касоны.", "min_price": 350, "max_price": 350, "link": "https://www.mos.ru/afisha/event/139245257/", "status": "accepted", "updateDate": 1633934239073, "start": 1635087600000, "end": 1635098400000, "createDate": 1628858980664, "inAccepted": true, "acceptDate": 1633934239078, "image": {"author": "Андрей Платонов", "name": "baa11845ff900de2f0cf9db37c6ddb44.jpeg", "realName": "IMG_2073.jpg", "source": "Андрей Платонов"}, "photo": "https://pro.culture.ru/uploads/baa11845ff900de2f0cf9db37c6ddb44.jpeg", "gallery": [], "category": {"name": "Спектакли", "sysName": "spektakli"}, "time": {"start": "2021-10-24 15:00:00", "end": "2021-10-24 18:00:00"}}, {"id": 1248643, "name": "Спектакль «Восемь любящих женщин»", "age": 12, "description": "<p>Детективная история, поставленная режиссером А. А. Платоновым (театр «Традиция») по пьесе Huit femmes французского драматурга Робера Тома.</p><p>Эта странная история произошла где-то во Франции, в загородном доме, под Рождество. В гостиной дома известного предпринимателя собирается все семейство. Но праздника не получилось – хозяин дома… убит. Его родные и домочадцы, восемь любящих женщин, ведут расследование, в процессе которого выясняется, что каждая из них вполне могла совершить это страшное злодеяние.</p>", "shortDescription": "Постановка по произведению Р. Тома.", "min_price": 350, "max_price": 350, "link": "https://www.mos.ru/afisha/event/137139257/", "status": "accepted", "updateDate": 1630995188031, "start": 1633273200000, "end": 1633280400000, "createDate": 1627894911486, "inAccepted": true, "acceptDate": 1631116431259, "image": {"author": "Андрей Платонов", "name": "255a7892e9067082f1bb6330b96e240f.jpeg", "realName": "ВОСЕМЬ ЛЮБЯЩИХ ЖЕНЩИН.JPG", "source": "Андрей Платонов"}, "photo": "https://pro.culture.ru/uploads/255a7892e9067082f1bb6330b96e240f.jpeg", "gallery": [], "category": {"name": "Спектакли", "sysName": "spektakli"}, "time": {"start": "2021-10-03 15:00:00", "end": "2021-10-03 17:00:00"}}, {"id": 1248611, "name": "Спектакль «Играем Чехова»", "age": 12, "description": "<p>Великий русский писатель А. П. Чехов – автор множества драматических произведений. Лучшие театры России часто обращаются к его творчеству. Театр-студия «Традиция» не является исключением: он собрал на сцене культурного центра&nbsp;несколько миниатюр гениального писателя.</p><p>Композиционно они исполняются в различном сочетании и последовательности. Именно по этой причине спектакль и получил свое название – «Играем Чехова». Зрители увидят три пьесы: «Предложение», «Юбилей» и «Медведь». В перспективе в постановку будут добавлены и другие произведения русского классика. Все они рассказывают о забавных, лиричных, одиноких людях и об их судьбах.</p>", "shortDescription": "Постановка по пьесам Антона Павловича Чехова.", "min_price": 350, "max_price": 350, "link": "https://www.mos.ru/afisha/event/137129257/", "needCheck": true, "status": "accepted", "updateDate": 1630995322437, "start": 1632668400000, "end": 1632675600000, "createDate": 1627894443375, "inAccepted": true, "acceptDate": 1630995326095, "image": {"author": "Андрей Платонов", "name": "70b9d923eedb200b4720251611ecea68.jpeg", "realName": "02.-Igrakm-CHehova-1-1024x768.jpg", "source": "Андрей Платонов"}, "photo": "https://pro.culture.ru/uploads/70b9d923eedb200b4720251611ecea68.jpeg", "gallery": [], "category": {"name": "Спектакли", "sysName": "spektakli"}, "time": {"start": "2021-09-26 15:00:00", "end": "2021-09-26 17:00:00"}}]}