{"12525": [{"id": 1515677, "name": "Программа «Творческий вечер Сергея Соколика. Новогодний концерт»", "age": 12, "description": "<p>В преддверии новогодних праздников Академический симфонический оркестр Крымской государственной филармонии (художественный руководитель и главный дирижер – заслуженный деятель искусств Украины и Республики Крым Александр Долинский) преподнесет крымчанам особенный музыкальный подарок – творческий вечер пианиста, композитора и аранжировщика, лауреата государственной премии и заслуженного артиста Республики Крым Сергея Соколика.</p><p>Яркий представитель ялтинской музыкальной династии, Сергей Соколик начал работу с симфоническим оркестром Крымской государственной филармонии в 1985 году. Со своим ансамблем «Черный веер» он объездил большую часть мира. Его авторские композиции и оригинальные аранжировки популярны не только в Крыму, но и за его пределами.</p><p>На концерте прозвучат самые яркие хиты групп ABBA, Boney M, Bee Gees, The Eagles, песни Элтона Джона и Стиви Уандера, музыка из любимых кинофильмов, аранжировки советских песен.</p>", "shortDescription": "Прозвучат аранжировки новогодних композиций.", "min_price": 250, "max_price": 500, "link": "https://quicktickets.ru/simferopol-filarmoniya/s805", "status": "accepted", "updateDate": 1639742940276, "start": 1640527200000, "end": 1640712600000, "createDate": 1638926124330, "inAccepted": true, "acceptDate": 1639742940398, "image": {"author": "Неизвестен", "name": "929595b5a597681741cb5489b9d9fa48.jpeg", "realName": "Соколик С.В....jpg", "source": "из архива Крымской государственной филармонии"}, "photo": "https://pro.culture.ru/uploads/929595b5a597681741cb5489b9d9fa48.jpeg", "gallery": ["https://pro.culture.ru/uploads/1ded94ce4a6aeb150d9e036f21459d35.jpeg", "https://pro.culture.ru/uploads/5ff68d60195de24c9b1e1099a8779d6f.jpeg"], "category": {"name": "Концерты", "sysName": "koncerty"}, "time": {"start": "2021-12-26 14:00:00", "end": "2021-12-28 17:30:00"}}, {"id": 1477433, "name": "Концерт «Музыка великих. Дж. Перголези, С. Прокофьев»", "age": 12, "description": "<p><span>Академический симфонический оркестр Крымской государственной филармонии представит новую программу из цикла «Музыка великих». На этот раз внимание будет приковано к </span><span>Stabat</span><span> </span><span>mater</span><span> итальянского композитора Джованни Баттиста Перголези и созданному почти 200 лет спустя балету советского классика С. С. Прокофьева «Ромео и Джульетта». </span></p> <p><span>Претенциозный выбор программы позволит слушателям не только насладиться потрясающими произведениями, но и с головой окунуться в мир противоположностей. Итальянское барокко и советская музыкальная классика, вокальное и симфоническое звучание, музыка на текст католической мессы и яркие картины, вдохновленные трагедией У. Шекспира, сочинение 25-тилетнего умирающего Перголези, обратившегося к духовной музыке, и монументальное полотно зрелого композитора, находящегося на пороге большой славы.</span></p> <p><span>Солисты – заслуженная артистка Республики Крым Анна Глушко (сопрано), заслуженная артистка Республики Крым Арзы Медждова (меццо-сопрано). </span></p>", "shortDescription": "Прозвучат знаменитые композиции Перголези и Прокофьева.", "min_price": 200, "max_price": 500, "link": "https://quicktickets.ru/simferopol-filarmoniya/s802", "status": "accepted", "updateDate": 1637917039862, "start": 1639234800000, "end": 1639922400000, "createDate": 1637672982454, "inAccepted": true, "acceptDate": 1637917043386, "image": {"author": "Неизвестен", "name": "6c547cbe337b9842d1380298881ccec0.jpeg", "realName": "фото (121).JPG", "source": "из архива Крымской государственной филармонии"}, "photo": "https://pro.culture.ru/uploads/6c547cbe337b9842d1380298881ccec0.jpeg", "gallery": ["https://pro.culture.ru/uploads/9d85cdd078ad6d9768e3f738df33d56d.jpeg", "https://pro.culture.ru/uploads/42c4af6af6c1b284c6e47083a1b26b6c.jpeg"], "category": {"name": "Концерты", "sysName": "koncerty"}, "time": {"start": "2021-12-11 15:00:00", "end": "2021-12-19 14:00:00"}}, {"id": 1477153, "name": "Концерт «Двенадцать месяцев»", "age": 6, "description": "<p><span>Приближается самый волшебный праздник года, когда в душе каждого, будь то взрослый или ребенок, зарождается светлая вера в чудо! Именно новогоднее чудо станет главным героем первого зимнего вечера Академического симфонического оркестра (дирижер – Яна Анненкова, ведущая – Мария Ладыка). </span></p> <p><span>Проводником в мир волшебства будет красивая и добрая пьеса-сказка Самуила Маршака. Историю об отважной девочке, злой мачехе, капризной принцессе и двенадцати братьях-месяцах Маршак написал в тяжелые годы Великой отечественной войны.</span></p> <p><span>Окунуться в атмосферу зимнего леса, побывать на новогоднем празднике в королевском дворце, совершить путешествие во времени и оказаться на залитой весенним солнцем поляне среди подснежников слушателям поможет музыка из всемирно известного цикла концертов Антонио Вивальди «Времена года». Звучание ярких, выразительных частей, призванных отобразить очарование каждого времени года, придаст новогодней сказке новых красок и радостного настроения!</span></p><p><span>Более подробная информация –<a href=\"https://krim-gf.ru/repertuar-2\" target=\"_blank\">на сайте</a>.</span></p>", "shortDescription": "Программа по мотивам сказки С. Маршака.", "min_price": 150, "max_price": 300, "link": "https://quicktickets.ru/simferopol-filarmoniya/s798", "status": "accepted", "updateDate": 1637914077383, "start": 1638698400000, "end": 1639913400000, "createDate": 1637670011255, "inAccepted": true, "acceptDate": 1637914080539, "image": {"author": "Михаил Патлис", "name": "6812fd133998c4916e534c1899f964e9.jpeg", "realName": "PM2_2863.jpg", "source": "Крымская государственная филармония"}, "photo": "https://pro.culture.ru/uploads/6812fd133998c4916e534c1899f964e9.jpeg", "gallery": ["https://pro.culture.ru/uploads/1de2415cde448838196d96be1fe7a7f6.jpeg", "https://pro.culture.ru/uploads/9184bc7248117df6edfc45e70c536220.jpeg", "https://pro.culture.ru/uploads/2ff6d4e3c16cb90dd4b6eed1ec93b13d.jpeg"], "category": {"name": "Концерты", "sysName": "koncerty"}, "time": {"start": "2021-12-05 10:00:00", "end": "2021-12-19 11:30:00"}}, {"id": 1355740, "name": "Концерт «К юбилею Сергея Прокофьева»", "age": 12, "description": "<p>Академический симфонический оркестр Крымской государственной филармонии представит новую программу.</p><p>Начав свой творческий путь в тревожное время становления советской власти, проведя годы за границей, С. Прокофьев остался верен своим идеалам, питаемым глубокой любовью к Родине. Творчество Прокофьева – образец новаторства. Его сочинения подкупают динамикой музыкального языка, ясностью и чистотой стиля, непосредственностью и любовью к жизни. Прокофьев был убежден, что высшая мудрость – в радостном и солнечном восприятии жизни. Именно это он твердой рукой мастера вписал в свою музыку.</p><p>В концерте прозвучат сюита из балета С. Прокофьева «Ромео и Джульетта», концерт для скрипки с оркестром немецкого композитора Макса Бруха, современника Сергея Прокофьева. Солист – Арам Бадалян (Германия).</p><p>Более подробная информация – <a href=\"https://krim-gf.ru/repertuar-2\" target=\"_blank\">на сайте</a>.</p>", "shortDescription": "В программе – музыка композитора.", "min_price": 200, "max_price": 500, "link": "https://quicktickets.ru/simferopol-filarmoniya/s748", "status": "accepted", "updateDate": 1633607194177, "start": 1634396400000, "end": 1635084000000, "createDate": 1632815360039, "inAccepted": true, "acceptDate": 1633607194224, "image": {"author": "Михаил Патлис", "name": "ec5e60c76dee56e4ac982d784189f60c.jpeg", "realName": "PM1_3394.JPG", "source": "из архива Крымской Государственной филармонии"}, "photo": "https://pro.culture.ru/uploads/ec5e60c76dee56e4ac982d784189f60c.jpeg", "gallery": ["https://pro.culture.ru/uploads/26e3c7a3b44ef7fe06e8cb54bcfeb611.jpeg", "https://pro.culture.ru/uploads/3fd92fc01b9dbc6a1eafa41c511f6518.jpeg", "https://pro.culture.ru/uploads/660ca6d735c269a5a30c777859bab4bb.jpeg"], "category": {"name": "Концерты", "sysName": "koncerty"}, "time": {"start": "2021-10-16 15:00:00", "end": "2021-10-24 14:00:00"}}, {"id": 1353108, "name": "Концерт «По страницам сказок Пушкина»", "age": 6, "description": "<p>Сказки Александра Сергеевича Пушкина подобны драгоценным жемчужинам в сокровищнице русской литературы. Они первыми открывают ребенку чарующий мир пушкинской поэзии. За их красочной волшебной оболочкой всегда скрывается глубокий смысл, дающий детям первые представления о вечных истинах: добре и зле, красоте, любви…</p><p>Окунуться в атмосферу пушкинской сказки приглашают музыканты академического симфонического оркестра (дирижер Яна Анненкова, ведущая Мария Ладыка). Слушателей ждет встреча с самыми яркими страницами опер великих русских композиторов М.И. Глинки и Н.А. Римского-Корсакова.</p><p>Взрослые и дети станут свидетелями того, как посредством красочного оркестрового звучания воплотятся на сцене герои «Сказки о царе Салтане», «Сказки о золотом петушке», поэмы «Руслан и Людмила». Зрители услышат «Марш Черномора», «Полет Шмеля», «Три Чуда». Узнают, как прекрасно поют Царевна Лебедь и Шемаханская царица, партию которых исполнит лауреат международных конкурсов Динара Хафизова.</p><p>Более подробная информация – <a href=\"https://krim-gf.ru/repertuar-2\" target=\"_blank\">на сайте</a>.</p>", "shortDescription": "Прозвучат оперы по сказкам А. С. Пушкина.", "min_price": 150, "max_price": 300, "link": "https://quicktickets.ru/simferopol-filarmoniya/s733", "status": "accepted", "updateDate": 1633607150407, "start": 1634385600000, "end": 1635075000000, "createDate": 1632727794487, "inAccepted": true, "acceptDate": 1633607150423, "image": {"author": "Светлана Иващук", "name": "c6dc02a37d83724db1d2ca492a222e56.jpeg", "realName": "IMG_1997.JPG", "source": "из архива Крымской Государственной филармонии"}, "photo": "https://pro.culture.ru/uploads/c6dc02a37d83724db1d2ca492a222e56.jpeg", "gallery": ["https://pro.culture.ru/uploads/f93a2de67ca9240b1e13f18984998564.jpeg", "https://pro.culture.ru/uploads/e8ec1c322a588c22a5ce514520db0b1a.jpeg"], "category": {"name": "Концерты", "sysName": "koncerty"}, "time": {"start": "2021-10-16 12:00:00", "end": "2021-10-24 11:30:00"}}, {"id": 1340627, "name": "Концерт «Бенефис Арзы Меджидовой»", "age": 6, "description": "<p>Обладательница редкого по силе и красоте голоса, снискавшая признание и успех в ведущих оперных театрах Европы, певица порадует слушателей шедеврами оперного искусства.</p><p>В сопровождении Академического симфонического оркестра под управлением заслуженного деятеля искусств Украины и Республики Крым А. Долинского в концерте прозвучат ария Далилы из оперы К. Сен-Санса «Самсон и Далила», сцена и рассказ Азучены из оперы Дж. Верди «Трубадур». Знаменитые дуэты из опер «Свадьба Фигаро» В. Моцарта, «Лакме» Л. Делиба, «Сказки Гофмана» Ж. Оффенбаха будут исполнены совместно с заслуженной артисткой Республики Крым Анной Глушко (колоратурное сопрано).</p><p>Ценители экспрессивных оттенков в музыке смогут насладиться колоритным исполнением произведений аргентинских композиторов А. Пьяццоллы и К. Гарделя.</p><p>Более подробная информация – <a href=\"https://krim-gf.ru/repertuar-2\" target=\"_blank\">на сайте</a>.</p>", "shortDescription": "Сольный концерт Арзы Меджидовой.", "min_price": 150, "max_price": 500, "link": "https://quicktickets.ru/simferopol-filarmoniya/s714", "needCheck": true, "status": "accepted", "updateDate": 1632991634017, "start": 1633269600000, "end": 1633795200000, "createDate": 1632208048238, "inAccepted": true, "acceptDate": 1632991634023, "image": {"author": "Михаил Патлис", "name": "7d2f3e96b59ced6736e498327476a416.jpeg", "realName": "PM1_3453 для сайта.JPG", "source": "из архива Крымской государственной филармонии"}, "photo": "https://pro.culture.ru/uploads/7d2f3e96b59ced6736e498327476a416.jpeg", "gallery": ["https://pro.culture.ru/uploads/c55655a301ef674c9b1915f8c31b5232.jpeg", "https://pro.culture.ru/uploads/359c0a340f8202b3de77cfd1a1daac74.jpeg", "https://pro.culture.ru/uploads/cebcea31a9e49a0827c888ecf96e564c.jpeg", "https://pro.culture.ru/uploads/a7ad8e4ee5709827c4587e73a179c326.jpeg"], "category": {"name": "Концерты", "sysName": "koncerty"}, "time": {"start": "2021-10-03 14:00:00", "end": "2021-10-09 16:00:00"}}]}