{"12750": [{"id": 1493967, "name": "Спектакль «Я была в доме и ждала»", "age": 16, "description": "<p>Пять женщин в одном доме находятся в ожидании брата, сына, дождя и того момента, когда жизнь повернется вспять и обретет утраченные смыслы. Три поколения одиночества, неприкаянности и надежд. Женщины делятся друг с другом самыми тайными воспоминаниями и самыми искренними переживаниями. </p><p>Вера в возвращение брата у сестер, созданных «французским Чеховым» Жан-Люком Лагарсом, оборачивается отчаянным ожиданием любви и начала подлинной жизни. </p><p>Премьера спектакля Анатолия Шульева состоялась 25 марта 2016 года. <br /></p>", "shortDescription": "Об ожидании любви.", "min_price": 1000, "max_price": 2000, "link": "https://www.mayakovsky.ru/ticket/?ticket=%26lt%3Bscript%26gt%3Bvar+TLConf+%3D+%7BaccessHash%3A%27s6XPIiBbcD%27%2Cstart%3A%27%2Fteatry%2Fteatr-im-vl-mayakovskogo%2Fya-byla-v-dome-i-zhdala%2F20220119_1900-1858214%2F%27%2CcontainerId%3A%27tlFrameContainer%27%2CbaseDomain%3A%27https%3A%2F%2Fwww.ticketland.ru%27%7D%3Bvar+script+%3D+document.createElement%28%27script%27%29%3Bscript.type+%3D+%27text%2Fjavascript%27%3Bscript.src+%3D+TLConf.baseDomain%2B%27%2Fsite%2FgetLiteFrameJS%2F%27%3Bdocument.body.appendChild%28script%29%3B%26lt%3B%2Fscript%26gt%3B", "needCheck": true, "status": "accepted", "updateDate": 1639995395469, "start": 1642608000000, "end": 1644770400000, "createDate": 1638286077837, "inAccepted": true, "acceptDate": 1639386995758, "image": {"author": "Театр Маяковского", "name": "782851e630516fb8993eda98e42a90bf.jpeg", "realName": "e9277cc58d1e642e45403c0cb5eeef7a.jpg", "source": "Театр Маяковского"}, "photo": "https://pro.culture.ru/uploads/782851e630516fb8993eda98e42a90bf.jpeg", "gallery": ["https://pro.culture.ru/uploads/478fb02c3b32fde6143de0e0133a7db7.jpeg"], "category": {"name": "Спектакли", "sysName": "spektakli"}, "time": {"start": "2022-01-19 16:00:00", "end": "2022-02-13 16:40:00"}}, {"id": 1444534, "name": "Спектакль «Обыкновенная история»", "age": 16, "description": "<p>Вчерашние выпускники Мастерской Миндаугаса Карбаускиса (ГИТИС) рассказывают историю взросления, первых разочарований и смены убеждений. Молодого Александра Адуева, приехавшего в Петербург к своему дяде Петру Ивановичу Адуеву, играют сразу пять артистов. Каждому из них досталась своя краска в эволюции героя – от восторженного и искреннего провинциального юноши до равнодушного и беспринципного карьериста. </p><p></p><p>Режиссер постановки, не переписывая текст классика, деликатно переносит действие романа в сегодняшние дни. Тем более история провинциального романтика, готового сначала свернуть горы, отстаивая свою точку зрения, а затем научившегося жить по принятым в обществе законам, оказывается сильно актуальна и по сей день.</p> <p></p>", "shortDescription": "Постановка про внутренние и внешние изменения, знакомые каждому взрослому.", "min_price": 1200, "max_price": 2500, "link": "https://www.mayakovsky.ru/performance/obyknovennaya-istoriya/", "needCheck": true, "status": "accepted", "updateDate": 1640642102438, "start": 1637251200000, "end": 1645815600000, "createDate": 1636554895156, "inAccepted": true, "acceptDate": 1638282944543, "image": {"author": "Театр Маяковского", "name": "355fcd682caa5817d964dbbb7f30c20d.jpeg", "realName": "e76ee9ba9c3d4b0c1b56ffb25a77bd94.jpg", "source": "Театр Маяковского"}, "photo": "https://pro.culture.ru/uploads/355fcd682caa5817d964dbbb7f30c20d.jpeg", "gallery": ["https://pro.culture.ru/uploads/5e03ddda4e7d6e9f00f26c5ee541fd5c.jpeg", "https://pro.culture.ru/uploads/2cdf0d0c52c4958369784ebcae46908a.jpeg", "https://pro.culture.ru/uploads/847d69991413acb6adccd9dea543ec98.jpeg"], "category": {"name": "Спектакли", "sysName": "spektakli"}, "time": {"start": "2021-11-18 16:00:00", "end": "2022-02-25 19:00:00"}}, {"id": 1444516, "name": "Спектакль «Москва. Дословно»", "age": 18, "description": "<p>Череду премьер 96-го сезона театра открывает работа выпускников мастерской Миндаугаса Карбаускиса (Российский институт театрального искусства). Спектакль, который увидят зрители, вырос из экзамена первого курса. </p><p></p><p> В основе постановки – вербатимы и наблюдения за современными москвичами, а именно наблюдения, сделанные на столичных улицах, и разговоры, подслушанные в самых разных уголках города, от «Стрелки» и Artplay до пабов и рынков. Персонажи подберутся на все вкусы: профессора и бродяги, музыканты и художники, иностранцы и коренные жители. И каждому есть что сказать по поводу московской жизни и не только.</p><p></p> <p>Режиссер спектакля Никита Кобелев далеко не первый раз обращается к документальной постановке: вместе с Сашей Денисовой несколько лет руководил студией-off – первой студией документального театра при репертуарном. Результатом этой работы стали несколько спектаклей, в том числе и «Девятьподесять» об истории театра (2012) и «Декалог на Сретенке» (2014) о нарушении заповедей в современной Москве.</p>", "shortDescription": "Документальные истории жителей города.", "min_price": 1200, "max_price": 2000, "link": "https://www.mayakovsky.ru/performance/moskva-doslovno/", "needCheck": true, "status": "accepted", "updateDate": 1640642079555, "start": 1640188800000, "end": 1645980000000, "createDate": 1636554420288, "inAccepted": true, "acceptDate": 1638285291397, "image": {"author": "Театр Маяковского", "name": "7f21937647fdf57aacb8d5825dd24dfc.jpeg", "realName": "94df706eb6c3ce7b8c501a75fc7faa2b.jpg", "source": "Театр Маяковского"}, "photo": "https://pro.culture.ru/uploads/7f21937647fdf57aacb8d5825dd24dfc.jpeg", "gallery": ["https://pro.culture.ru/uploads/95c71432275a815669bd317831fb534b.jpeg", "https://pro.culture.ru/uploads/b23adb5bd827a7055a71d46371c9d36e.jpeg"], "category": {"name": "Спектакли", "sysName": "spektakli"}, "time": {"start": "2021-12-22 16:00:00", "end": "2022-02-27 16:40:00"}}, {"id": 1444496, "name": "Спектакль «Маяковский идет за сахаром»", "age": 16, "description": "<p> Участники постановки стремятся по-новому из сегодняшнего дня посмотреть на художественный мир и личность Владимира Маяковского. Это попытка живьем, без почтительной дистанции, но с невероятным вниманием разобраться в том, как существовал художник в атмосфере 1910–1920 годов. </p><p>Как тот, кого все считают классиком, жил, любил, набирал поэтическую мощь, как его биография пересекалась с биографией других культурных героев эпохи – Чуковского, Хлебникова, Шкловского, Булгакова, Пастернака, – как они сами в одночасье становились творцами мира и истории. </p>", "shortDescription": "Новый взгляд на личность Владимира Маяковского.", "min_price": 1300, "max_price": 2500, "link": "https://www.mayakovsky.ru/performance/mayakovskiy-idet-za-sakharom/", "needCheck": true, "status": "accepted", "updateDate": 1640641965608, "start": 1639926000000, "end": 1644685800000, "createDate": 1636554046476, "inAccepted": true, "acceptDate": 1638283727240, "image": {"author": "Театр Маяковского", "name": "2e56d513623ed66cd9f235fda1491761.jpeg", "realName": "17a8d09b9e393f356a8ab2f5e4ef9910.jpg", "source": "Театр Маяковского"}, "photo": "https://pro.culture.ru/uploads/2e56d513623ed66cd9f235fda1491761.jpeg", "gallery": ["https://pro.culture.ru/uploads/dd2fb3c326d93b282bd1c47bda9c9e74.jpeg", "https://pro.culture.ru/uploads/3cd020e81a3911b44b9fe6e6a37066b6.jpeg", "https://pro.culture.ru/uploads/ff0295166a0dc4fb0ab80c683723d4c7.jpeg"], "category": {"name": "Спектакли", "sysName": "spektakli"}, "time": {"start": "2021-12-19 15:00:00", "end": "2022-02-12 17:10:00"}}, {"id": 1444364, "name": "Спектакль «Любовь людей»", "age": 18, "description": "<p> Жители одной деревни попадают в настоящий круговорот страстей, отчаянно желая жить «нормально». Жена убивает пьющего и избивающего ее мужа, скрывает преступление, выходит замуж за хорошего парня, еще со школы ее любящего, но дух умершего не дает ей покоя. Можно ли забыть о прошлом и спокойно жить дальше? Можно ли построить счастье на несчастье другого? Эмоции захлестывают героев: нежность сменяется агрессией, любовь – ненавистью. Жесткое и бескомпромиссное повествование о русской жизни, не знающей полутонов, в спектакле принимает масштаб подлинной трагедии.<br /></p><p>В 2013 году спектакль стал лауреатом театральной премии «Московский комсомолец». А актеры Алексей Фатеев и Юлия Силаева, сыгравшие в этом спектакле, также получили премию за лучшую мужскую и женскую роли.<br /></p><p>Пьеса «Любовь людей» в 2011 г. вошла в шорт-лист конкурса «Евразия», стала событием фестиваля молодой драматургии «Любимовка», победила в интернет-голосовании «Конкурса конкурсов» национальной театральной премии и фестиваля «Золотая маска» и конкурсе «Действующие лица – 2012». В России эта пьеса впервые поставлена именно в Театре Маяковского. </p>", "shortDescription": "Картины из жизни людей в преддверии зимы и ожидании лета.", "min_price": 1400, "max_price": 2400, "link": "https://www.mayakovsky.ru/ticket/?ticket=%26lt%3Bscript%26gt%3Bvar+TLConf+%3D+%7BaccessHash%3A%27s6XPIiBbcD%27%2Cstart%3A%27%2Fteatry%2Fteatr-im-vl-mayakovskogo%2Flubov-ludei%2F20211224_1900-1858214%2F%27%2CcontainerId%3A%27tlFrameContainer%27%2CbaseDomain%3A%27https%3A%2F%2Fwww.ticketland.ru%27%7D%3Bvar+script+%3D+document.createElement%28%27script%27%29%3Bscript.type+%3D+%27text%2Fjavascript%27%3Bscript.src+%3D+TLConf.baseDomain%2B%27%2Fsite%2FgetLiteFrameJS%2F%27%3Bdocument.body.appendChild%28script%29%3B%26lt%3B%2Fscript%26gt%3B", "needCheck": true, "status": "accepted", "updateDate": 1640642055506, "start": 1640361600000, "end": 1645038000000, "createDate": 1636551575221, "inAccepted": true, "acceptDate": 1638283499300, "image": {"author": "Театр Маяковского", "name": "a0d86a41085a659cfa15d4afa481fc4d.jpeg", "realName": "60e35d4acc9a6c1b3febd4b48463ac12.jpg", "source": "Театр Маяковского"}, "photo": "https://pro.culture.ru/uploads/a0d86a41085a659cfa15d4afa481fc4d.jpeg", "gallery": [], "category": {"name": "Спектакли", "sysName": "spektakli"}, "time": {"start": "2021-12-24 16:00:00", "end": "2022-02-16 19:00:00"}}, {"id": 1444325, "name": "Спектакль «Блажь»", "age": 18, "description": "<p>Считается, что каждому в жизни выпадает счастье найти свою любовь. Кто-то встречает ее в юности, кто-то в более зрелом возрасте. Как признается главная героиня комедии А. Островского и П. Невежина помещица-вдова Серафима Сарытова (заслуженная артистка России Т. Аугшкап), молодость ее «прошла без радостей, она не растратила своего чувства», но все изменила одна встреча. И теперь виновник этих изменений – Степан Баркалов (В. Макаров) – служит управляющим, а скорее властвует в имении влюбленной в него помещицы.</p><p>Комедия о том, как чувства и страх потерять свое только что обретенное счастье часто преобладают над здравым смыслом.</p><p>За всеми перипетиями лихо закрученного сюжета зрители смогут наблюдать, сидя по периметру камерного пространства Малой сцены «Маяковки».</p>", "shortDescription": "Комедия А. Островского с Т. Аугшкап в главной роли.", "min_price": 1500, "max_price": 2500, "link": "https://www.mayakovsky.ru/performance/blazh/", "needCheck": true, "status": "accepted", "updateDate": 1640641967902, "start": 1637337600000, "end": 1643999400000, "createDate": 1636551128863, "inAccepted": true, "acceptDate": 1638281754477, "image": {"author": "Театр Маяковского", "name": "b23e489007f7c241d0af87dff1eba7fd.jpeg", "realName": "ab8a5514692832b1158618afb555bc6f.jpg", "source": "Театр Маяковского"}, "photo": "https://pro.culture.ru/uploads/b23e489007f7c241d0af87dff1eba7fd.jpeg", "gallery": ["https://pro.culture.ru/uploads/2306f8414da3d5b63d68a8b55185b9b0.jpeg", "https://pro.culture.ru/uploads/355c845a6804d8d0a057c671818085fb.jpeg"], "category": {"name": "Спектакли", "sysName": "spektakli"}, "time": {"start": "2021-11-19 16:00:00", "end": "2022-02-04 18:30:00"}}, {"id": 1444207, "name": "Спектакль «Школа жен»", "age": 16, "description": "<p>Для постановки комедии Жан-Батиста Мольера «Школа жен» театр взял перевод Дмитрия Быкова – талантливейшего поэта и публициста современности. Созданный Д. Быковым текст не только делает доступной поэтическую лексику XVII века, но и в своем блистательном слоге раскрывает всю глубину психологии мольеровских персонажей.</p><p>Богатый господин Арнольф, проживший бурную молодость, решает жениться. Чтобы не стать рогоносцем, он «выращивает» себе будущую жену из бедной девочки в монастыре, полагаясь на ее чистоту, наивность и бесхитростность. Поселив юную Агнесу в доме напротив под присмотром слуг, он вдруг обнаруживает, что какой-то юный щеголь в его отсутствие общается с девушкой, целует ей руки и говорит разные слова.</p><p>Вот тут и завязывается клубок настоящих страстей, хитростей сюжетных ходов и печальных предопределенностей судьбы.</p>", "shortDescription": "Блистательная комедия о власти любви.", "min_price": 1500, "max_price": 12000, "link": "https://www.mayakovsky.ru/performance/shkola-zhen/", "needCheck": true, "status": "accepted", "updateDate": 1640642101134, "start": 1637942400000, "end": 1645637400000, "createDate": 1636549667058, "inAccepted": true, "acceptDate": 1638283079305, "image": {"author": "Театр Маяковского", "name": "2752474e5ed043aefc98ff6256959a74.jpeg", "realName": "ce9c2d3cc955b83787f45bfe5b5bbf70.jpeg", "source": "Театр Маяковского"}, "photo": "https://pro.culture.ru/uploads/2752474e5ed043aefc98ff6256959a74.jpeg", "gallery": ["https://pro.culture.ru/uploads/47e1076311d5ede96c3152e4143c31b7.jpeg", "https://pro.culture.ru/uploads/632d8865081b100a9bf59ab417604986.jpeg"], "category": {"name": "Спектакли", "sysName": "spektakli"}, "time": {"start": "2021-11-26 16:00:00", "end": "2022-02-23 17:30:00"}}, {"id": 1444164, "name": "Спектакль «Русский роман»", "age": 16, "description": "<p> Спектакль Миндаугаса Карбаускиса – тонкое, метафизическое соединение биографии и творчества Льва Николаевича Толстого. Вместе с Марюсом Ивашкявичюсом, автором пьесы, режиссер сплетает несколько времен и действительностей: произведения и события личной жизни Толстого, в центре которых оказывается его жена Софья Андреевна. Их любовь, измученная гениальностью писателя, становится отражением чувств его героев. Вместе с сыновьями и дочерьми Софья Андреевна пытается отвоевать у Облонских и Карениных место в судьбе мужа и разобраться, чья история первична: его литературных возлюбленных или же ее собственная. </p><p> Марюс Ивашкявичюс, драматург: «Русский роман» – это своеобразная семейная сага, вариация на тему романа «Анна Каренина», в которой Лев Николаевич Толстой выступает не только как автор своего шедевра, но и как автор своей же семейной драмы. Бывают романы, построенные на жизни автора. Но бывают и такие, которые в будущем строят жизнь автора. Либо ее ломают. И тогда в этом слиянии реального и художественного автор становится самой трагичной фигурой своих творений». <br /></p>", "shortDescription": "Самая титулованная постановка театра.", "min_price": 1200, "max_price": 7000, "link": "https://www.mayakovsky.ru/performance/russkiy-roman/", "needCheck": true, "status": "accepted", "updateDate": 1640641962996, "start": 1639839600000, "end": 1643481000000, "createDate": 1636549175093, "inAccepted": true, "acceptDate": 1637654259791, "image": {"author": "Театр Маяковского", "name": "f18e47d177b9aac1bb470188bb760c61.jpeg", "realName": "73708b33232aa3afbf6312e21195e54d.jpg", "source": "Театр Маяковского"}, "photo": "https://pro.culture.ru/uploads/f18e47d177b9aac1bb470188bb760c61.jpeg", "gallery": ["https://pro.culture.ru/uploads/b487c9da579b7b2f53a38fd18d52ae71.jpeg", "https://pro.culture.ru/uploads/5116401d853daad838a0a1f8d124403c.jpeg"], "category": {"name": "Спектакли", "sysName": "spektakli"}, "time": {"start": "2021-12-18 15:00:00", "end": "2022-01-29 18:30:00"}}, {"id": 1444097, "name": "Спектакль «Развод по-мужски»", "age": 16, "description": "<p>Зрителей ждет спектакль по пьесе известного американского драматурга Нила Саймона («Странная пара»). В 2007 году он с большим успехом шла на Бродвее, где главные роли исполняли известные американские актеры Мэтью Бродерик и Натаниэл Лейн.<br /></p><p>Спектакль рассказывает об отношениях людей, которые любят друг друга, но им почему-то очень трудно жить вместе. И неважно, где именно – в Нью-Йорке или в Москве, в Бостоне или в Санкт-Петербурге, – проблемы те же.<br /></p><p>Действие начинается вечером в пятницу, когда в восьмикомнатной квартире Оскара собирается компания, чтобы поиграть в покер. Но один из игроков, Феликс, опаздывает, и, как узнает зритель, происходит это оттого, что жена выгнала его из дома. Вскоре Оскар предлагает своему другу переехать к нему в квартиру, так как он тоже остался без жены, которая ушла от него, забрав двоих детей.<br /></p><p>И несмотря на то, что дружат Оскар и Феликс уже много лет, более неподходящих соседей трудно отыскать. Оскар – этакий агрессивный «мачо», Феликс – трогательный в своих переживаниях, и хотя он и «на грани» и даже задумывается о самоубийстве, вызывает не только сочувствие, но зачастую и улыбку.</p><p>Наряду с комическим часто возникает и грустный мотив, недаром Феликс говорит, что самое страшное при разводе, – «это то, что происходит с детьми».</p>", "shortDescription": "Комедия о мужчинах и любви.", "min_price": 1200, "max_price": 6000, "link": "https://www.mayakovsky.ru/performance/razvod-po-muzhski/", "needCheck": true, "status": "accepted", "updateDate": 1640641962668, "start": 1637856000000, "end": 1644258600000, "createDate": 1636548404832, "inAccepted": true, "acceptDate": 1637654263723, "image": {"author": "Театр Маяковского", "name": "dcfc0918bdf99399101526ee8d2c83bc.jpeg", "realName": "32da840e987ef8fb9aadadf2075f5dda.jpg", "source": "Театр Маяковского"}, "photo": "https://pro.culture.ru/uploads/dcfc0918bdf99399101526ee8d2c83bc.jpeg", "gallery": [], "category": {"name": "Спектакли", "sysName": "spektakli"}, "time": {"start": "2021-11-25 16:00:00", "end": "2022-02-07 18:30:00"}}, {"id": 1444048, "name": "Спектакль «Плоды просвещения»", "age": 12, "description": "<p>В утренней суматохе богатого московского дома снуют слуги, беспрерывно звонят в дверь посетители: артельщик от Бурдье с платьем для молодой барыни, интересующийся всем на свете господин Сахатов, непутевый буфетчик, элегантный доктор. Не торопясь, к завтраку спускаются и хозяева дома, чтобы в очередной раз погрузиться в разговоры о медиумах, спиритизме и сеансах. Череду визитов продолжают нежданные гости – мужики из Курской деревни, хлопочущие о покупке земли. Как это ни парадоксально, но главный вопрос их жизни решит находчивая служанка.</p><p>Первая ремарка у Толстого – «молодой и красивый лакей глядится в зеркало и прихорашивается». Ее-то и взяли за основу художник Сергей Бархин и режиссер Миндаугас Карбаускис, воплотив в декорациях само театральное понятие «зеркало сцены». Именно зеркало стало своеобразным паспартом к спектаклю: вот неловкий буфетчик репетирует роковой взгляд, старательно причесывает лысину господин Сахатов, лакей Григорий, красуясь, вспоминает любовные победы, хозяйка дома, проходя мимо, поправляет прическу, а служанка Таня усердно все начищает до блеска тряпкой.<br /></p><p>Спектакль – один из самых «густонаселенных»: в постановке задействованы все поколения труппы театра. </p>", "shortDescription": "Спиритический сеанс со звездами театра.", "min_price": 1200, "max_price": 6000, "link": "https://www.mayakovsky.ru/performance/plody-prosveshcheniya/", "needCheck": true, "status": "accepted", "updateDate": 1640642038163, "start": 1637506800000, "end": 1645297200000, "createDate": 1636547873563, "inAccepted": true, "acceptDate": 1638283611688, "image": {"author": "Театр Маяковского", "name": "b255df83f2c8cdf63f05e2fa5c8ad922.jpeg", "realName": "be5d737ef1d32816af401c3ba90c0854.jpg", "source": "Театр Маяковского"}, "photo": "https://pro.culture.ru/uploads/b255df83f2c8cdf63f05e2fa5c8ad922.jpeg", "gallery": ["https://pro.culture.ru/uploads/cf848911643ab72b75d4f37e129e0f84.jpeg", "https://pro.culture.ru/uploads/e13a57bf3bfbdfa09ce0c7368401967c.jpeg"], "category": {"name": "Спектакли", "sysName": "spektakli"}, "time": {"start": "2021-11-21 15:00:00", "end": "2022-02-19 19:00:00"}}, {"id": 1443994, "name": "Спектакль «Московский хор»", "age": 16, "description": "<p> Людмила Петрушевская – это, без сомнения, ключевая фигура современной российской словесности, а «Московский хор» – одна из самых масштабных пьес автора. В центре внимания – три поколения одной некогда большой, дружной и счастливой семьи. Множество судеб, которые сливаются в многоголосие, в хор людей, которые слишком много пережили и теперь стараются начать жить заново. </p><p>Режиссер Никита Кобелев вместе с художником Моникой Пормале (Латвия) выстраивают особенное пространство, разместив зрителей на сцене, а действие спектакля переместив в исторический зал театра, стены и кресла которого хранят память этого места и тех людей, которые сюда приходили. </p>", "shortDescription": "История одной московской семьи.", "min_price": 800, "max_price": 3400, "link": "https://www.mayakovsky.ru/performance/moskovskiy-khor/", "needCheck": true, "status": "accepted", "updateDate": 1640641982521, "start": 1640016000000, "end": 1644519600000, "createDate": 1636547321931, "inAccepted": true, "acceptDate": 1638285219281, "image": {"author": "Театр Маяковского", "name": "60135c7254522917a264435906336646.jpeg", "realName": "d3837b92a6d84a208625e078863f01b9.jpeg", "source": "Театр Маяковского"}, "photo": "https://pro.culture.ru/uploads/60135c7254522917a264435906336646.jpeg", "gallery": ["https://pro.culture.ru/uploads/9af656ce89e6e7a3f9c58b8dede78439.jpeg"], "category": {"name": "Спектакли", "sysName": "spektakli"}, "time": {"start": "2021-12-20 16:00:00", "end": "2022-02-10 19:00:00"}}, {"id": 1443908, "name": "Спектакль «Мама-кот»", "age": 6, "description": "<p>Может ли кот высидеть яйцо? А научить птенца летать? Конечно же, нет! Но чего не сделаешь, если дал кому-то обещание.</p><p>Однажды прекрасным утром кот Зорбас сидел на балконе, любовался морским пейзажем и мечтал о том, как будет жить в свое удовольствие. И тут на его голову в буквальном смысле свалилась чайка. Силы чайки были на исходе, и она взяла обещание с кота, что тот позаботится о ее будущем птенце. </p><p>Так в жизни кота неожиданно появляется трогательное существо, которое переворачивает их жизнь. В этой истории много забавных и трогательных моментов. Коты учат летать чайку, хотя сами летать не могут, а герои принимают важные жизненные решения на основе философских истин, понять которые могут только дети.</p><p></p><p>Премьера состоялась 14 сентября 2013 г.</p>", "shortDescription": "Музыкальная постановка для всей семьи.", "min_price": 800, "max_price": 2600, "link": "https://www.mayakovsky.ru/performance/mama-kot/", "needCheck": true, "status": "accepted", "updateDate": 1640642095012, "start": 1638608400000, "end": 1645959600000, "createDate": 1636546460771, "inAccepted": true, "acceptDate": 1638282627912, "image": {"author": "Театр Маяковского", "name": "8c76f0aaf3a6f9e6b593b5ea4c95ebc3.jpeg", "realName": "1469353f49244127c3ab16fa0aa61269.jpg", "source": "Театр Маяковского"}, "photo": "https://pro.culture.ru/uploads/8c76f0aaf3a6f9e6b593b5ea4c95ebc3.jpeg", "gallery": ["https://pro.culture.ru/uploads/6b51912da6624c605f0a48552d6f6e90.jpeg", "https://pro.culture.ru/uploads/8c283335c6b968c986ab0110d58dcd1b.jpeg", "https://pro.culture.ru/uploads/27c188edd03ac998e0cee19b30cdab9e.jpeg"], "category": {"name": "Спектакли", "sysName": "spektakli"}, "time": {"start": "2021-12-04 09:00:00", "end": "2022-02-27 11:00:00"}}, {"id": 1443702, "name": "Спектакль «Кант»", "age": 16, "description": "<p> Рассуждения уводят компанию философа, зрителя, а также режиссера в серьезные дали. Что же такое «человек»? Об этом – в спектакле Миндаугаса Карбаускиса на фоне пространства Сергея Бархина, алого шестигранника, символа эзотериков, театра времен Шекспира и условной модели мира. </p><p>Действие совершается приблизительно в ноябре 1784 года в Кенигсберге (Восточная Пруссия), Принцессинштрассе 3, в доме, принадлежащем Иммануилу Канту.</p><p>Происходит обед философа. Точнее, спектакль-обед. О чем пойдет речь? В Кенигсберге безоблачное небо, все хорошо. Точнее, плохо: с природой что-то не то, не улетают птицы и не опадают яблоки. У Канта традиционный обед с гостями: как известно, он выработал некие правила обеда и застольной беседы – шутка способствует пищеварению, застольная беседа – великое искусство, не надо перескакивать в диалоге с одного предмета на другой, разговор должен быть ровным, без страстей и так далее. В этом искусстве компании нет равных.<br /> </p>", "shortDescription": "О критике чистого разума.", "min_price": 3000, "max_price": 6000, "link": "https://www.mayakovsky.ru/ticket/?ticket=%26lt%3Bscript%26gt%3Bvar+TLConf+%3D+%7BaccessHash%3A%27s6XPIiBbcD%27%2Cstart%3A%27%2Fteatry%2Fteatr-im-vl-mayakovskogo%2Fkant%2F20211215_1900-4168187%2F%27%2CcontainerId%3A%27tlFrameContainer%27%2CbaseDomain%3A%27https%3A%2F%2Fwww.ticketland.ru%27%7D%3Bvar+script+%3D+document.createElement%28%27script%27%29%3Bscript.type+%3D+%27text%2Fjavascript%27%3Bscript.src+%3D+TLConf.baseDomain%2B%27%2Fsite%2FgetLiteFrameJS%2F%27%3Bdocument.body.appendChild%28script%29%3B%26lt%3B%2Fscript%26gt%3B", "needCheck": true, "status": "accepted", "updateDate": 1640642106143, "start": 1639584000000, "end": 1644865800000, "createDate": 1636544471155, "inAccepted": true, "acceptDate": 1638283468402, "image": {"author": "Театр Маяковского", "name": "d8331d6eb8ae50149671198ed7d0aed5.jpeg", "realName": "d01a8b9e7b3a5a14600161175a04f338.jpg", "source": "Театр Маяковского"}, "photo": "https://pro.culture.ru/uploads/d8331d6eb8ae50149671198ed7d0aed5.jpeg", "gallery": ["https://pro.culture.ru/uploads/c3c6eae45b54cac29da6c2834f9967ad.jpeg", "https://pro.culture.ru/uploads/8b959f641e1a1aff81d9c5a994d26bdb.jpeg"], "category": {"name": "Спектакли", "sysName": "spektakli"}, "time": {"start": "2021-12-15 16:00:00", "end": "2022-02-14 19:10:00"}}, {"id": 1443662, "name": "Спектакль «Бешеные деньги»", "age": 16, "description": "<p> В репертуаре Театра Маяковского появился еще один спектакль по драматургии Александра Островского. На этот раз комедия «Бешеные деньги». Премьера была приурочена к юбилею народной артистки РСФСР Светланы Немоляевой.</p><p>Об актуальности пьесы говорить не приходится – деньги, как и жажда красивой жизни, всегда были одним из самых главных мотиваторов. Большая часть героев спектакля – представители разорившегося московского дворянства: они еще ездят в экипажах, пьют шампанское, держат слуг, но все это в долг. Тогда как зарождающиеся буржуа, наоборот, думают о том, «как бы из бюджета не выйти». Все они живут в то время, когда происходят внезапные разорения и возвышения, рождаются неожиданные источники доходов, когда торгуют всем, даже красотой.</p><p>Героиня Лидия молода и амбициозна, ею восхищается вся московская элита: от гимназистов до представителей правительства. Она привыкла жить на широкую ногу и находится в поиске того единственного, кто «и в горе и в радости» обеспечил бы ее безбедное существование. Услышав о сказочном богатстве одного провинциального предпринимателя, красавица делает свой выбор, однако немного ошибается в расчетах…</p><p>В спектакле Театра Маяковского нет дидактики и каких бы то ни было нравоучений – здесь пытаются показать на сцене живых людей и пробуют разобраться в их человеческой сущности. </p>", "shortDescription": "Комедия одержимости.", "min_price": 1200, "max_price": 7000, "link": "https://www.mayakovsky.ru/performance/beshenye-dengi/", "needCheck": true, "status": "accepted", "updateDate": 1640642105195, "start": 1636992000000, "end": 1638728400000, "createDate": 1636543931266, "inAccepted": true, "acceptDate": 1637654296798, "image": {"author": "Театр Маяковского", "name": "256fc70e8641446c86740fab134d88b4.jpeg", "realName": "4f29807ee210e1dbad8bb4c551c64b85.jpg", "source": "Театр Маяковского"}, "photo": "https://pro.culture.ru/uploads/256fc70e8641446c86740fab134d88b4.jpeg", "gallery": ["https://pro.culture.ru/uploads/82d40a78648724c319bfe926b317d2e7.jpeg", "https://pro.culture.ru/uploads/c90132a74def31efbf420150f551d72a.jpeg", "https://pro.culture.ru/uploads/c937cf7ae4c56e743fada7b5a9f94148.jpeg"], "category": {"name": "Спектакли", "sysName": "spektakli"}, "time": {"start": "2021-11-15 16:00:00", "end": "2021-12-05 18:20:00"}}, {"id": 1443615, "name": "Спектакль «Бердичев»", "age": 16, "description": "<p>Мировая премьера в театре.</p><p>Автор пьесы – драматург, прозаик, сценарист Фридрих Горенштейн. В России известен прежде всего своими работами в кино. Он автор сценариев к фильмам «Солярис» Андрея Тарковского, «Раба любви» Никиты Михалкова и других.</p><p>Зрителей ждет сага о послевоенной жизни, охватывающей тридцать лет – с 1945 по 1975 год. В центре повествования – судьба двух сестер, Рахили и Злоты, и их семьи. </p><p>Здесь шьют платья на заказ, а также скандалят, проклинают так, что от этого можно лежать в земле разрезанными на кусочки. Здесь варят варенье и хороший суп «с мукой и говяжьим жиром», а Брофенмахер из горкомхоза хочет носить через квартиру героинь свои помои. Но у него это не получится: у Рахили – характер. Она невозмутимо гладит белье и также невозмутимо кричит «Пожар!». С двумя женщинами проживает злобный подросток Виля (свой характер Горенштейн выписал беспощадно), который тоже постоянно их проклинает. Плача и смеясь, герои говорят: «Ой вей з мир! Я имею отрезанные годы!».</p>", "shortDescription": "Драма в шести эпизодах, 30 годах и 68 скандалах.", "min_price": 1200, "max_price": 6000, "link": "https://www.mayakovsky.ru/performance/berdichev/", "needCheck": true, "status": "accepted", "updateDate": 1640642042899, "start": 1639065600000, "end": 1645471800000, "createDate": 1636543481013, "inAccepted": true, "acceptDate": 1638285377747, "image": {"author": "Театр Маяковского", "name": "4f1f76c6562189e94b82d4eb7bbf4614.jpeg", "realName": "a9a084930e0cfe4c7369343b49a9eca3.jpg", "source": "Театр Маяковского"}, "photo": "https://pro.culture.ru/uploads/4f1f76c6562189e94b82d4eb7bbf4614.jpeg", "gallery": ["https://pro.culture.ru/uploads/dbd226827eafd6d990781e6b4c4153a6.jpeg"], "category": {"name": "Спектакли", "sysName": "spektakli"}, "time": {"start": "2021-12-09 16:00:00", "end": "2022-02-21 19:30:00"}}, {"id": 1443580, "name": "Спектакль «Август: графство Осейдж»", "age": 18, "description": "<p>В Театре им. Вл. Маяковского состоялась первая постановка пьесы Трейси Леттса в Москве.</p><p>В городе Талса, штат Оклахома, в отчий дом съезжаются члены большой семьи Уэстонов. Пропал отец, и три дочери – Барбара, Карен и Иви, их мать Виолетта, тетя Метти Фей, а также их мужья, дети и ухажеры собираются под одной крышей, пьют виски и выясняют отношения, обвиняя друг друга в предательствах, подавленных чувствах и изломанных судьбах. У каждого есть свой скелет в шкафу, все тайное, что обычно скрывается за фасадом благополучного дома, становится явным.</p><p>Художник Гинтс Габранс сооружает на сцене геометрическую конструкцию – типичный современный дом со стандартным дизайном. С помощью технологии мэппинга на белых стенах декорации возникает образ дома Уэстонов – 3D-модель, сделанная по размеру настоящего дома. Это реальный дом – гостиная, кухня, ванная, кабинет, мансарда. Выдвигающиеся панели декорации по ходу спектакля дают новые срезы: параллельно с драматическими столкновениями на сцене двигается, меняет цвета и ракурсы цифровой образ дома. Дом открывает свои тайны – как рентгеном просвечивается скелет семейной истории.</p><p>В постановке Гиртса Эциса семейная история выглядит то кинематографической реальностью в цветной 3D-проекции, то вдруг становится стилизованно театральной на фоне аскетично белых панелей дома. <br /></p><p>Премьера состоялась 29 января 2013 года.</p>", "shortDescription": "Семейная история в 3D от лауреата Пулитцеровской премии.", "min_price": 1200, "max_price": 6000, "link": "https://www.mayakovsky.ru/ticket/?ticket=%26lt%3Bscript%26gt%3Bvar+TLConf+%3D+%7BaccessHash%3A%27s6XPIiBbcD%27%2Cstart%3A%27%2Fteatry%2Fteatr-im-vl-mayakovskogo%2Favgust-grafstvo-oseydzh%2F20211120_1800-4168189%2F%27%2CcontainerId%3A%27tlFrameContainer%27%2CbaseDomain%3A%27https%3A%2F%2Fwww.ticketland.ru%27%7D%3Bvar+script+%3D+document.createElement%28%27script%27%29%3Bscript.type+%3D+%27text%2Fjavascript%27%3Bscript.src+%3D+TLConf.baseDomain%2B%27%2Fsite%2FgetLiteFrameJS%2F%27%3Bdocument.body.appendChild%28script%29%3B%26lt%3B%2Fscript%26gt%3B", "status": "accepted", "updateDate": 1640642092070, "start": 1637420400000, "end": 1639333200000, "createDate": 1636543120272, "inAccepted": true, "acceptDate": 1636965670824, "image": {"author": "Александр Качкаев", "name": "71eeea65f7c9d822e88f23d8ee1c9b79.jpeg", "realName": "9793719b413ad3f2444c0395042ef8b8.jpg", "source": "Театр Маяковского"}, "photo": "https://pro.culture.ru/uploads/71eeea65f7c9d822e88f23d8ee1c9b79.jpeg", "gallery": ["https://pro.culture.ru/uploads/04c275b4e43844d3338c7b48f883c666.jpeg", "https://pro.culture.ru/uploads/279559af71b241a4eb572047d1b20989.jpeg", "https://pro.culture.ru/uploads/41301fa946e68728962fb79dcef1707e.jpeg"], "category": {"name": "Спектакли", "sysName": "spektakli"}, "time": {"start": "2021-11-20 15:00:00", "end": "2021-12-12 18:20:00"}}, {"id": 1292640, "name": "Спектакль «В день свадьбы»", "age": 16, "description": "<p>Герои пьесы «В день свадьбы», как и сами исполнители (студенты Мастерской Миндаугаса Карбаускиса), находятся в самом начале своего пути – впереди вся жизнь, и то, какой она будет, во многом зависит от правильности принятых именно сейчас решений. Искренний и честный спектакль о любви, дружбе, доброте и чести.</p><p>В доме Ильи Григорьевича Салова (заслуженный артист России Юрий Коренев) царит предсвадебная суета – уже завтра его дочь Нюра выходит замуж за Михаила. Все вокруг считают пару образцовой, всем ставят ее в пример. Но ровно накануне свадьбы Михаил встречает свою первую любовь Клаву, с которой они вместе росли в детдоме, и, оказывается, что чувства все еще живы…</p>", "shortDescription": "Студенческий спектакль Мастерской Миндаугаса Карбаускиса в ГИТИС, перенесенный на сцену Маяковки.", "min_price": 1200, "max_price": 1600, "link": "https://www.mayakovsky.ru/performance/v-den-svadby/", "needCheck": true, "status": "accepted", "updateDate": 1640642007666, "start": 1630854000000, "end": 1645896600000, "createDate": 1629900759783, "inAccepted": true, "acceptDate": 1638283836267, "image": {"author": "Артемий Автандилов", "name": "f234556d3adae154df37502e538624c3.jpeg", "realName": "523e89d8551e4234420d163b00ccf845.jpg", "source": "https://www.mayakovsky.ru/performance/v-den-svadby/"}, "photo": "https://pro.culture.ru/uploads/f234556d3adae154df37502e538624c3.jpeg", "gallery": ["https://pro.culture.ru/uploads/3b0184cc006f778c97866595fc73931f.jpeg", "https://pro.culture.ru/uploads/11ef2aa0013ef2e003cd657b1b9c975b.jpeg", "https://pro.culture.ru/uploads/beb286f5fcbab477e2a612d3ee321d26.jpeg"], "category": {"name": "Спектакли", "sysName": "spektakli"}, "time": {"start": "2021-09-05 15:00:00", "end": "2022-02-26 17:30:00"}}, {"id": 1270983, "name": "Спектакль «Женитьба»", "age": 12, "description": "<p>Эту пьесу Гоголь назвал «совершенно невероятным событием в двух действиях». Событие оказалось действительно невероятным: уже почти два века пьеса не сходит с российской и мировой сцен, открывая каждому поколению что-то свое, близкое и родное.</p><p>Это яркая, но по-настоящему до сих пор неразгаданная пьеса о сорвавшейся свадьбе нерешительного в личной жизни чиновника. Нелепые и, в сущности, славные люди, каждый на свой манер, ищут родственную душу – и не могут найти. И мучительная надежда, и последнее отчаяние – слова здесь вполне уместные, ибо именно этими чувствами живут герои в высокие моменты спектакля. </p>", "shortDescription": "Совершенно невероятное событие в двух действиях.", "min_price": 1000, "max_price": 4999, "link": "https://www.mayakovsky.ru/performance/zhenitba/", "status": "accepted", "updateDate": 1640642021822, "start": 1632931200000, "end": 1643310000000, "createDate": 1628840346082, "inAccepted": true, "acceptDate": 1637314283664, "image": {"author": "С. Петров", "name": "a6417ecc41df5436c5cce6f5535cd2ba.jpeg", "realName": "_DSC2444.jpg", "source": "https://www.mayakovsky.ru/performance/zhenitba/"}, "photo": "https://pro.culture.ru/uploads/a6417ecc41df5436c5cce6f5535cd2ba.jpeg", "gallery": ["https://pro.culture.ru/uploads/25fbc148af061e45595a06df2decf10c.jpeg", "https://pro.culture.ru/uploads/0f72b9f583f38dfb1412c64052bdb345.jpeg"], "category": {"name": "Спектакли", "sysName": "spektakli"}, "time": {"start": "2021-09-29 16:00:00", "end": "2022-01-27 19:00:00"}}, {"id": 1270211, "name": "Спектакль «На бойком месте»", "age": 18, "description": "<p> На этом постоялом дворе и обогреют – и оберут. Сохраненный текст Островского, костюмы XIX века не могут обмануть зрителя: в жестоких нравах русской провинции позапрошлого века, как в зеркале, отражается сегодняшний день. </p><p>Но как же увлекательно оказывается смотреть на интриги этих жуликов и переживать, сможет ли юная сестра хозяина злачного места выбраться из порочного круга и обрести любовь! В этом энергичном и смешном спектакле не поймешь подчас, кто – положительный, а кто – отрицательный персонаж, над кем режиссер смеется, а кого принимает всерьез. Но суть неизменна: это – театр! </p>", "shortDescription": "Нравы русской провинции в комедии Александра Островского.", "min_price": 1000, "max_price": 1600, "link": "https://www.mayakovsky.ru/performance/na-boykom-meste/", "status": "accepted", "updateDate": 1640642091000, "start": 1631116800000, "end": 1641318300000, "createDate": 1628786520950, "inAccepted": true, "acceptDate": 1637311957431, "image": {"author": "А. Автандилов", "name": "e559811a4a3dccf6c9fd7f3fa3ed3984.jpeg", "realName": "038b5d7aef6cc0eb257935c788af950d.jpg", "source": "https://www.mayakovsky.ru/performance/na-boykom-meste/"}, "photo": "https://pro.culture.ru/uploads/e559811a4a3dccf6c9fd7f3fa3ed3984.jpeg", "gallery": ["https://pro.culture.ru/uploads/d99a6890aa64d71349488bb9223ec875.jpeg", "https://pro.culture.ru/uploads/c981a83148e6dceb15cfa3df3f5b2937.jpeg"], "category": {"name": "Спектакли", "sysName": "spektakli"}, "time": {"start": "2021-09-08 16:00:00", "end": "2022-01-04 17:45:00"}}, {"id": 1270171, "name": "Спектакль «Чудаки»", "age": 16, "description": "<p> Главный герой – успешный литератор, познавший вкус славы и дамского интереса, но нуждающийся в постоянном вдохновении, которое он ищет в связях с женщинами. С одной стороны – верная, любящая, мудрая жена, знающая все его слабости и заботящаяся о своем муже, почти как о ребенке, с другой – эффектная, предприимчивая, авантюрного склада любовница, которая бросает все свои силы, чтобы окончательно завоевать его. Однако нетерпеливость мешает ей одержать эту победу. Пытаясь разгадать тактику соперницы, она, похоже, выпускает из виду главное – умение любить беззаветно и безрассудно.</p>", "shortDescription": "Остроумные диалоги о любви и смысле жизни.", "min_price": 800, "max_price": 1399, "link": "https://www.mayakovsky.ru/performance/chudaki/", "status": "accepted", "updateDate": 1640641974752, "start": 1630080000000, "end": 1644433200000, "createDate": 1628784252037, "inAccepted": true, "acceptDate": 1638283272369, "image": {"author": "Е. Люлюкин", "name": "2225697400ce0811fb1de891cc62dc72.jpeg", "realName": "IMG_4077.jpg", "source": "https://www.mayakovsky.ru/performance/chudaki/"}, "photo": "https://pro.culture.ru/uploads/2225697400ce0811fb1de891cc62dc72.jpeg", "gallery": ["https://pro.culture.ru/uploads/81a491f83d0f4b3fdef1c76cc0125456.jpeg", "https://pro.culture.ru/uploads/c6eec4892b7b278bbba07a40ceb0335b.jpeg"], "category": {"name": "Спектакли", "sysName": "spektakli"}, "time": {"start": "2021-08-27 16:00:00", "end": "2022-02-09 19:00:00"}}, {"id": 1270164, "name": "Спектакль «Как важно быть серьезным»", "age": 16, "description": "<p>Два британских джентльмена Викторианской эпохи, чтобы понравиться своим избранницам, затевают рискованную и непредсказуемую игру, называя себя именем «Эрнест». Это имя в английском языке созвучно с прилагательным «серьезный».</p><p>Обе их возлюбленные почему-то вбили в голову не только себе, но и своим воздыхателям, что их женихов не могут звать иначе, как Эрнест, то есть – «серьезный человек». Впрочем, желание молодых леди понятно: репутация серьезного мужчины была в чести у дам не только в конце девятнадцатого века.</p><p>Игра светских юношей в псевдонимы бурно заворачивает развивающиеся события. А вот к чему привела, казалось бы, вполне невинная проделка молодых джентльменов, смотрите в спектакле Театра Маяковского.</p>", "shortDescription": "Игра в слова и в любовь по комедии Оскара Уайльда.", "min_price": 1400, "max_price": 6000, "link": "https://www.mayakovsky.ru/performance/kak-vazhno-byt-sereznym/", "status": "accepted", "updateDate": 1640641998106, "start": 1631289600000, "end": 1645725600000, "createDate": 1628783650128, "inAccepted": true, "acceptDate": 1638282867590, "image": {"author": "А. Автандилов", "name": "620e5c4414fe69dcebbf7cbe92c3f093.jpeg", "realName": "8284cc7753e965f58a5470b787d881dd.jpg", "source": "https://www.mayakovsky.ru/performance/kak-vazhno-byt-sereznym/"}, "photo": "https://pro.culture.ru/uploads/620e5c4414fe69dcebbf7cbe92c3f093.jpeg", "gallery": ["https://pro.culture.ru/uploads/956431273013f318815a14aba688a06d.jpeg", "https://pro.culture.ru/uploads/4617c2912d17df46f38fcd35df2b0498.jpeg", "https://pro.culture.ru/uploads/dfe988d63b458a6868e4ea0d17e0a2ad.jpeg", "https://pro.culture.ru/uploads/4123e94bd6990efba30e9ecc96ae72c5.jpeg"], "category": {"name": "Спектакли", "sysName": "spektakli"}, "time": {"start": "2021-09-10 16:00:00", "end": "2022-02-24 18:00:00"}}, {"id": 1270158, "name": "Спектакль «Старший сын»", "age": 12, "description": "<p> «Старший сын» А. Вампилова – одна из самых личных пьес драматурга. Студент Бусыгин и его приятель Сильва, провожая новых подружек, опаздывают на последнюю электричку и пытаются найти ночлег под выдуманным предлогом, что один из них – внебрачный сын отца семейства и приехал его навестить. Самозванец входит в мир семьи Сарафановых, всего за пару дней между ним и домочадцами возникают такие теплые чувства, что их не может разрушить даже вскрывшийся обман.</p><p>В природе вампиловской пьесы случай определяет начало истории, но то, чем все это кончится, зависит только от самих героев: они должны самостоятельно сделать выбор – бежать и не привязываться или рискнуть и полюбить...</p>", "shortDescription": "Пронзительная постановка о любви, возникшей при странных обстоятельствах.", "min_price": 1400, "max_price": 6000, "link": "https://www.mayakovsky.ru/performance/starshiy-syn/", "needCheck": true, "status": "accepted", "updateDate": 1640642104775, "start": 1631458800000, "end": 1645209000000, "createDate": 1628783069324, "inAccepted": true, "acceptDate": 1638282679442, "image": {"author": "С. Петров", "name": "f743bcced256a2a53b3544dd2b0d0f83.jpeg", "realName": "_N6A4016.jpg", "source": "https://www.mayakovsky.ru/performance/starshiy-syn/"}, "photo": "https://pro.culture.ru/uploads/f743bcced256a2a53b3544dd2b0d0f83.jpeg", "gallery": ["https://pro.culture.ru/uploads/78b5fa09369f761e0150315f10afda38.jpeg", "https://pro.culture.ru/uploads/d58a92069c236b47b0f96b79f7c46319.jpeg", "https://pro.culture.ru/uploads/d3378709eba79c231c2d61520c0fc7bc.jpeg"], "category": {"name": "Спектакли", "sysName": "spektakli"}, "time": {"start": "2021-09-12 15:00:00", "end": "2022-02-18 18:30:00"}}, {"id": 1270115, "name": "Спектакль «Пигмалион»", "age": 16, "description": "<p> «Пигмалион» – пожалуй, самая известная и остроумная пьеса Бернарда Шоу, повествующая о превращении простушки Элизы Дулиттл (Наталья Палагушкина) в изысканную светскую даму под чутким руководством лондонского профессора фонетики Генри Хиггинса (Игорь Костолевский / Анатолий Лобоцкий), его мамы (Ольга Прокофьева) и полковника Пикеринга (Евгений Парамонов / Анатолий Лобоцкий / Алексей Фатеев). Ведь по условиям заключенного между ними пари профессор должен за несколько месяцев обучить необразованную цветочницу произношению, принятому в высшем обществе, и на светском приеме суметь представить ее как герцогиню… </p>", "shortDescription": "Фонетика, любовь и лондонский туман.", "min_price": 1700, "max_price": 7000, "link": "https://www.mayakovsky.ru/performance/pigmalion/", "needCheck": true, "status": "accepted", "updateDate": 1640642062176, "start": 1630598400000, "end": 1645815600000, "createDate": 1628780813035, "inAccepted": true, "acceptDate": 1638281648548, "image": {"author": "Сергей Петров", "name": "5c6d302ae95b6580d8c24300b4578829.jpeg", "realName": "_DSC7108.jpg", "source": "https://www.mayakovsky.ru/performance/pigmalion/"}, "photo": "https://pro.culture.ru/uploads/5c6d302ae95b6580d8c24300b4578829.jpeg", "gallery": ["https://pro.culture.ru/uploads/0df96422355156d72828fd6ae03fbcae.jpeg", "https://pro.culture.ru/uploads/3f2b85f51c75d7c09ee6526e36818824.jpeg", "https://pro.culture.ru/uploads/acf6e005a0a4f9afe72d6473a3974e30.jpeg"], "category": {"name": "Спектакли", "sysName": "spektakli"}, "time": {"start": "2021-09-02 16:00:00", "end": "2022-02-25 19:00:00"}}, {"id": 1270096, "name": "Спектакль «Таланты и поклонники»", "age": 16, "description": "<p>Актер – бесконечно зависимая профессия и отчаянно свободолюбивый дар. Жизнь актера – заботы реальности, публика, быт, привычки. И любой, кто восхищается и боготворит талант, по сути, посягает на него, стремится овладеть им, употребить.</p><p> «Таланты и поклонники» – первая работа Миндаугаса Карбаускиса в Театре Маяковского. В спектакле о судьбе актера и вечном выборе режиссер разворачивает удивительное концептуальное пространство. Основной игровой площадкой становится крутящаяся сцена как жизненный круг героев, из которого так тяжело вырваться. Эта условность, свойственная театру, воплощена в декорациях народного художника России Сергея Бархина. <br /><br />Главная героиня – актриса Негина – находится в центре разворачивающейся вокруг нее истории, в которой остальные герои стремятся также играть ведущую роль. Здесь все таланты. Каждый увлеченно исполняет собственный замысел. Какова логика отдельных сюжетов? Где находятся их исходные точки? Что значит раскрутить интригу и участвовать в ее последствиях? Кто запускает новый круг действия? Театр – собрание героев и событий, круговорот и взаимное обращение целей и самолюбий. Сознавая эту нерадостную правду, в Театре Маяковского тем не менее придерживаются романтических взглядов, основанных на преклонении перед силой и обаянием личности артиста. Постановка Миндаугаса Карбаускиса во многом посвящается талантам самой «Маяковки», его яркой труппе.</p> <p></p>", "shortDescription": "Постановка о судьбе актера.", "min_price": 1400, "max_price": 5000, "link": "https://www.mayakovsky.ru/performance/talanty-i-poklonniki/", "needCheck": true, "status": "accepted", "updateDate": 1640642002339, "start": 1632412800000, "end": 1644689700000, "createDate": 1628779986071, "inAccepted": true, "acceptDate": 1638283667802, "image": {"author": "Сергей Петров", "name": "379c705abcd9770721daef868152ae1f.jpeg", "realName": "_DSC1696.jpg", "source": "https://www.mayakovsky.ru/performance/talanty-i-poklonniki/"}, "photo": "https://pro.culture.ru/uploads/379c705abcd9770721daef868152ae1f.jpeg", "gallery": ["https://pro.culture.ru/uploads/402c4c095a3bab66f18785721fd4fea5.jpeg", "https://pro.culture.ru/uploads/4f035ad3dda122d3d1b1cc669fc3930c.jpeg", "https://pro.culture.ru/uploads/597691bc6c40f5af537348a5fa83f09b.jpeg"], "category": {"name": "Спектакли", "sysName": "spektakli"}, "time": {"start": "2021-09-23 16:00:00", "end": "2022-02-12 18:15:00"}}, {"id": 1270056, "name": "Спектакль «Мертвые души»", "age": 12, "description": "<p>Некий Павел Иванович Чичиков путешествует по России, намереваясь скупать так называемые «мертвые души» – крестьян, которых нет в живых, но которые все еще числятся живыми по документам...</p><p>Впервые в сценической истории «Мертвых душ» на театральной сцене воплощены оба тома поэмы: хрестоматийный Первый и дошедший в отрывках Второй. Замысел Гоголя раскрывается в его подлинности: герои произведения предстают перед зрителями не как карикатуры (так их называла «прогрессивная» критика на протяжении полутора веков), а как живые люди со своими слабостями и своей болью, радостями и бедами.</p>", "shortDescription": "Бессмертное произведение русской классики.", "min_price": 1000, "max_price": 5000, "link": "https://www.mayakovsky.ru/performance/mertvye-dushi/", "status": "accepted", "updateDate": 1640642097113, "start": 1631203200000, "end": 1646074800000, "createDate": 1628778955794, "inAccepted": true, "acceptDate": 1638281560274, "image": {"author": "Д. Жулин", "name": "5dba106d62e264aec714393bcc648744.jpeg", "realName": "i---mjertvyje_dushi_018.jpg", "source": "https://www.mayakovsky.ru/performance/mertvye-dushi/"}, "photo": "https://pro.culture.ru/uploads/5dba106d62e264aec714393bcc648744.jpeg", "gallery": [], "category": {"name": "Спектакли", "sysName": "spektakli"}, "time": {"start": "2021-09-09 16:00:00", "end": "2022-02-28 19:00:00"}}, {"id": 1270023, "name": "Спектакль «Кавказский меловой круг»", "age": 16, "description": "<p>В основе одной из самых культовых пьес Бертольта Брехта «Кавказский меловой круг» – притча царя Соломона, повествующая о знаменитом споре двух матерей. Спектакль Никиты Кобелева – о ценности бескорыстного поступка и в то же время о том, какую цену приходится за него заплатить.<br /></p><p></p><p>Джазовое роуд-муви по просторам Грузии, созданное по законам эпического театра Брехта, полно азарта и музыки Пауля Дессау в живом исполнении квартета «Круглый бенд». <br /></p><p> «Как писал Брехт, дурные времена делают человечность опасной для человека. Для меня один из главных вопросов сегодня: почему добрый поступок обязательно должен обернуться страданиями? Как выжить в эпоху перемен? В трудные времена не спасает ни закон, ни привычная справедливость, спасти может только такое человечность», – отмечает Никита Кобелев.<br /></p>", "shortDescription": "Джазовое роуд-муви, навеянное творчеством Бертольта Брехта.", "min_price": 700, "max_price": 2500, "link": "https://www.mayakovsky.ru/performance/kavkazskiy-melovoy-krug/", "needCheck": true, "status": "accepted", "updateDate": 1640642098049, "start": 1631548800000, "end": 1645125300000, "createDate": 1628778202823, "inAccepted": true, "acceptDate": 1639120921001, "image": {"author": "Сергей Петров", "name": "be28aa903d45a57182429e82325be125.jpeg", "realName": "_C9Q7500 1.jpg", "source": "https://www.mayakovsky.ru/performance/kavkazskiy-melovoy-krug/"}, "photo": "https://pro.culture.ru/uploads/be28aa903d45a57182429e82325be125.jpeg", "gallery": ["https://pro.culture.ru/uploads/3205d5fcdc7a205f09b05a3341b33d04.jpeg", "https://pro.culture.ru/uploads/e2106b26b79e27d713735fc69e1702e0.jpeg", "https://pro.culture.ru/uploads/e422f106c752f2df4d9f4be023cf2629.jpeg"], "category": {"name": "Спектакли", "sysName": "spektakli"}, "time": {"start": "2021-09-13 16:00:00", "end": "2022-02-17 19:15:00"}}, {"id": 1269872, "name": "Спектакль «Дядюшкин сон»", "age": 16, "description": "<p>В уездный город к Марье Александровне Москалевой приезжает давно не бывавший в этих местах престарелый князь. Хозяйка имения решает любыми средствами сосватать за него свою 23-летнюю красавицу дочь. Барышня сначала противится таким планам, но затем соглашается очаровать полубезумного богатого старика. Свадьба кажется уже делом решенным, когда князь вдруг заявляет, что все это был сон…</p><p>В анекдоте Федора Достоевского о нравах провинциального общества режиссер Екатерина Гранитова видит историю незаурядной женщины, волею судьбы прикованной к захолустью, бежать из которого – ее почти маниакальная потребность. Эту женщину играет заслуженная артистка России Ольга Прокофьева. Она здесь – и главная актриса, и главный режиссер, способный из всего сделать ослепительное зрелище. Красивые исторические костюмы, русские, испанские и французские музыкальные мотивы создают феерическую игровую атмосферу для спектакля, разыгрываемого Москалевой, приз за который – путевка в роскошную великосветскую жизнь.</p><p> </p>", "shortDescription": "Комедия Федора Достоевского с Ольгой Прокофьевой в главной роли.", "min_price": 700, "max_price": 2500, "link": "https://www.mayakovsky.ru/performance/dyadyushkin-son/", "status": "accepted", "updateDate": 1640642082953, "start": 1631894400000, "end": 1645038600000, "createDate": 1628775379692, "inAccepted": true, "acceptDate": 1637314372990, "image": {"author": "Д. Дубинский", "name": "fec42bd8d8cfc4693db709ed76002da6.jpeg", "realName": "_DUB2690.jpg", "source": "https://www.mayakovsky.ru/performance/dyadyushkin-son/"}, "photo": "https://pro.culture.ru/uploads/fec42bd8d8cfc4693db709ed76002da6.jpeg", "gallery": ["https://pro.culture.ru/uploads/657894bc3eff5357f618059ac8294ceb.jpeg", "https://pro.culture.ru/uploads/72a1b200c4288197e971b4fed37bb0d4.jpeg", "https://pro.culture.ru/uploads/23da8c35574403047a81c9e7e48c4448.jpeg", "https://pro.culture.ru/uploads/bad732e7cdeb120a468c468aaf9e8da7.jpeg", "https://pro.culture.ru/uploads/23077bc7fd5352de8955522d6ba895d6.jpeg"], "category": {"name": "Спектакли", "sysName": "spektakli"}, "time": {"start": "2021-09-17 16:00:00", "end": "2022-02-16 19:10:00"}}, {"id": 1269730, "name": "Спектакль «Обломов»", "age": 16, "description": "<p></p><p>«Обломов»… Сколько противоречивых мнений складывалось о герое Ивана Гончарова за 162 года. Художественный руководитель Театра Маяковского, режиссер Миндаугас Карбаускис и народный художник России Сергей Бархин создают уникальное, залитое солнцем пространство, в котором раскрывается совершенно по-новому внутренний мир одного из самых загадочных персонажей русской классики.</p><p>«Мечтатель, чистая душа, сердце, подобное алмазу. Обломов – последний пылко влюбленный поэт. Он отделил себя от этого мира, потому что мир суетен. И в этот бегущий век он приходит для того, чтобы человек вспомнил, что он – человек, чтобы научился видеть красоту», – рассказывает о своем персонаже Вячеслав Ковалев.<br /></p><p></p><p></p>", "shortDescription": "Новый взгляд на одного из самых интересных персонажей русской классики.", "min_price": 900, "max_price": 4000, "link": "https://www.mayakovsky.ru/performance/oblomov/", "needCheck": true, "status": "accepted", "updateDate": 1640642080808, "start": 1631372400000, "end": 1645898400000, "createDate": 1628773120356, "inAccepted": true, "acceptDate": 1638282059536, "image": {"author": "Сергей Петров", "name": "ffb133a195c218e31aeff12a5966e53c.jpeg", "realName": "Обломов.jpg", "source": "https://www.mayakovsky.ru/performance/oblomov/"}, "photo": "https://pro.culture.ru/uploads/ffb133a195c218e31aeff12a5966e53c.jpeg", "gallery": ["https://pro.culture.ru/uploads/0174cf982c99456cc90859c50cd1a77e.jpeg", "https://pro.culture.ru/uploads/a273c072ff578cacc1a7ffaa34ea5731.jpeg", "https://pro.culture.ru/uploads/6c795e53cb218ae26bdc529fdaf45b18.jpeg", "https://pro.culture.ru/uploads/2283e33effbd2d20b5539572097f386a.jpeg"], "category": {"name": "Спектакли", "sysName": "spektakli"}, "time": {"start": "2021-09-11 15:00:00", "end": "2022-02-26 18:00:00"}}, {"id": 1246892, "name": "Спектакль «Сын»", "age": 18, "description": "<p> Благодаря одному из самых парадоксальных российских режиссеров Юрию Бутусову и одному из самых горячих литературных талантов Франции Флориану Зеллеру столичный зритель наконец увидит душераздирающую семейную историю, от которой многие не могли отойти еще несколько суток. </p><p>В вынужденных компромиссах, в необходимости соглашаться с тем, с чем не хочет мириться, человек разрушает свою природу, веру в идеальный мир, то, что Уильям Шекспир назвал «квинтэссенцией всего живущего». Идеализм, неприятие несправедливости в человеке невозможно уничтожить. И ничего тут нельзя изменить. А правильно это или неправильно – каждый решает сам. <br /></p>", "shortDescription": "Постановка Юрия Бутусова по пьесе Флориана Зеллера.", "min_price": 1000, "max_price": 5000, "link": "https://ramt.ru/plays/play-7100/", "needCheck": true, "status": "accepted", "updateDate": 1637940666418, "start": 1631030400000, "end": 1645124400000, "createDate": 1627746739434, "inAccepted": true, "acceptDate": 1637940666656, "image": {"author": "Мария Моисеева", "name": "778b61b521fc8e246bcc771de9dce422.jpeg", "realName": "8.jpg", "source": "ramt.ru"}, "photo": "https://pro.culture.ru/uploads/778b61b521fc8e246bcc771de9dce422.jpeg", "gallery": ["https://pro.culture.ru/uploads/d9b34afe270dd85e3c1f9ca46f76006e.jpeg", "https://pro.culture.ru/uploads/f77dc7490467b7991c32954f6c594233.jpeg", "https://pro.culture.ru/uploads/373905f1b3432108536bf4656f43430c.jpeg"], "category": {"name": "Спектакли", "sysName": "spektakli"}, "time": {"start": "2021-09-07 16:00:00", "end": "2022-02-17 19:00:00"}}, {"id": 752075, "name": "Спектакль «Горбачев»", "age": 16, "description": "<p> Они прошли через всю жизнь, держась за руки. В буквальном и переносном смысле. Михаила и Раису Горбачевых называли парой из средневековья, где она всегда оставалась прекрасной дамой, а он – рыцарем, который совершал подвиги, чтобы завоевать ее сердце. Именно таким, влюбленным, смотрящим друг другу в глаза, и посвятил свой новый спектакль латвийский режиссер, художественный руководитель Нового Рижского театра Алвис Херманис. </p><p>Задумывая второй совместный спектакль с Театром наций – «Горбачев» – Алвис Херманис понимал, что публика отнесется к фигуре последнего президента Советского Союза неоднозначно, но у режиссера была своя задача. «Если и есть один человек в ХХ веке, который так масштабно повлиял на жизнь сотен миллионов, то это Горбачев, – говорит Херманис. – Именно он перерисовал карту всей Евразии, он нашел ключ от тюрьмы, в которой мы пребывали, сделав шаг в сторону гласности. Лично я раньше думал, что Советский Союз рухнул в силу экономических причин. Сейчас я уверен – это сделал один человек. И цель спектакля – понять, какие качества этого человека, какие ингредиенты его души привели к тому, что он стал той песчинкой, которая остановила огромный механизм».</p>", "shortDescription": "Пронзительные истории из жизни четы Михаила и Раисы Горбачевых в новой постановке Алвиса Херманиса.", "min_price": 1000, "max_price": 23000, "link": "https://theatreofnations.ru/performances/gorbachev-1", "needCheck": true, "status": "accepted", "updateDate": 1640172459956, "start": 1602950400000, "end": 1644951600000, "createDate": 1601384546624, "inAccepted": true, "acceptDate": 1639403581522, "image": {"author": "Ира Полярная ", "name": "9f954811eeda3f5541268a91bbd40da6.jpeg", "realName": "CG2A3207.JPG", "source": "https://theatreofnations.ru/performances/gorbachev-1"}, "photo": "https://pro.culture.ru/uploads/9f954811eeda3f5541268a91bbd40da6.jpeg", "gallery": [], "category": {"name": "Спектакли", "sysName": "spektakli"}, "time": {"start": "2020-10-17 16:00:00", "end": "2022-02-15 19:00:00"}}, {"id": 717865, "name": "Спектакль «Шведская спичка»", "age": 12, "description": "<p>«Шведская спичка» – веселый, полный юмора и изобретательности музыкальный спектакль. На протяжении всего действия в зрительном зале не смолкает смех. Молодые исполнители, или кудряши, как ласково называют их в театре (мастерская Олега Кудряшова), играют здесь по несколько ролей, оказываясь совершенно неузнаваемыми в разных перевоплощениях, что делает происходящее еще более интригующим.</p><p>Переплетенные фабулы про пропавшего барина и неверную супругу органично складываются в комическое уголовное расследование с элементами водевиля, мелодрамы, театрального капустника и даже циркового представления. Сопровождается действие живым музыкальным аккомпанементом маленького оркестрика, который образуют сами артисты, отлично владеющие не только своими голосами и телами, но и различными музыкальными инструментами.</p>", "shortDescription": "Комическое уголовное расследование с элементами водевиля, мелодрамы и циркового представления.", "min_price": 100, "max_price": 4000, "link": "https://theatreofnations.ru/performances/shvedskaya-spichka", "status": "accepted", "updateDate": 1634828558374, "start": 1602000000000, "end": 1640709600000, "createDate": 1598439354058, "inAccepted": true, "acceptDate": 1634828558504, "image": {"author": "Мария Зайвый ", "name": "7f46cbe56ce612cea6198fc3de00bb88.jpeg", "realName": "Шведская спичка фото.jpg", "source": "https://theatreofnations.ru/performances/shvedskaya-spichka"}, "photo": "https://pro.culture.ru/uploads/7f46cbe56ce612cea6198fc3de00bb88.jpeg", "gallery": [], "category": {"name": "Спектакли", "sysName": "spektakli"}, "time": {"start": "2020-10-06 16:00:00", "end": "2021-12-28 16:40:00"}}, {"id": 693232, "name": "Спектакль «Иранская конференция»", "age": 18, "description": "<p>Представители датской и мировой интеллектуальной элиты, лучшие умы современности собираются на конференцию в Копенгагене, чтобы обсудить наболевшую «иранскую проблему» – нарушение прав и свобод, ежедневные казни, пытки и военные конфликты на Ближнем Востоке.</p><p>На сцену по очереди выходят востоковед, теолог, политолог, военный журналист, супруга премьер-министра (в прошлом – известная телеведущая), писатель, священник, знаменитый дирижер и иранская поэтесса – лауреат Нобелевской премии по литературе.</p><p>Постепенно вопросы о том, кто виноват в происходящем в мире, сменяются размышлениями о человеке и смысле жизни. А рассуждения о трагедии, развернувшейся в ближневосточном регионе, переходят к разговорам о личном и самом сокровенном.</p>", "shortDescription": "Постановка Виктора Рыжакова по пьесе Ивана Вырыпаева.", "min_price": 1500, "max_price": 12000, "link": "https://theatreofnations.ru/performances/iranskaya-konferentsiya", "needCheck": true, "status": "accepted", "updateDate": 1633011440618, "start": 1599840000000, "end": 1637690400000, "createDate": 1595936922078, "inAccepted": true, "acceptDate": 1633011440774, "image": {"author": "Ира Полярная ", "name": "dab0c03d96962ab3c31e516211f61658.jpeg", "realName": "иран 2.jpg", "source": "https://theatreofnations.ru/performances/iranskaya-konferentsiya"}, "photo": "https://pro.culture.ru/uploads/dab0c03d96962ab3c31e516211f61658.jpeg", "gallery": [], "category": {"name": "Спектакли", "sysName": "spektakli"}, "time": {"start": "2020-09-11 16:00:00", "end": "2021-11-23 18:00:00"}}]}