{"11130": [{"id": 1449736, "name": "Концерт «Веселые девчата»", "age": 6, "description": "<p>Ансамбль песни «Царица» представляет концертную программу, на которой заветные подруги познакомят юных слушателей с богатейшим творчеством русского народа и казаков, душевно споют да с задором спляшут под современную зажигательную аранжировку. </p><p>В программе – не только народные, но и советские песни – знакомая с детства «Ах, мамочка» (музыка А. Флярковского, слова Л. Дербенева) и композиция, которую знает каждый волжанин, «Течет Волга» (музыка М. Фрадкина, слова Л. Ошанина).</p> <p>Художественный руководитель ансамбля – лауреат государственной премии Волгоградской области Оксана Калинкина.</p>", "shortDescription": "Музыкальные произведения русского народа и казаков.", "min_price": 500, "link": "https://volgogradfilarmonia.ru/tickets#/event/393", "needCheck": true, "status": "accepted", "updateDate": 1640266804067, "start": 1639130400000, "end": 1644229800000, "createDate": 1636709590743, "inAccepted": true, "acceptDate": 1637733854354, "image": {"author": "Всеволод Полоутенков", "name": "25174d8bf0a3b927662dfb9aa1d4c2f8.jpeg", "realName": "IMG_7756.JPG", "source": "Волгоградская филармония"}, "photo": "https://pro.culture.ru/uploads/25174d8bf0a3b927662dfb9aa1d4c2f8.jpeg", "gallery": [], "category": {"name": "Концерты", "sysName": "koncerty"}, "time": {"start": "2021-12-10 10:00:00", "end": "2022-02-07 10:30:00"}}]}