{"103": [{"id": 1536302, "name": "Спектакль «Кукла рождественской девочки»", "age": 0, "description": "<p>Рождество – пора мечтаний, ожидания и веры. Этот чудесный праздник дарит тепло, свет и любовь. </p> <p>Участники образцового» театрального коллектива «Балаганчик» подготовили для жителей и гостей поселка Троицкий рождественское театрализованное представление о<span> светлой, доброй, пронзительной истории, которая не оставит равнодушными ни взрослого, ни ребенка.</span><br /> <span> Девочка Женя, желая помочь больной маме, хочет продать самую дорогую для сердца вещь – любимую куклу. Эта пьеса расскажет детям о том, как важно быть добрым и отзывчивым. И что внимание и участие друг к другу могут стать чудом, пусть тихим и незаметным, но меняющим нас и окружающий мир.</span></p>", "shortDescription": "Рождественский музыкальный спектакль по мотивам одноименной повести Ю.Насветовой и Л.Авиловой.", "min_price": 150, "max_price": 150, "link": "https://bel.cultreg.ru/events/115812/spektakl-kukla-rozhdestvenskoi-devochki", "status": "accepted", "updateDate": 1639824233701, "start": 1641549600000, "end": 1641553200000, "createDate": 1639567740639, "inAccepted": true, "acceptDate": 1639824233836, "image": {"author": "Отдел по Церковной благотворительности и социальному служению Санкт-Петербургской Епархии", "name": "2210ba546aebff3fb320c9865226d4cb.jpeg", "realName": "6a (1).jpg", "source": "http://miloserdiespb.ru/novosti/premera-spektaklja-kukla-rozhdestvenskoj-devochki/"}, "photo": "https://pro.culture.ru/uploads/2210ba546aebff3fb320c9865226d4cb.jpeg", "gallery": [], "category": {"name": "Спектакли", "sysName": "spektakli"}, "time": {"start": "2022-01-07 10:00:00", "end": "2022-01-07 11:00:00"}}, {"id": 1497502, "name": "Квест – игра «Новый Год Energy»", "age": 0, "description": "<p><span>На базе Центра культурного развития пройдет веселый захватывающий молодежный квест с загадочными героями и запутанным сюжетом. Новогодняя история начнется с письма, написанного снеговиком Фрости. Выполняя секретное задание, порученное ему Дедом Морозом, снеговик был похищен, и его миссия так и осталась не выполненной. Но, чувствуя опасность, он сумел оставить зашифрованные послания, одно из которых и попадет в руки участникам.</span></p> <p><span>На каждой станции квеста молодых людей будут ждать сказочные персонажи с новыми заданиями: Новогодние эльфы, Фьюли-Чистюли, злая волшебница Малефисента и похищенная ею Главная елочная игрушка, снеговик Фрости, Дед Мороз и Снегурочка. Участники квеста должны будут изучить все имеющиеся досье на главных героев, а также погрузиться в поиск улик, обращая внимания на каждую мелочь, каждый тайный шифр, чтобы спасти праздник. <span> </span>Также необходимо будет вспомнить сказки, которые когда-то в детстве им читали родители. Не обойдется и без разгадывания кроссвордов, анаграмм, ребусов, ответы на которые будут приводить участников квеста в неожиданные потайные места. </span></p> <p><span>А вот чем завершится это новогоднее приключение, можно узнать, только пройдя его до конца. </span></p>", "shortDescription": "Новогодняя танцевально-развлекательная программа.", "min_price": 100, "max_price": 100, "link": "https://bel.cultreg.ru/events/111225/kvest-igra-novyi-god-energy", "status": "accepted", "updateDate": 1639031761556, "start": 1640268000000, "end": 1640275200000, "createDate": 1638362213188, "inAccepted": true, "acceptDate": 1639031761634, "image": {"author": "Александр Деркачев", "name": "4139dc63783d5ff285e64d002f55a843.jpeg", "realName": "12.jpg", "source": "https://troickiy-ckr.gubkin-kultura.ru/"}, "photo": "https://pro.culture.ru/uploads/4139dc63783d5ff285e64d002f55a843.jpeg", "gallery": [], "category": {"name": "Встречи", "sysName": "vstrechi"}, "time": {"start": "2021-12-23 14:00:00", "end": "2021-12-23 16:00:00"}}, {"id": 1492768, "name": "Путешествие на диване «Нереальный Новый год»", "age": 6, "description": "<p>В преддверии Нового года, самого долгожданного праздника, каждый мечтает осуществить свою мечту: получить подарок, сыграть роль Деда мороза и Снегурочки, найти новых друзей, проявить свои лучшие качества и способности.</p> <p>Творческие специалисты Центра культурного развития совместно с участниками клуба «Троицкие романтики» проведут путешествие на диване «Нереальный новый год». На мероприятии ребята поучаствуют в увлекательных, интересных и веселых конкурсах «Новогодняя киномания», «Три богатыря», «Поп-ит», «Новогодний подиум», где они смогут проявить свои лучшие качества, открыть в себе новые таланты и способности. А также узнают о традициях встречи новогодних праздников в разные времена. В конце мероприятия ребят будет ждать сладкий фуршет и дискотека.</p>", "shortDescription": "Новогодняя танцевально-развлекательная программа.", "min_price": 100, "max_price": 100, "link": "https://bel.cultreg.ru/events/110780/puteshestvie-na-divane-nerealnyi-novyi-god", "status": "accepted", "updateDate": 1638891364585, "start": 1640354400000, "end": 1640361600000, "createDate": 1638271168058, "inAccepted": true, "acceptDate": 1638542304118, "image": {"author": "dahar", "name": "6e07cf48f8609e93f845d1a6b4fbe2b4.jpeg", "realName": "89e11533189ada16bd1116a3b6f8602d.jpeg", "source": "https://dahar.ru/novogodnaa-konkursnaa-programma-universalnyj-variant-scenarij-domasnej-ili-druzeskoj-novogodnej-vecerinki-s-konkursami-i-igrami/"}, "photo": "https://pro.culture.ru/uploads/6e07cf48f8609e93f845d1a6b4fbe2b4.jpeg", "gallery": [], "category": {"name": "Встречи", "sysName": "vstrechi"}, "time": {"start": "2021-12-24 14:00:00", "end": "2021-12-24 16:00:00"}}, {"id": 1483601, "name": "Марафон новогодних идей «Новогодняя игрушка»", "age": 0, "description": "<p>В каждом доме к приближению нового года поселяется красивая зеленая елочка. Любая хозяйка мечтает украсить эту гостью ярко и празднично. Особенно для детей эти дни являются волшебными и красочными. </p> <p>Лилия Логвинова – мастер декоративно-прикладного творчества, проведет подробный мастер-класс по изготовлению елочной игрушки из фоамирана. <span>Фоамиран пластичный материал и при этом он отлично держит заданную ему форму. </span><span>Такой декор из глиттерного фоамирана можно будет подарить и знакомым в качестве новогодних подарков, и украсить красавицу-елочку.</span></p>", "shortDescription": "Изготовление оригинальной новогодней поделки.", "min_price": 100, "max_price": 100, "link": "https://bel.cultreg.ru/events/109705/marafon-novogodnikh-idei-novogodnyaya-igrushka", "status": "accepted", "updateDate": 1638891364585, "start": 1640086200000, "end": 1640089800000, "createDate": 1637845994419, "inAccepted": true, "acceptDate": 1637935146229, "image": {"author": "PROКультура", "name": "fe68de9ad6bd0a153194cbccc5c016a4.jpeg", "realName": "98e8a2d3a265999d5826a71818c765fc.jpeg", "source": "https://www.culture.ru/events/833994/master-klass-elochnaya-igrushka-iz-foamirana"}, "photo": "https://pro.culture.ru/uploads/fe68de9ad6bd0a153194cbccc5c016a4.jpeg", "gallery": [], "category": {"name": "Обучение", "sysName": "obuchenie"}, "time": {"start": "2021-12-21 11:30:00", "end": "2021-12-21 12:30:00"}}, {"id": 1464990, "name": "Праздничный концерт «Единственная моя!»", "age": 0, "description": "<p>Центр культурного развития поселка Троицкий приглашает на праздничный концерт, посвященный самым дорогим и любимым людям. В адрес мам и бабушек будет сказано много добрых и ласковых слов. В программе выступят коллективы художественной самодеятельности:</p> <ul> <li>народный вокальный ансамбль «Лирика», руководитель – Галина Богданова;</li> <li>народный ансамбль народной песни «Веретенце», руководитель – Маргарита Юшина;</li> <li>образцовая студия эстрадного пения «Шанс», руководитель – Ирина Кедровская;</li> <li>хореографический ансамбль «Элегия», руководитель – Дарья Иванникова;</li> <li>народная студия эстрадного пения «Время» руководитель – Кристина Иванникова.</li> </ul> <p><span>Трогательные поздравления подарят зрителям улыбки и хорошее настроение.</span></p>", "shortDescription": "Музыкальные поздравления с Днем матери.", "min_price": 100, "max_price": 100, "link": "https://bel.cultreg.ru/events/107437/prazdnichnyi-koncert-edinstvennaya-moya", "status": "accepted", "updateDate": 1638891364585, "start": 1638104400000, "end": 1638108000000, "createDate": 1637227058718, "inAccepted": true, "acceptDate": 1637678192506, "image": {"author": "Александр Деркачев", "name": "4c6ba0027edc5d738dca93ddecedc134.jpeg", "realName": "_MG_7199.jpg", "source": "https://troickiy-ckr.gubkin-kultura.ru/"}, "photo": "https://pro.culture.ru/uploads/4c6ba0027edc5d738dca93ddecedc134.jpeg", "gallery": [], "category": {"name": "Концерты", "sysName": "koncerty"}, "time": {"start": "2021-11-28 13:00:00", "end": "2021-11-28 14:00:00"}}, {"id": 1446248, "name": "Вечеринка «В стиле TikTok»", "age": 6, "description": "<p><span>Многие наверняка уже замечали, что вместо передач по телевизору они смотрят популярных видеоблоггеров на видеохостингах YouTube или </span><span>TikTok</span><span>. Сейчас почти каждый ребенок любитель потанцевать перед камерой своего смартфона и все подряд комментировать.</span></p> <p><span>Творческие специалисты Центра культурного развития проведут для троицких ребят интерактивную развлекательную программу, которая будет состоять из нескольких тематических блоков и самых известных челленджей. Программу откроет «Интеллектуальный TikTok», где нужно будет угадать тренд по кадру и известную песню по эмодзи. Дети ответят на TikTok-вызов «Что выберешь?». В части «Музыкальный TikTok» пройдет челлендж «Если знаешь, подпевай», «Загибай палец, если» и челлендж «Отгадай песню наоборот». </span></p>", "shortDescription": "Интерактив в формате молодежной сети видеороликов.", "min_price": 100, "max_price": 100, "link": "https://bel.cultreg.ru/events/104345/tematicheskaya-vecherinka-v-stile-tik-tok", "status": "accepted", "updateDate": 1638891364585, "start": 1637935200000, "end": 1637938800000, "createDate": 1636621534963, "inAccepted": true, "acceptDate": 1636979201032, "image": {"author": "Александр Деркачев", "name": "3197519f5e40b18d1e6e7031d94797f5.jpeg", "realName": "207.jpg", "source": "https://troickiy-ckr.gubkin-kultura.ru/"}, "photo": "https://pro.culture.ru/uploads/3197519f5e40b18d1e6e7031d94797f5.jpeg", "gallery": [], "category": {"name": "Встречи", "sysName": "vstrechi"}, "time": {"start": "2021-11-26 14:00:00", "end": "2021-11-26 15:00:00"}}]}