{"11450": [{"id": 1486294, "name": "Концерт «В ритме pulse»", "age": 0, "description": "<p> Танец – это пульс, биение сердца, дыхание. Это ритм жизни. Это выражение эмоций во времени и движении. Студия «Пульс» продемонстрирует отчетную программу старших возрастных групп, представит конкурсные номера коллективов – лауреатов международных конкурсов.</p><p> В программе примут участие коллективы Дворца культуры города Апатиты, такие как цирк «Улыбка», шоу-группа «Колдовское зелье», вокальная группа «Рапсодия», а также главный волшебник, иллюзионист Jason, подарит массу сказочных впечатлений во время представления.</p>", "shortDescription": "Творческий вечер с танцевальными номерами разных направлений.", "min_price": 150, "link": "https://widget.afisha.yandex.ru/w/sessions/MTQ0NTl8MjU3MTAzfDIxMzY3NnwxNjM5MjMxMjAwMDAw?clientKey=c667e23b-a10e-4683-9ee9-1e564173d55a", "status": "accepted", "updateDate": 1638513957896, "start": 1639231200000, "end": 1639236600000, "createDate": 1637933943185, "inAccepted": true, "acceptDate": 1638513962199, "image": {"author": "АНО \"СРСКДД \"Пульс\"", "name": "a954e6e47d05858a0a092fd4de148f77.jpeg", "realName": "ir4bMTT-NRo.jpg", "source": "https://vk.com/albums-15255222?z=photo-15255222_457245264%2Fphotos-15255222"}, "photo": "https://pro.culture.ru/uploads/a954e6e47d05858a0a092fd4de148f77.jpeg", "gallery": [], "category": {"name": "Концерты", "sysName": "koncerty"}, "time": {"start": "2021-12-11 14:00:00", "end": "2021-12-11 15:30:00"}}, {"id": 1320838, "name": "Концерт «Шесть звезд Голливуда»", "age": 12, "description": "<p> Квартет ART CINEMA – самый молодой коллектив Мурманской областной филармонии, созданный в 2021 году по инициативе Ашота Хоецяна – художественного руководителя и первый скрипки ансамбля. </p><p>В репертуаре квартета, как и следует из его названия – киномузыка. Все сочинения исполняются в уникальной обработке и переложении Ашота Хоецяна. ART CINEMA не имеет аналогов в регионе и не схож по своей стилистике ни с одним подобным ансамблем в мире. Ведь он не просто исполняет музыку из фильмов. Будучи профессиональным музыкантом, исполнителем, солистом и композитором, Ашот Хоецян обрабатывает знаменитые мелодии и создает авторские переложения для задействованных в ансамбле инструментов. Он использует несколько треков из каждого фильма, создавая из них своеобразное попурри, отчего каждый номер обретает свежие музыкальные краски и становится сюрпризом для публики.</p><p>В составе: Ашот Хоецян – скрипка, художественный руководитель Евгений Попов – скрипка, Екатерина Охраминская – виолончель, Петр Макаров – фортепиано.</p>", "shortDescription": "Музыка из кинофильмов с участием Аль Пачино, Ричарда Гира, Мэла Гибсона и других.", "min_price": 300, "link": "https://widget.afisha.yandex.ru/w/sessions/MTQ0NTl8MjM1NzUxfDIxMzY3NnwxNjMzNjIyNDAwMDAw?clientKey=c667e23b-a10e-4683-9ee9-1e564173d55a", "status": "accepted", "updateDate": 1631349507871, "start": 1633622400000, "end": 1633629600000, "createDate": 1631180861816, "inAccepted": true, "acceptDate": 1631615306008, "image": {"author": "Юрий Туркин", "name": "5bc49207dd20467e450bdd3a8edbf48a.jpeg", "realName": "_DSC1390.jpg", "source": "Личный архив Филармонии"}, "photo": "https://pro.culture.ru/uploads/5bc49207dd20467e450bdd3a8edbf48a.jpeg", "gallery": [], "category": {"name": "Концерты", "sysName": "koncerty"}, "time": {"start": "2021-10-07 16:00:00", "end": "2021-10-07 18:00:00"}}]}