{"11843": [{"id": 1390889, "name": "Концерт «Ты одна мне помощь и отрада, ты одна мне несказанный свет...»", "age": 12, "description": "<p>Культурный центр «Митино» приглашает на музыкальный вечер романсов, написанных на стихи Сергея Есенина, посвященный Международному Дню матери. Перед зрителями выступит лауреат и дипломант международных вокальных конкурсов, кандидат искусствоведения, доцент кафедры сольного пения Российской академии музыки имени Гнесиных Евгения Олеговна Андрейко. </p><p>В этот удивительный вечер в исполнении Евгении Олеговны прозвучат романсы «Клен ты мой опавший», «Выхожу один я на дорогу», «Отговорила роща золотая» и многие другие давно и хорошо знакомые и любимые слушателями произведения.</p><p>России повезло иметь настоящих поэтов, оставивших после себя значительное культурное наследие. Однако Сергею Есенину удалось влиться в сердца совершенно разных людей еще и через музыку, объединить их своим восприятием – искренним, честным и вдохновенным.<br /> </p>", "shortDescription": "Музыкальный вечер романсов в исполнении Евгении Андрейко, посвященный Международному дню матери.", "min_price": 250, "max_price": 250, "link": "https://www.mos.ru/afisha/event/138675257/?utm_source=search&utm_term=serp", "status": "accepted", "updateDate": 1634489872404, "start": 1638101700000, "end": 1638105300000, "createDate": 1634206250899, "inAccepted": true, "acceptDate": 1634489872420, "image": {"author": "Культурный центр \"Митино\"", "name": "a1697f323bf6cc7aed2fb577c2214bdb.jpeg", "realName": "IMG_6997.JPG", "source": "https://drive.google.com/drive/u/0/folders/1-4ho9jfbJVgLQqJqWgruy8KfVDMIbN6K"}, "photo": "https://pro.culture.ru/uploads/a1697f323bf6cc7aed2fb577c2214bdb.jpeg", "gallery": ["https://pro.culture.ru/uploads/c735577d17ef23e4c2ca403d9ebf942c.jpeg"], "category": {"name": "Концерты", "sysName": "koncerty"}, "time": {"start": "2021-11-28 12:15:00", "end": "2021-11-28 13:15:00"}}]}