{"11490": [{"id": 1380019, "name": "Концерт «Травести в классической музыке: от Юлия Цезаря до Ромео»", "age": 12, "description": "<p>Эпоха барокко славится потрясающе сложными и красивыми оперными партиями, которые нелегко исполнить даже профессиональным певцам. Многие из них требуют очень высоких и чистых голосов. Поэтому издавна в оперной музыке отдельные роли поручаются женщинам, переодетым в мужской образ. Именно это и называется травести. </p><p>В программе гости услышат самые яркие образцы оперного травести, полюбуются на женственного Ромео и Юлия Цезаря. Парадоксы переодеваний, веселье, буйство музыки и эмоций – все это ждет зрителей! В Розовой гостиной библиотеки Данте выступает лауреат международных конкурсов Маргарита Писаренко и ее друзья, замечательные артисты. Программа с успехом была представлена в других городах России и имела высокие оценки у публики. </p>", "shortDescription": "Музыкальная программа Маргариты Писаренко и ее друзей.", "min_price": 300, "max_price": 300, "link": "https://www.mos.ru/afisha/event/171201257/?utm_source=search&utm_term=serp", "status": "accepted", "updateDate": 1634146455601, "start": 1634400000000, "end": 1634405400000, "createDate": 1633782978712, "inAccepted": true, "acceptDate": 1634146455606, "image": {"author": "Библиотека № 183 имени Данте Алигьери", "name": "feed58f7423d5ca2269b65c99a7cf6c4.jpeg", "realName": "Вход.JPG", "source": "Архивы Библиотеки № 183 имени Данте Алигьери"}, "photo": "https://pro.culture.ru/uploads/feed58f7423d5ca2269b65c99a7cf6c4.jpeg", "gallery": ["https://pro.culture.ru/uploads/78b4d299e09ab4816c5ed8776a902a05.jpeg"], "category": {"name": "Концерты", "sysName": "koncerty"}, "time": {"start": "2021-10-16 16:00:00", "end": "2021-10-16 17:30:00"}}]}