{"12611": [{"id": 1400167, "name": "Экскурсия «История создания историко-мемориального музея «Командный пункт Воронежского фронта»", "age": 6, "description": "<p> С помощью фотодокументальных и архивных материалов, доказывающих основание строительства и открытия музея, личных вещей инициатора создания музея А. Б. Логвинова гости узнают об истории создания музея «Командный пункт Воронежского фронта». Будет показан большой вклад основателя в формирование экспозиции музея. </p><p>Экскурсия сопровождается презентацией «Оставить след на земле» о жизненном пути А. Б. Логвинова. Также гости смогут увидеть письма и архивные справки, присланные в музей генералом армии С. П. Ивановым, бывшим начальником штаба Воронежского фронта.</p>", "shortDescription": "Слушателям расскажут о том, как создавался музей.", "min_price": 5, "max_price": 10, "link": "https://kursk.kassir.ru/muzey/istoriko-memorialnyiy-muzeykomandnyiy-punkt-voronejskogo-fronta/tematicheskaya-ekskursiya-istoriya-sozdaniya-muzeya-komandnyiy-punkt-voronejskogo-fronta_2021-10-19#", "status": "accepted", "updateDate": 1635150191232, "start": 1635228000000, "end": 1637326800000, "createDate": 1634633992679, "inAccepted": true, "acceptDate": 1635150191246, "image": {"author": "архив музея", "name": "af7a8b1de633493def35d9c430d55c7b.jpeg", "realName": "IMG_4449.JPG", "source": "архив музея"}, "photo": "https://pro.culture.ru/uploads/af7a8b1de633493def35d9c430d55c7b.jpeg", "gallery": ["https://pro.culture.ru/uploads/e97e9219caf43c163c7985c6cb8c52c3.jpeg", "https://pro.culture.ru/uploads/337c87835f845dd8fc34cf1bb85e00c2.jpeg", "https://pro.culture.ru/uploads/59774d3d563905cc2f41416f5106d619.jpeg"], "category": {"name": "Экскурсии", "sysName": "ekskursii"}, "time": {"start": "2021-10-26 06:00:00", "end": "2021-11-19 13:00:00"}}]}