{"12457": [{"id": 1523001, "name": "Игра «Наследники Шерлока Холмса»", "age": 12, "description": "<p> Загадки преступлений, тайны расследования, проведение экспертиз по следам с мест происшествий, ребусы и анаграммы – это и не только ждет участников игры-расследования в стиле Шерлока Холмса. Организаторами продумано все: красочные маршрутные листы, последовательность прохождения командами своих маршрутов во избежание столпотворения, соответствующие сюжету рассказов о сыщике вопросы и их оформление.</p><p> Суть квеста заключается в поиске ключевой фразы, которую необходимо собрать с помощью улик, полученных за успешное выполнение заданий, – кусочков пазла. Команда, закончившая первой прохождение всех станций и собравшая всю фразу, получит от ведущего ключ от комнаты, в которой спрятана украденная скрипка. Эта команда и будет объявлена победителем. </p>", "shortDescription": "Расследование в стиле Шерлока Холмса.", "min_price": 250, "link": "https://vmuzey.com/event/igra-rassledovanie-v-stile-sherloka-holmsa", "needCheck": true, "status": "accepted", "updateDate": 1640161543696, "start": 1642593600000, "end": 1642600800000, "createDate": 1639123091047, "inAccepted": true, "acceptDate": 1639818954506, "image": {"author": "Лев", "name": "35f991edf714334912d9602794e757e4.jpeg", "realName": "IMG_7108.JPG", "source": "https://www.instagram.com/p/CVF3mhWtj_p/"}, "photo": "https://pro.culture.ru/uploads/35f991edf714334912d9602794e757e4.jpeg", "gallery": [], "category": {"name": "Встречи", "sysName": "vstrechi"}, "time": {"start": "2022-01-19 12:00:00", "end": "2022-01-19 14:00:00"}}]}