{"11233": [{"id": 1272521, "name": "Квиз «Ж.А.Б.А.»", "age": 6, "description": "<p></p><p> Джоан Роулинг создала один из самых захватывающих фантазийных сюжетов – мир Гарри Поттера. Здесь правит магия, а взаимоотношения и проблемы героев понятны любому поколению. Командам предстоит найти ответы на локальные вопросы по моментам из фильмов, книг, музыки – все это в условиях ограниченного времени (на ответ дается 30 секунд). 5 специальных раундов, где каждый проверит свою эрудицию, знания и память. </p><p> </p><p>У участников развлекательно-магической игры есть уникальная возможность пройти испытания и показать себя истинным знатоком вселенной волшебства. Необходимо собрать команду от 3 до 8 человек, придумать название и зарегистрироваться ее. Если нет команды, то не беда: распределяющая шляпа направит в одну из команд факультета. </p> <p></p><p> Приветствуются костюмы и атрибутика.</p>", "shortDescription": "Литературно-семейная викторина для поклонников саги о Гарри Поттере.", "min_price": 320, "link": "https://www.mos.ru/afisha/event/140231257/", "status": "accepted", "updateDate": 1631718612790, "start": 1639756800000, "end": 1639760400000, "createDate": 1628865753266, "inAccepted": true, "acceptDate": 1631718612795, "image": {"author": "Александрова Марианна Владимировна", "name": "aa6ee122f0eaf14d1478cf69e3827a66.jpeg", "realName": "ЖАБА.jpg", "source": "Архив ЦБС ЗАО"}, "photo": "https://pro.culture.ru/uploads/aa6ee122f0eaf14d1478cf69e3827a66.jpeg", "gallery": [], "category": {"name": "Встречи", "sysName": "vstrechi"}, "time": {"start": "2021-12-17 16:00:00", "end": "2021-12-17 17:00:00"}}, {"id": 1250444, "name": "Квиз «Вселенная Гарри Поттера»", "age": 12, "description": "<p>Командам, участвующим в игре, предстоит пройти испытания в 5 специальных раундах и проверить свою эрудицию, знания и память. Их ждут волшебные вопросы по книгам, фильмам, музыке о Гарри Поттере. Для любителей Гарри Поттера стало доброй традицией собраться в кругу единомышленников и провести время не только с пользой, проверив свои знания и смекалку, но и вновь насладиться загадками мира волшебников и магов. Для участия необходимо набрать команду из 2–5 человек, друзей или членов семьи, придумать название и зарегистрироваться на игру.</p>", "shortDescription": "Семейная командная игра.", "min_price": 320, "link": "https://www.mos.ru/afisha/event/138731257/", "status": "accepted", "updateDate": 1630064132023, "start": 1636646400000, "end": 1636650000000, "createDate": 1627974106473, "inAccepted": true, "acceptDate": 1630064567275, "image": {"author": "Косаревский В.Г.", "name": "042cafd0074f91e771b64969107582e0.jpeg", "realName": "Вселенная Гарри Поттера.jpg", "source": "Архив ГБУК г. Москвы \"ЦБС ЗАО\""}, "photo": "https://pro.culture.ru/uploads/042cafd0074f91e771b64969107582e0.jpeg", "gallery": [], "category": {"name": "Встречи", "sysName": "vstrechi"}, "time": {"start": "2021-11-11 16:00:00", "end": "2021-11-11 17:00:00"}}, {"id": 1250434, "name": "Игра «Мир профессий будущего»", "age": 12, "description": "<p>Мероприятие пройдет в формате настольной игры, разработанной специалистами бизнес-школы Сколково. Такой формат позволит легко разобраться в том, что такое профессия будущего и какими навыками надо обладать квалифицированному специалисту. В ходе игры ребята проходят через возможные трудные ситуации, препятствующие освоению перспективных профессий, выберут те сферы деятельности, которые привлекают их больше других, обсудят с ведущим и другими участниками игры свои впечатления, полученную информацию и знания. Эта игра будет полезна и интересна ученикам 7–11 классов, которых уже волнуют проблемы профориентации.</p>", "shortDescription": "Ребята в игровой форме узнают, какие профессии будут необходимы в будущем.", "min_price": 200, "link": "https://www.mos.ru/afisha/event/138733257/", "status": "accepted", "updateDate": 1631718776003, "start": 1632916800000, "end": 1632920400000, "createDate": 1627973797070, "inAccepted": true, "acceptDate": 1631718776008, "image": {"author": "Косаревский В.Г.", "name": "63450c5578d61936c3f69404e8fa729d.jpeg", "realName": "Мир профессий будущего2.jpg", "source": "Архив ГБУК г. Москвы \"ЦБС ЗАО\""}, "photo": "https://pro.culture.ru/uploads/63450c5578d61936c3f69404e8fa729d.jpeg", "gallery": [], "category": {"name": "Встречи", "sysName": "vstrechi"}, "time": {"start": "2021-09-29 12:00:00", "end": "2021-09-29 13:00:00"}}, {"id": 1250424, "name": "Квест «Анна Ахматова»", "age": 16, "description": "<p>Квест о жизни и творчестве Анны Ахматовой будет напоминать путешествие со старым чемоданом поэтессы, который хранит ее вещи, документы и стихи. Перелистывая страницы ее жизни, участники будут угадывать «спрятанную» в них историю о том, как жила и творила Анна Андреевна, кому посвящала свои стихи, какие события влияли на нее и ее творчество. Квест обещает быть интересным и увлекательным, а встреча с фактами из жизни Ахматовой не оставит участников равнодушными и поможет больше понять судьбу и поэзию поэта</p>", "shortDescription": "Участники узнают о жизненном и творческом пути Анны Ахматовой.", "min_price": 220, "link": "https://www.mos.ru/afisha/event/138717257/", "status": "new", "updateDate": 1637753060043, "start": 1634745600000, "end": 1646409600000, "createDate": 1627973619108, "inAccepted": true, "acceptDate": 1631718788466, "image": {"author": "Косаревский Владимир Геннадьевич", "name": "d10bc41818239b33eecfd6aba0b7183f.jpeg", "realName": "Квест Анна Ахматова.jpg", "source": "Архив ГБУК г. Москвы \"ЦБС ЗАО\""}, "photo": "https://pro.culture.ru/uploads/d10bc41818239b33eecfd6aba0b7183f.jpeg", "gallery": [], "category": {"name": "Встречи", "sysName": "vstrechi"}, "time": {"start": "2021-10-20 16:00:00", "end": "2022-03-04 16:00:00"}}]}