{"11292": [{"id": 1518479, "name": "Концерт «И жизнь, и слезы, и любовь»", "age": 6, "description": "<p>Мероприятие посвящено А. С. Пушкину. В программе – стихи, проза, песни в исполнении бардов и студентов театральных училищ. Ведет заседание Литературной гостиной президент Благотворительного фонда «Славянские традиции» Ольга Ивановна Мочалина. </p><p>Будущие актеры из московских театральных вузов помогут гостям проникнуться атмосферой изящной русской словесности и почувствовать уникальность пушкинского времени. Программа встречи подготовлена под руководством Ирины Фетисовой – кандидата философских наук, доцента кафедры сценической речи МГИК, члена Союза театральных деятелей, Союза литераторов России и Международной общественной академии голоса.</p>", "shortDescription": "Встреча весны в Литературной гостиной.", "min_price": 150, "max_price": 150, "link": "https://tickets.mos.ru/#/event-read/12048", "status": "accepted", "updateDate": 1639809135056, "start": 1646406000000, "end": 1646413200000, "createDate": 1638971900621, "inAccepted": true, "acceptDate": 1639809135126, "image": {"author": "-", "name": "19c2ff21deb90f9f5156c8eb4e8e0099.jpeg", "realName": "«..И жизнь, и слёзы, и любовь».jpg", "source": "-"}, "photo": "https://pro.culture.ru/uploads/19c2ff21deb90f9f5156c8eb4e8e0099.jpeg", "gallery": [], "category": {"name": "Концерты", "sysName": "koncerty"}, "time": {"start": "2022-03-04 15:00:00", "end": "2022-03-04 17:00:00"}}]}