{"11571": [{"id": 1277762, "name": "Программа «Игротека»", "age": 12, "description": "<p>Станьте участником увлекательного путешествия в мир настольных игр. На первый взгляд может показаться, что во времена компьютерных технологий настольная игра – это прошлый век и скучное занятие, но на самом деле – это очень увлекательное и веселое занятие, которое можно разделить со своими друзьями и знакомыми и прекрасно провести время. В игротеке будут представлены лучшие настольные игры: актуальная классика со всего мира.</p><p> «Монополия» – экономическая и стратегическая настольная игра для двух и более человек.</p><p> «Мафия» – клубная командная психологическая пошаговая ролевая игра с детективным сюжетом, моделирующая борьбу информированных друг о друге членов организованного меньшинства с неорганизованным большинством.</p><p> «Необъятная Россия – Это должен знать каждый!» – игра-викторина содержит 400 карточек с вопросами, на которые предстоит отвечать участникам.</p><p> «Имаджина́риум» – одна из лучших игр в России на воображение и ассоциациативное мышление, ведущий загадывает ассоциацию на картинку из своей руки, а остальные подбирают подходящую картинку на загаданную ассоциацю из своей руки. И еще множество других интересных и увлекательных игр ждут вас.</p>", "shortDescription": "Интересные и увлекательные настольные игры.", "min_price": 100, "max_price": 100, "link": "https://www.mos.ru/afisha/event/136063257/", "status": "accepted", "updateDate": 1629293128300, "start": 1634979600000, "end": 1635001200000, "createDate": 1629203839047, "inAccepted": true, "acceptDate": 1629302729519, "image": {"author": "-", "name": "062e96b4b8a8caa12b67262776d94bf9.jpeg", "realName": "1.jpg", "source": "-"}, "photo": "https://pro.culture.ru/uploads/062e96b4b8a8caa12b67262776d94bf9.jpeg", "gallery": [], "category": {"name": "Встречи", "sysName": "vstrechi"}, "time": {"start": "2021-10-23 09:00:00", "end": "2021-10-23 15:00:00"}}, {"id": 1258366, "name": "Пешеходная экскурсия «Достопримечательности района Алексеевский»", "age": 12, "description": "<p><span>Экскурсанты узнают об основных этапах строительства Мытищинского водопровода, истории ВДНХ, выставочного комплекса «Рабочий и колхозница», особенностях застройки ул. Б. Галушкина и проспекта Мира, создании мемориала «Покорителям космоса», Тихвинского храма в Алексеевском.</span><span></span></p><p><span>Объекты показа: Ростокинский акведук, выставочный комплекс «Рабочий и колхозница», дом Жолтовского на проспекте Мира, дом «на курьих ножках», наземный вестибюль станции М. ВДНХ (Северный вход), Мемориал «Покорителям космоса» ,г-ца «Космос», Тихвинский храм в Алексеевском. Начинается экскурсия с тематической программы в стенах Деловой библиотеки, включающая: презентацию о библиотеке, викторину и фотосессию в костюмах литературных героев.</span></p> <p><span><span> </span>Продолжительность прогулки около – 1,5–2 часа. </span><span></span></p>", "shortDescription": "Участники прогуляются по знаковым местам области.", "min_price": 300, "max_price": 300, "link": "https://www.mos.ru/afisha/event/136061257/", "status": "accepted", "updateDate": 1629200978865, "start": 1634904000000, "end": 1634911200000, "createDate": 1628245628004, "inAccepted": true, "acceptDate": 1629214019058, "image": {"author": "-", "name": "4bab44269b5a3a8e078336ef53b2e8ef.jpeg", "realName": "rostokinskii_akveduk_v-moskve2.jpg", "source": "https://avatars.mds.yandex.net/get-zen_doc/1640581/pub_5dbc069bfc69ab00acbaf83f_5dbc0a2cd7859b00af588145/scale_1200"}, "photo": "https://pro.culture.ru/uploads/4bab44269b5a3a8e078336ef53b2e8ef.jpeg", "gallery": [], "category": {"name": "Экскурсии", "sysName": "ekskursii"}, "time": {"start": "2021-10-22 12:00:00", "end": "2021-10-22 14:00:00"}}]}