{"11957": [{"id": 1515098, "name": "Программа «Тихий вечер. Концерт в канун Рождества»", "age": 12, "description": "<p>В декабрьский вечер накануне католического Рождества театр представит особенную программу. Прозвучит духовная музыка – хоралы и мотеты в интерпретации композиторов разных столетий, а также классические фортепианные сочинения, вокальные и симфонические опусы. Главное событие вечера – Концерт № 17 для фортепиано с оркестром В. А. Моцарта, одно из самых популярных произведений. </p><p>На сцене – непревзойденная пианистка большого масштаба Элисо Вирсаладзе, народная артистка СССР. Еще одна героиня вечера – Мария Баракова (меццо-сопрано), выпускница Молодежной оперной программы Большого театра, победительница XXVI Международного конкурса вокалистов имени М. И. Глинки и XVI Международного конкурса имени П. И. Чайковского.</p><p>В исполнении оркестра театра прозвучат «Тихая музыка» В. Сильвестрова и сюита из оперы «Бореады» Ж.-Ф. Рамо. Программу готовит маэстро Валентин Урюпин – главный дирижер и музыкальный руководитель «Новой Оперы». Хор театра под управлением Юлии Сенюковой исполнит духовные сочинения, в числе которых – мотет Hodie Christus natus est («Сегодня Христос рожден»).</p> <p> </p> <p> </p>", "shortDescription": "Концерт в католический Рождественский сочельник.", "min_price": 2200, "max_price": 3000, "link": "https://novayaopera.ru/afisha-i-bilety/performance/rozhdestvenskij-vecher/", "status": "accepted", "updateDate": 1639657631354, "start": 1640365200000, "end": 1640372400000, "createDate": 1638888972819, "inAccepted": true, "acceptDate": 1639657631435, "image": {"author": "Арсен Федосенко", "name": "e5e3d49a6d3a320cd078673866d500bc.jpeg", "realName": "Элисо Вирсаладзе 01.jpeg", "source": "https://novayaopera.ru/"}, "photo": "https://pro.culture.ru/uploads/e5e3d49a6d3a320cd078673866d500bc.jpeg", "gallery": [], "category": {"name": "Концерты", "sysName": "koncerty"}, "time": {"start": "2021-12-24 17:00:00", "end": "2021-12-24 19:00:00"}}, {"id": 1490329, "name": "Концерт «Пуччини-гала»", "age": 12, "description": "<p>В канун Нового года театр приглашает любителей оперного искусства на чудесный вечер. Два маэстро встанут за дирижерский пульт.</p> <p>В первом отделении прозвучат сцены и арии из опер великого итальянского оперного композитора в исполнении солистов театра.<span> </span>Благодаря красоте мелодий оперы «Манон Леско», «Тоска», «Сестра Анжелика», «Турандот» давно любимы слушателями. Оркестр возглавит маэстро Александр Самоилэ – признанный в музыкальном мире авторитет в области итальянской оперы. </p> <p>Во втором отделении драму сменит веселый жанр, прозвучит единственная комическая опера Пуччини под названием «Джанни Скикки».<span> </span>Написанная по канонам итальянской оперы-буфф, она опирается на традиции комедии дель-арте. Флоренция, средние века, герой-авантюрист... <span>За дирижерским пультом – Валентин Урюпин.</span></p>", "shortDescription": "Шедевры классической музыки.", "min_price": 2200, "max_price": 3500, "link": "https://novayaopera.ru/afisha-i-bilety/performance/arii-iz-italyanskix-oper-dzh-puchchini-dzhanni-skikki/", "status": "accepted", "updateDate": 1638867032984, "start": 1640880000000, "end": 1640889000000, "createDate": 1638191241957, "inAccepted": true, "acceptDate": 1638867036577, "image": {"author": "Александр Эмауз", "name": "7e2dfde0a8bc1f990835cff1e0ab4f90.jpeg", "realName": "IMG_7988.jpg", "source": "https://novayaopera.ru/"}, "photo": "https://pro.culture.ru/uploads/7e2dfde0a8bc1f990835cff1e0ab4f90.jpeg", "gallery": [], "category": {"name": "Концерты", "sysName": "koncerty"}, "time": {"start": "2021-12-30 16:00:00", "end": "2021-12-30 18:30:00"}}, {"id": 1445945, "name": "Квест «Главный дирижер о «Весне священной»", "age": 12, "description": "<p>В преддверии открытия первой dance-резиденции главный дирижер – музыкальный руководитель Валентин Урюпин смело решил пригласить зрителей на квест с участием оркестра театра. Это уникальная возможность познакомиться с секретами партитуры «Весны священной» Игоря Стравинского.</p><p> 24 ноября 2021 года Dance резиденцию откроет спектакль «Весна священная. Свадебка» театра «Провиндицальные танцы» под руководством Татьяны Багановой. Участники открытой репетиции узнают, на что стоит обратить внимание, слушая музыку «Весны...». При живом участии оркестрантов Валентин Урюпин расскажет о структуре балета, его музыкальных размерах и темпах.</p> <p style=\"margin-left:0px\">Модератор – музыкальный журналист, лектор Ляля Кандаурова.</p>", "shortDescription": "Тайны оркестровой лаборатории и рождения интерпретации. Открытая оркестровая репетиция.", "min_price": 800, "max_price": 800, "link": "https://novayaopera.ru/afisha-i-bilety/performance/glavnyij-o-vesne-kvest-s-orkestrom/", "status": "accepted", "updateDate": 1636984803320, "start": 1637683200000, "end": 1637688600000, "createDate": 1636618269865, "inAccepted": true, "acceptDate": 1636984803395, "image": {"author": "Александр Эмауз", "name": "ed38b5a9ead877b55c010a55725c6d5c.jpeg", "realName": "IMG_8552.jpg", "source": "https://novayaopera.ru/"}, "photo": "https://pro.culture.ru/uploads/ed38b5a9ead877b55c010a55725c6d5c.jpeg", "gallery": [], "category": {"name": "Встречи", "sysName": "vstrechi"}, "time": {"start": "2021-11-23 16:00:00", "end": "2021-11-23 17:30:00"}}, {"id": 1400550, "name": "Спектакль «Лоэнгрин»", "age": 12, "description": "<p><span>Рихард Вагнер – нечастый гость на московских музыкальных подмостках. И спектакль Новой Оперы удивляет зрителя с первых минут действия. Постановка, осуществленная датским режиссером Каспером Хольтеном, сталкивает мир условного Средневековья с миром Лоэнгрина, выворачивая вагнеровский миф наизнанку. Герой спасает Эльзу, он готов возглавить страну. Но посланец Грааля может творить добро только оставаясь неузнанным…</span></p> <p><span>Музыка Рихарда Вагнера наполнена лиризмом и утонченной поэтикой. Безусловным украшением оперы являются развернутые монологи и диалоги действующих лиц. </span><span>Оркестр окрашивает бурные и лихорадочные поступки героев в яркие цвета с той мерой неоднозначности, которую композитор умеет придавать музыкальному действию. </span><span></span></p>", "shortDescription": "Одна из самых поэтичных и совершенных опер Рихарда Вагнера.", "min_price": 1700, "max_price": 2500, "link": "https://novayaopera.ru/afisha-i-bilety/repertuar/lohengrin/", "status": "accepted", "updateDate": 1635002110767, "start": 1645628400000, "end": 1645641600000, "createDate": 1634639087562, "inAccepted": true, "acceptDate": 1635002110776, "image": {"author": "Кочетков Д.Ю.", "name": "5cbe9d44e90c9d5ce60a0ae9c38b691b.jpeg", "realName": "Лоэнгрин1.jpg", "source": "https://novayaopera.ru/"}, "photo": "https://pro.culture.ru/uploads/5cbe9d44e90c9d5ce60a0ae9c38b691b.jpeg", "gallery": [], "category": {"name": "Спектакли", "sysName": "spektakli"}, "time": {"start": "2022-02-23 15:00:00", "end": "2022-02-23 18:40:00"}}, {"id": 1389185, "name": "Спектакль «Приключения сапожника Петра»", "age": 12, "description": "<p>Скучно стало апостолу Петру в Царствии Небесном. Сделал он запрос на тело, и, получив его, спустился на землю. Простым сапожником. И остался…</p> <p>Приключения апостола Петра на земле и становятся связующей нитью сюжета.</p> <p>Екатеринбургский театр современной хореографии «Провинциальные танцы» под руководством Татьяны Багановой представляет на сцене спектакль-моралите для всей семьи. Постановка наполнена танцами, волшебными превращениями, забавными казусами, фокусами и шутками, а повествование – правдой жизни и народной мудростью.</p><p>Спектакль создан коллективом хореографов, куратор проекта и автор либретто – Татьяна Баганова.</p><p>Проходит в сопровождении аудиозаписи.</p>", "shortDescription": "В рамках программы «Dance-резиденция» – совместного проекта театра и фонда Mart.", "min_price": 1700, "max_price": 2500, "link": "https://novayaopera.ru/afisha-i-bilety/performance/priklyucheniya-sapozhnika-petra/", "status": "accepted", "updateDate": 1634631999610, "start": 1638028800000, "end": 1638118800000, "createDate": 1634135320203, "inAccepted": true, "acceptDate": 1634631999616, "image": {"author": "Дарья Попова", "name": "9e60ca4db123588da2fe1585384262f3.jpeg", "realName": "Сапож Петр_(фото Дарья Попова).jpg", "source": "https://novayaopera.ru/"}, "photo": "https://pro.culture.ru/uploads/9e60ca4db123588da2fe1585384262f3.jpeg", "gallery": [], "category": {"name": "Спектакли", "sysName": "spektakli"}, "time": {"start": "2021-11-27 16:00:00", "end": "2021-11-28 17:00:00"}}, {"id": 1342310, "name": "Концерт «Александр Невский», Симфония № 3»", "age": 12, "description": "<p>В программе декабрьского концерта – сочинения Сергея Прокофьева. </p> <p>Кантата «Александр Невский», созданная<span> для меццо-сопрано, хора и оркестра, имеет тесную взаимосвязь с традициями русской классики. В основе произведения лежит музыка, написанная в 1938 году к фильму Сергея Эйзенштейна «Александр Невский». Чуть позже советский поэт Владимир Луговской написал стихи для некоторых вокальных партий.</span></p> <p>Кантата состоит из семи частей и является образцом советского историко-героического эпоса. <span>В</span><span> произведении нашли отражение картины вражеского нашествия, патриотического подъема народа, решающей битвы, оплакивания погибших и прославления Родины.</span><span> В этом произведении Сергей Прокофьев широко применяет принцип звукописи: в его музыке отчетливо слышится карканье ворона, военные сигналы, ржание лошадей, треск льда.</span></p> <p><span>Во втором отделении – Симфония № 3.</span><span></span></p><p><span>За дирижерским пультом – Александр Лазарев.</span></p> <p><span> </span></p>", "shortDescription": "Концерт из цикла симфонических программ к 130-летию со дня рождения Сергея Прокофьева.", "min_price": 1200, "max_price": 2000, "link": "https://novayaopera.ru/afisha-i-bilety/performance/simfonicheskie-programmyi-ss-prokofev/", "status": "accepted", "updateDate": 1636482838592, "start": 1639324800000, "end": 1639333200000, "createDate": 1632232812031, "inAccepted": true, "acceptDate": 1636482838606, "image": {"author": "Сергей Виноградов", "name": "28ffc6de3f0bd9b46a9d475eb4afde0f.jpeg", "realName": "IMG_6618.jpg", "source": "https://novayaopera.ru/"}, "photo": "https://pro.culture.ru/uploads/28ffc6de3f0bd9b46a9d475eb4afde0f.jpeg", "gallery": [], "category": {"name": "Концерты", "sysName": "koncerty"}, "time": {"start": "2021-12-12 16:00:00", "end": "2021-12-12 18:20:00"}}, {"id": 1241381, "name": "Концерт «Открытие сезона. П. И. Чайковский, И. Ф. Стравинский»", "age": 12, "description": "<p>Программа концерта, открывающего новый театральный сезон, прочитывается как французская тема в русской музыке.</p><p>Концерт откроет первое действие оперы П. И. Чайковского «Орлеанская дева». В основе этой французской по тематике и форме оперы лежит романтическая драма Шиллера.</p> <p>В аскетичной и величественной опере-оратории И. Ф. Стравинского «Царь Эдип» на первый план выходит хор и предстает как комментатор действия.</p> <p>В концерте принимают участие солисты, хор и оркестр Новой Оперы. За дирижерский пульт встанет главный дирижер – музыкальный руководитель театра Валентин Урюпин.<strong></strong></p>", "shortDescription": "Изысканное выступление симфонического оркестра.", "min_price": 2200, "max_price": 3000, "link": "https://novayaopera.ru/afisha-i-bilety/performance/otkryitie-sezona-pi-chajkovskij-if-stravinskij/", "status": "accepted", "updateDate": 1630745390426, "start": 1631635200000, "end": 1631643600000, "createDate": 1627477688497, "inAccepted": true, "acceptDate": 1630745393307, "image": {"author": "Александр  Эмауз", "name": "44a6f0f72f89a48a35e698823dcf49e2.jpeg", "realName": "IMG_8552.jpg", "source": "https://novayaopera.ru/"}, "photo": "https://pro.culture.ru/uploads/44a6f0f72f89a48a35e698823dcf49e2.jpeg", "gallery": [], "category": {"name": "Концерты", "sysName": "koncerty"}, "time": {"start": "2021-09-14 16:00:00", "end": "2021-09-14 18:20:00"}}, {"id": 849927, "name": "Опера «Богема»", "age": 12, "description": "<p style=\"margin-left:0px\">Пуччини – невероятно точный и емкий композитор: каждая секунда, каждое мгновение его музыки наполнены смыслом. Литературной основой оперы стал роман Анри Мюрже, прославивший имя автора во второй половине XIX века на всю Европу. </p> <p style=\"margin-left:0px\">«Богема» – глубоко внутренняя история: размышление о художнике и творчестве. По замыслу автора постановки внешний мир – это следствие, а не причина. В спектакле очень важна роль субъективной камеры: автор постановки и художник все время играют с перспективой, с личностным взглядом на внешний мир. </p> <p style=\"margin-left:0px\">Главный акцент оперы – драматическая история любви Мими и Рудольфа. В постановке театра герои Пуччини помещаются в одну из самых интересных, острых и даже пряных эстетик – атмосферу Парижа конца 1940-х годов.</p> <p style=\"margin-left:0px\">Опера исполняется на итальянском языке с субтитрами.</p>", "shortDescription": "Трепетная история о талантливых и благородных обитателях Латинского квартала Парижа.", "min_price": 1700, "max_price": 2500, "link": "https://novayaopera.ru/afisha-i-bilety/repertuar/bogema/", "needCheck": true, "status": "accepted", "updateDate": 1640074615601, "start": 1615996800000, "end": 1647369600000, "createDate": 1607425645261, "inAccepted": true, "acceptDate": 1631116931900, "image": {"author": "Кочетков Д.Ю.", "name": "34024607fb0926d920c5fa7dd101aa21.jpeg", "realName": "IMG_2955.jpg", "source": "https://novayaopera.ru/"}, "photo": "https://pro.culture.ru/uploads/34024607fb0926d920c5fa7dd101aa21.jpeg", "gallery": ["https://pro.culture.ru/uploads/b2479d0ec5e0bb6b9c54e558833c4b14.jpeg"], "category": {"name": "Спектакли", "sysName": "spektakli"}, "time": {"start": "2021-03-17 16:00:00", "end": "2022-03-15 18:40:00"}}, {"id": 849807, "name": "Спектакль «Пряничный домик, или Гензель и Гретель»", "age": 0, "description": "<p>Театр представляет спектакль «Гензель и Гретель» Энгельберта Хумпердинка. Это одна из лучших детских опер, замечательный образец позднего романтизма. Режиссер Екатерина Одегова считает свою работу спектаклем для семейного просмотра. Не ограничиваясь рамками детского театра, команда постановщиков наделила спектакль яркими костюмами, декорациями, интерактивом, забавными сценическими ситуациями. Опера исполняется на русском языке.</p><p> Итак, в бедной хижине живут и трудятся дети – Гензель и Гретель. Однажды они забрели далеко в лес и очутились вблизи жилища Пряничной ведьмы. Тут-то все и начинается...</p>", "shortDescription": "Увлекательная сказка, замечательная музыка и настоящий праздник для детей и взрослых.", "min_price": 1200, "max_price": 2000, "link": "https://novayaopera.ru/afisha-i-bilety/repertuar/genzel-i-gretel/", "status": "accepted", "updateDate": 1630998997465, "start": 1615626000000, "end": 1641575700000, "createDate": 1607423111598, "inAccepted": true, "acceptDate": 1631028956801, "image": {"author": "Кочетков Д.Ю.", "name": "652339b40d57da080148e5cf024b8858.jpeg", "realName": "Img094.jpg", "source": "https://novayaopera.ru/"}, "photo": "https://pro.culture.ru/uploads/652339b40d57da080148e5cf024b8858.jpeg", "gallery": ["https://pro.culture.ru/uploads/598d528fb6f78996a4e7e88a9a707040.jpeg"], "category": {"name": "Спектакли", "sysName": "spektakli"}, "time": {"start": "2021-03-13 09:00:00", "end": "2022-01-07 17:15:00"}}, {"id": 847816, "name": "Опера «Лючия ди Ламмермур»", "age": 12, "description": "<p>«Лючия ди Ламмермур» – это полный страстей любовный сюжет, романтическая атмосфера Северной Британии, где разворачивается действие. И, конечно, прекрасная музыка в стиле бельканто. Литературная основа – роман Вальтера Скотта «Ламмермурская невеста».</p><p>Главным элементом музыкальной драматургии оперы является мелодия, которая посредством пения, в гибком legato выражает всю глубину экспрессии жизни и любви. Вместе с тем «Лючия ди Ламмермур» – еще и полная интриг психологическая драма. Действие оперы происходит в Шотландии XV века. Эффектные декорации переносят зрителя в ту эпоху.</p>", "shortDescription": "Одна из самых популярных и красивых опер Доницетти, полная любви, ревности, убийств и безумия.", "min_price": 1700, "max_price": 2500, "link": "https://novayaopera.ru/afisha-i-bilety/repertuar/lucia-di-lammermoor/", "status": "accepted", "updateDate": 1630571675149, "start": 1614873600000, "end": 1633631400000, "createDate": 1607336170199, "inAccepted": true, "acceptDate": 1630571678211, "image": {"author": "Кочетков Д.Ю.", "name": "32d3efb3e66dd44a27c700ae4277da07.jpeg", "realName": "IMG_0045.jpg", "source": "https://novayaopera.ru/"}, "photo": "https://pro.culture.ru/uploads/32d3efb3e66dd44a27c700ae4277da07.jpeg", "gallery": ["https://pro.culture.ru/uploads/33fa138e811801728026eaa93cb862f2.jpeg"], "category": {"name": "Спектакли", "sysName": "spektakli"}, "time": {"start": "2021-03-04 16:00:00", "end": "2021-10-07 18:30:00"}}, {"id": 833855, "name": "Опера «Риголетто»", "age": 12, "description": "<p>Спектакль «Риголетто» – пример классического вердиевского театра со страстями, слезами, нежностью и коварством, с историческими костюмами и романтическим антуражем. Естественный рисунок, отчетливый драматический рельеф постановки, яркие мизансцены – все выразительные средства подчеркивают блистательную музыку Верди.</p><p> В разное время в спектакле участвовали не только штатные артисты театра, но и многие приглашенные звезды. Прекрасные арии, ансамбли с участием главных героев (Риголетто, Герцога, Джильды), яркие запоминающиеся мелодии стали мировыми оперными шлягерами.</p>", "shortDescription": "Совместный проект театра «Новая опера» и Савонлиннского оперного фестиваля.", "min_price": 2200, "max_price": 3000, "link": "https://novayaopera.ru/afisha-i-bilety/repertuar/rigoletto/", "status": "accepted", "updateDate": 1636294918338, "start": 1608307200000, "end": 1645383900000, "createDate": 1606481285761, "inAccepted": true, "acceptDate": 1636294918350, "image": {"author": "Кочетков Д.Ю.", "name": "f88878cef325ac897f0e56f0233eb149.jpeg", "realName": "Риголетто-4.jpg", "source": "https://novayaopera.ru/"}, "photo": "https://pro.culture.ru/uploads/f88878cef325ac897f0e56f0233eb149.jpeg", "gallery": ["https://pro.culture.ru/uploads/113d5fcee34a1aff79b5f52832328de1.jpeg"], "category": {"name": "Спектакли", "sysName": "spektakli"}, "time": {"start": "2020-12-18 16:00:00", "end": "2022-02-20 19:05:00"}}, {"id": 830189, "name": "Опера «Тристан и Изольда»", "age": 12, "description": "<p>Опера Вагнера «Тристан и Изольда» – идеал красоты и экспрессивности в музыке. Ее московская премьера стала музыкальным событием 2013 года. </p><p>В «Тристане» Вагнер использует удивительно современный музыкальный язык. В опере нет увертюры, но есть прелюдия, переносящая зрителя в другое измерение. Накал музыкальных страстей нарастает к ключевым моментам в развитии отношений героев. Это касается в основном дуэтов. Опера «Тристан и Изольда» – история интеллектуальной любви с большим количеством разговоров и рефлексии. </p><p>Музыкальный руководитель постановки Ян Латам-Кениг – лауреат премии «Золотая маска» в номинации «Опера. Работа дирижера» 2013 года.</p>", "shortDescription": "Музыкальная драма Рихарда Вагнера.", "min_price": 1700, "max_price": 2500, "link": "https://novayaopera.ru/afisha-i-bilety/repertuar/tristaniizolda/", "status": "accepted", "updateDate": 1630572649486, "start": 1611500400000, "end": 1633894800000, "createDate": 1606311200423, "inAccepted": true, "acceptDate": 1630572652938, "image": {"author": "Кочетков Д.Ю.", "name": "d86044a17b4b7599ac3de4493ed62105.jpeg", "realName": "Img079.jpg", "source": "https://novayaopera.ru/"}, "photo": "https://pro.culture.ru/uploads/d86044a17b4b7599ac3de4493ed62105.jpeg", "gallery": ["https://pro.culture.ru/uploads/b482e1a9a15b9da586e93564820d79d4.jpeg"], "category": {"name": "Спектакли", "sysName": "spektakli"}, "time": {"start": "2021-01-24 15:00:00", "end": "2021-10-10 19:40:00"}}, {"id": 820538, "name": "Опера «Ромео и Джульетта»", "age": 12, "description": "<p>Спектакль французского режиссера Арно Бернара, ставший визитной карточкой театра последних лет, получил сразу две премии «Золотая маска». Шарль Гуно по-настоящему верен шекспировскому тексту, его вариант переложения пьесы очень точен. В либретто, на которое опирается композитор, в его музыке есть та самая жестокость, которая слышится у Шекспира.</p><p>Основная идея спектакля – восстановить, проявить жестокость, заложенную в шекспировской пьесе. И дать возможность зрителю понять невероятную любовь Ромео и Джульетты, невыносимую в условиях безграничной ненависти. Чтобы подчеркнуть главную идею спектакля, режиссер-постановщик использовал боевые трюки и эффектные фехтовальные сцены.</p>", "shortDescription": "Одна из лучших постановок Шарля Гуно, ставшая удачным воплощением трагедии Уильяма Шекспира.", "min_price": 1700, "max_price": 2500, "link": "https://novayaopera.ru/afisha-i-bilety/repertuar/romeo-i-dzhuletta/", "status": "accepted", "updateDate": 1634154338437, "start": 1607529600000, "end": 1639769400000, "createDate": 1605710677736, "inAccepted": true, "acceptDate": 1634154338621, "image": {"author": "Кочетков Д.Ю", "name": "6992fbd23f0cc5128b26196902b3e86b.jpeg", "realName": "IMG_0010.jpg", "source": "http://novayaopera.ru"}, "photo": "https://pro.culture.ru/uploads/6992fbd23f0cc5128b26196902b3e86b.jpeg", "gallery": ["https://pro.culture.ru/uploads/c1768ec4c0e050e255e0a1becda2e560.jpeg"], "category": {"name": "Спектакли", "sysName": "spektakli"}, "time": {"start": "2020-12-09 16:00:00", "end": "2021-12-17 19:30:00"}}, {"id": 818408, "name": "Опера «Золушка»", "age": 6, "description": "<p>Традиционный сказочный сюжет Шарля Перро в трактовке Россини превращается в комическую оперу, полную неожиданностей. Вместо мачехи у Золушки появляется отчим, барон Маньифико, вместо Феи – волшебник Алидоро. В спектакле он же является режиссером-драматургом, который сочиняет сказку у зрителей на глазах и руководит всеми персонажами.</p><p>Комическая опера Россини, с её яркими контрастами и превращениями, играет новыми красками в постановке, широко использующей компьютерные технологии. На огромных экранах старая комната с пауками становится фантастическим садом, полным причудливых растений; облака, летящие сквозь двери, мгновенно сменяются изображением кареты, увозящей Золушку на бал.</p>", "shortDescription": "Чудесная опера Россини! Полная комических ситуаций, переодеваний и, конечно, волшебства!", "min_price": 2200, "max_price": 3000, "link": "https://novayaopera.ru/afisha-i-bilety/repertuar/zolushka/", "needCheck": true, "status": "accepted", "updateDate": 1631005737840, "start": 1608739200000, "end": 1641236400000, "createDate": 1605617007055, "inAccepted": true, "acceptDate": 1631117031434, "image": {"author": "Кочетков Д.Ю.", "name": "30392fe7a79e82a2b58712b6f40cdc70.jpeg", "realName": "IMG_0041.jpg", "source": "https://novayaopera.ru/"}, "photo": "https://pro.culture.ru/uploads/30392fe7a79e82a2b58712b6f40cdc70.jpeg", "gallery": ["https://pro.culture.ru/uploads/50a49798b50cb71bb21faedcb84fe217.jpeg"], "category": {"name": "Спектакли", "sysName": "spektakli"}, "time": {"start": "2020-12-23 16:00:00", "end": "2022-01-03 19:00:00"}}, {"id": 736328, "name": "Опера «Борис Годунов»", "age": 12, "description": "<p>Классический спектакль «Новой оперы», поставленный в 1998 году, – редко исполняемая первая редакция оперы М. П. Мусоргского. Она была отвергнута цензурой по нескольким причинам; одна из них – отсутствие выигрышной женской роли. Отправной точкой для режиссера Валерия Беляковича стали слова А. С. Пушкина о его трагедии («судьба человеческая – судьба народная»). </p><p>Строгий, стилистически выдержанный спектакль концентрируется на главной идее – трагедии людей, попавших в водоворот истории. Тесное сценическое пространство развернуто авторами спектакля в мощное историческое полотно. Герои – не исполненные величия царь и бояре, а люди с трагической судьбой.</p>", "shortDescription": "Мощное историческое полотно, развернутое в сценическом пространстве театра.", "min_price": 2200, "max_price": 3000, "link": "https://novayaopera.ru/afisha-i-bilety/repertuar/borisgodunov/", "status": "accepted", "updateDate": 1630571595676, "start": 1601654400000, "end": 1634928000000, "createDate": 1600181543671, "inAccepted": true, "acceptDate": 1630571599607, "image": {"author": "Кочетков Д.Ю.", "name": "6af35545b603d945c735ed32b10644a4.jpeg", "realName": "Борис-Годуной.jpg", "source": "https://novayaopera.ru"}, "photo": "https://pro.culture.ru/uploads/6af35545b603d945c735ed32b10644a4.jpeg", "gallery": [], "category": {"name": "Спектакли", "sysName": "spektakli"}, "time": {"start": "2020-10-02 16:00:00", "end": "2021-10-22 18:40:00"}}, {"id": 699229, "name": "Спектакль «Продавец игрушек»", "age": 6, "description": "<p>Это спектакль для детей и взрослых. Литературная основа – роман писателя Виктора Добросоцкого. Опера создана Алексеем Шелыгиным специально по заказу театра и представляет собой самостоятельное сочинение. Философская сказка о французском продавце игрушек, обретающем счастье и смысл жизни, предстает в новом свете.</p><p>Поэт Кирилл Крастошевский – автор либретто – добавил «немного театрального экшена», создал целый мир игрушек, равноценный миру людей. В опере их партии исполняют артисты хора, каждый из которых стал уникальной игрушкой. Удивительно красивая музыка оперы абсолютно традиционна, в ней очень чувствуется влияние кино. Особенности сюжетной конструкции (диалог времен, стран, культур), а также сама ситуация подсказали игру с разными моделями, стилями и возможностями оперного театра.</p>", "shortDescription": "Фантазия в двух действиях на музыку Алексея Шелыгина.", "min_price": 1200, "max_price": 2000, "link": "https://novayaopera.ru/afisha-i-bilety/repertuar/prodavets-igrushek/", "status": "accepted", "updateDate": 1636295071025, "start": 1599987600000, "end": 1645967700000, "createDate": 1596548346066, "inAccepted": true, "acceptDate": 1636295071031, "image": {"author": "Кочетков Д.Ю.", "name": "8b36d2ded908873c0615b16927eaf040.jpeg", "realName": "Продавец игрушек.jpg", "source": "https://novayaopera.ru/"}, "photo": "https://pro.culture.ru/uploads/8b36d2ded908873c0615b16927eaf040.jpeg", "gallery": ["https://pro.culture.ru/uploads/353a7821443f337ee7839631b6e888bb.jpeg", "https://pro.culture.ru/uploads/b0695d66eaba4921c94d3c8e25dcf6c0.jpeg"], "category": {"name": "Спектакли", "sysName": "spektakli"}, "time": {"start": "2020-09-13 09:00:00", "end": "2022-02-27 13:15:00"}}, {"id": 582239, "name": "Опера «Фауст»", "age": 12, "description": "<p>Театр «Новая Опера» играет «Фауста» в неожиданном преломлении. Немецко-французская матрица предстает в сочетании с героями Михаила Булгакова. Играя Маргаритой и Фаустом – Светом и Тьмой, – Мефистофель представляет диалектику Добра и Зла, доводит эти силы до Абсолюта и наблюдает. С тремя главными персонажами связаны и три сценических лейтмотива – света, движения, платка. </p><p>Действие спектакля нелинейно, путешествие в пространстве и времени диктует форму – от черного кабинета Фауста к черному кабинету Мефистофеля, через городок немецкого средневековья и цветущий сад.</p>", "shortDescription": "Знаменитая постановка Шарля Гуно, ставшая частью русской и московской оперной культуры.", "min_price": 1700, "max_price": 2500, "link": "https://novayaopera.ru/afisha-i-bilety/repertuar/faust/", "needCheck": true, "status": "accepted", "updateDate": 1634913064593, "start": 1583337600000, "end": 1644003600000, "createDate": 1581944464897, "inAccepted": true, "acceptDate": 1634913064728, "image": {"author": "Кочетков Д.Ю.", "name": "c1471dd8cf45bccba2cabb66bfa3a182.jpeg", "realName": "Фауст2.jpg", "source": "http://novayaopera.ru/"}, "photo": "https://pro.culture.ru/uploads/c1471dd8cf45bccba2cabb66bfa3a182.jpeg", "gallery": ["https://pro.culture.ru/uploads/267f72189f35e216eb15fda53f6c2956.jpeg"], "category": {"name": "Спектакли", "sysName": "spektakli"}, "time": {"start": "2020-03-04 16:00:00", "end": "2022-02-04 19:40:00"}}, {"id": 567388, "name": "Опера «Трубадур»", "age": 12, "description": "<p>Опера «Трубадур» – одна из жемчужин наследия Верди. Созданная по драме Антонио Гутьерреса, опера довольно сложна и запутанна. Понять хитросплетения «Трубадура» сложно даже самым догадливым слушателям.</p><p> В этой опере три главных составляющих: мир графа ди Луны, мир Леоноры и мир цыган – Манрико и Азучены. Это три интонации, три оттенка, три образа «Трубадура». Поэтому в сценическом решении центральным элементом декорации являются три башни, у каждой – три стороны, все они разные и символизируют миры главных героев. Костюмы героев соответствуют эпохе. Знаменитый факт: до сих пор в трактире около театра «Ла Скала» в Милане замурована бутылка шампанского: ее получит тот, кто складнее всех перескажет сюжет сочинения…</p>", "shortDescription": "Одна из ярчайших опер Верди, мрачная романтическая драма, полная роковых тайн и любовных страстей.", "min_price": 1700, "max_price": 2500, "link": "https://novayaopera.ru/afisha-i-bilety/repertuar/trubadur/", "needCheck": true, "status": "accepted", "updateDate": 1634046642995, "start": 1582992000000, "end": 1643394600000, "createDate": 1580397058180, "inAccepted": true, "acceptDate": 1634046643327, "image": {"author": "Кочетков Д.Ю.", "name": "15fed74bd1f053ec1a44cadb5254c00f.jpeg", "realName": "Трубадур.jpg", "source": "https://novayaopera.ru/"}, "photo": "https://pro.culture.ru/uploads/15fed74bd1f053ec1a44cadb5254c00f.jpeg", "gallery": [], "category": {"name": "Спектакли", "sysName": "spektakli"}, "time": {"start": "2020-02-29 16:00:00", "end": "2022-01-28 18:30:00"}}, {"id": 566216, "name": "Опера «Севильский цирюльник»", "age": 6, "description": "<p>«Севильский цирюльник» – удивительная гармония легкости, изящества и тончайшего мастерства. Этот шедевр обошел все мировые сцены. Некоторые арии знают даже дети, а фраза «Фигаро здесь, Фигаро там» стала крылатой. </p><p>Семь ярких персонажей, любовная интрига, изумительные по остроте диалоги, великолепные мелодии и виртуозные ансамбли. Исторически корректная и в то же время современная и динамичная, постановка вызывает ассоциации с киноискусством итальянского неореализма. В финале спектакля, в традициях условного театра, соединяются важнейшие темы оперы – комическая и любовная.</p>", "shortDescription": "Шедевр Россини, одна из лучших комических опер всех времен и народов.", "min_price": 4000, "max_price": 5500, "link": "https://novayaopera.ru/afisha-i-bilety/repertuar/sevilski-tsiryulnik/", "needCheck": true, "status": "accepted", "updateDate": 1634912354574, "start": 1582473600000, "end": 1644346200000, "createDate": 1580301588889, "inAccepted": true, "acceptDate": 1634912354742, "image": {"author": "Кочетков Д.Ю.", "name": "c66d542e250ead386bf49a042b750c43.jpeg", "realName": "Сивильский цирюльник.jpg", "source": "https://novayaopera.ru/"}, "photo": "https://pro.culture.ru/uploads/c66d542e250ead386bf49a042b750c43.jpeg", "gallery": ["https://pro.culture.ru/uploads/39c86d628c87903d598051c5da5e0064.jpeg"], "category": {"name": "Спектакли", "sysName": "spektakli"}, "time": {"start": "2020-02-23 16:00:00", "end": "2022-02-08 18:50:00"}}, {"id": 564044, "name": "Спектакль «Князь Игорь»", "age": 12, "description": "<p>Музыкальной основой постановки стала известная редакция А. К. Глазунова – Н. А. Римского-Корсакова. Коллеги Бородина слышали в его исполнении многие эпизоды, которые так и не были зафиксированы в нотной записи. После смерти Бородина Римский-Корсаков и Глазунов завершили оперу и восстановили по памяти многие фрагменты. Однако в ряде случаев последовательность сцен изменена: в частности, увертюра звучит после пролога, а завершается опера хором поселян. </p><p>Одна из изюминок постановки – сцена половецких плясок, в которой хор не только поет, но и танцует.</p>", "shortDescription": "Интерпретация событий 1000-летней давности, наполненная современными аллюзиями.", "min_price": 2200, "max_price": 3000, "link": "https://novayaopera.ru/afisha-i-bilety/repertuar/knyaz-igor/", "status": "accepted", "updateDate": 1640074388164, "start": 1581868800000, "end": 1653071400000, "createDate": 1580129788759, "inAccepted": true, "acceptDate": 1634905499433, "image": {"author": "Кочетков Д.Ю.", "name": "db9751668f711c84c50746327c8d249a.jpeg", "realName": "Князь-Игорь.jpg", "source": "https://novayaopera.ru"}, "photo": "https://pro.culture.ru/uploads/db9751668f711c84c50746327c8d249a.jpeg", "gallery": [], "category": {"name": "Спектакли", "sysName": "spektakli"}, "time": {"start": "2020-02-16 16:00:00", "end": "2022-05-20 18:30:00"}}, {"id": 371062, "name": "Балет «Дон Кихот»", "age": 6, "description": "<p>«Дон Кихот» – самый радостный и яркий классический балет в мире! И уж точно один из самых популярных. Это настоящий символ русского классического балета, хотя музыку написал чех Людвиг Минкус, первоначальную хореографическую версию предложил француз Мариус Петипа, а сюжет, всем известно, заимствован из романа испанца Мигеля Сервантеса. </p><p>Не ждите от этого спектакля подлинной истории знаменитого рыцаря печального образа. Лишь пара эпизодов великого романа легли в основу балетного сюжета, дав повод для нескончаемой череды темпераментных и красивых танцев. Захватывающая праздничная танцевальная стихия – вот, что такое этот балет, который никого не может оставить равнодушным. </p><p>Дон Кихот, начитавшись рыцарских романов, отправляется в путешествие за подвигами. Дочь трактирщика Китри кажется ему прекрасной Дульсинеей. Но Китри любит цирюльника Базиля. Ряд веселых приключений заканчивается свадьбой Китри и Базиля.</p>", "shortDescription": "Балет на музыку Людвига Минкуса. Хореография Мариуса Петипа.", "min_price": 500, "max_price": 5000, "link": "https://afisha.yandex.ru/moscow/ballet/don-kikhot-teatr-klassicheskogo-baleta-kasatkinoi-i-vasileva?source=search-page", "status": "accepted", "updateDate": 1630567414242, "start": 1567008000000, "end": 1634151600000, "createDate": 1551108503791, "inAccepted": true, "acceptDate": 1630678528257, "image": {"author": "Александр Панков", "name": "9c36292dab331bde476c2d5904ee9f34.jpg", "realName": "8231007b03a1a3bf1e12835d154909f8_w2048_h2048.jpg", "source": "https://classicalballet.ru/"}, "photo": "https://pro.culture.ru/uploads/9c36292dab331bde476c2d5904ee9f34.jpg", "gallery": [], "category": {"name": "Спектакли", "sysName": "spektakli"}, "time": {"start": "2019-08-28 16:00:00", "end": "2021-10-13 19:00:00"}}, {"id": 273988, "name": "Опера «Евгений Онегин»", "age": 6, "description": "<p><span>Имеено Евгений Колобов – основатель театра – стал главным невидимым режиссером спектакля, определив его основные акценты и общую драматургическую направленность. </span><span>Опера, поставленная им, по сути своей – трагедия. Этот спектакль – как бы дуэль с большой буквы: Онегина и Ленского, Ленского и Ольги, Онегина и Татьяны, Татьяны и Гремина... </span></p><p><span>Неслучайно у самого Петра Чайковского в первом варианте оперы последние слова главного героя звучали так: «О смерть, о смерть, иду искать тебя!» Ими и заканчивается постановка.</span></p><p><span> Постановка – лауреат национальной театральной премии «Золотая маска» в номинации «Лучший музыкальный спектакль». </span></p>", "shortDescription": "Квинтэссенция роковых страстей, неразгаданных чувств, прерванных отношений.", "min_price": 1700, "max_price": 2500, "link": "https://novayaopera.ru/afisha-i-bilety/repertuar/evgeny-onegin/", "status": "accepted", "updateDate": 1630571509685, "start": 1532620800000, "end": 1635099000000, "createDate": 1531225991896, "inAccepted": true, "acceptDate": 1630571512869, "image": {"author": "Кочетков Д,Ю.", "name": "1eea3b6956803a96df561502589cd040.jpeg", "realName": "IMG_6317.jpg", "source": "https://novayaopera.ru/"}, "photo": "https://pro.culture.ru/uploads/1eea3b6956803a96df561502589cd040.jpeg", "gallery": ["https://pro.culture.ru/uploads/55558a4a302d6de47b00069560a7ec01.jpeg"], "category": {"name": "Спектакли", "sysName": "spektakli"}, "time": {"start": "2018-07-26 16:00:00", "end": "2021-10-24 18:10:00"}}, {"id": 11030, "name": "Балет «Ромео и Джульетта»", "age": 12, "description": "<p>Постановка «Ромео и Джульетты» Наталии Касаткиной и Владимира Василева прошла нелегкий путь к сцене. В 1972 году ее пытались запретить за провокационное содержание: в балете появились любовные сцены и народный юмор, которыми богата шекспировская пьеса. Авторы сумели отстоять свою постановку, и балет стал хитом: зрители смеялись и плакали вместе с персонажами «Ромео и Джульетты».</p><p>Балетмейстеры стремились приблизиться к литературному первоисточнику: трагедия Шекспира оживает на сцене благодаря детально проработанным характерам. Романтические образы главных героев, комические фигуры слуг и гротескные персонажи народного карнавала погружают зрителя в атмосферу шекспировской Вероны.</p><p>В спектакле звучит оригинальная музыка Сергея Прокофьева. Всемирно известный дирижер Геннадий Рождественский восстановил авторскую партитуру и вернул музыке первоначальное лирическое звучание вместо маршевых и народных мотивов, приданных ей прежде в угоду идеологическим требованиям.</p>", "shortDescription": "Хореографическая фантазия в трех действиях.", "min_price": 300, "max_price": 5000, "link": "https://classicalballet.ru/romeoij", "status": "accepted", "updateDate": 1635950463734, "start": 1485532800000, "end": 1644433200000, "createDate": 1443785535323, "inAccepted": true, "acceptDate": 1635950464234, "image": {"author": "Александр Панков", "name": "d73cd287e2964d59fd748c0753ed2e86.jpeg", "realName": "romeoij_111.jpg", "source": "https://classicalballet.ru/"}, "photo": "https://pro.culture.ru/uploads/d73cd287e2964d59fd748c0753ed2e86.jpeg", "gallery": ["https://pro.culture.ru/uploads/4abae7d2f62e62cdb7ecafd3890b8aed.jpeg", "https://pro.culture.ru/uploads/e2aaa8959108656cd159461282b3073e.jpeg", "https://pro.culture.ru/uploads/743d958743c3fbdbcb2a408efc15cdfe.jpeg", "https://pro.culture.ru/uploads/4a8fffa0ff461448c88332d8635b593f.jpeg"], "category": {"name": "Спектакли", "sysName": "spektakli"}, "time": {"start": "2017-01-27 16:00:00", "end": "2022-02-09 19:00:00"}}]}