{"11620": [{"id": 1333908, "name": "Концерт «Новогодний вечер»", "age": 12, "description": "<p>Музыкальный театр оперетты «Фигаро» Дома культуры «Нагорный», участник Всероссийских и Московских фестивалей, городских мероприятий, образован в 2002 году артистом Московского театра оперетты Евгением Изотовым. <br /> Изначально отдавая предпочтение жанру оперетты, коллектив «Фигаро» включает в свой репертуар отрывки из известных опер, песни и романсы. За время существования коллектива многие его участники выступали не только в стенах ДК «Нагорный», но также в ЦСО, санаториях, домах отдыха и других площадках Москвы и Подмосковья.<br /> В коллективе театра – люди разных профессий и возрастов. Большинство его участников имеют прекрасные вокальные и артистические способности, являются победителями различных творческих смотров и конкурсов. Высокий уровень артистов музыкального театра оперетты «Фигаро» позволяет им выступать наравне и совместно с профессиональными артистами московских театров.<br /> </p>", "shortDescription": "Новогодний вечер музыкального театра оперетты «Фигаро» в канун волшебного праздника.", "min_price": 250, "max_price": 250, "link": "https://www.mos.ru/afisha/event/143708257/", "status": "accepted", "updateDate": 1632301869572, "start": 1640444400000, "end": 1640448000000, "createDate": 1631786337712, "inAccepted": true, "acceptDate": 1632301869580, "image": {"author": "Евгений Изотов", "name": "132194c7dc572c645f6e5bdd3e86d59b.jpeg", "realName": "Фигаро мос ру.jpg", "source": "https://vk.com/album-54003437_259809060?z=photo-54003437_457241013%2Falbum-54003437_259809060"}, "photo": "https://pro.culture.ru/uploads/132194c7dc572c645f6e5bdd3e86d59b.jpeg", "gallery": [], "category": {"name": "Концерты", "sysName": "koncerty"}, "time": {"start": "2021-12-25 15:00:00", "end": "2021-12-25 16:00:00"}}, {"id": 1333903, "name": "Концерт Хора русской песни «Любовь моя – Московия»", "age": 6, "description": "<p>Хор русской песни Дома культуры «Нагорный», лауреат всероссийских и московских фестивалей и конкурсов, образован в 1958 году народной артисткой СССР, профессором ГМПИ им. Гнесиных Мешко Н.К. С 1987 года коллективом руководил Товкач А.М. С августа 2019 г. коллективом руководит Киселева М.Д.<br />В состав ансамбля входят 22 человека в возрасте от 20 до 60 лет. Основу репертуара ансамбля составляет русское народное песенное творчество и фольклор.<br />Ансамбль с 1987 года носит звание «Народный коллектив», а с 2016 года – звание «Ведущий творческий коллектив города Москвы».<br /> </p>", "shortDescription": "В программе русские песни, театрализованные зарисовки, народные танцы и традиционные игры.", "min_price": 250, "max_price": 250, "link": "https://www.mos.ru/afisha/event/143710257/", "status": "accepted", "updateDate": 1636483415096, "start": 1638630000000, "end": 1638633600000, "createDate": 1631786205435, "inAccepted": true, "acceptDate": 1636483415111, "image": {"author": "Марина Киселева", "name": "f9d0968c12c1ad6941a28ebf4cf691d0.jpeg", "realName": "LWJty6nPypg.jpg", "source": "https://vk.com/club137336206?z=photo-137336206_456239021%2Falbum-137336206_240708718%2Frev"}, "photo": "https://pro.culture.ru/uploads/f9d0968c12c1ad6941a28ebf4cf691d0.jpeg", "gallery": [], "category": {"name": "Концерты", "sysName": "koncerty"}, "time": {"start": "2021-12-04 15:00:00", "end": "2021-12-04 16:00:00"}}, {"id": 1333895, "name": "Концерт «Мне мама тихо говорила»", "age": 6, "description": "<p>Эстрадный оркестр «Мелодика», Лауреат фестиваля эстрадной песни, Лауреат Московских фестивалей эстрадных оркестров и джазовых групп, Лауреат фестиваля «Салют Победы», образован в 1969 Заслуженным работником культуры России Александром Бабкиным.<br />Основу репертуара оркестра составляют оркестровые джазовые композиции и эстрадные песни. В состав ансамбля входят 15 человек в возрасте от 35 до 79 лет. <br /> В программе концерта эстрадные мелодии и песни из советских кинофильмов, джазовые композиции и современные хиты. <br /> </p>", "shortDescription": "Выступление эстрадного оркестра «Мелодика» посвящено Дню матери.", "min_price": 250, "max_price": 250, "link": "https://www.mos.ru/afisha/event/143711257/", "status": "accepted", "updateDate": 1636449462911, "start": 1639836000000, "end": 1639839600000, "createDate": 1631785992571, "inAccepted": true, "acceptDate": 1636449463023, "image": {"author": "Александр Бабкин", "name": "f24fae383a0866cdd4e3c848a09ac3be.jpeg", "realName": "IMG_1592.JPG", "source": "https://vk.com/album-54003437_269260360"}, "photo": "https://pro.culture.ru/uploads/f24fae383a0866cdd4e3c848a09ac3be.jpeg", "gallery": [], "category": {"name": "Концерты", "sysName": "koncerty"}, "time": {"start": "2021-12-18 14:00:00", "end": "2021-12-18 15:00:00"}}, {"id": 1333885, "name": "Мастер-класс по спортивным бальным танцам", "age": 12, "description": "<p>Кирилл Хоптенко – Финалист Чемпионатов г. Москвы и призер Первенств в стандартной программе танцев.<br /> Финалист Кубка Мира WDC в качестве танцора-профессионала в системе «Про-Ам».<br /> Руководитель и тренер спортивного танцевального коллектива «S-КЛУБ», специализирующегося на подготовке взрослых танцоров. Тренерский стаж более 20 лет. Ученики – победители призеры и финалисты Первенств Российского Танцевального Союза, Московской Федерации спортивного танца, Кубка Московской Федерации бального танца.<br /> Опыт судейства официальных соревнований более 10 лет, первая категория Российского танцевального союза.<br /> Член президиума Национальной Танцевальной Лиги. <br /> Кирилл Хоптенко обучает не только профессионалов спорных бальных танцев, но и людей, которые никогда не занимались хореографией, но имеют желание танцевать, выходить на сцену, изменить свою жизнь, украсив ее творчеством. </p>", "shortDescription": "Занятие проводит Кирилл Хоптенко.", "min_price": 250, "max_price": 250, "link": "https://www.mos.ru/afisha/event/143751257/", "status": "accepted", "updateDate": 1632301878044, "start": 1639213200000, "end": 1639218600000, "createDate": 1631785721278, "inAccepted": true, "acceptDate": 1632301878057, "image": {"author": "Кирилл Хоптенко", "name": "f139c91a8993704efd9d08f070662394.jpeg", "realName": "Ф124_j0L5kZK_thumbnail.jpg", "source": "https://vk.com/album-54003437_259809060?z=photo-54003437_457241009%2Falbum-54003437_259809060"}, "photo": "https://pro.culture.ru/uploads/f139c91a8993704efd9d08f070662394.jpeg", "gallery": [], "category": {"name": "Обучение", "sysName": "obuchenie"}, "time": {"start": "2021-12-11 09:00:00", "end": "2021-12-11 10:30:00"}}, {"id": 1333880, "name": "Мастер-класс по мобильной видеосъемке и видеомонтажу", "age": 12, "description": "<p>Максим Грибов имеет большой опыт работы в индустрии кино в качестве оператора и видеомонтажера и готов поделиться знаниями с теми, кто хочет развиваться в видео индустрии. <br /> «Курс по мобильной видеосъемке и мобильному видеомонтажу».<br /> Мобильная видеосъемка: <br /> 1. Камера на телефоне: основы операторского искусства, настройки, количество кадров и качество видео. <br /> 2. Программы для видеосъемки для смартфона: баланс белого, экспозиция, ISO (чувствительность пленки) <br /> 3. Различия в программах для IOS и Android. Разновидность техник для мобильной съемки для создания нужного эффекта. <br /> 4. Насмотренность. Тренды видеосъемки, референсы, источник идей для видео.<br /> 5. Локации для съемки. Особенности локаций.<br /> 6. Предметная съемка на телефон:<br /> – Портретная съемка на телефон;<br /> – Композиция кадра, планы и ракурсы.<br /> 7. Свет: естественное и искусственное освещение, заливной, контровой, рисующий, холодный и теплый. <br /> 8. Использование дополнительного оборудования съемки видео на телефон (Штатив, системы стабилизации).<br /><br /> </p>", "shortDescription": "Занятие проводит оператор и видеомонтажер – Грибов Максим Валерьевич.", "min_price": 250, "max_price": 250, "link": "https://www.mos.ru/afisha/event/143746257/", "status": "accepted", "updateDate": 1632301881804, "start": 1636794000000, "end": 1636799400000, "createDate": 1631785577821, "inAccepted": true, "acceptDate": 1632301881810, "image": {"author": "Максим Грибов", "name": "5c59afb10993f3378f35f6e134942100.jpeg", "realName": "Фaxresdefault.jpg", "source": "https://vk.com/album-54003437_259809060?z=photo-54003437_457241010%2Falbum-54003437_259809060"}, "photo": "https://pro.culture.ru/uploads/5c59afb10993f3378f35f6e134942100.jpeg", "gallery": [], "category": {"name": "Обучение", "sysName": "obuchenie"}, "time": {"start": "2021-11-13 09:00:00", "end": "2021-11-13 10:30:00"}}, {"id": 1308360, "name": "Мастер-класс «Мой натюрморт»", "age": 12, "description": "<p>Юрий Михайлович является профессиональным художником и долгие годы обучает людей разного возраста. Он имеет опыт работы и с теми, кто уже имеет представление об изобразительном искусстве, и с теми, кто никогда не брал кисть в руки. На мастер-классе вы сможете узнать основные правила и секреты работы с красками, узнать о разнообразии материалов используемых в создании шедевров. На мастер-класс для вашего удобства необходимо подготовить акварель и акварельную бумагу, несколько кистей различной толщины. Для первого занятия лучше использовать простейшие материалы, в дальнейшем вас проконсультирует художник, ведь в каждой технике есть свои тонкости, а к такому вопросу необходимо подходить со знанием дела. </p>", "shortDescription": "Занятие проводит художник Юрий Михайлович Алёхин.", "min_price": 250, "max_price": 250, "link": "https://www.mos.ru/afisha/event/143734257/", "needCheck": true, "status": "accepted", "updateDate": 1635152158710, "start": 1636794000000, "end": 1636799400000, "createDate": 1630656586459, "inAccepted": true, "acceptDate": 1635152158825, "image": {"author": "Алехин Юрий Михайлович", "name": "b8f784c78517114b2b486965f285a192.jpeg", "realName": "Алехин.jpg", "source": "https://vk.com/albums-54003437?z=photo-54003437_457240835%2Fphotos-54003437"}, "photo": "https://pro.culture.ru/uploads/b8f784c78517114b2b486965f285a192.jpeg", "gallery": [], "category": {"name": "Обучение", "sysName": "obuchenie"}, "time": {"start": "2021-11-13 09:00:00", "end": "2021-11-13 10:30:00"}}, {"id": 1302322, "name": "Мастер-класс по эстрадному вокалу «Магия голоса»", "age": 12, "description": "<p>Мастер-класс по эстрадному вокалу поможет разгадать тайну вашего голоса. Изотова Наталия Николаевна использует уникальную программу обучения вокальному искусству и с удовольствием познакомит вас с основами вокального и сценического мастерства, поделится секретами успешного артиста и сделает с вами первые шаги в сторону профессиональной сцены. В репертуаре ее учеников не только современные хиты, но и классические эстрадные и джазовые песни. Вместе с преподавателем вы сможете определить свои природные вокальные данные, и то, как их правильно развивать в дальнейшем, определить тональность, стиль песен, которые подходят именно вам. </p>", "shortDescription": "Занятие проводит руководитель вокального ансамбля «Лира» – Изотова Наталия Николаевна.", "min_price": 250, "max_price": 250, "link": "https://www.mos.ru/afisha/event/133613257/", "status": "accepted", "updateDate": 1630652472741, "start": 1631955600000, "end": 1631961000000, "createDate": 1630408080806, "inAccepted": true, "acceptDate": 1630674896483, "image": {"author": "Изотова Наталия Николаевна", "name": "5b77f1f5e6f62e9947f90a2bbfe6b4a0.jpeg", "realName": "Изотова.jpg", "source": "https://vk.com/photo-54003437_457240649"}, "photo": "https://pro.culture.ru/uploads/5b77f1f5e6f62e9947f90a2bbfe6b4a0.jpeg", "gallery": [], "category": {"name": "Обучение", "sysName": "obuchenie"}, "time": {"start": "2021-09-18 09:00:00", "end": "2021-09-18 10:30:00"}}, {"id": 1299709, "name": "Мастер-класс по изготовлению открытки в технике скрапбукинга", "age": 12, "description": "<p>Родилась эта техника в Англии в XVI веке. Сейчас эта техника стала одним из самых популярных увлечений. Безусловно, ассортимент полиграфической продукции в магазинах огромный, но массовые изделия не являются уникальными, не обеспечивают точного соответствия личным требованиям. Решить эту проблему позволяет изготовление открытки в технике скрапбукинг. Простая в исполнении техника позволяет реализовать собственные творческие идеи, не требует существенных расходов, легко осваивается, дает возможность порадовать друзей, близких уникальными подарками, сувенирами, обеспечивает положительные эмоции, дает возможность отвлечься от повседневных проблем и даже может стать источником дополнительного дохода. Для первой встречи вы можете не приобретать материалы для изготовления открытки, а на занятии проконсультироваться с Ириной Петровной, что именно необходимо для красивого результата. <br /> </p>", "shortDescription": "Мастер-класс проводит рукодельница Никитина Ирина Петровна.", "min_price": 250, "max_price": 250, "link": "https://www.mos.ru/afisha/event/143745257/", "status": "accepted", "updateDate": 1630410082835, "start": 1634374800000, "end": 1634380200000, "createDate": 1630315958305, "inAccepted": true, "acceptDate": 1630573552650, "image": {"author": "Ирина Никитина", "name": "78b13375a76afeed40bf0a08a1469bb4.jpeg", "realName": "Фimageoptim-skrapbuking-otkrytki.jpg", "source": "https://vk.com/album-54003437_259809060?z=photo-54003437_457241011%2Falbum-54003437_259809060"}, "photo": "https://pro.culture.ru/uploads/78b13375a76afeed40bf0a08a1469bb4.jpeg", "gallery": [], "category": {"name": "Обучение", "sysName": "obuchenie"}, "time": {"start": "2021-10-16 09:00:00", "end": "2021-10-16 10:30:00"}}, {"id": 1289176, "name": "Мастер-класс по звукорежиссуре и саунд-дизайну", "age": 12, "description": "<p>На мастер-классе Андрей Николаевич расскажет о тонкостях профессии звукорежиссера и поделится профессиональным опытом. Участники мастер-класса узнают о том, какую именно технику использовать для записи звука на съемочной площадке и в студии, что необходимо для создания звука к фильму. Андрей Митько – уникальный звукорежиссер, который имеет опыт работы на концертах, театрализованных представлениях и праздниках, спектаклях, а также на проектах транслируемых на федеральных телеканалах, принимает участие в записи вокала и музыкальных инструментов в звукозаписывающих студиях, и поэтому обладает разносторонними знаниями в современной звукорежиссуре и саунд-дизайне. </p>", "shortDescription": "Занятие проводит звукорежиссер Митько Андрей Николаевич.", "min_price": 250, "max_price": 250, "link": "https://www.mos.ru/afisha/event/143744257/", "needCheck": true, "status": "accepted", "updateDate": 1635152247962, "start": 1636794000000, "end": 1636799400000, "createDate": 1629796922195, "inAccepted": true, "acceptDate": 1635152248842, "image": {"author": "Андрей Митько ", "name": "3fa34ee5222f10a25d063e526fde4d57.jpeg", "realName": "Нагорный.jpg", "source": "https://vk.com/album-54003437_259809060?z=photo-54003437_457241016%2Falbum-54003437_259809060"}, "photo": "https://pro.culture.ru/uploads/3fa34ee5222f10a25d063e526fde4d57.jpeg", "gallery": [], "category": {"name": "Обучение", "sysName": "obuchenie"}, "time": {"start": "2021-11-13 09:00:00", "end": "2021-11-13 10:30:00"}}, {"id": 1281574, "name": "Мастер-класс «Танцы народов Сибири»", "age": 12, "description": "<p>Этот необычный хореографический мастер-класс – лучший способ узнать о культуре народов Сибири. Ольга Геннадьевна познакомит вас с традициями народов Севера, расскажет историю народного костюма и поделится секретами того, как его изготовить своими руками. Изучая удивительные танцевальные движения вы сможете на миг перенестись на тысячи километров от столицы и почувствовать северный ветер и свободу движений. И если танцы сибирских народов вам покажутся близкими, то у вас есть уникальная возможность стать артистом коллектива «Нарули» и в его составе выступать на профессиональной сцене и дарить зрителям свой талант. </p>", "shortDescription": "Участники узнают о народных костюмах, изучат танцевальные движения.", "min_price": 250, "max_price": 250, "link": "https://www.mos.ru/afisha/event/143753257/", "status": "accepted", "updateDate": 1629796752809, "start": 1638608400000, "end": 1638613800000, "createDate": 1629361699724, "inAccepted": true, "acceptDate": 1629907487496, "image": {"author": "Шакина Ольга Геннадьевна", "name": "dd565e3fa35f2a91d7cc21413796d462.jpeg", "realName": "Нарули 2.jpg", "source": "https://vk.com/albums-54003437?z=photo-54003437_457240817%2Fphotos-54003437"}, "photo": "https://pro.culture.ru/uploads/dd565e3fa35f2a91d7cc21413796d462.jpeg", "gallery": [], "category": {"name": "Обучение", "sysName": "obuchenie"}, "time": {"start": "2021-12-04 09:00:00", "end": "2021-12-04 10:30:00"}}, {"id": 1271421, "name": "Мастер-класс «Региональные танцы России»", "age": 6, "description": "<p>Курбатов Николай Васильевич является балетмейстером-постановщиком уже более 30 лет и всегда с радостью передает свои знания и умения всем тем, кто приходит на его занятия и репетиции. На мастер-классе Николай Васильевич познакомит вас с основами народного танца, расскажет о различиях танцев в регионах России, о народных костюмах и истории их создания. На мастер-классе вы можете продемонстрировать свои хореографические возможности и желание заниматься народными танцами, а также стать участником ансамбля народного танца «Гармония», который заявил себя на площадках Москвы как один из лучших коллективов сохраняющих народный танец, который является победителем множества конкурсов и дружным творческим коллективом уже долгие годы. <span></span></p>", "shortDescription": "Занятие от руководителя ансамбля народного танца «Гармония» Николая Васильевича Курбатова.", "min_price": 250, "max_price": 250, "link": "https://www.mos.ru/afisha/event/133618257/", "status": "accepted", "updateDate": 1629113823886, "start": 1637398800000, "end": 1637404200000, "createDate": 1628846605523, "inAccepted": true, "acceptDate": 1629118558651, "image": {"author": "Николай Курбатов", "name": "fa6685cd2755a74a392eab7fae1ce453.jpeg", "realName": "Четвёра    15.02.20.jpg", "source": "https://vk.com/photo-54003437_457241007"}, "photo": "https://pro.culture.ru/uploads/fa6685cd2755a74a392eab7fae1ce453.jpeg", "gallery": [], "category": {"name": "Обучение", "sysName": "obuchenie"}, "time": {"start": "2021-11-20 09:00:00", "end": "2021-11-20 10:30:00"}}]}