{"11182": [{"id": 1277472, "name": "Мастер-класс «Навыки ораторского искусства»", "age": 16, "description": "<p><span>Навыки ораторского искусства нужны каждому человеку, выступающему перед аудиторией. На мастер-классе актрисы Елены Боршевой участники узнают, как быть уверенным в себе и донести мысль и идею до окружающих. </span></p> <p><span>Спикер объяснит, как справиться с волнением и раскроет секреты актерского мастерства. Актриса расскажет, какие методы и практики импровизации работают лучше всего, как правильно и быстро подготовиться к любому выступлению. </span></p> <p><span>На мастер-классе каждый попробует себя в роли оратора и получит экспертные советы и рекомендации.</span></p> <p><span>Елена Борщева закончила обучение на курсе Константина Райкина в Высшей Школе Сценических Искусств. С 2017 года является руководителем детской команды КВН «Как развить в себе чувство юмора», основатель «Школы актерского мастерства Елены Борщевой».</span></p>", "shortDescription": "Встреча с актрисой Еленой Борщевой.", "min_price": 400, "link": "https://www.mos.ru/afisha/event/172073257/", "status": "accepted", "updateDate": 1636569915746, "start": 1632931200000, "end": 1632934800000, "createDate": 1629199951186, "inAccepted": true, "acceptDate": 1636569915756, "image": {"author": "Елена Борщева", "name": "732e3d5a5095d5771f8b8d02545c9fe0.jpeg", "realName": "11_Елена Борщёва_29.09.2021_Пушкинская карта_.jpg", "source": "Личный архив Елены Борщевой"}, "photo": "https://pro.culture.ru/uploads/732e3d5a5095d5771f8b8d02545c9fe0.jpeg", "gallery": [], "category": {"name": "Обучение", "sysName": "obuchenie"}, "time": {"start": "2021-09-29 16:00:00", "end": "2021-09-29 17:00:00"}}]}