{"12267": [{"id": 1447026, "name": "Спектакль «Попытка к бегству»", "age": 0, "description": "<p>Двое молодых людей, звездолетчик Антон и структуральный лингвист Вадим, собираются лететь в отпуск на космический курорт – планету Пандора. В последний момент к ним присоединяется странно ведущий себя человек по имени Саул (Савел Петрович Репнин), представившийся историком по XX веку и предложивший изменить маршрут, чтобы высадиться на любой неисследованной планете. На найденной планете, названной в честь пассажира Саула, герои обнаруживают цивилизацию, находящуюся на феодальном уровне развития.</p><p>Фактически они находят концентрационный лагерь с заключенными, сосланными сюда за различные преступления и находящимися на грани выживания в суровых природных условиях...</p><p>Далее герои возвращаются на Землю с намерением передать информацию об открытой цивилизации Комиссии по контактам. При этом Саул неожиданным образом исчезает, причем выясняется, что он не современник своих молодых друзей, а «дезертир» из прошлого, заключенный, бывший бронетанковый командир Красной армии, бежавший для спасения своей жизни в будущее из национал-социалистического концентрационного лагеря, но впоследствии устыдившийся своей «попытки к бегству» и решивший вернуться в свое время «доделывать свое дело».</p>", "shortDescription": "Первое из произведений братьев Стругацких, в котором «пересеклись Прошлое, Настоящее и Будущее».", "min_price": 500, "link": "https://arhan.ticketland.ru/teatry/arkhangelskiy-molodezhnyy-teatr/popytka-k-begstvu/", "status": "accepted", "updateDate": 1640642081202, "start": 1643297400000, "end": 1643392800000, "createDate": 1636631438072, "inAccepted": true, "acceptDate": 1636980665332, "image": {"author": "Олег Самойлов", "name": "f2ab2a084115228f1327ad23fc58331d.jpeg", "realName": "QPg9S3KGMpQ.jpg", "source": "https://vk.com/dr.bobro"}, "photo": "https://pro.culture.ru/uploads/f2ab2a084115228f1327ad23fc58331d.jpeg", "gallery": [], "category": {"name": "Спектакли", "sysName": "spektakli"}, "time": {"start": "2022-01-27 15:30:00", "end": "2022-01-28 18:00:00"}}, {"id": 1446799, "name": "Спектакль «История одной бабы»", "age": 16, "description": "<p>На первый взгляд, в основе пьесы лежит реальная переписка двух великих русских людей – графа Л. Толстого и премьер министра П. Столыпина. Это создает настоящее драматическое поле битвы двух мировоззрений, что само по себе вызывает неподдельных интерес и вечную актуальность тем, о которых заспорили лучшие умы государства российского. </p><p>А поводом для этого диалога послужило частное судебное дело одной крестьянки. И ее защитник – простой адвокат, просит спасти несчастную женщину, обвиненную в убийстве. </p><p>Для Толстого и Столыпина крестьянское дело служит лишь толчком к их вечному диалогу, а для влюбленного адвоката желание оправдать подзащитную любыми способами становится главной задачей. А может эта женщина вовсе не повод для разговоров и не объект для спасения а нечто совсем иное </p><p>С героями пьесы зрители отправятся в увлекательное путешествие, но не к горизонту бесконечной родины, а вглубь – к центру земли, к ее раскаленному ядру. И, возможно, там отыщутся какие-то ответы… </p>", "shortDescription": "Постановка о судьбах России и бабьей доле.", "min_price": 700, "link": "https://arhan.ticketland.ru/teatry/arkhangelskiy-molodezhnyy-teatr/istoriya-odnoy-baby/", "status": "accepted", "updateDate": 1639666858368, "start": 1639582200000, "end": 1639677600000, "createDate": 1636628985713, "inAccepted": true, "acceptDate": 1637149827983, "image": {"author": "Екатерина Чащина", "name": "63fda0e36781beceb92755aa833bcd79.jpeg", "realName": "История одной бабы.jpg", "source": "https://vk.com/kch.photo"}, "photo": "https://pro.culture.ru/uploads/63fda0e36781beceb92755aa833bcd79.jpeg", "gallery": [], "category": {"name": "Спектакли", "sysName": "spektakli"}, "time": {"start": "2021-12-15 15:30:00", "end": "2021-12-16 18:00:00"}}, {"id": 1446612, "name": "Спектакль «Шальные ножницы»", "age": 16, "description": "<p> Эта пьеса написана в жанре модного нынче иммерсивного театра, где зрители становятся непосредственными участниками действа, разворачивающегося на сцене. В центре сюжета – обычный парикмахерский салон где-то… в Архангельске. Обычный день, рядовые, казалось бы, посетители. И вдруг происходит убийство! Убийца где-то здесь, среди работников или клиентов салона. И никто не покинет зал, пока виновник не будет найден!<br /></p><p>Зрители становятся участниками следствия, именно им решать, кто виновен. От них будет зависеть то, какое развитие получит спектакль. Существует три версии финала этой пьесы, посмотрите, какая из них будет сыграна на этот раз! </p>", "shortDescription": "Постановка-расследование.", "min_price": 800, "link": "https://arhan.ticketland.ru/teatry/arkhangelskiy-molodezhnyy-teatr/shalnye-nozhnicy/", "status": "accepted", "updateDate": 1640642054242, "start": 1639063800000, "end": 1642356000000, "createDate": 1636626563055, "inAccepted": true, "acceptDate": 1636980208181, "image": {"author": "Анастасия Онучина", "name": "50b2def6a3377fd7ef58112566e0ca49.jpeg", "realName": "SgSP2imGs4Q.jpg", "source": "https://vk.com/id5473217"}, "photo": "https://pro.culture.ru/uploads/50b2def6a3377fd7ef58112566e0ca49.jpeg", "gallery": [], "category": {"name": "Спектакли", "sysName": "spektakli"}, "time": {"start": "2021-12-09 15:30:00", "end": "2022-01-16 18:00:00"}}, {"id": 1446532, "name": "Спектакль «Братья Карамазовы»", "age": 16, "description": "<p>Для режиссера спектакля Максима Соколова это история семьи, но не только Карамазовых, а самого Федора Михайловича, монодрама в пространстве подсознания, спектакль – посвящение младшему сыну писателя Алеше, но не только ему, а всем русским мальчикам. Хронометраж спектакля, и вообще время не является критерием, также как и наличие определенных линий необходимых для понимания сюжета не читавшим «Братьев Карамазовых». </p><p>Достоевский прекрасен именно своей недосказанностью, тем количеством вопросов, которые рождаются в голове после той, или иной главы, монолога, одной фразы, многоточия. «В страдании счастье искать» – это не ответ на раздирающие сегодня противоречия, это даже не заповедь, возможно, это просто подсказка, а путь люди должны найти сами.<br /> </p>", "shortDescription": "История семьи, почти все представители которой погрязли в грехах и распутстве.", "min_price": 700, "link": "https://arhan.ticketland.ru/teatry/arkhangelskiy-molodezhnyy-teatr/bratya-karamazovy/", "status": "accepted", "updateDate": 1640641988600, "start": 1638630000000, "end": 1642959000000, "createDate": 1636625475095, "inAccepted": true, "acceptDate": 1637153688241, "image": {"author": "Екатерина Чащина", "name": "0d491254e8a0a00286581449178a4111.jpeg", "realName": "NlzHU_YAzdA.jpg", "source": "https://vk.com/kch.photo"}, "photo": "https://pro.culture.ru/uploads/0d491254e8a0a00286581449178a4111.jpeg", "gallery": [], "category": {"name": "Спектакли", "sysName": "spektakli"}, "time": {"start": "2021-12-04 15:00:00", "end": "2022-01-23 17:30:00"}}, {"id": 1341609, "name": "Спектакль «Страстотерпцы»", "age": 12, "description": "<p>В истории России есть множество «темных пятен», историй, которые старательно и нарочно стирались из людской памяти, а их герои уходили в забвение. Одна из таких историй – это история Императора Иоанна VI, «железной маски» государства Российского…</p><p>«Известный младенец», «важный арестант», «безымянный колодник» – все это об Императоре Иоанне VI, свергнутом с престола в 1741 году, когда ему было полтора года. Переворот совершила Елизавета Петровна – став Императрицей России. Семью несчастного мальчика сослали подальше от Петербурга. Иван, его родители, братья и сестры, немногочисленные слуги оказались в Холмогорах, где семье суждено было прожить 36 лет.</p><p>Погиб Иоанн в 24-летнем возрасте, при подстроенной попытке освобождения – убить его открыто не решались.</p><p>История маленького Императора и его окружения – это история человечности, стойкости духа и верности семье с одной стороны, и расчетливой жестокости и злой воли – с другой.</p>", "shortDescription": "История императора Иоанна VI.", "min_price": 600, "max_price": 600, "link": "https://arhan.ticketland.ru/teatry/arkhangelskiy-molodezhnyy-teatr/strastoterpcy/", "status": "accepted", "updateDate": 1638109494566, "start": 1638027000000, "end": 1638122400000, "createDate": 1632223542426, "inAccepted": true, "acceptDate": 1633616836327, "image": {"author": "Екатерина Чащина", "name": "44059085797824315f41ab9aaf3e778f.jpeg", "realName": "dVJ5JEdrNwQ.jpg", "source": "https://vk.com/kch.photo"}, "photo": "https://pro.culture.ru/uploads/44059085797824315f41ab9aaf3e778f.jpeg", "gallery": [], "category": {"name": "Спектакли", "sysName": "spektakli"}, "time": {"start": "2021-11-27 15:30:00", "end": "2021-11-28 18:00:00"}}, {"id": 1341570, "name": "Спектакль «Темные аллеи»", "age": 16, "description": "<p> «Кругом шиповник алый цвел,<br />Стояли темных лип аллеи»...<br />И.А. Бунин </p><p>О дин из самых «долгоиграющих» и лиричных спектаклей нашего театра в постановке нашего художественного руководителя – Виктора Петровича Панова.<br />Сценография – Фагиля Сельская. </p><p>Спектакль по рассказам о любви великого русского писателя И. Бунина. Сила воздействия бунинского письма поистине непревзойденна. Предельно откровенно и подробно умеет говорить он об интимнейших человеческих отношениях, – однако всегда на том пределе, где большое искусство ни на йоту не снижается даже до намеков на натурализм.</p>", "shortDescription": "Несколько историй о любви.", "min_price": 400, "max_price": 400, "link": "https://arhan.ticketland.ru/teatry/arkhangelskiy-molodezhnyy-teatr/temnye-allei/20211124_1830-4265500/", "status": "accepted", "updateDate": 1637766530558, "start": 1637767800000, "end": 1637776800000, "createDate": 1632223022321, "inAccepted": true, "acceptDate": 1633616842920, "image": {"author": "Екатерина Чащина", "name": "084fa76a0f6e49c4aa6f6646d36fffd9.jpeg", "realName": "8v-oEif3kKA.jpg", "source": "https://vk.com/kch.photo"}, "photo": "https://pro.culture.ru/uploads/084fa76a0f6e49c4aa6f6646d36fffd9.jpeg", "gallery": [], "category": {"name": "Спектакли", "sysName": "spektakli"}, "time": {"start": "2021-11-24 15:30:00", "end": "2021-11-24 18:00:00"}}, {"id": 1341500, "name": "Спектакль «Рождество в доме Купьелло»", "age": 12, "description": "<p>Глава семьи Лука Купьелло по старой неаполитанской традиции поглощен сооружением presepe (ясли христовы) – очень напоминают детский кукольный городок, в центре которого – священная пещера, где родился Иисус. Вокруг пещеры создатель пресепе может разместить все, что ему заблагорассудится: мельницы, шалаши, домики жителей, замки, реки… Целое мироздание в миниатюре, символизирующее налаженность жизни, покой и счастье.</p><p>Главный герой и вправду наивно полагает, что этой детской игрушкой сумеет уберечь своих домочадцев от неприятностей, что в доме наступят мир и спокойствие… Но героям до этого ….ох, как далеко…</p><p>Пьеса грустная, хотя она полна юмора и смешных фарсовых ситуаций. Сам драматург говорил так: «Я думаю, что мои пьесы трагичны, даже когда они заставляют зрителей смеяться».</p>", "shortDescription": "Простодушная история одной неаполитанской семьи накануне Рождества.", "min_price": 400, "max_price": 400, "link": "https://arhan.ticketland.ru/teatry/arkhangelskiy-molodezhnyy-teatr/rozhdestvo-v-dome-kupello/20211125_1830-4265500/", "needCheck": true, "status": "accepted", "updateDate": 1640642045044, "start": 1637854200000, "end": 1642788000000, "createDate": 1632222247697, "inAccepted": true, "acceptDate": 1636630583507, "image": {"author": "Екатерина Чащина", "name": "86f035fcaf8dc3415a73abe69c84ed7b.jpeg", "realName": "CeSwStlVoIY.jpg", "source": "https://vk.com/kch.photo"}, "photo": "https://pro.culture.ru/uploads/86f035fcaf8dc3415a73abe69c84ed7b.jpeg", "gallery": [], "category": {"name": "Спектакли", "sysName": "spektakli"}, "time": {"start": "2021-11-25 15:30:00", "end": "2022-01-21 18:00:00"}}, {"id": 1341446, "name": "Спектакль «Пираньи. Дневник 12-летнего»", "age": 12, "description": "<p>Школьник Андрей – слегка замкнутый и впечатлительный подросток. Его жизнь состоит из ежедневных переживаний, вызванных нападками и непониманием со стороны одноклассников. Чуткость Андрея, его желание подарить радость и дружбу своим сверстникам зачастую разбиваются о глыбу непонимания и равнодушия, возведенную современной культурой подросткового общения. Культ силы и лицемерие – мерила того социума, в котором пытается сохранить свою человеческую идентичность главный герой.Андрей начинает вести личный дневник, в котором подробно и без прикрас описывает свою жизнь, своих одноклассников и учителей. Попав в руки завуча, дневниковые записки вызывают скандал, который резко переворачивает жизнь подростка и его семьи. Очень важно, чтобы зрители спектакля были разного возраста. Увидев эту историю глазами ребенка, взрослые, возможно, поймут, что, чтобы кого-то изменить, нужно начать с себя. Заканчивается история появлением Андрея уже взрослого. Этот дневник для него – ностальгия. Взрослого автора все-таки хочется видеть сложившейся гармоничной личностью.Спектаклем хочется отстоять право каждого на детство, на то, чтобы меняться тогда, когда готов, на одиночество и искренность, на слезы, которых не стесняешься, на право быть самим собой в условиях мира, где выживают стаями.</p>", "shortDescription": "Истории из жизни подростка.", "min_price": 400, "max_price": 400, "link": "https://arhan.ticketland.ru/teatry/arkhangelskiy-molodezhnyy-teatr/pirani-dnevnik-12-letnego/", "status": "accepted", "updateDate": 1637159497530, "start": 1635953400000, "end": 1636048800000, "createDate": 1632221567222, "inAccepted": true, "acceptDate": 1633616849781, "image": {"author": "Екатерина Чащина", "name": "4db4467be019e2ad4e7603626aeb0b88.jpeg", "realName": "y5QRSzkc-i0.jpg", "source": "https://vk.com/kch.photo"}, "photo": "https://pro.culture.ru/uploads/4db4467be019e2ad4e7603626aeb0b88.jpeg", "gallery": [], "category": {"name": "Спектакли", "sysName": "spektakli"}, "time": {"start": "2021-11-03 15:30:00", "end": "2021-11-04 18:00:00"}}, {"id": 1339973, "name": "Спектакль «Зверушкины истории»", "age": 12, "description": "<p> Продолжительность: 1 час 20 минут</p><p>Этот спектакль состоит из множества историй.</p><p>Историй разных, смешных и грустных, исповедальных и нелепых, невероятных и реальных, как сама жизнь. Фокус же в том, что герои пьесы в течение представления извлекают из своего нутра то, что обычно скрыто от глаз окружающих, и даже от них самих. А ведь в каждом из нас сидит зверь, и это необязательно хищник, но уж точно не человек...</p><p>И этот внутренний зверь смотрит на мир и на себя человеческими глазами и хочет понять себя и то, что его окружает.</p><p>Организатор: ГБУК Архангельской области «Архангельский молодежный театр».</p>", "shortDescription": "Постановка режиссера Искандера Сакаева.", "min_price": 400, "max_price": 400, "link": "https://arhan.ticketland.ru/teatry/arkhangelskiy-molodezhnyy-teatr/zverushkiny-istorii/", "status": "accepted", "updateDate": 1633616854468, "start": 1636126200000, "end": 1636133400000, "createDate": 1632151215911, "inAccepted": true, "acceptDate": 1633616854485, "image": {"author": "Екатерина Чащина", "name": "55699983a3125eb2780bc22e0af7db7e.jpeg", "realName": "DSC08435.jpg", "source": "https://vk.com/kch.photo"}, "photo": "https://pro.culture.ru/uploads/55699983a3125eb2780bc22e0af7db7e.jpeg", "gallery": [], "category": {"name": "Спектакли", "sysName": "spektakli"}, "time": {"start": "2021-11-05 15:30:00", "end": "2021-11-05 17:30:00"}}, {"id": 1339936, "name": "Театральный проект «Север»", "age": 0, "description": "<p>Первый в Архангельске театральный проект о личности в истории Севера.</p><p>Кто они, герои спектакля?</p><p>Мы провели большое исследование истории Поморья и выбрали несколько самых ярких и необычных исторических персонажей. Их истории мы и расскажем.</p><p>Итак, герои Севера: Георгий Седов, Яков Макаров, Артемий Веркольский, Степан Писахов, Федор Чумбаров-Лучинский, Яков Лейцингер, Александр Энгельгардт, Валентина Шангина, Валентина Иевлева, Эрнест Бо, Третьяков, Владимир Резицкий, а также особняк Сутягина, морской – речной вокзал, Михайло-Архангельский монастырь, трамвай, Мангазея…</p><p><span>Вы приходите в здание Морского – речного вокзала в любое удобное вам время с 12:00 до 21:00 (однако же, мы советуем приходить не позднее 19.00, чтобы у вас было 2 часа на путешествие... хотя бы... для начала). Мы вас встречаем. Даем вам инструкции, рассказываем, как путешествовать по нашему театральному проекту. Мы даем вам карту. В спектакле собрано много историй, все они существуют на 36 локациях внутри вокзала, с чего начать маршрут решаете только ВЫ...</span><br /></p>", "shortDescription": "Путешествие, без артистов... об истории, мифах и легендах Севера.", "min_price": 300, "max_price": 300, "link": "https://arhan.ticketland.ru/teatry/arkhangelskiy-molodezhnyy-teatr/sever/", "status": "accepted", "updateDate": 1639210935643, "start": 1636794000000, "end": 1636912800000, "createDate": 1632148930041, "inAccepted": true, "acceptDate": 1632921297260, "image": {"author": "Екатерина Чащина", "name": "648d30600ef8adef288118cbb4c7e17c.jpeg", "realName": "DSC02388.JPG", "source": "https://vk.com/kch.photo"}, "photo": "https://pro.culture.ru/uploads/648d30600ef8adef288118cbb4c7e17c.jpeg", "gallery": [], "category": {"name": "Встречи", "sysName": "vstrechi"}, "time": {"start": "2021-11-13 09:00:00", "end": "2021-11-14 18:00:00"}}, {"id": 1312777, "name": "Спектакль «Контакт»", "age": 16, "description": "<p> Каждый день мы перемещаемся в пространстве. Перемещения влекут за собой необходимость взаимодействия с другими людьми. Это может быть случайный прохожий или близкие друзья, родственники, коллеги или любимый человек. Спектакль «Контакт» – это попытка понять мотивацию взаимодействия людей друг с другом, глубинные смыслы взаимоотношения полов. Тело и разум попадают в другое измерение, которое невозможно определить ни одним прилагательным. Когда внутри живут разные эмоции: страх и решительность, радость и печаль.<br /><br />Спектакль создан при поддержке Союза театральных деятелей РФ с участием артистов Архангельского молодежного театра и хореографов г. Архангельска </p>", "shortDescription": "Проект-эксперимент. Спектакль без слов.", "min_price": 400, "max_price": 400, "link": "https://arhan.ticketland.ru/teatry/arkhangelskiy-molodezhnyy-teatr/kontakt/", "status": "accepted", "updateDate": 1637678287578, "start": 1634657400000, "end": 1634661000000, "createDate": 1630918260864, "inAccepted": true, "acceptDate": 1634568463521, "image": {"author": "Екатерина Чащина ", "name": "c1e85b2119263a1f793722d013935485.jpeg", "realName": "ФУТ Контакт коллаж-115.jpg", "source": "https://vk.com/kch.photo"}, "photo": "https://pro.culture.ru/uploads/c1e85b2119263a1f793722d013935485.jpeg", "gallery": [], "category": {"name": "Спектакли", "sysName": "spektakli"}, "time": {"start": "2021-10-19 15:30:00", "end": "2021-10-19 16:30:00"}}, {"id": 1309913, "name": "Спектакль «Комната»", "age": 12, "description": "<p> У нас появилась «Комната»... </p><p> «В квартире есть комната.<br />От этой комнаты ключи есть только у меня.<br />Я терял много ключей,<br />Но от этой комнаты потерять ключи невозможно.» (с) Степан Полежаев.</p><p> «Комната» – это пазл, собранный из обрывков воспоминаний, писем, каких-то стихов и ощущений. Пазл, положенный на звуковую текстуру. Что из этого сложится, увидим.</p><p>В постановке заняты: заслуженная артистка РФ Наталья Малевинская, Виктор Бегунов, Евгения Плетнева, Анастасия Буланова, Степан Полежаев, Александр Берестень. <br /></p>", "shortDescription": "Музыкально-драматический перформанс. Самостоятельное творчество артистов молодежного театра.", "min_price": 400, "max_price": 400, "link": "https://arhan.ticketland.ru/teatry/arkhangelskiy-molodezhnyy-teatr/komnata/", "status": "accepted", "updateDate": 1631022633360, "start": 1633532400000, "end": 1633536000000, "createDate": 1630680519934, "inAccepted": true, "acceptDate": 1631537376813, "image": {"author": "Екатерина Чащина", "name": "022bb0cf308b8d90d1910b0b780193df.jpeg", "realName": "DSC01458.jpg", "source": "https://vk.com/kch.photo"}, "photo": "https://pro.culture.ru/uploads/022bb0cf308b8d90d1910b0b780193df.jpeg", "gallery": [], "category": {"name": "Спектакли", "sysName": "spektakli"}, "time": {"start": "2021-10-06 15:00:00", "end": "2021-10-06 16:00:00"}}, {"id": 1309812, "name": "Спектакль «Голос монстра»", "age": 12, "description": "<p>Тринадцатилетний Конор О’ Мэлли в течение последних нескольких месяцев переживает один и тот же кошмар – один в темноте среди ветра и криков.</p><p>В семь минут после полуночи его призывает голос со стороны окна спальни, из которого открывается вид на старую церковь и кладбище. Подойдя к окну, Конор видит человекоподобного монстра с телом из ветвей и листьев тисового дерева. Монстр заинтригован, что мальчик не боится его, и настаивает на дальнейших встречах. Монстр утверждает, что является одной из форм зеленого человека, и предупреждает, что расскажет ему три реальных истории, после чего Конор должен будет рассказать свою собственную, но если она окажется ложью, то монстр его съест.Монстр продолжает посещать Конора почти всегда в семь минут после полуночи или полудня, чтобы рассказать свои истории из других времен, когда он был вызван.</p><p>Выясняется, что мать Конора неизлечимо больна раком и проходит курс химиотерапии. Конор изолирован и одинок. Его отец под предлогом соблюсти безучастие и отрешенность от проблем переезжает к новой семье в США. Его далекие отношения с равнодушной и назойливой бабушкой также не дают определенного комфорта. Конор становится жертвой издевательств в школе и старается дистанцироваться от любых социальных контактов. По мере развития сюжета состояние его матери ухудшается, а встречи Конора с монстром имеют возрастающие последствия...</p>", "shortDescription": "История о мальчике изо всех сил борющегося с последствиями неизлечимого рака своей матери.", "min_price": 700, "max_price": 700, "link": "https://arhan.ticketland.ru/teatry/arkhangelskiy-molodezhnyy-teatr/golos-monstra/", "status": "accepted", "updateDate": 1638372653266, "start": 1633186800000, "end": 1633280400000, "createDate": 1630677783506, "inAccepted": true, "acceptDate": 1631538183681, "image": {"author": "Екатерина Чащина", "name": "d0931ced8156fa9129c4d6acb4c475c9.jpeg", "realName": "7.jpg", "source": "https://vk.com/kch.photo"}, "photo": "https://pro.culture.ru/uploads/d0931ced8156fa9129c4d6acb4c475c9.jpeg", "gallery": [], "category": {"name": "Спектакли", "sysName": "spektakli"}, "time": {"start": "2021-10-02 15:00:00", "end": "2021-10-03 17:00:00"}}, {"id": 1281721, "name": "Спектакль «Север-2»", "age": 6, "description": "<p> Вот мы стоим зимой на берегу белого моря и пытаемся разглядеть линию горизонта, но этой линии почти нет, она растворяется: небо практически незаметно перетекает в ледяную корку, границу заметает пурга, и солнце встает всего на три-четыре часа. Но мозг настойчиво пытается нас обмануть, и достроить то, чего не видит глаз. По такому же принципу мы можем мыслить о категории будущего времени, и предположить, каким станет север через месяц, через 300 лет, или через 1 секунду. </p><p>Тематически проект «Север-2» располагается в поле ненаписанной мифологии будущего.</p><p>С одной стороны он является продолжением прошлогоднего спектакля-инсталляции «Север», а с другой стороны – творческой лабораторией, в которой принимают участие жители города Архангельска и Архангельской области. </p><p>«Север-2» – это совместный проект театра и арт-группы «ПРОСО» (Сергей Чехов, Анастасия Юдина, Владимир Бочаров).</p><p></p>", "shortDescription": "Тематически проект располагается в поле ненаписанной мифологии будущего.", "min_price": 300, "max_price": 300, "link": "https://arhan.ticketland.ru/teatry/arkhangelskiy-molodezhnyy-teatr/sever-2/", "status": "accepted", "updateDate": 1639318675790, "start": 1634461200000, "end": 1634491800000, "createDate": 1629364778562, "inAccepted": true, "acceptDate": 1631537403234, "image": {"author": "Екатерина Чащина", "name": "963a4a49df0f7fda5f17a86c8e6facc7.jpeg", "realName": "Север 2-38.jpg", "source": "https://vk.com/kch.photo"}, "photo": "https://pro.culture.ru/uploads/963a4a49df0f7fda5f17a86c8e6facc7.jpeg", "gallery": [], "category": {"name": "Спектакли", "sysName": "spektakli"}, "time": {"start": "2021-10-17 09:00:00", "end": "2021-10-17 17:30:00"}}, {"id": 1281678, "name": "Спектакль «Поцелуй ируканджи»", "age": 12, "description": "<p> 12-летнюю Сузи Свансон из романа «Доклад о медузах» писательницы Али Бенджамин на сцену привели молодой режиссер из Санкт-Петербурга Юлия Каландаришвили и переводчица Ольга Варшавер. Сузи потеряла подругу: Френни утонула, а ведь так хорошо плавала! Художник спектакля Евгения Платонова, постоянный соавтор Юлии Каландаришвили, превратила зрительный зал Молодежки в пустую черную чашу бассейна, на бортиках которого играют радужные блики. Опустошенная Сузи – девочка в розовом худи, оказалась на дне этого бассейна. Там же с ней – и Френни, красивая, с большим бантом на кукольных кудрях, ощутимо более взрослая. Ведь она и выросла раньше – и стала повторять за другими девчонками то, что клялась не повторять...</p>", "shortDescription": "За время постановки спектакля около 14 385 000 человек в мире было ужалено медузами.", "min_price": 600, "max_price": 600, "link": "https://arhan.ticketland.ru/teatry/arkhangelskiy-molodezhnyy-teatr/poceluy-irukandzhi/", "status": "accepted", "updateDate": 1630582354601, "start": 1634994000000, "end": 1635095400000, "createDate": 1629363819044, "inAccepted": true, "acceptDate": 1631537746358, "image": {"author": "Екатерина Чащина", "name": "b045eacb77e4ae898d4b47526bf1ac83.jpeg", "realName": "DSC08475.jpg", "source": "https://vk.com/kch.photo"}, "photo": "https://pro.culture.ru/uploads/b045eacb77e4ae898d4b47526bf1ac83.jpeg", "gallery": [], "category": {"name": "Спектакли", "sysName": "spektakli"}, "time": {"start": "2021-10-23 13:00:00", "end": "2021-10-24 17:10:00"}}, {"id": 1280375, "name": "Спектакль «Папа встретит меня в L.A.»", "age": 12, "description": "<p> Продолжительность: 1 час 15 минут</p><p>Номинант национальной театральной премии «Золотая маска» (2019) в номинациях:</p><ul><li>лучший спектакль в драме/малая форма</li><li>лучшая работа режиссера (Максим Соколов)</li><li>лучшая работа художника (Анастасия Юдина)</li><li>лучшая работа художника по свету (Стас Свистунович)</li></ul><p>Первая премьера 2019 года – road movie «Папа встретит меня в L.A» по мотивам книги «На «Синей комете» Розмари Уэллс.</p><p>Ее героя – 11-летнего Оскара – с отцом, с которым они так любили собирать макеты поездов, разлучает Великая Депрессия. Мальчик становится свидетелем ограбления банка, он впрыгивает в игрушечный поезд, путешествует во времени и вновь встречается с постаревшим отцом, когда над миром застыла уже другая угроза – Вторая мировая война. </p>", "shortDescription": "Спектакль по мотивам книги «На синей комете» Розмари Уэллс.", "min_price": 800, "max_price": 800, "link": "https://arhan.ticketland.ru/teatry/arkhangelskiy-molodezhnyy-teatr/papa-vstretit-menya-v-la/", "status": "accepted", "updateDate": 1629621654106, "start": 1632405600000, "end": 1632507300000, "createDate": 1629292527797, "inAccepted": true, "acceptDate": 1629813385758, "image": {"author": "Екатерина Чащина", "name": "8b510821437b01e80cba75b55b9864ca.jpeg", "realName": "0ZRFgiItytk.jpg", "source": "https://vk.com/photo-736711_456240104"}, "photo": "https://pro.culture.ru/uploads/8b510821437b01e80cba75b55b9864ca.jpeg", "gallery": [], "category": {"name": "Спектакли", "sysName": "spektakli"}, "time": {"start": "2021-09-23 14:00:00", "end": "2021-09-24 18:15:00"}}]}