{"12828": [{"id": 1493496, "name": "Опера «Неизвестный Шостакович»", "age": 12, "description": "<p><span>В программе </span><span> будут исполнены две неоконченные оперы Д. Шостаковича – «Игроки» по Н. В. Гоголю и «Большая молния». </span></p><p><span>Премьера проекта состоялась в 2006 году – в год 100-летия композитора – в знаменитом Концертгебау в Амстердаме. Затем он с успехом был представлен во Франции в рамках Года России-Франции в концертном зале </span><span>Cit</span><span>é </span><span>de la Musique</span><span> в Париже и в Музыкальном театре в Безансоне, далее – в России – в Концертном зале имени П. И. Чайковского в Москве и в Большом зале Пермской краевой филармонии. </span><span>Постановку осуществил режиссер Михаил Полищук, музыкальным руководителем стал Дмитрий Юровский<span>, художником по костюмам – Андрей Климов.</span> </span></p> <p><span>11 декабря </span><span>– </span><span>день памяти легендарной оперной певицы XX века, основателя Центра оперного пения в Москве Галины Вишневской. В этот день многочисленные поклонники ее таланта, ученики, представители культурной общественности всегда вспоминают своего кумира. Программа </span><span>– </span><span>музыкальное приношение учителю от солистов и оркестра Центра. Проект возобновлен после длительного перерыва и будет показан на сцене Центра оперного пения впервые.</span></p> <p><span>Режиссер-постановщик <span>– </span>Михаил Полищук. </span><span>Художник по костюмам – </span><span>Андрей Климов. </span><span>Дирижер – <span>Ярослав Ткаленко.</span></span></p>", "shortDescription": "Незавершенные произведения композитора «Игроки» и «Большая молния».", "min_price": 100, "max_price": 2000, "link": "http://opera-centre.ru/pokupka-bileta/", "status": "accepted", "updateDate": 1640642021723, "start": 1639238400000, "end": 1639417800000, "createDate": 1638278074839, "inAccepted": true, "acceptDate": 1638945680127, "image": {"author": "Архив Центра Оперного Пения Галины Вишневской", "name": "cd10f8bb8bc37f8a48dd44e6b684fbca.jpeg", "realName": "Галина Вишневская_Дмитрий Шостакович_Мстислав Ростропович.jpg", "source": "Архив Центра Оперного Пения Галины Вишневской"}, "photo": "https://pro.culture.ru/uploads/cd10f8bb8bc37f8a48dd44e6b684fbca.jpeg", "gallery": [], "category": {"name": "Спектакли", "sysName": "spektakli"}, "time": {"start": "2021-12-11 16:00:00", "end": "2021-12-13 17:50:00"}}, {"id": 1415962, "name": "Балет «Щелкунчик»", "age": 0, "description": "<p><span>Произведение уже давно стало частью мировой культуры, и именно с него начинается для большинства детей знакомство с миром танца. </span></p> <p><span>Не могли отказать себе в особом взгляде на знакомую сказку и постановщики балета Наталья Касаткина и Владимир Василев. С большим уважением и любовью к известной версии Василия Вайнонена они сочинили свой спектакль, оставив в сохранности шедевры хореографии. Касаткина и Василев известны созданием авторского театра и репертуара. </span></p> <p><span>Главные партии исполнят ведущие солисты труппы. Спектакль прекрасно подойдет для семейных визитов в театр, потому что и маленькие, и взрослые зрители найдут в нем для себя что-то интересное. Среди персонажей на сцене будут танцевать дети, родители и бабушка с дедушкой. И даже Дед Мороз со Снегурочкой и Снеговиком появятся в этом балете. Чего только не увидишь под новогодней елкой!</span></p>", "shortDescription": "Сказка, которая заставляет поверить в чудо.", "min_price": 500, "max_price": 6000, "link": "https://afisha.yandex.ru/moscow/ballet/shchelkunchik-teatr-baleta-natalii-kasatkinoi-i-vladimira-vasiliova", "status": "accepted", "updateDate": 1635953300573, "start": 1639756800000, "end": 1641398400000, "createDate": 1635241581147, "inAccepted": true, "acceptDate": 1635953300581, "image": {"author": "Александр Панков", "name": "981713d4beb1099f21ec3ed67bd374f3.jpeg", "realName": "Щелкунчик_2015_11_14_08_50_52_9778.jpeg", "source": "https://classicalballet.ru/"}, "photo": "https://pro.culture.ru/uploads/981713d4beb1099f21ec3ed67bd374f3.jpeg", "gallery": ["https://pro.culture.ru/uploads/f859c168f36fd901d16d42d28808cf92.jpeg", "https://pro.culture.ru/uploads/cf7065b44f8b3059fad25bd84f22657d.jpeg", "https://pro.culture.ru/uploads/fd40875d100ded641dcbc2373c171ef1.jpeg", "https://pro.culture.ru/uploads/94c1393be0a29c326059c111de5f9f72.jpeg", "https://pro.culture.ru/uploads/449e1900b13b303bcadcbc3d70af5428.jpeg", "https://pro.culture.ru/uploads/9cfc7be548e819b466ced90d2f83f46a.jpeg"], "category": {"name": "Спектакли", "sysName": "spektakli"}, "time": {"start": "2021-12-17 16:00:00", "end": "2022-01-05 16:00:00"}}, {"id": 1323891, "name": "Концерт вокальной музыки", "age": 6, "description": "<p> Торжественное открытие Центра Оперного Пения Галины Вишневской в Москве в 2002 году по праву можно назвать уникальным событием в истории музыкальной жизни современной России. Здесь певцы с профессиональным музыкальным образованием проходят стажировку по специальности «оперный артист»: готовят партии из мирового оперного репертуара, работают с лучшими педагогами вокального искусства, концертмейстерами, дирижерами, режиссерами, преподавателями сценического движения и танца, актерского мастерства, иностранных языков. Процесс подготовки к участию в оперном спектакле длительный, очень тщательный и творческий. В цикле дневных концертов в Центре Оперного Пения, начавшемся в феврале 2019, публика получает возможность прикоснуться к результату такой работы. Вниманию зрителей будут предложены арии, ансамбли и сцены из опер, многие из которых являются репертуарными для Центра. Партия фортепиано – Валерия Петрова.</p>", "shortDescription": "Сцены и арии из опер русских и зарубежных композиторов", "min_price": 50, "max_price": 400, "link": "http://opera-centre.ru/pokupka-bileta/", "status": "accepted", "updateDate": 1631435622840, "start": 1634385600000, "end": 1634390100000, "createDate": 1631282692497, "inAccepted": true, "acceptDate": 1631605449662, "image": {"author": "Александр Гайдук", "name": "2fc6e57ac5977ecb132acba165e0d90b.jpeg", "realName": "IMG_969777.jpg", "source": "Архив Центра оперного пения Галины Вишневской"}, "photo": "https://pro.culture.ru/uploads/2fc6e57ac5977ecb132acba165e0d90b.jpeg", "gallery": [], "category": {"name": "Концерты", "sysName": "koncerty"}, "time": {"start": "2021-10-16 12:00:00", "end": "2021-10-16 13:15:00"}}, {"id": 1313173, "name": "Концерт «День рождения оркестра Центра оперного пения»", "age": 6, "description": "<p>2 октября оркестр Центра Оперного Пения Галины Вишневской отмечает свой день рождения – 8 лет со дня основания. В 2013 году Центр Оперного Пения, через десятилетие после открытия, обрел одну из главных составляющих любого оперного театра – собственный оркестр. После сложного конкурсного отбора в его состав вошли как опытные музыканты, так и талантливая молодежь. За восемь лет оркестр освоил обширный репертуар, заявил о себе как о самостоятельной творческой единице, выступая с программами симфонической музыки.<span></span></p><p><span>В концерте прозвучат камерные произведения русских и зарубежных композиторов: транскрипции, ансамбли, инструментальные концерты в исполнении солистов оркестра, а также арии из опер, которые исполнят солисты Центра Оперного Пения. Оркестр готовит сюрпризы для своих слушателей. </span><span>Дирижер – Андрей Лебедев.</span></p>", "shortDescription": "Камерные произведения, ансамбли, инструментальные концерты, арии из опер.", "min_price": 100, "max_price": 800, "link": "http://opera-centre.ru/pokupka-bileta/", "status": "accepted", "updateDate": 1631103647134, "start": 1633190400000, "end": 1633197600000, "createDate": 1630925041663, "inAccepted": true, "acceptDate": 1631176125216, "image": {"author": "Александр Гайдук ", "name": "ab322fd4a51c7b3b523521963144e49a.jpeg", "realName": "EA75EB42-9755-4A5F-BD74-F1D0D5718168.jpeg", "source": "Архив Центра Оперного Пения имени Галины Вишневской"}, "photo": "https://pro.culture.ru/uploads/ab322fd4a51c7b3b523521963144e49a.jpeg", "gallery": [], "category": {"name": "Концерты", "sysName": "koncerty"}, "time": {"start": "2021-10-02 16:00:00", "end": "2021-10-02 18:00:00"}}, {"id": 1290425, "name": "Спектакль «Ходжа Насреддин»", "age": 12, "description": "<p>Джаудат Файзи, автор новой редакции – Ильяс Камал «Хужа Насретдин».</p><p>Новая редакция на основе классической постановки. XIII век, завоеванный Зигангиром город Булгар – народный мудрец Хужа Насретдин своей хитростью выставляет на посмешище богачей и элиту<br /> общества, помогает молодым соединиться и обрести счастье. Вопреки ложным обвинениям, но благодаря находчивости и острому уму, Хужа Насретдин ухитряется стать «калифом на час», попутно совершая добрые дела: женит влюбленных, а свою жену наряжает в шелка. </p><p>Комедия заканчивается торжеством настоящей любви, народного юмора и мудрости. Девиз Хужи: «В единстве – сила!» </p><p>При участии оркестра Tatarica, дирижер – Ринат Халитов.<br /></p>", "shortDescription": "Музыкальная комедия в одном действии.", "min_price": 100, "max_price": 1000, "link": "http://opera-centre.ru/pokupka-bileta/", "status": "accepted", "updateDate": 1629883922640, "start": 1631808000000, "end": 1631813100000, "createDate": 1629818554141, "inAccepted": true, "acceptDate": 1629976681029, "image": {"author": "Архив Оперной студии Казанской государственной консерватории им. Н. Г. Жиганова", "name": "6d8948d0cd860a074b8f856cdb9f77eb.jpeg", "realName": "IMG_0665.jpg", "source": "Архив Оперной студии Казанской государственной консерватории им. Н. Г. Жиганова"}, "photo": "https://pro.culture.ru/uploads/6d8948d0cd860a074b8f856cdb9f77eb.jpeg", "gallery": [], "category": {"name": "Спектакли", "sysName": "spektakli"}, "time": {"start": "2021-09-16 16:00:00", "end": "2021-09-16 17:25:00"}}, {"id": 1290406, "name": "Гала-концерт выпускников", "age": 6, "description": "<p><span>В этот вечер публику ждет яркий и трогательный праздник выпускников, для которых остаются позади годы учебы оперному мастерству, а впереди – первый опыт работы на настоящей сцене. Но уникальная оперная школа, созданная великой русской певицей Галиной Вишневской, не спешит расставаться со своими воспитанниками: лучшие из них продолжат участвовать в жизни Центра Оперного Пения. В праздничной программе будут звучать популярные арии и сцены из опер русских и зарубежных композиторов. Молодые солисты выступят в сопровождении Оркестра Центра Оперного Пения, дирижер – Андрей Лебедев.</span><br /></p>", "shortDescription": "В программе будут звучать популярные арии и сцены из опер русских и зарубежных композиторов.", "min_price": 600, "max_price": 1000, "link": "http://opera-centre.ru/pokupka-bileta/", "status": "accepted", "updateDate": 1629991764771, "start": 1631721600000, "end": 1631727000000, "createDate": 1629817194464, "inAccepted": true, "acceptDate": 1630057535028, "image": {"author": "Александр Гайдук", "name": "94171e9fb99f6932edbaa71f94eb9422.jpeg", "realName": "IMG_8278.JPG", "source": "Архив Центра оперного пения имени Галины Вишневской"}, "photo": "https://pro.culture.ru/uploads/94171e9fb99f6932edbaa71f94eb9422.jpeg", "gallery": [], "category": {"name": "Концерты", "sysName": "koncerty"}, "time": {"start": "2021-09-15 16:00:00", "end": "2021-09-15 17:30:00"}}, {"id": 1280350, "name": "Спектакль «Паяцы»", "age": 12, "description": "<p>Опера «Паяцы» была написана композитором Руджеро Леонкавалло на собственное либретто. Сразу же после премьеры в Милане в мае 1892 года она стала невероятно любима публикой. </p><p>В основу сюжета легла реальная история, случившаяся в калабрийской деревне: актер из странствующей труппы после окончания представления убил жену и ее возлюбленного. В этой яркой экспрессивной постановке на сцене оживает мир клоунов и паяцев, смешных и нелепых на подмостках, но любящих и страстных в реальной жизни. Трагедия одиноких сердец трогает зрителя буквально до слез. </p><p>Действие первого акта оперы разворачивается в живописной итальянской деревушке, куда приезжают бродячие комедианты; второй акт – их представление в жанре комедия дель арте, для постановки которой был приглашен из Италии крупнейший специалист в этой области Клаудио де Мальо.</p><p>Сценография и костюмы – Андрей Климов.<br /></p>", "shortDescription": "Опера в двух действиях.", "min_price": 500, "max_price": 2000, "link": "http://opera-centre.ru/pokupka-bileta/", "status": "accepted", "updateDate": 1637596622706, "start": 1632412800000, "end": 1633023000000, "createDate": 1629292027582, "inAccepted": true, "acceptDate": 1629978837944, "image": {"author": "Александр Гайдук", "name": "c86092cd02c8890d4f786c71d05c3250.jpeg", "realName": "IMG_9129.JPG", "source": "Архив Центра оперного пения имени Галины Вишневской"}, "photo": "https://pro.culture.ru/uploads/c86092cd02c8890d4f786c71d05c3250.jpeg", "gallery": [], "category": {"name": "Спектакли", "sysName": "spektakli"}, "time": {"start": "2021-09-23 16:00:00", "end": "2021-09-30 17:30:00"}}]}