{"12270": [{"id": 1509520, "name": "Программа «Северная свадьба»", "age": 6, "description": "<p>Народное представление по мотивам северной свадьбы – это восстановленный и адаптированный для сцены традиционный свадебный обряд, бытовавший в Архангельской губернии в XV–XIX веках, а в некоторых своих элементах сохранившийся и до наших дней.</p><p>Постановка «Северная свадьба» воплощает на сцене все элементы традиционной северной свадьбы: рукобитие, плач невесты, выкуп, свадебный поезд, венчание, свадебный пир, песни и причеты. Красота этого действа завораживает, а великолепные голоса артистов Северного хора, кажется, возносятся к самым небесам, погружая зрителей в атмосферу глубины веков, пробуждая в них глубокое чувство сопричастности истории своего края и своей страны. Отзвуки старинного свадебного обряда тщательно собраны, с любовью, чуткостью, а также глубоким знанием исторической основы взлелеяны и представлены на сцене на высоком художественном и исполнительском уровне.</p><p></p><p>Прекрасным художественным дополнением к образам героев свадебного действа являются костюмы: парчевые и шелковые сарафаны, золотные коротены, янтарные, жемчужные, серебряные украшения, блистающие повязки расшитые жемчугом, изготовленные по старинным образцам.</p><p> Не пропустите «Северную свадьбу»! Это настоящий подарок для любителей народного искусства. </p><p>Справки и заявки по телефонам: +7 (8182) 20-39-49, +7 (8182) 20-38-76.</p>", "shortDescription": "Концертно-театральное действо о том, как в былые времена на Севере свадебный обряд справляли.", "min_price": 300, "link": "https://arh.kassir.ru/frame/action/124180?key=44e7ce3b-c24b-9e07-9180-d2f045491222&WIDGET_2965208153=ebacmtgaovi2ve9vkh2n92hjjd", "status": "accepted", "updateDate": 1639399297554, "start": 1644584400000, "end": 1644932700000, "createDate": 1638777301556, "inAccepted": true, "acceptDate": 1639399297787, "image": {"author": "С. Трефилов", "name": "fa26286c0eb6a789ac2fc76bcfa1893f.jpeg", "realName": "1.JPG", "source": "Архив ГБУК АО «Северный хор»"}, "photo": "https://pro.culture.ru/uploads/fa26286c0eb6a789ac2fc76bcfa1893f.jpeg", "gallery": ["https://pro.culture.ru/uploads/f5062c88cd1e70e8116cc36bc0c4e398.jpeg", "https://pro.culture.ru/uploads/a8a81c1289dcad1ffda793ba844fb28f.jpeg", "https://pro.culture.ru/uploads/9f36f60a34fd52f81c873995a338c1c3.jpeg"], "category": {"name": "Концерты", "sysName": "koncerty"}, "time": {"start": "2022-02-11 13:00:00", "end": "2022-02-15 13:45:00"}}, {"id": 1325633, "name": "Концертная программа «Песни над Двиной»", "age": 12, "description": "<p>Главный герой программы – Северная Двина. Традиционно все важные события, праздники, гуляния проходили на берегу реки, вся жизнь – промыслы, ремесла, обряды – так или иначе связаны с ней. Поэтому все номера программы посвящены Северной Двине, берегам, прибрежным лугам, гуляниям у реки.</p><p> В программе «Песни над Двиной» прозвучат авторские произведения, исполненные в традиционной стилистике Северного хора. В том числе зрители услышат песни «Ой, Двина красавица» «Над Двиной чайки вьются» «За Двиной, за Северной» и многие другие.</p>", "shortDescription": "Выступит Северный русский народный хор.", "min_price": 200, "max_price": 200, "link": "https://arh.kassir.ru/koncert/teatralizovannyiy-kontsert-myi-lyubim-tebya-arhangelsk#884739", "status": "accepted", "updateDate": 1631522116528, "start": 1638271800000, "end": 1638275400000, "createDate": 1631520978264, "inAccepted": true, "acceptDate": 1631536883790, "image": {"author": "Ю. Зайцева", "name": "960c65d1a555b3add6887cbf3da7da35.jpeg", "realName": "DSC_0952 копия2 копия1.jpg", "source": "Архив ГБУК АО \"Северный хор\""}, "photo": "https://pro.culture.ru/uploads/960c65d1a555b3add6887cbf3da7da35.jpeg", "gallery": [], "category": {"name": "Концерты", "sysName": "koncerty"}, "time": {"start": "2021-11-30 11:30:00", "end": "2021-11-30 12:30:00"}}, {"id": 1301182, "name": "Концерт «Шенкурские заковырки»", "age": 12, "description": "<p>Программа познакомит зрителя с традиционным северным танцем, с хореографическими номерами из золотого фонда репертуара Северного хора.<br /></p><p>Северные танцы отличаются большим чувством собственного достоинства, целомудренной сдержанностью и плавной красотой движений в хороводах и лирических танцах, сдержанной силой в быстрых танцах мужчин, выражающейся в подчеркнутой четкости и резкости движений.<br /></p><p>Танцевальная сцена впервые была поставлена Иваном Захаровичем Меркуловым совместно с артистами Северного хора 17 июня 1975 года в летнем театре г. Шенкурска. «Шенкурские заковырки» – один из ярчайших примеров хореографического действа, которое является авторским произведением балетмейстера, но основано на народном источнике – фольклоре.<br /></p><p>Помимо танцевальных номеров, зрители увидят выступления солистов хоровой группы Северного хора и яркую оркестровую зарисовку – соло на балалайке «Эх, сыпь, Семен» в исполнении виртуоза-балалаечника Михея Метелкина.</p>", "shortDescription": "Выступление танцевальной группы Северного хора с участием солистов из хоровой группы.", "min_price": 300, "max_price": 400, "link": "https://arh.kassir.ru/frame/organizer/view/27016?key=44e7ce3b-c24b-9e07-9180-d2f045491222&WIDGET_2965208153=gsfnmvplkgucuvhsfca78t9d6p", "status": "accepted", "updateDate": 1638891367528, "start": 1632916800000, "end": 1637843400000, "createDate": 1630391456237, "inAccepted": true, "acceptDate": 1636465015422, "image": {"author": "О. Гернет", "name": "a6aa0fc51da9dd72058a01c6d8c7ead5.jpeg", "realName": "8Q6A7016-Edit.jpg", "source": "Архив ГБУК АО \"Северный хор\""}, "photo": "https://pro.culture.ru/uploads/a6aa0fc51da9dd72058a01c6d8c7ead5.jpeg", "gallery": ["https://pro.culture.ru/uploads/367a4d6a2dfb85dbd767503ab0a7eddb.jpeg", "https://pro.culture.ru/uploads/89142ea0386c474901fa8c07d59c2ead.jpeg", "https://pro.culture.ru/uploads/57d3b2187e1c3573ebd8ab2d9b1b38c8.jpeg", "https://pro.culture.ru/uploads/62c32ea5e990d1c706efc882a9fc57f7.jpeg", "https://pro.culture.ru/uploads/ffc9281c1f5a9775dbed5cc90735b12a.jpeg", "https://pro.culture.ru/uploads/d36aadca78a7d18d37e3ccc218a6e388.jpeg", "https://pro.culture.ru/uploads/b5921399fde3291510bf40f7f873cbe9.jpeg", "https://pro.culture.ru/uploads/fee1f9677c63f4b73df029f382ab87a2.jpeg"], "category": {"name": "Концерты", "sysName": "koncerty"}, "time": {"start": "2021-09-29 12:00:00", "end": "2021-11-25 12:30:00"}}]}