{"11855": [{"id": 1445987, "name": "Спектакль «Юнона и Авось»", "age": 12, "description": "<p> Постановку рок-оперы «Юнона и Авось» в авторской версии осуществил Государственный театр под руководством народного артиста Российской Федерации, лауреата Государственной премии Российской Федерации, композитора Алексея Львовича Рыбникова.</p><p>Главный акцент сделан на музыкальную составляющую спектакля. Вокальные номера в спектакле поставлены прославленной певицей, заслуженной артисткой Российской Федерации Жанной Рождественской, первой исполнительницей главных партий в рок-операх Алексея Рыбникова и многих знаменитых шлягеров советского кино («Позвони мне, позвони», «Песня гадалки»). Великолепные хореографические номера в постановке Жанны Шмаковой (хореограф-постановщик мюзиклов «Буратино», «Продюсеры», «Иствикские ведьмы», рок-оперы «Хоакин Мурьета») делают рок-оперу ярким незабываемым зрелищем.</p><p>Главный режиссер спектакля – Александр Рыхлов, один из лучших московских режиссеров музыкального театра, известный своими работами в театре, телевизионными и концертными программами.</p><p>В спектакле заняты блестящие московские артисты – звезды новой волны. В роли графа Николая Резанова – братья Никита и Александр Поздняковы, успешные участники проекта «Голос», актер театра и кино Николай Дроздовский. Роль Кончиты исполняют Светлана Бакаева, Анна Март, Елизавета Виноградова. Также в спектакле задействованы ведущие актеры театра Алексея Рыбникова Екатерина Кульчицкая, Николай Лютов, Ив Набиев (победитель проекта «Успех», канал СТС), Мария Савина, Егор Николаев, Леонид Сивец и другие. </p>", "shortDescription": "Рок-опера. Печальная история любви русского графа и дочери испанского колониста.", "min_price": 1000, "max_price": 3000, "link": "https://dkzelenograd.ru/afisha/spektakli/rok-opera-yunona-i-avos", "status": "accepted", "updateDate": 1637895144734, "start": 1639324800000, "end": 1639329600000, "createDate": 1636618789622, "inAccepted": true, "acceptDate": 1637895144889, "image": {"author": "Алахвердов И.А. ", "name": "4769e0743edc767ded958eb4411a743d.jpeg", "realName": "юнона и авось.jpg", "source": "архив автора"}, "photo": "https://pro.culture.ru/uploads/4769e0743edc767ded958eb4411a743d.jpeg", "gallery": [], "category": {"name": "Спектакли", "sysName": "spektakli"}, "time": {"start": "2021-12-12 16:00:00", "end": "2021-12-12 17:20:00"}}, {"id": 1445921, "name": "Мюзикл «Снежная королева»", "age": 6, "description": "<p>Это история маленькой Герды, вера, мужество и любовь которой смогли преодолеть все: неверие людей, соблазны беззаботной жизни, опасности и даже могущественную Снежную королеву. Бегающие по залу троллята с кривым зеркалом с самого начала спектакля включают зрителя в действие, показывая, что эта ситуация могла произойти с каждым из них. Зрители вместе с Гердой отправляются в долгое путешествие, преодолевая колдовство феи цветов, непонимание принцессы и принца, угрозы разбойников, холод и голод...</p><p>В этом музыкальном спектакле хореографические номера придают действию необычайную динамику. Яркий и праздничный мюзикл позволит всем зрителям поверить в себя и понять, что жизнь прекрасна!</p><p> В спектакле камерного музыкального театра «Эль Арт» занято десять артистов, все герои поют, а балетная труппа образует необычайную динамику действий. Этот красивый музыкальный спектакль создает радостное, светлое настроение.<br /></p> <p></p>", "shortDescription": "Благодаря постановке Э. Шумиловой и музыке А. Шевцова сказка Андерсена превратилась в мюзикл.", "min_price": 700, "max_price": 1500, "link": "https://dkzelenograd.ru/afisha/detyam/myuzikl-snezhnaya-koroleva", "status": "accepted", "updateDate": 1637907635364, "start": 1639818000000, "end": 1639822200000, "createDate": 1636618017255, "inAccepted": true, "acceptDate": 1637907636652, "image": {"author": "Алахвердов И.А. ", "name": "4a4358fb6073de325e7117ae40d3518a.jpeg", "realName": "koroleva_05.jpg", "source": "архив автора"}, "photo": "https://pro.culture.ru/uploads/4a4358fb6073de325e7117ae40d3518a.jpeg", "gallery": [], "category": {"name": "Спектакли", "sysName": "spektakli"}, "time": {"start": "2021-12-18 09:00:00", "end": "2021-12-18 10:10:00"}}, {"id": 1383400, "name": "Шоу «Женский стендап»", "age": 18, "description": "<p> Концерт «Женского стендапа» – это шоу о думающих женщинах со своей жизненной позицией, своими мыслями, своими историями и своей правдой, которое позволит повысить настроение абсолютно каждому зрителю, независимо от возраста, пола, увлечений и рода деятельности. Приходите на концерт расслабиться, отдохнуть от повседневных дел, отвлечься от работы и послушать увлекательные монологи девушек.<br /></p><p> В этот вечер на сцене: Ирина Мягкова, Зоя Яровицына, Надя Джабраилова, Мария Маркова, Варвара Щербакова, Саша Муратова, Сауле Юсупова, Маргарита Родина, Карина Мейханоджян и Белла Малу. <br /></p>", "shortDescription": "Одно из первых российских популярных шоу, ставшее площадкой для женщин-комиков.", "min_price": 2600, "max_price": 4500, "link": "https://dkzelenograd.ru/afisha/kontserti/novoe-komediynoe-shou-zhenskiy-stendap", "needCheck": true, "status": "accepted", "updateDate": 1636617055409, "start": 1636387200000, "end": 1637256600000, "createDate": 1633964796174, "inAccepted": true, "acceptDate": 1636617056001, "image": {"author": "Виталий Елькин", "name": "b2fcc68fd176abe299fcb0ddf7fe5d0d.jpeg", "realName": "женский стендап.jpg", "source": "Архив автора"}, "photo": "https://pro.culture.ru/uploads/b2fcc68fd176abe299fcb0ddf7fe5d0d.jpeg", "gallery": [], "category": {"name": "Концерты", "sysName": "koncerty"}, "time": {"start": "2021-11-08 16:00:00", "end": "2021-11-18 17:30:00"}}, {"id": 1379249, "name": "Концерт Рязанского государственного академического русского народного хора им. Е. Попова", "age": 12, "description": "<p>В программу под названием «Золотая коллекция» вошли и популярные русские народные песни, и фольклор рязанской земли, и песни Александра Аверкина («На побывку едет молодой моряк», «Песня не знает границ»), и песни известных российских композиторов на стихи Сергея Есенина, в том числе визитная карточка хора «Над окошком месяц», где в протяжной и неторопливой мелодии раскрывается истинная красота поэзии рязанского поэта.<br /><br />Лучшее из лучшего представит и хореографическая группа. Артисты исполнят танцевальные номера балетмейстеров, которые в разные годы работали с коллективом.<br /><br />Мощным финальным аккордом станет красочная и задорная театрализованная вокально-хореографическая композиция «Барыня» (муз. Е. Попова, постановка М. Кругликова).<br /> </p>", "shortDescription": "Коллектив представит программу, в которую вошли знаковые произведения из репертуара коллектива.", "min_price": 350, "max_price": 1200, "link": "https://dkzelenograd.ru/afisha/kontserti/kontsert-ryazanskogo-russkogo-narodnogo-hora", "needCheck": true, "status": "accepted", "updateDate": 1636617153818, "start": 1645200000000, "end": 1645204800000, "createDate": 1633701585817, "inAccepted": true, "acceptDate": 1636617153983, "image": {"author": "ГАУК «Рязанская областная филармония»", "name": "bec24cb98862be759c86a84465c2be47.jpeg", "realName": "_EVG7998 (2).jpg", "source": "Архив автора"}, "photo": "https://pro.culture.ru/uploads/bec24cb98862be759c86a84465c2be47.jpeg", "gallery": [], "category": {"name": "Концерты", "sysName": "koncerty"}, "time": {"start": "2022-02-18 16:00:00", "end": "2022-02-18 17:20:00"}}, {"id": 1364855, "name": "Балет «Белоснежка и семь гномов»", "age": 0, "description": "<p>Либретто В. Борковского и С .Петровского по мотивам сказки братьев Гримм.<br /> Музыка Богдана Павловского.<br /> Хореография Валентина Грищенко.<br /> <span>В основу либретто балета «Белоснежка и семь гномов» положена романтическая легенда в пересказе братьев Гримм. Популярность сказка обрела благодаря мультфильму Уолта Диснея, который вышел на экраны в 1937 году. Уже через год полнометражный мультфильм получил пожалуй самую престижную награду в мире – «Оскар». Следом, сюжет привлек большое количество театральных деятелей:появились мюзиклы, музыкальные сказки, балеты и фильмы. Под впечатлением не остался и хореограф Генрих Майоров, который решил поставить балет «Белоснежка и семь гномов». Музыку в середине 70-х годов написал известный польский композитор Богдан Павловский. Премьера состоялась в 1975 году на сцене Академического театра оперы и балета УССР в Киеве. В целом спектакль оказался очень востребованным. Майоров ставил его более 30 лет в России и за рубежом. </span></p> <p><span>«Белоснежка и семь гномов» – это балет, который возвращает зрителей в мир детства. Захватывающий сюжет и волшебная музыка оставляют большой простор воображению. Поэтому на протяжении своей длинной истории спектакль ставился в разных театрах, на разную музыку, в разных декорациях и костюмах, созданных разными художниками. </span></p>", "shortDescription": "Сказочный балет в двух актах.", "min_price": 700, "max_price": 1600, "link": "https://beneffis.ru/afisha/detail/belosnejka/", "needCheck": true, "status": "accepted", "updateDate": 1639031495306, "start": 1639317600000, "end": 1642856400000, "createDate": 1633109462142, "inAccepted": true, "acceptDate": 1633702579331, "image": {"author": "Валентин Грищенко", "name": "07ef2e9a2f3d30f20b5c060eeb1540b1.png", "realName": "Snow White and the 7 Dwarfs (4) (1).jpg", "source": "https://beneffis.ru/afisha/detail/belosnejka/"}, "photo": "https://pro.culture.ru/uploads/07ef2e9a2f3d30f20b5c060eeb1540b1.png", "gallery": ["https://pro.culture.ru/uploads/73c4390e02deea319cd96ab0fee2c98c.jpeg", "https://pro.culture.ru/uploads/09cb455d9d21c09b6f9e9402bd9d0637.jpeg", "https://pro.culture.ru/uploads/4c5be776609511cbc012efb3bf2fbb5e.jpeg", "https://pro.culture.ru/uploads/11f7182bfa1c039a63545356b481faa1.jpeg"], "category": {"name": "Спектакли", "sysName": "spektakli"}, "time": {"start": "2021-12-12 14:00:00", "end": "2022-01-22 13:00:00"}}, {"id": 1352480, "name": "Спектакль «Женихи»", "age": 16, "description": "<p><span>Родители Кати (Александр Панкратов-Черный и Татьяна Кравченко) случайно узнают, что их любимая единственная дочь на шестом месяце... Как же так: дочь беременна, а мужа-то нет! И даже жениха не предвидится!!! В тайне от нее озадаченные родители начинают поиск достойной кандидатуры.</span></p> <p><span>Но они даже не подозревают насколько непросто в наше время найти не то что ДОСТОЙНОГО, А ХОТЬ КАКОГО-ТО ЖЕНИХА…</span></p> <p><span>Яркий дуэт Александр Панкратов-Черный и Татьяна Кравченко подарят вам незабываемый, теплый и веселый вечер. Спектакль будет интересен как женщинам, так и мужчинам.</span></p> <p><span> </span></p> <p><span>В спектакле заняты:</span></p> <p><span>Александр Панкратов-Черный, Татьяна Кравченко, Геннадий Масленников, Дмитрий Воронин, Борис Комаров, Максим Лебедев, Сергей Горбунов</span></p> <p><span>Режиссер – Михаил Елисеев.</span></p> <p><span>Продюсер – Анастасия Голованова.</span></p> <p><span>По пьесе Сергея Белова.</span></p> <p><span> </span></p> <p><span>Продолжительность два часа с одним антрактом.</span></p>", "shortDescription": "Комедия о том, как родители дочке жениха выбирали.", "min_price": 1000, "max_price": 3000, "link": "https://beneffis.ru/afisha/detail/spektakl-zhenekhi/", "needCheck": true, "status": "accepted", "updateDate": 1639297444657, "start": 1634569200000, "end": 1653559200000, "createDate": 1632684748498, "inAccepted": true, "acceptDate": 1637924927303, "image": {"author": "Анастасия Голованова", "name": "0eb791cb0c2e1379707d73df9968d51e.jpeg", "realName": "95c6aea508a1827df7ea6b38f9389e5f.jpeg", "source": "https://beneffis.ru/afisha/detail/spektakl-zhenekhi/"}, "photo": "https://pro.culture.ru/uploads/0eb791cb0c2e1379707d73df9968d51e.jpeg", "gallery": ["https://pro.culture.ru/uploads/3fdbc604bd54499d87d50b3cc25a1339.jpeg", "https://pro.culture.ru/uploads/8e3165e47786f21d80b3d7cda9846c20.jpeg", "https://pro.culture.ru/uploads/024b25bb26fbfba9c54200969b50da7e.jpeg", "https://pro.culture.ru/uploads/8b5576fc15fcf85ab9004696dc0f228c.jpeg", "https://pro.culture.ru/uploads/4a71b3bb9bc63bfbb4b80f390785e848.jpeg", "https://pro.culture.ru/uploads/7c27fe73c1417258828f0f261dc9ac76.jpeg"], "category": {"name": "Спектакли", "sysName": "spektakli"}, "time": {"start": "2021-10-18 15:00:00", "end": "2022-05-26 10:00:00"}}, {"id": 1352241, "name": "Концерт Государственного академического ансамбля «Березка» имени Н. С. Надеждиной", "age": 0, "description": "<p>«Березка» – всемирно известный коллектив, ставший подлинным достоянием нашей страны. Отличительные качества «Березки» выражены в соединении классического танца с поэзией старинного хоровода. «Визитная карточка» коллектива – девичий хоровод на тему русской народной песни «Во поле березонька стояла», который уже более полувека завораживает зрителей своим диковинным, «плывущим» шагом. Вальс «Березка», хоровод «Реченька», «Калинка», кадриль «Хохломская скамейка», «Русский танец с платком», «Праздничная плясовая», «Карусель» и многие другие программы ансамбля знают и любят зрители разных поколений.</p><p>Всех зрителей порадует своим мастерством ансамбль «Березка».</p>", "shortDescription": "В программе – народные песни.", "min_price": 700, "max_price": 2000, "link": "https://kuraj-concert.ru/event/berezka-10/", "status": "accepted", "updateDate": 1632998793336, "start": 1634396400000, "end": 1634403600000, "createDate": 1632664237634, "inAccepted": true, "acceptDate": 1632998793360, "image": {"author": "https://yandex.ru", "name": "2ca0fffccfda69b5bcdcf3e7addb8d4f.jpeg", "realName": "1.jpg", "source": "https://yandex.ru"}, "photo": "https://pro.culture.ru/uploads/2ca0fffccfda69b5bcdcf3e7addb8d4f.jpeg", "gallery": [], "category": {"name": "Концерты", "sysName": "koncerty"}, "time": {"start": "2021-10-16 15:00:00", "end": "2021-10-16 17:00:00"}}, {"id": 1346567, "name": "Музыкальный спектакль «Малыш и Карлсон»", "age": 6, "description": "<p> Спокойствие, только спокойствие! На сцену приземляется лучшее в мире привидение с мотором, дикое, но симпатичное! Разумеется, вы догадались, о ком идет речь. Персонажи, знакомые каждому с детства, приглашают на уморительно смешное и бодрящее представление.</p><p>Гениальные крылатые фразы и непосредственность характеров, невероятная харизма и мастерское общение актеров с маленькими и большими зрителями, профессиональные трюки, яркие декорации и зажигательные музыкальные номера ждут вас в самом добром спектакле для всей семьи! </p>", "shortDescription": "Веселая история о приключениях семилетнего мальчишки и его друга, «мужчины в самом расцвете сил».", "min_price": 700, "max_price": 1200, "link": "https://dkzelenograd.ru/afisha/detyam/malish-i-karlson", "status": "accepted", "updateDate": 1636480390642, "start": 1633770000000, "end": 1633776000000, "createDate": 1632383676346, "inAccepted": true, "acceptDate": 1636480390650, "image": {"author": "Алахвердов И.А.", "name": "753eabdc159b13102faa9b404cc642e1.jpeg", "realName": "PMck236.JPG", "source": "Архив автора"}, "photo": "https://pro.culture.ru/uploads/753eabdc159b13102faa9b404cc642e1.jpeg", "gallery": [], "category": {"name": "Спектакли", "sysName": "spektakli"}, "time": {"start": "2021-10-09 09:00:00", "end": "2021-10-09 10:40:00"}}, {"id": 1341183, "name": "Спектакль «Любовь и голуби»", "age": 12, "description": "<p>Спектакль по пьесе Владимира Гуркина – это настоящий подарок тем, кто с теплотой и любовью относится к одноименному фильму. Герои комедии живут в далекой сибирской деревне Алехино. Вася разводит голубей, а его жена Надюха хлопочет по хозяйству. Но судьба приготовила герою сюрприз, из-за чего вся его жизнь пошла наперекосяк.</p> <p> </p> <p>История, рассказанная в спектакле, самая обычная, но в ней есть все – любовь и страсть, ревность и измена, юмор и гротеск. А главное – это счастье, которое герои начинают чувствовать острее после пережитых событий.</p> <p> </p> <p>Конечно же, сюжет известен всем, но благодаря игре прекрасных артистов, придя на спектакль, можно получить новые и яркие впечатления, посмеяться от души и задуматься о настоящих ценностях.</p>", "shortDescription": "Светлая и наивная история о непроходящей любви, родном доме и живущих лишь по велению сердца людях.", "min_price": 1000, "max_price": 2800, "link": "https://dkzelenograd.ru/afisha/spektakli/spektakl-lyubov-i-golubi", "status": "accepted", "updateDate": 1636482946156, "start": 1638025200000, "end": 1638032400000, "createDate": 1632217087357, "inAccepted": true, "acceptDate": 1636482946163, "image": {"author": "Габдуллина А.В.", "name": "8e7960eeb6ec5e67a518fc4ac377efad.jpeg", "realName": "DUxYI5vXUAANTIA.jpg", "source": "Архив автора"}, "photo": "https://pro.culture.ru/uploads/8e7960eeb6ec5e67a518fc4ac377efad.jpeg", "gallery": [], "category": {"name": "Спектакли", "sysName": "spektakli"}, "time": {"start": "2021-11-27 15:00:00", "end": "2021-11-27 17:00:00"}}, {"id": 1326833, "name": "Балет «Спящая красавица»", "age": 0, "description": "<p><span>Балет «Спящая красавица»</span><span> – сказочный спектакль, восхитительная феерия, которая захватывает зрителя как своей яркой и торжественной визуальной составляющей вкупе с музыкальной темой авторства великого </span><span><a href=\"http://soundtimes.ru/muzykalnaya-shkatulka/velikie-kompozitory/petr-ilich-chajkovskij\"><span>Чайковского</span></a></span><span>, так и глубинным философским подтекстом. Балет в трех действиях поставлен по сюжету известной всем с детства сказки Шарля Перро о заснувшей на сотню лет принцессе, которую пробудил от ее колдовского сна только поцелуй прекрасного принца.</span></p><p><span><span>Создавая партитуру для этой постановки, Чайковский в полной мере раскрыл свой легендарный талант, возведя музыку для балета из ранга «подчиненного состояния» в сопровождении танца, в сложное и открывающее новые горизонты произведение. Великолепная музыка, превосходные танцы и праздничные декорации на два с половиной часа возвращают зрителя в волшебный мир детства.</span><br /></span></p>", "shortDescription": "Выступление классического национального русского балета под руководством А. Бутримовича.", "min_price": 600, "max_price": 2000, "link": "https://beneffis.ru/afisha/detail/spyashaya-krasavica/", "needCheck": true, "status": "new", "updateDate": 1640618417990, "start": 1633521600000, "end": 1671429600000, "createDate": 1631540594922, "inAccepted": true, "acceptDate": 1637566302111, "image": {"author": "Георгий Мигунов", "name": "f3ba1bb8d938a291cf896143a60cc830.jpeg", "realName": "cc841bd181cf30fa03a15883bd475671.jpeg", "source": "https://beneffis.ru/afisha/detail/spyashaya-krasavica/"}, "photo": "https://pro.culture.ru/uploads/f3ba1bb8d938a291cf896143a60cc830.jpeg", "gallery": ["https://pro.culture.ru/uploads/e57dbb62df70c431572502f0b188a42a.jpeg", "https://pro.culture.ru/uploads/0cddb4fca980a0d0b06f87aa59abe3c6.jpeg", "https://pro.culture.ru/uploads/5419ecca98fa0c6e11dfd8a7f9cf1ab9.jpeg", "https://pro.culture.ru/uploads/f0a39e528d06feb66b66af6876aa9c98.jpeg", "https://pro.culture.ru/uploads/f98940aad041a44bb710f9c0a873d36d.png"], "category": {"name": "Спектакли", "sysName": "spektakli"}, "time": {"start": "2021-10-06 12:00:00", "end": "2022-12-19 06:00:00"}}, {"id": 1325959, "name": "Рок-опера «Иисус Христос – суперзвезда!»", "age": 12, "description": "<p><span>Одно из наиболее известных<span> </span>произведений<span> </span>жанра «рок-опера», не нуждающееся не только в рекламе, но зачастую даже и в представлении. В 1990 году театр «Рок-опера» первым<span> </span>в России<span> </span>осуществил<span> </span>постановку<span> </span>этой<span> </span>оперы. <span> </span></span></p> <p><span>Рок-опера исполняется<span> </span>на русском языке в переводе Григория<span> </span>Кружкова и Марины Бородицкой. Сценическая<span> </span>редакция<span> </span>произведения отличается от традиционного прочтения <span> </span>рок-оперы, она ближе к Священному Писанию. Отчасти <span> </span>это обусловлено тем, что спектакль с самого начала выпускался <span> </span>под <span> </span>покровительством <span> </span>Православной Церкви, а отчасти и особенностью перевода, ведь несмотря на абсолютную эквиритмичность <span> </span>и, большей частью, полное совпадение <span> </span>русского и оригинального текстов, многие <span> </span>обороты в нем взяты из Евангелия почти дословно.</span></p><p><span>Санкт-Петербургский театр «Рок-опера».</span></p><p></p>", "shortDescription": "Музыкальная постановка по мотивам одноименной рок-оперы.", "min_price": 600, "max_price": 3800, "link": "https://beneffis.ru/afisha/detail/iisus-khristos-superzvezda/", "needCheck": true, "status": "accepted", "updateDate": 1640617216907, "start": 1634727600000, "end": 1648231200000, "createDate": 1631525773347, "inAccepted": true, "acceptDate": 1639031850554, "image": {"author": "Тамара Малышева", "name": "881a704a0c9dee837aba7a5e4d044875.jpeg", "realName": "Фото_1.jpg", "source": "https://beneffis.ru/afisha/detail/iisus-khristos-superzvezda/"}, "photo": "https://pro.culture.ru/uploads/881a704a0c9dee837aba7a5e4d044875.jpeg", "gallery": ["https://pro.culture.ru/uploads/0aec48ff005acfca547b42fd75900f54.jpeg", "https://pro.culture.ru/uploads/2b2c837f8a4ebd54defa022df491134c.jpeg", "https://pro.culture.ru/uploads/2993619dcbaa015716e866f77caac258.jpeg", "https://pro.culture.ru/uploads/c159173afe1ed95dd5e6871b2dc6a9fe.jpeg"], "category": {"name": "Спектакли", "sysName": "spektakli"}, "time": {"start": "2021-10-20 11:00:00", "end": "2022-03-25 18:00:00"}}, {"id": 1321829, "name": "Спектакль «Лебединое озеро»", "age": 6, "description": "<p>Балет в двух действиях «Лебединое озеро». Продолжительность 2 часа с одним антрактом. Музыка: П. И. Чайковский. Хореография: Мариус Петипа в редакци В. Бутримовича. Костюмы и декорации: Владимир Жуков. Солисты: Александр, Бутримович, Ксения Пухловская. </p><ul><li><span><span>Сердца зрителей будут трепетать от «Лебединого озера» вечно!!! </span></span></li><li><span>Когда-то известный критик Герман Ларош сказал: «Лебединое озеро» – лучший балет, который я когда-либо слышал.... Мелодии, одна другой пластичнее, певучее и увлекательнее, льются как из рога изобилия».</span></li><li><span>И действительно</span><span>, балет на музыку Петра Ильича Чайковского – едва ли не самая известная в мире театральная постановка. Шедевр хореографии был создан 130 лет назад и до сих пор является одной из самых крупных жемчужин в короне мировой культуры.</span></li><li><span>История любви </span><span>юного принца Зигфрида и прекрасной девушки-лебедя Одетты, омраченная коварным волшебником Ротбартом и его дочерью Одилии с 19 века и до наших дней продолжает трогать сердца зрителей. Петр Ильич сделал невероятное – создал произведение, где балет и музыка – это единое целое, и выбрал тему любви и измены, то что будет волновать людей вечно.</span></li></ul><p></p>", "shortDescription": "Выступление Классического национального русского балета под руководством Александра Бутримовича.", "min_price": 600, "max_price": 2200, "link": "https://beneffis.ru/afisha/detail/lebedinoe-ozero/", "needCheck": true, "status": "accepted", "updateDate": 1640621937155, "start": 1633348800000, "end": 1650452400000, "createDate": 1631196798590, "inAccepted": true, "acceptDate": 1640340715748, "image": {"author": "Светлана Пособина", "name": "91004ebf0907ca86abf74cfe470b9623.jpeg", "realName": "IMG_5308.jpg", "source": "https://beneffis.ru/afisha/detail/lebedinoe-ozero/"}, "photo": "https://pro.culture.ru/uploads/91004ebf0907ca86abf74cfe470b9623.jpeg", "gallery": ["https://pro.culture.ru/uploads/555efc54ccab999e4f9b3ac8941c96cd.jpeg", "https://pro.culture.ru/uploads/079057c172d52263685958dfda891e8b.jpeg", "https://pro.culture.ru/uploads/f1498215a533ecb26c344a2c3073ba72.jpeg", "https://pro.culture.ru/uploads/cac9a36d4ddc22d102d3880d22d8d16f.jpeg", "https://pro.culture.ru/uploads/d2abdc5d891af35bded9beefc1acfb77.jpeg"], "category": {"name": "Спектакли", "sysName": "spektakli"}, "time": {"start": "2021-10-04 12:00:00", "end": "2022-04-20 11:00:00"}}, {"id": 1287774, "name": "Концерт группы «Сурганова и Оркестр»", "age": 6, "description": "<p style=\"margin-left:0px\">В 2021 году группа «Сурганова и Оркестр» отпраздновала свое совершеннолетие, и в жизни коллектива действительно начался новый этап. Впервые за годы деятельности питерские музыканты пошли на эксперимент: запустили краудфандинговый проект на Planeta.ru и на собранные деньги записали двойной альбом.</p> <p style=\"margin-left:0px\">Первая часть «Все будет» – вышла в июне, премьера второй – «Завтра» запланирована на сентябрь. Пластинка получилась особенной: все, от общей задумки до самой крошечной детали, было создано и воплощено силами группы. А благодаря поддержке поклонников – музыканты, не привязанные к жестким временным рамкам, смогли отшлифовать каждую ноту.</p> <p style=\"margin-left:0px\">Уже этой осенью новые песни прозвучат вживую по всей стране – группа отправляется в масштабный тур в поддержку двойного альбома.</p> <p style=\"margin-left:0px\"> </p> <p style=\"margin-left:0px\">Помимо премьер, музыканты привезут в каждый город лучшие и любимые песни, а еще – особую атмосферу, которая бывает только на концертах «Сургановой и Оркестра».</p> <p style=\"margin-left:0px\"> </p> <p style=\"margin-left:0px\">Все будет осенью – не пропустите!</p>", "shortDescription": "«Все будет» осенью: группа «Сурганова и Оркестр» едет в тур в поддержку нового двойного альбома!", "min_price": 1800, "max_price": 4200, "link": "https://dkzelenograd.ru/afisha/kontserti/kontsert-gruppi-surganova-i-orkestr", "status": "accepted", "updateDate": 1629794361079, "start": 1634313600000, "end": 1634320200000, "createDate": 1629724903361, "inAccepted": true, "acceptDate": 1629977878668, "image": {"author": "ООО «На радость людям»", "name": "a7cf370fe8d90f97cb5af77f23d07f5a.jpeg", "realName": "surganova.jpg", "source": "Архив ООО «На радость людям»"}, "photo": "https://pro.culture.ru/uploads/a7cf370fe8d90f97cb5af77f23d07f5a.jpeg", "gallery": [], "category": {"name": "Концерты", "sysName": "koncerty"}, "time": {"start": "2021-10-15 16:00:00", "end": "2021-10-15 17:50:00"}}, {"id": 1278071, "name": "Концертная программа Игоря Корнелюка «Избранное»", "age": 6, "description": "<p> Его песни знает вся страна – «Город, которого нет», «Подожди, дожди, дожди!», «Билет на балет», «Возвращайся», «Мальчик с девочкой дружил», «Пора домой», «Ходим по Парижу», «Белый вечер», «Я обиделась», «Будем танцевать», «Месяц май», «Клево», «Мало ли». </p><p>Игорь Корнелюк – не только блистательный исполнитель, он еще и автор музыки ко многим кинофильмам: «Бандитский Петербург», «Мастер и Маргарита», «Небо и земля», «Идиот», «Тарас Бульба», а его песни исполняют многие отечественные звезды: Михаил Боярский, Эдита Пьеха, Анне Вески, Лолита Милявская, Филипп Киркоров.</p><p> В концертной программе будут звучать все самые яркие хиты маэстро и песни, заслужившие огромное признание среди многомиллионной аудитории.<br /> </p>", "shortDescription": "Известный музыкант, певец и композитор приглашает поклонников на творческий вечер.", "min_price": 1500, "max_price": 3000, "link": "https://dkzelenograd.ru/afisha/kontserti/kontsertnaya-programma-igorya-kornelyuka", "status": "accepted", "updateDate": 1630501667798, "start": 1632153600000, "end": 1632158400000, "createDate": 1629208125475, "inAccepted": true, "acceptDate": 1630573807663, "image": {"author": "Климова Л.В.", "name": "0ea362b699e2728982c906dfa0d79bac.jpeg", "realName": "T8n1blZsviE.jpg", "source": "Архив автора"}, "photo": "https://pro.culture.ru/uploads/0ea362b699e2728982c906dfa0d79bac.jpeg", "gallery": [], "category": {"name": "Концерты", "sysName": "koncerty"}, "time": {"start": "2021-09-20 16:00:00", "end": "2021-09-20 17:20:00"}}, {"id": 1271612, "name": "Концерт «От Чайковского к Чайковскому»", "age": 6, "description": "<p>Чайковский П.И. – Симфония №4.</p><p>Прокофьев С.С. – Концерт №1 для фортепиано с оркестром.</p><p>Чайковский А.В. – Концерт №4 для фортепиано с оркестром.</p><p>Слыша словосочетание «музыкальные фамилии», вспоминаются Штраус, Рихтер, Дунаевский, но не всегда бывает, что речь идет о династиях. Иногда работает «магия» фамилии. В концерте «От Чайковского к Чайковскому» прозвучит музыка сразу двух Чайковских. </p><p>Помимо Симфонии №4 Петра Чайковского, прозвучит премьерное исполнение, написанного специально для МГСО, Концерта №4 для фортепиано с оркестром Александра Чайковского. </p><p>Свяжет двух композиторов-однофамильцев Концерт №1 для фортепиано Сергея Прокофьева –композитора, родившегося при жизни Петра Ильича и еще творившего в то время, когда совсем юный Александр Владимирович только начинал постигать азы музыкальной науки.<br />Солировать будет художественный руководитель оркестра – Иван Рудин.</p>", "shortDescription": "Для гостей выступит Московский государственный симфонический оркестр.", "min_price": 350, "max_price": 700, "link": "https://iframeab-pre1489.intickets.ru/seance/11866720/", "status": "accepted", "updateDate": 1638088897833, "start": 1638090000000, "end": 1638097200000, "createDate": 1628849990795, "inAccepted": true, "acceptDate": 1629277798273, "image": {"author": "Александра Преснякова", "name": "e2548bb9bea493ad18d98710d46023ac.jpeg", "realName": "оркестр 2.jpg", "source": "https://mgso.moscow/"}, "photo": "https://pro.culture.ru/uploads/e2548bb9bea493ad18d98710d46023ac.jpeg", "gallery": [], "category": {"name": "Концерты", "sysName": "koncerty"}, "time": {"start": "2021-11-28 09:00:00", "end": "2021-11-28 11:00:00"}}, {"id": 1246896, "name": "Концерт Владимира Спивакова и оркестра «Виртуозы Москвы»", "age": 6, "description": "<p>В программе:</p><p></p>\n<ul>\n    <li><span> Анатонио Вивальди. Концерт для оркестра соль минор;</span></li>\n    <li><span> Вольфганг Амадей Моцарт. Дивертисмент фа мажор;</span></li>\n    <li><span> Луиджи Боккерини. Симфония ре минор;</span></li>\n    <li><span> Эдвард Григ. 2 элегические мелодии, сочинение 34: «Раненое сердце», «Последняя весна»;</span></li>\n    <li><span> Джакомо Пуччини. Вальс Мюзетты из оперы «Богема»;</span></li>\n    <li><span> Джакомо Пуччини. Ария Лауретты из оперы «Джанни Скикки»;</span></li>\n    <li><span> Луиджи Ардити. «Поцелуй»;</span></li>\n    <li><span> Фридрих Гульда. «Гимн красоте»;</span></li>\n    <li><span> Франц Легар. Ария Джудитты из оперетты «Джудитта».</span></li>\n</ul>\n<p><span></span></p>\n<p></p>\n<p>Концерт при участии Государственного камерного оркестра «Виртуозы Москвы». Дирижер – Владимир Спиваков. Солистка – лауреат международных конкурсов Анастасия Белукова (сопрано). </p>", "shortDescription": "Выдающийся музыкант, скрипач и дирижер выступит со своим камерным оркестром.", "min_price": 1000, "max_price": 4000, "link": "https://dkzelenograd.ru/afisha/kontserti/kontsert-vladimira-spivakova-i-orkestra-virtuozi-moskvi", "status": "accepted", "updateDate": 1629190511261, "start": 1639152000000, "end": 1639157400000, "createDate": 1627747182003, "inAccepted": true, "acceptDate": 1629214195158, "image": {"author": "ООО \"МОСКОУ КОНЦЕРТ\"", "name": "7232399d25b9f9e20a0c9bc6942ce97f.jpeg", "realName": "Спиваков.jpg", "source": "Архив ООО \"МОСКОУ КОНЦЕРТ\""}, "photo": "https://pro.culture.ru/uploads/7232399d25b9f9e20a0c9bc6942ce97f.jpeg", "gallery": [], "category": {"name": "Концерты", "sysName": "koncerty"}, "time": {"start": "2021-12-10 16:00:00", "end": "2021-12-10 17:30:00"}}, {"id": 1246864, "name": "Мюзикл «Золушка»", "age": 6, "description": "<p>Одна из любимых волшебных историй напомнит взрослым и детям, что никакие деньги и связи не смогут сделать ножку маленькой, а сердце – большим. <br /></p><p>Таинственная и прекрасная сказка о девочке, чьи терпение и трудолюбие, доброта и честность принесли ей счастье и были вознаграждены по достоинству. Симпатичный король, милый принц и добрая фея непременно помогут героине и будут противостоять злой мачехе и вредным сестрам. Волшебные превращения и теплый юмор снова заставят поверить в чудеса.</p><p>Замечательная музыка театрального оркестра, превосходные голоса артистов и великолепные костюмы увлекут зрителей в водоворот сказочных событий и помогут ощутить себя их полноценными участниками. Новые песни созданы специально для этого спектакля композитором В. Назаровым и поэтом С. Игнатовым. Они обязательно понравятся и запомнятся детям. </p>", "shortDescription": "Музыкальная постановка, в основе которой сказка Е. Шварца, созданная коллективом театра В. Назарова.", "min_price": 700, "max_price": 1200, "link": "https://dkzelenograd.ru/afisha/detyam/zolushka", "status": "accepted", "updateDate": 1628863327134, "start": 1632646800000, "end": 1632654000000, "createDate": 1627744668471, "inAccepted": true, "acceptDate": 1628864271819, "image": {"author": "Алахвердов И.А.", "name": "aa1d69494c34e65c04201404b5371ef1.jpeg", "realName": "TmyVlEvQPi0.jpg", "source": "Архив автора"}, "photo": "https://pro.culture.ru/uploads/aa1d69494c34e65c04201404b5371ef1.jpeg", "gallery": [], "category": {"name": "Спектакли", "sysName": "spektakli"}, "time": {"start": "2021-09-26 09:00:00", "end": "2021-09-26 11:00:00"}}, {"id": 1246150, "name": "Концерт «Музыка балета «Щелкунчик»", "age": 6, "description": "<p>И снова П. И. Чайковский. В канун Нового года главным и самым узнаваемым произведением во всем мире называют музыку балета-феерии «Щелкунчик». Чего только стоят завораживающий «Танец феи Драже», нежнейший «Вальс цветов», череда колоритных танцев, таких как «Шоколад» (испанский танец), «Кофе» (арабский танец) и «Чай» (китайский танец). Самые «новогодние» и волшебные сочинения, пленяющие своей лирической непосредственностью и поэтичностью, прозвучат в исполнении Московского государственного симфонического оркестра под управлением одного из самых ярких молодых дирижеров России Ивана Рудина. </p><p> Картины зимней русской природы и герои сказки оживут в руках мастеров Драматического театра песочного искусства «Пески времени», в последнее время ставшего особенно популярным в музыкальной среде. Театр «Пески времени» активно сотрудничает с Московской государственной консерваторией им. П. И. Чайковского, Московской филармонией, Московским театром «Новая опера», симфоническими оркестрами и камерными ансамблями России. Театр проводит более 300 выступлений в год, иллюстрируя музыкальные сказки и шедевры композиторов-классиков.<br /> </p><p></p> <p></p><p></p><p></p>", "shortDescription": "Живая анимация и музыка Чайковского оживят волшебные образы и подарят яркие впечатления.", "min_price": 350, "max_price": 700, "link": "https://dkzelenograd.ru/afisha/kontserti/pi-chaykovskiy-syuita-iz-muziki-baleta-schelkunchik", "status": "accepted", "updateDate": 1629190695342, "start": 1639904400000, "end": 1639908600000, "createDate": 1627663813409, "inAccepted": true, "acceptDate": 1629214280376, "image": {"author": "ГБУК г. Москвы «МГСО для детей и юношества»", "name": "d6131d105525bc5425b4c5b572e68c5f.jpeg", "realName": "chimki-schelkunchik-16-12-18-6-of-21-1800x1196-1.jpg", "source": "https://mgso.moscow/"}, "photo": "https://pro.culture.ru/uploads/d6131d105525bc5425b4c5b572e68c5f.jpeg", "gallery": [], "category": {"name": "Концерты", "sysName": "koncerty"}, "time": {"start": "2021-12-19 09:00:00", "end": "2021-12-19 10:10:00"}}, {"id": 1246137, "name": "Программа «Великие концерты»", "age": 6, "description": "<p>В программе прозвучат: </p><ul><li>Концерт № 2 для фортепиано с оркестром – произведение, посвященное Н. Г. Рубинштейну;</li><li>Концерт для скрипки с оркестром, являющийся, по общему мнению, одним из лучших произведений русского музыкального искусства. </li></ul><p>Наряду с концертами для фортепиано с оркестром и вариациями на тему рококо для виолончели с оркестром – это лучшее сочинение Петра Ильича Чайковского в концертном жанре.</p><p> Московский государственный симфонический оркестр высоко оценивают и зрители, и музыканты, и критики. Это культура исполнения, интересные интерпретации шедевров классической музыки, отличный выбор произведений. Оркестр успешно представлял российское исполнительское искусство на гастролях в Италии, Испании, Германии, Болгарии, Турции, Китае, Корее, с успехом гастролирует по России. </p><p> Летом 2017 года приказом Департамента культуры города Москвы художественным руководителем оркестра был назначен известный пианист Иван Рудин. С приходом нового руководителя оркестр значительно расширил репертуар, начал сотрудничество с ведущими российскими и зарубежными музыкантами, молодыми дирижерами и солистами, стал постоянным участником популярных телепроектов. <br /></p>", "shortDescription": "Московский государственный симфонический оркестр исполнит два великих сочинения П. И. Чайковского.", "min_price": 350, "max_price": 700, "link": "https://dkzelenograd.ru/afisha/kontserti/velikie-kontserti-moskovskogo-gosudarstvennogo-simfonicheskogo-orkestra", "status": "accepted", "updateDate": 1629190559948, "start": 1635066000000, "end": 1635072600000, "createDate": 1627662651619, "inAccepted": true, "acceptDate": 1629214245806, "image": {"author": "ГБУК г. Москвы «МГСО для детей и юношества»", "name": "d1e03f3e5c47ecb986cbac028fcf93ed.jpeg", "realName": "ez9PEWbCcy0.jpg", "source": "Архив ГБУК г. Москвы «МГСО для детей и юношества»"}, "photo": "https://pro.culture.ru/uploads/d1e03f3e5c47ecb986cbac028fcf93ed.jpeg", "gallery": [], "category": {"name": "Концерты", "sysName": "koncerty"}, "time": {"start": "2021-10-24 09:00:00", "end": "2021-10-24 10:50:00"}}, {"id": 1246085, "name": "Концерт «Великие симфонии»", "age": 6, "description": "<p>Пятая симфония – самое популярное сочинение Бетховена. В ней сконцентрированы наиболее типичные черты его стиля: лаконичное изложение, сжатая форма, стремительное развитие. В этой симфонии напряжение и динамика нарастают к концу – так композитор отражает основную идею своего творчества: через борьбу к победе. Однако создавалась она дольше остальных, Бетховен работал над ней на протяжении трех лет. Пятая симфония посвящена известным меценатам – князю Ф. И. Лобковицу и графу А. К. Разумовскому, русскому посланнику в Вене.</p><p> Седьмая симфония – одно из наиболее оптимистичных произведений Бетховена, которым композитор гордился и называл любимым детищем, не сразу по достоинству было оценено его современниками. Но прошло время, и критики стали безудержно восторгаться сочинением, называя его «непостижимо прекрасным». Седьмой симфонии предначертано было появиться на свет самой судьбой. Возможно, апофеоз и всенародное ликование, слышимое в ее музыке, указывает направление, приведшее гениального маэстро к его эпохальной оде «К радости», в которой прозвучало весьма важное воззвание ко всему человечеству: «Обнимитесь, миллионы!» </p><p>Звучание великой музыки будет предварено рассказом об истории ее создания и о времени, в котором она была написана. </p>", "shortDescription": "Московский государственный симфонический оркестр исполнит Пятую и Седьмую симфонии Бетховена.", "min_price": 350, "max_price": 700, "link": "https://dkzelenograd.ru/afisha/kontserti/kontsert-velikie-simfonii-moskovskogo-gosudarstvennogo-simfonicheskogo-orkestra", "status": "accepted", "updateDate": 1628936625809, "start": 1632042000000, "end": 1632044400000, "createDate": 1627658910709, "inAccepted": true, "acceptDate": 1628936625897, "image": {"author": "ГБУК г. Москвы «МГСО для детей и юношества»", "name": "b39b1a516169798298363383681b0127.jpeg", "realName": "FCuVrl3NC8k.jpg", "source": "Архив ГБУК г. Москвы «МГСО для детей и юношества»"}, "photo": "https://pro.culture.ru/uploads/b39b1a516169798298363383681b0127.jpeg", "gallery": [], "category": {"name": "Концерты", "sysName": "koncerty"}, "time": {"start": "2021-09-19 09:00:00", "end": "2021-09-19 09:40:00"}}]}