{"12219": [{"id": 1506845, "name": "Спектакль «Железное сердце»", "age": 6, "description": "<p>Не согласилась красавица Аленушка выйти замуж за болтуна и лентяя Яшку, ей мил пастух Иванушка. Разозлился Яшка, побежал к колдуну, и тот дал ему железное сердце вместо живого, чтобы не было в нем места для добра и любви. </p><p>Превратился Яшка в злого колдуна и похитил Аленушку. Иванушка ей на помощь бросился, да только превратил его колдун в старика с условием: если узнает его в этом облике Аленушка и поцелует, то все колдовство сразу пропадет. А сам тем временем облик Иванушки принял. </p><p>Да только ложью и хитростью счастье себе не добыть, а любовь сильнее всякого колдовства...</p>", "shortDescription": "Постановка по пьесе Андрея Иванова.", "min_price": 250, "max_price": 320, "link": "https://quicktickets.ru/kostromskoj-dramaticheskij-teatr-ostrovskogo", "status": "accepted", "updateDate": 1639574039087, "start": 1640156400000, "end": 1641637200000, "createDate": 1638611351977, "inAccepted": true, "acceptDate": 1639574039139, "image": {"author": "Елена Пучкова", "name": "40577591f69493f4e7f071d2768c6e08.jpeg", "realName": "IMG_4617.JPG", "source": "http://kostromadrama.ru/index.php/repertuar-teatra/detskie-spektakli/3263-a-ivanov-zheleznoe-serdtse"}, "photo": "https://pro.culture.ru/uploads/40577591f69493f4e7f071d2768c6e08.jpeg", "gallery": [], "category": {"name": "Спектакли", "sysName": "spektakli"}, "time": {"start": "2021-12-22 07:00:00", "end": "2022-01-08 10:20:00"}}, {"id": 1483064, "name": "Спектакль «За чем пойдешь, то и найдешь»", "age": 12, "description": "<p>Молодой чиновник Миша Бальзаминов весьма небогат, способностями к службе не обладает, единственной возможностью разбогатеть он видит женитьбу по расчету. Но меркантильность Бальзаминову отнюдь не свойственна, он неисправимый романтик и мечтатель, добрый и по-детски наивный. В каждую потенциальную невесту он искренне влюбляется, горько переживает неудачи, но снова отправляется гулять под окнами богатых купеческих дочек. </p><p>И вот он ходит и ходит по Замоскворечью в поисках богатой невесты, ошибается, разочаровывается, обманывается, попадает в курьезные ситуации, но не оставляет надежды отыскать свое счастье. Упорство всегда приводит к достижению результата, и Миша Бальзаминов все-таки обрел семейное счастье.</p>", "shortDescription": "Комедия по трилогии Александра Островского о женитьбе Бальзаминова.", "min_price": 450, "max_price": 530, "link": "https://quicktickets.ru/kostromskoj-dramaticheskij-teatr-ostrovskogo/e115", "status": "accepted", "updateDate": 1638430537129, "start": 1639472400000, "end": 1643130900000, "createDate": 1637840218263, "inAccepted": true, "acceptDate": 1638430537194, "image": {"author": "Ирина Ропотова", "name": "e3e08ef7eaf371763a1829a37c4df57c.jpeg", "realName": "_DSC9590.JPG", "source": "http://kostromadrama.ru/index.php/repertuar-teatra/osnovnaya-stsena/3258-a-n-ostrovskij-za-chem-pojdjosh-to-i-najdjosh"}, "photo": "https://pro.culture.ru/uploads/e3e08ef7eaf371763a1829a37c4df57c.jpeg", "gallery": [], "category": {"name": "Спектакли", "sysName": "spektakli"}, "time": {"start": "2021-12-14 09:00:00", "end": "2022-01-25 17:15:00"}}, {"id": 1476405, "name": "Спектакль «Фауст!»", "age": 16, "description": "<p>Иоганн Фауст – личность и историческая, и легендарная. Жил он в 1480–1540 годах, был известен как лекарь, маг и ученый-чернокнижник. Легенда о том, что Фауст продал душу дьяволу, возникла еще при его жизни. Сам Фауст не опровергал эти слухи, а порой и поддерживал. Никто теперь не знает, как было на самом деле. </p> <p>Не в силах отыскать лекарство от свирепствующей в Виттенберге чумы, Фауст заключает сделку с Мефистофелем, который оказывается всего лишь бродячим актером Шпигельманом. И вроде бы это всего лишь игра, мистификация, но события выходят из-под контроля и заставляют поверить в то, что колдовство произошло на самом деле. <br /></p> <p>Спектакль «Фауст!» можно воспринимать как загадочную трагедию или как фантазию о невероятной любви. Танец и вокал – неотъемлемая часть мюзикла, они дают более сильную эмоциональную окраску этому гимну любви. </p>", "shortDescription": "Мюзикл московского композитора Александра Шевцова, созданный по мотивам старинной легенды.", "min_price": 300, "max_price": 800, "link": "https://quicktickets.ru/kostromskoj-dramaticheskij-teatr-ostrovskogo/e111", "needCheck": true, "status": "accepted", "updateDate": 1638611911239, "start": 1638630000000, "end": 1643563200000, "createDate": 1637661765816, "inAccepted": true, "acceptDate": 1638349535780, "image": {"author": "Ирина Ропотова", "name": "81787ae0fc87f830b23e732292c3f299.jpeg", "realName": "_DSC7826.JPG", "source": "http://kostromadrama.ru/index.php/repertuar-teatra/osnovnaya-stsena/3199-kompozitor-a-shevtsov-faust"}, "photo": "https://pro.culture.ru/uploads/81787ae0fc87f830b23e732292c3f299.jpeg", "gallery": ["https://pro.culture.ru/uploads/0d278dd6c1ed323a3184e44de639683c.jpeg", "https://pro.culture.ru/uploads/f9910afd9e2cc40909fbee49896f89bf.jpeg", "https://pro.culture.ru/uploads/bc1c641ee39dd3a17b782db15047b563.jpeg", "https://pro.culture.ru/uploads/73c85dc210fec30702720ad2f0337467.jpeg"], "category": {"name": "Спектакли", "sysName": "spektakli"}, "time": {"start": "2021-12-04 15:00:00", "end": "2022-01-30 17:20:00"}}, {"id": 1271852, "name": "Спектакль «Кому на Руси жить хорошо»", "age": 12, "description": "<p>Ни для кого не секрет: дописать поэму «Кому не Руси жить хорошо» Некрасов не успел. Отсюда смысловая и структурная незавершенность, порождающая свободу интерпретации и позволяющая экспериментировать с формой. В спектакль вошли фрагменты из восьми глав поэмы: «Пролог», «Поп», «Сельская ярмарка», «Последыш», «Пьяная ночь», «Счастливые», «Помещик» и «Крестьянка». Объединившись, они складываются в картину русского мира – пеструю, символичную, контрастную. В ней площадной разгул, почти языческий, уживается с мыслью христианской, смех перемешивается со слезами, безжалостность соседствует с состраданием. </p><p>Тема поиска счастливого транслируется в открыто-игровой форме. Артисты прямо на глазах у публики превращаются в странников, а дальше на протяжении всего спектакля стремительно меняют маски. В спектакле представлены и разные жанры народного площадного театра – от вертепа до балагана и медвежьей потехи, элементы театра кукол и теневого театра.<br /></p><p></p>", "shortDescription": "Странствие по страницам самой загадочной поэмы Н. А. Некрасова.", "min_price": 150, "max_price": 150, "link": "https://quicktickets.ru/kostromskoj-dramaticheskij-teatr-ostrovskogo?utm_source=vk&utm_medium=organisation_public&utm_campaign=action_button&utm_content=buy_tickets", "needCheck": true, "status": "accepted", "updateDate": 1638612650981, "start": 1632214800000, "end": 1643365200000, "createDate": 1628853795537, "inAccepted": true, "acceptDate": 1637064493800, "image": {"author": "Елена Пучкова", "name": "201cc661dfdf8052d184423d3bd789a4.jpeg", "realName": "IMG_4102.JPG", "source": "http://kostromadrama.ru/images/sait/repertuar/3087/IMG_4102.JPG"}, "photo": "https://pro.culture.ru/uploads/201cc661dfdf8052d184423d3bd789a4.jpeg", "gallery": ["https://pro.culture.ru/uploads/dc78f02e91d544122607d74b2dbd8b91.jpeg", "https://pro.culture.ru/uploads/cca60a926084932d1071cb93909c2c86.jpeg", "https://pro.culture.ru/uploads/67312e56806d97ec86d0f78a537ee656.jpeg", "https://pro.culture.ru/uploads/fcbc3f8a2799839d2f9e470edadb1e91.jpeg", "https://pro.culture.ru/uploads/763f17e561f27828fd05e602b46061b3.jpeg", "https://pro.culture.ru/uploads/9f574b5c9cde47bf2ac79957cddfa217.jpeg", "https://pro.culture.ru/uploads/e1b8bc26046c2817e0778055d88fb51e.jpeg", "https://pro.culture.ru/uploads/0c95982447f3f8a6ef1c22cf4a10fedc.jpeg"], "category": {"name": "Спектакли", "sysName": "spektakli"}, "time": {"start": "2021-09-21 09:00:00", "end": "2022-01-28 10:20:00"}}, {"id": 1194828, "name": "Спектакль «Бриллианты для невесты»", "age": 12, "description": "<p>Еще вчера вечером это был дом мыльного магната Бертрана Барнье. Теперь же это самый настоящий сумасшедший дом: дочь изо всех сил рвется замуж и утверждает, что беременна, хотя не беременна, ее возлюбленный объявляет об отъезде в Африку, но не уезжает, помощник Бертрана Барнье Кристиан Мартен требует повышения зарплаты, чтобы жениться на дочери шефа, которая оказывается совсем не дочерью, а в итоге все-таки дочерью, служанка прямо на глазах превращается в баронессу... И параллельно со всем этим по дому курсируют три саквояжа: с бриллиантами, с сорока пятью миллионами и с нижним бельем. И самое главное – не перепутать их. </p>", "shortDescription": "Зрителей ждет комедия по мотивам пьесы «Оскар» французского драматурга Клода Манье.", "min_price": 300, "max_price": 800, "link": "https://quicktickets.ru/kostromskoj-dramaticheskij-teatr-ostrovskogo/e105", "needCheck": true, "status": "accepted", "updateDate": 1638612362312, "start": 1625065200000, "end": 1643217600000, "createDate": 1624629574022, "inAccepted": true, "acceptDate": 1637062689301, "image": {"author": "Елена Пучкова", "name": "f03d8647884e14fd0f44afdc6b5c0dd8.jpeg", "realName": "IMG_3690.JPG", "source": "www.kostromadrama.ru"}, "photo": "https://pro.culture.ru/uploads/f03d8647884e14fd0f44afdc6b5c0dd8.jpeg", "gallery": ["https://pro.culture.ru/uploads/65b20304e20b9c66eacb6ae3346a4d61.jpeg", "https://pro.culture.ru/uploads/284cf3b70ff4001d2c95093b52ce5e3b.jpeg", "https://pro.culture.ru/uploads/be74a9334e5de548385dcb4f2fae5833.jpeg"], "category": {"name": "Спектакли", "sysName": "spektakli"}, "time": {"start": "2021-06-30 15:00:00", "end": "2022-01-26 17:20:00"}}, {"id": 1167802, "name": "Спектакль «Одолжите тенора»", "age": 16, "description": "<p>«Одолжите тенора» – так гласят афиши. Но на самом деле тенор есть: неподражаемый итальянский оперный певец Тито Мерелли приехал в американский городок Кливленд вместе с женой, чтобы вечером в местном театре спеть Отелло. Он бы с удовольствием и спел, если бы не ссора с темпераментной супругой и не убийственная доза успокоительных таблеток.</p><p> Обнаружив неподвижного Тито на кровати в гостиничном номере, директор Кливлендской оперы Генри Сондерс подразумевает самое ужасное и буквально впихивает в костюм Отелло своего молодого помощника Макса, который, кстати, неплохо поет. </p><p>Но именно в тот момент, когда положение кажется блестяще спасенным, все самое интересное только начинается... </p>", "shortDescription": "Постановка по одноименной комедии американского драматурга Кена Людвига.", "min_price": 300, "max_price": 800, "link": "https://quicktickets.ru/kostromskoj-dramaticheskij-teatr-ostrovskogo/e104", "needCheck": true, "status": "new", "updateDate": 1637829753388, "start": 1624028400000, "end": 1642699800000, "createDate": 1623163384792, "inAccepted": true, "acceptDate": 1637064415026, "image": {"author": "Елена Пучкова", "name": "6e3ad7e8d42e30036eb6f268c8c84fae.jpeg", "realName": "IMG_3304.JPG", "source": "www.kostromadrama.ru"}, "photo": "https://pro.culture.ru/uploads/6e3ad7e8d42e30036eb6f268c8c84fae.jpeg", "gallery": ["https://pro.culture.ru/uploads/23ca00556d3753214683ca0aa239b264.jpeg", "https://pro.culture.ru/uploads/0f6d5b72274ee7ec2b05f4e2ab162c31.jpeg", "https://pro.culture.ru/uploads/6519446f6c3b6f584976152f37903f2e.jpeg", "https://pro.culture.ru/uploads/81fd620304151a9b4cb6a22c2bc50e5b.jpeg", "https://pro.culture.ru/uploads/df81bb1b52a278cdf75a51105e75b595.jpeg", "https://pro.culture.ru/uploads/75adef5721da72a61ecf6277dcf50542.jpeg", "https://pro.culture.ru/uploads/d92f633e361cb2ddd4e0514d42ab0895.jpeg", "https://pro.culture.ru/uploads/6b827835d136534b12e532c7d4190756.jpeg"], "category": {"name": "Спектакли", "sysName": "spektakli"}, "time": {"start": "2021-06-18 15:00:00", "end": "2022-01-20 17:30:00"}}, {"id": 1005741, "name": "Спектакль «Брак – дело серьезное»", "age": 12, "description": "<p> «Блэз» – кассовая комедия, проверенная временем: Клод Манье написал ее в 1959 году, и с тех пор она не перестает собирать полные залы по всему миру. А все потому, что своему технически блистательному ситкому Манье придает богемный шарм: главный герой истории – молодой парижский художник Блэз д’Амбрие. Со всеми вытекающими. </p><p>Он молод, талантлив, чертовски привлекателен и ровно настолько же беден. Единственный способ вырваться из нищеты – удачная женитьба. И тут подворачивается превосходный вариант: дочка бизнесмена Клебера Карлье, у которого с Блэзом есть нечто общее – любовница Женевьева. Она и берется устроить встречу жениха с семьей невесты – и дело, быть может, и выгорело бы. Если бы не комедийное стечение обстоятельств, а точнее – стечение всех и вся в съемной квартире Блэза. В один прекрасный день здесь оказываются и сам художник, и Карлье, и две его любовницы, и его жена, и дочь, а еще полураздетая служанка и внезапно вернувшийся из путешествия квартирный хозяин...</p>", "shortDescription": "Романтическая комедия по пьесе Клода Манье.", "min_price": 300, "max_price": 800, "link": "https://quicktickets.ru/kostromskoj-dramaticheskij-teatr-ostrovskogo", "needCheck": true, "status": "accepted", "updateDate": 1638611809751, "start": 1617721200000, "end": 1641490200000, "createDate": 1616336271173, "inAccepted": true, "acceptDate": 1637063926115, "image": {"author": "Дарья Пиляк", "name": "6c6fc3f986c14be919de072458143cc1.jpeg", "realName": "DSC_1343.JPG", "source": "www.kostromadrama.ru"}, "photo": "https://pro.culture.ru/uploads/6c6fc3f986c14be919de072458143cc1.jpeg", "gallery": [], "category": {"name": "Спектакли", "sysName": "spektakli"}, "time": {"start": "2021-04-06 15:00:00", "end": "2022-01-06 17:30:00"}}, {"id": 914506, "name": "Спектакль «Диковинки русской глубинки»", "age": 12, "description": "<p>«Повестей Белкина» пять, но спектакль «Диковинки русской глубинки» сочинен только из двух: «Метели» и «Барышни-крестьянки». Выбирая для постановки именно эти тексты, режиссер Александр Кирпичев делает ставку на их театральность, ведь обе повести построены на всем известном и всеми любимом театральном приеме – путанице, возникающей тогда, когда одного принимают за другого. А где путаница, там, конечно, смена масок, переодевания, лихо закрученный сюжет и напряженная интрига. И главное – стихия игры.</p>", "shortDescription": "Дилогия, вдохновлённая повестями А. С. Пушкина «Метель» и «Барышня-крестьянка».", "min_price": 350, "max_price": 350, "link": "https://quicktickets.ru/kostromskoj-dramaticheskij-teatr-ostrovskogo", "status": "accepted", "updateDate": 1630046166340, "start": 1614697200000, "end": 1632063600000, "createDate": 1611840654834, "inAccepted": true, "acceptDate": 1630071892112, "image": {"author": "Дарья Пиляк", "name": "51c2ff20896fea55d1cfcfc0f196c55c.jpeg", "realName": "DSC_0551.JPG", "source": "www.kostromadrama.ru"}, "photo": "https://pro.culture.ru/uploads/51c2ff20896fea55d1cfcfc0f196c55c.jpeg", "gallery": [], "category": {"name": "Спектакли", "sysName": "spektakli"}, "time": {"start": "2021-03-02 15:00:00", "end": "2021-09-19 15:00:00"}}, {"id": 914009, "name": "Спектакль «Диковинки русской глубинки. Часть вторая. Барышня-крестьянка»", "age": 12, "description": "<p>Дилогию «Диковинки русской глубинки», задуманную режиссером Александром Кирпичевым на сцене ТЮЗа, продолжает «Барышня-крестьянка». Похожие в главном, две части спектакля все-таки отличаются друг от друга. И прежде всего – настроением: безудержная ирония и приключенческий дух первой части сменяется лирикой во второй. «Барышня-крестьянка», конечно, невероятно игровая и игривая, в то же время полна романтизма. Свидания в тени рощи, робкие взгляды, первые прикосновения и пламенные послания – все это превращает вторую часть нового спектакля в мечту тургеневских барышень.</p>", "shortDescription": "Вторая постановка дилогии по «Повестям Белкина» Александра Пушкина.", "min_price": 300, "max_price": 530, "link": "https://quicktickets.ru/kostromskoj-dramaticheskij-teatr-ostrovskogo/e97", "status": "accepted", "updateDate": 1637665368134, "start": 1613487600000, "end": 1640602200000, "createDate": 1611832280043, "inAccepted": true, "acceptDate": 1637665368206, "image": {"author": "Дарья Пиляк", "name": "8f64920b246f129a7ef04c3920908e1c.jpeg", "realName": "DSC_0949.JPG", "source": "www.kostromadrama.ru"}, "photo": "https://pro.culture.ru/uploads/8f64920b246f129a7ef04c3920908e1c.jpeg", "gallery": ["https://pro.culture.ru/uploads/42208eb6033a61eaa6f8f4f7c39f5629.jpeg", "https://pro.culture.ru/uploads/1b79b0d2e22d3179ae966623ace8eccd.jpeg", "https://pro.culture.ru/uploads/70db3c3a7ceff4d6150c2f1ae172eb16.jpeg", "https://pro.culture.ru/uploads/2b1f119281387d71c32305f20f1963de.jpeg", "https://pro.culture.ru/uploads/0c48c28ddf4751c4fe2690fe0896bd6a.jpeg", "https://pro.culture.ru/uploads/e6a45a084e316124b4bc5d6944f2f8a0.jpeg"], "category": {"name": "Спектакли", "sysName": "spektakli"}, "time": {"start": "2021-02-16 15:00:00", "end": "2021-12-27 10:50:00"}}, {"id": 877850, "name": "Спектакль «Все мыши любят сыр»", "age": 6, "description": "<p>Любой, кто хоть немного знаком с текстами Шекспира, распознает в пьесе Дюлы Урбана «Ромео и Джульетту». </p><p>Только разворачивается эта история не на улицах Вероны, а на просторах сыроварни – именно здесь сталкиваются нос к носу две мышиные семьи: белая и серая. Первые презирают вторых за «серость», а те, в свою очередь, не переносят бисквитный запах, исходящий от противников. </p><p>И пока семейства самозабвенно враждуют с частыми перерывами на сырный перекус, их дети – белоснежная красотка Фружи и серый обаяшка Шома – влюбляются друг в друга. Да так, что готовы на роковой для мышей шаг – обратиться за помощью к Великому Коту. </p><p>Вот тут-то и начинается все самое интересное.</p>", "shortDescription": "История Ромео и Джульетты, понятная даже самым юным зрителям.", "min_price": 200, "max_price": 250, "link": "https://quicktickets.ru/kostromskoj-dramaticheskij-teatr-ostrovskogo/s1428", "needCheck": true, "status": "accepted", "updateDate": 1638612237198, "start": 1609668000000, "end": 1642932600000, "createDate": 1609232107977, "inAccepted": true, "acceptDate": 1638531766543, "image": {"author": "Дарья Пиляк", "name": "99d8eab05359736c7ebb4304e36af8bc.jpeg", "realName": "de5f6dcf7913d8722da8267354315fd6.jpeg", "source": "http://www.kostromadrama.ru"}, "photo": "https://pro.culture.ru/uploads/99d8eab05359736c7ebb4304e36af8bc.jpeg", "gallery": ["https://pro.culture.ru/uploads/47f91b1fc7122c3d825df1388f517cc9.jpeg", "https://pro.culture.ru/uploads/8161f32880f15a69a1664ad5ffde02c6.jpeg", "https://pro.culture.ru/uploads/682f143cb0701d624aa63b15aad3c503.jpeg", "https://pro.culture.ru/uploads/c080aee7df8a3fcca4bc8f25b04397a5.jpeg"], "category": {"name": "Спектакли", "sysName": "spektakli"}, "time": {"start": "2021-01-03 10:00:00", "end": "2022-01-23 10:10:00"}}, {"id": 856964, "name": "Спектакль «Диковинки русской глубинки. Часть первая. Метель»", "age": 12, "description": "<p>Девять артистов разыгрывают пушкинскую «Метель» с азартом: иронизируют над персонажами и жалеют их, постоянно что-то изобретают и легко импровизируют. Стреляются из бумажного пистолетика и кидаются бумажными снежками, скачут на невидимых лошадях, бросаются в обмороки с разбега. Но за лёгкостью сценического существования, за эмоциями, которые иногда через край, угадываются важные пушкинские смыслы: из снежного вихря каждый, кто оказался в нём, попадёт именно туда, куда суждено. И повенчает метель именно тех, кто должен быть вместе.</p>", "shortDescription": "Первая часть дилогии по «Повестям Белкина» А. С. Пушкина.", "min_price": 300, "max_price": 530, "link": "https://quicktickets.ru/kostromskoj-dramaticheskij-teatr-ostrovskogo/s1378", "status": "new", "updateDate": 1637064787784, "start": 1608454800000, "end": 1640681400000, "createDate": 1607852324267, "inAccepted": true, "acceptDate": 1634206522396, "image": {"author": "Дарья Пиляк", "name": "7856575893e56cb4eeadfc902fe7d25d.jpeg", "realName": "DSC_0706.JPG", "source": "www.kostromadrama.ru"}, "photo": "https://pro.culture.ru/uploads/7856575893e56cb4eeadfc902fe7d25d.jpeg", "gallery": ["https://pro.culture.ru/uploads/8b958d1965f83bd25d45b2f94f9995dd.jpeg", "https://pro.culture.ru/uploads/a1bcb7ff854acfbc65a3b8dbd45fa1a6.jpeg", "https://pro.culture.ru/uploads/c14813ea16e510f5c87362017e00de58.jpeg", "https://pro.culture.ru/uploads/db55773cfe5eef73de60763656db7e7d.jpeg", "https://pro.culture.ru/uploads/0ae8a0108bcceb28234d50ac23a0b250.jpeg", "https://pro.culture.ru/uploads/d240355961128771e2fa1c44d8f8889e.jpeg", "https://pro.culture.ru/uploads/df367616b9189e795720cff57657c127.jpeg"], "category": {"name": "Спектакли", "sysName": "spektakli"}, "time": {"start": "2020-12-20 09:00:00", "end": "2021-12-28 08:50:00"}}, {"id": 824838, "name": "Спектакль «Светит, да не греет»", "age": 12, "description": "<p>Здесь самый простой провинциальный пейзаж: сады, рощи и луга, река и разбросанные по ее берегам усадебки и дачи. И люди здесь живут тоже очень просто: молодой помещик Рабачев встречается вечерами с милой Олей и собирается на ней жениться, увалень Залешин вместе со своей Авдотьей держат хозяйство и воспитывают детей, а старики Ильич и Степанида, очаровательно бранясь, доживают долгий век. </p><p>Так бы все и продолжалось, если бы в свою усадьбу прямиком из Европы вдруг не прикатила роскошная Анна Владимировна Ренева. Ей нужны деньги, ей хочется поскорее продать имение, ей невыносимо скучно ждать, ей приходит фантазия – от скуки закрутить роман… И она даже не догадывается, к чему приведет эта фантазия.</p>", "shortDescription": "Не самая известная, но одна из самых загадочных пьес Островского в постановке Елены Сафоновой.", "min_price": 300, "max_price": 800, "link": "https://quicktickets.ru/kostromskoj-dramaticheskij-teatr-ostrovskogo/e94", "needCheck": true, "status": "accepted", "updateDate": 1638612174616, "start": 1606921200000, "end": 1642873200000, "createDate": 1606046898595, "inAccepted": true, "acceptDate": 1637063714662, "image": {"author": "Елена Пучкова", "name": "557aae650204051ae816371794139368.jpeg", "realName": "Светит, да не греет.jpg", "source": "http://kostromadrama.ru/index.php/repertuar-teatra/osnovnaya-stsena/2794-a-n-ostrovskij-svetit-da-ne-greet"}, "photo": "https://pro.culture.ru/uploads/557aae650204051ae816371794139368.jpeg", "gallery": ["https://pro.culture.ru/uploads/7d1c5cd2c199abc0d0cf66efb4009475.jpeg", "https://pro.culture.ru/uploads/83d5fda76ef81f655776f67febc2db5a.jpeg", "https://pro.culture.ru/uploads/6ae3fc224f2107ed4664b9167a7b5c21.jpeg"], "category": {"name": "Спектакли", "sysName": "spektakli"}, "time": {"start": "2020-12-02 15:00:00", "end": "2022-01-22 17:40:00"}}, {"id": 763219, "name": "Спектакль «Дикарь»", "age": 16, "description": "<p>Молодая учительница приглашена в поместье, находящееся в горах Испании, для воспитания ребенка. Правда, оказалось, что ребенку 24 года. </p><p>Пабло вырос в горах, вдали от цивилизации, он умеет охотиться, но не знает элементарных правил поведения в обществе. </p><p>Он понимает язык леса, но почти не умеет читать. Дитя природы, он пишет слова «Америка» и «Европа» с маленькой буквы, а слово «женщина» – с большой. </p><p>Он наивно прямолинеен и совершенно не терпит какой-либо власти над собой. Нанятые для него учителя сбегают один за другим. </p><p>Он знает, что есть две большие вещи – жизнь и смерть. Но ему только предстоит узнать, что есть и третья. От нее дрожит голос... Есть третья – любовь!</p>", "shortDescription": "Невероятная история любви.", "min_price": 300, "max_price": 800, "link": "https://quicktickets.ru/kostromskoj-dramaticheskij-teatr-ostrovskogo/e1", "status": "accepted", "updateDate": 1638611589141, "start": 1603897200000, "end": 1641316800000, "createDate": 1602166789267, "inAccepted": true, "acceptDate": 1637062184878, "image": {"author": "Андрей Щелкунов", "name": "968191b009010dd702a5980ff95f515a.jpeg", "realName": "Дикарь-1.jpg", "source": "http://kostromadrama.ru/index.php/repertuar-teatra/osnovnaya-stsena/585-a-kasona-dikar"}, "photo": "https://pro.culture.ru/uploads/968191b009010dd702a5980ff95f515a.jpeg", "gallery": ["https://pro.culture.ru/uploads/518dc5dbe556d79b6155ee342a2efdb3.jpeg", "https://pro.culture.ru/uploads/601a4e413f99be74f767ca34708b0d3c.jpeg"], "category": {"name": "Спектакли", "sysName": "spektakli"}, "time": {"start": "2020-10-28 15:00:00", "end": "2022-01-04 17:20:00"}}, {"id": 763177, "name": "Спектакль «Двенадцатая ночь»", "age": 12, "description": "<p>Веселая комедия, полная шуток и жизнеутверждающего оптимизма, изящная и блистательно изысканная. </p><p>Брат и сестра, пережившие кораблекрушение, неожиданно находят друг друга. Прелестная графиня очаровывает всех мужчин, хоть раз увидевших ее. Герцог безгранично доверяет юному слуге, посылая его улаживать свои любовные дела. А счастье ждет героев прямо за поворотом, и не беда, что не за тем, где они его ищут. </p><p>Двенадцатая ночь после Рождества была концом зимних праздников, и она отмечалась особенно бурным весельем. К такому случаю и была приурочена комедия. Считалось, что нет более верных знамений, чем те, что были явлены во время двенадцатой ночи, а произнесенные в ту ночь слова имели наибольшую силу.</p>", "shortDescription": "Одна из самых известных комедий Уильяма Шекспира.", "min_price": 300, "max_price": 800, "link": "https://quicktickets.ru/kostromskoj-dramaticheskij-teatr-ostrovskogo/e7", "status": "accepted", "updateDate": 1638612401822, "start": 1607698800000, "end": 1643304000000, "createDate": 1602165284227, "inAccepted": true, "acceptDate": 1637064344876, "image": {"author": "Андрей Щелкунов", "name": "ad5d5089f3f11d4b68a2e4dfdc47a372.jpeg", "realName": "Двенадцатая ночь-1.jpg", "source": "http://kostromadrama.ru/index.php/repertuar-teatra/osnovnaya-stsena/1067-v-shekspir-dvenadtsataya-noch"}, "photo": "https://pro.culture.ru/uploads/ad5d5089f3f11d4b68a2e4dfdc47a372.jpeg", "gallery": ["https://pro.culture.ru/uploads/ca3c590bbc5f0864308fcac7073d1752.jpeg", "https://pro.culture.ru/uploads/78961f40bc56a9e0fc4d9e444ffaf299.jpeg", "https://pro.culture.ru/uploads/40dae84f89bbf48677a5e815e7d5282a.jpeg"], "category": {"name": "Спектакли", "sysName": "spektakli"}, "time": {"start": "2020-12-11 15:00:00", "end": "2022-01-27 17:20:00"}}, {"id": 763012, "name": "Спектакль «Тетя на миллион»", "age": 12, "description": "<p>Эта история хорошо знакома россиянам благодаря культовому фильму режиссера Виктора Титова «Здравствуйте, я ваша тетя!» с Александром Калягиным в главной роли.</p><p>Если тетя обещала приехать, сама не едет, а без нее не провернуть одно очень важное дельце, тогда можно... нарядить тетей собственного товарища! Вот только отвечать за последствия придется самому. Особенно, когда «ряженая» тетя столкнется нос к носу с тетей настоящей... </p><p>Комедия с лихо закрученной интригой, переодеваниями и, конечно, искрометным юмором</p>", "shortDescription": "Английская комедия с переодеваниями.", "min_price": 300, "max_price": 800, "link": "https://quicktickets.ru/kostromskoj-dramaticheskij-teatr-ostrovskogo/e66", "status": "accepted", "updateDate": 1638611476267, "start": 1603810800000, "end": 1641230400000, "createDate": 1602161190818, "inAccepted": true, "acceptDate": 1637063771408, "image": {"author": "Елена Пучкова", "name": "cbc974cdefc92e9e88a375bc281ce9a3.jpeg", "realName": "Тётя на миллион-1.jpg", "source": "http://kostromadrama.ru/index.php/repertuar-teatra/osnovnaya-stsena/2341-b-tomas-tjotka-na-million"}, "photo": "https://pro.culture.ru/uploads/cbc974cdefc92e9e88a375bc281ce9a3.jpeg", "gallery": ["https://pro.culture.ru/uploads/a540441cb16ede33de7d9e15254ca773.jpeg", "https://pro.culture.ru/uploads/e6913568bcf51e7141da6b0f6f65089a.jpeg"], "category": {"name": "Спектакли", "sysName": "spektakli"}, "time": {"start": "2020-10-27 15:00:00", "end": "2022-01-03 17:20:00"}}, {"id": 762939, "name": "Спектакль «Богатые невесты»", "age": 12, "description": "<p> «Богатые невесты» – пьеса, в которой немало загадок. </p><p>Действие происходит летом, на дачах, и в этой истории все с самого начала могло бы сложиться идеально, ведь на двух невест с хорошим приданым здесь два молодых человека, желающих жениться. Но идеально не складывается – счастью мешают темное прошлое Валентины Белесовой, принципиальность и правильность ее жениха Юрия Цыплунова и подлость мелкого чиновника Виталия Пирамидалова. Жесткий расчет и настоящие чувства, неприглядные тайны, которые становятся явью, обиды и расставания, покаяние и прощение – все это сходится в истории под названием «Богатые невесты». </p>", "shortDescription": "Постановка по малоизвестной пьесе Александра Островского.", "min_price": 300, "max_price": 800, "link": "https://quicktickets.ru/kostromskoj-dramaticheskij-teatr-ostrovskogo/e68", "needCheck": true, "status": "new", "updateDate": 1637064026611, "start": 1603033200000, "end": 1639158000000, "createDate": 1602159893034, "inAccepted": true, "acceptDate": 1634033430871, "image": {"author": "Дарья Пиляк", "name": "92f7811a6fe78b69e649cade0ad497d6.jpeg", "realName": "Богатые невесты-1.jpg", "source": "http://kostromadrama.ru/index.php/repertuar-teatra/osnovnaya-stsena/2348-a-n-ostrovskij-bogatye-nevesty"}, "photo": "https://pro.culture.ru/uploads/92f7811a6fe78b69e649cade0ad497d6.jpeg", "gallery": ["https://pro.culture.ru/uploads/99e26c5dfaafb37084ffc401556021b7.jpeg", "https://pro.culture.ru/uploads/d0ef0827d76502b1bd9caeb1cd857a1f.jpeg", "https://pro.culture.ru/uploads/fdb28558254630dec7c1355a1efbf668.jpeg"], "category": {"name": "Спектакли", "sysName": "spektakli"}, "time": {"start": "2020-10-18 15:00:00", "end": "2021-12-10 17:40:00"}}, {"id": 762878, "name": "Спектакль «Капитанская дочка»", "age": 12, "description": "<p>В трудные времена встретились юная дочь капитана Белогорской крепости Маша Миронова и молодой офицер Петр Гринев. Бушует пугачевский бунт, все смешалось в метельной круговерти событий – верность и предательство, честь и измена. Порой не понять – кто друг, кто враг. Как спасти любовь, не поступившись честью? Как в этом вихре событий не потерять друг друга? Любовь, такая нежная, хрупкая, романтическая, оказывается сильнее обстоятельств. Юная пара так стремится друг к другу, что им помогают даже Емельян Пугачев и императрица Екатерина Великая. </p><p>Музыка для спектакля создана московским композитором Александром Шевцовым. В спектакле звучит только живой вокал.</p>", "shortDescription": "Музыкальная постановка по повести Александра Пушкина.", "min_price": 300, "max_price": 800, "link": "https://quicktickets.ru/kostromskoj-dramaticheskij-teatr-ostrovskogo/e23", "needCheck": true, "status": "accepted", "updateDate": 1638611854796, "start": 1607612400000, "end": 1641576600000, "createDate": 1602158709548, "inAccepted": true, "acceptDate": 1637064271661, "image": {"author": "Наталья Иншакова", "name": "44acb2c07e1c7568461bccdadd8b8dee.jpeg", "realName": "DzQoM94KpAE.jpg", "source": "http://kostromadrama.ru/index.php/repertuar-teatra/osnovnaya-stsena/1269-a-s-pushkin-kapitanskaya-dochka"}, "photo": "https://pro.culture.ru/uploads/44acb2c07e1c7568461bccdadd8b8dee.jpeg", "gallery": ["https://pro.culture.ru/uploads/6ee934ab70c89f22f22a1c5bada25c05.jpeg", "https://pro.culture.ru/uploads/12bcb496eecde15d95363089d3cab5d8.jpeg", "https://pro.culture.ru/uploads/da59f593bcf38d9fff42f2391704d9cf.jpeg"], "category": {"name": "Спектакли", "sysName": "spektakli"}, "time": {"start": "2020-12-10 15:00:00", "end": "2022-01-07 17:30:00"}}, {"id": 760943, "name": "Спектакль «Женитьба Белугина»", "age": 12, "description": "<p>Преуспевающий промышленник Андрей Белугин женится на дворянке Елене Карминой. Он богат, она – из обедневших дворян. Он – из патриархальной купеческой семьи, она – избалованная светская красавица. И она не очень-то благоволит к неотесанному купцу и готова отдать сердце своему давнему поклоннику – светскому франту Агишину.</p><p> Ну что могло выйти из этого мезальянса? Но так бывает: умный, сильный и преуспевающий мужчина теряет голову от любви к блестящей красавице и напролом идет к своей мечте – расторгает помолвку с девушкой своего круга и убеждает родителей дать благословение на этот брак. Ласками и подарками пытается молодой муж добиться расположения своей красавицы-жены. Нет счастья, не получается. Может, не стоит потакать женским капризам? </p><p>Это семейная комедия с добрым юмором и счастливым финалом.</p>", "shortDescription": "Комедия Александра Островского.", "min_price": 300, "max_price": 800, "link": "https://quicktickets.ru/kostromskoj-dramaticheskij-teatr-ostrovskogo/e41", "needCheck": true, "status": "accepted", "updateDate": 1638612459520, "start": 1602687600000, "end": 1643390400000, "createDate": 1602067908211, "inAccepted": true, "acceptDate": 1637064225501, "image": {"author": "Андрей Щелкунов", "name": "d68a1fb109ae5df666188e5a4781aa07.jpeg", "realName": "Женитьба Белугина-1.jpg", "source": "http://kostromadrama.ru/index.php/repertuar-teatra/osnovnaya-stsena/1705-a-n-ostrovskij-zhenitba-belugina"}, "photo": "https://pro.culture.ru/uploads/d68a1fb109ae5df666188e5a4781aa07.jpeg", "gallery": ["https://pro.culture.ru/uploads/d287c0a4bcae1899474f7ecb554eff1c.jpeg", "https://pro.culture.ru/uploads/70a6e0768422925b0b21298a211ee8e0.jpeg", "https://pro.culture.ru/uploads/d6bbee6fcdadff0c6f60370de2b8b278.jpeg"], "category": {"name": "Спектакли", "sysName": "spektakli"}, "time": {"start": "2020-10-14 15:00:00", "end": "2022-01-28 17:20:00"}}, {"id": 760812, "name": "Спектакль «Маскарад»", "age": 16, "description": "<p>Драма в стихах Михаила Лермонтова – непростое произведение, и сценическая судьба его тоже непроста. В 1835 году, при первой же попытке Лермонтова предложить пьесу для постановки, «Маскарад» был запрещен драматической цензурой – из-за «слишком резких страстей». </p><p>В этой истории в самом деле бушуют романтические страсти: здесь в карты проигрывают целые состояния, здесь то и дело вызывают на дуэль, здесь безумно влюбляются и неистово ревнуют… И в этом водовороте страстей, в порыве чувств так легко принять черное за белое, так просто ошибиться – и главный герой «Маскарада» Евгений Арбенин, для которого, кажется, нет ничего невозможного, вдруг фатально ошибается. </p><p>Яркий и стильный, изобилующий световыми эффектами и причудливыми костюмами, наполненный музыкой и видео – «Маскарад» в Костромском драматическом театре именно такой.</p>", "shortDescription": "Знаменитая драма Михаила Лермонтова в постановке Елены Сафоновой.", "min_price": 300, "max_price": 800, "link": "https://quicktickets.ru/kostromskoj-dramaticheskij-teatr-ostrovskogo/e80", "status": "accepted", "updateDate": 1638612000459, "start": 1603378800000, "end": 1642700400000, "createDate": 1602064969253, "inAccepted": true, "acceptDate": 1637062285730, "image": {"author": "Елена Пучкова", "name": "e1494659866d3bfc85aa1db76401ad97.jpeg", "realName": "маск17.jpg", "source": "http://kostromadrama.ru/index.php/repertuar-teatra/osnovnaya-stsena/2459-m-yu-lermontov-maskarad"}, "photo": "https://pro.culture.ru/uploads/e1494659866d3bfc85aa1db76401ad97.jpeg", "gallery": ["https://pro.culture.ru/uploads/7508d9cf8be644df47cdf4d9ce9f1493.jpeg", "https://pro.culture.ru/uploads/c39f466c9bf3b269f335aab93cfe3b8f.jpeg", "https://pro.culture.ru/uploads/5d5e4b0c5e5a9e8ea316bac1ae731e32.jpeg", "https://pro.culture.ru/uploads/618edee2408a774c578f09462b255d30.jpeg"], "category": {"name": "Спектакли", "sysName": "spektakli"}, "time": {"start": "2020-10-22 15:00:00", "end": "2022-01-20 17:40:00"}}, {"id": 756931, "name": "Спектакль «Любовь к трём апельсинам»", "age": 6, "description": "<p>Король Сильвио очень расстроен: его единственный сын принц Тартальо болен, он не может смеяться. Да что там смеяться, он даже улыбаться не может! Похоже, дело тут не обошлось без колдовства! Верный слуга Труффальдино предлагает устроить карнавал, чтобы развеселить принца. И все бы хорошо, да сестра короля Клариче вместе с лекарем Леандром снова строят козни: они отправляют принца искать волшебные апельсины в саду волшебницы Клеонты. Вот тут-то приключения и начинаются... </p><p>Режиссер-постановщик спектакля – Сергей Кузьмич, художник-постановщик – Елена Сафонова. В спектакле заняты Алексей Афончин, Сергей Чайка, Вячеслав Клычев, Никита Токарев, Анастасия Краснова, Нина Маврина, Всеволод Еремин, Андрей Щелкунов, Денис Дубровкин, Анна Полицан, Наталья Иншакова, Мария Петрова, Юлия Назаренко, Яна Токарева, Юлиана Богатова, Елизавета Камерлохер.</p>", "shortDescription": "Постановка по мотивам знаменитой сказки Карло Гоцци.", "min_price": 200, "max_price": 250, "link": "https://quicktickets.ru/kostromskoj-dramaticheskij-teatr-ostrovskogo/s1426", "status": "accepted", "updateDate": 1638370730434, "start": 1607850000000, "end": 1638698400000, "createDate": 1601816596538, "inAccepted": true, "acceptDate": 1638370730522, "image": {"author": "Дарья Чабина", "name": "7cdd70f70eaac547c34b63ab685cc54c.jpeg", "realName": "Апельсины-1.jpg", "source": "http://kostromadrama.ru/index.php/repertuar-teatra/detskie-spektakli/2104-n-shmitko-lyubov-k-trem-apelsinam"}, "photo": "https://pro.culture.ru/uploads/7cdd70f70eaac547c34b63ab685cc54c.jpeg", "gallery": ["https://pro.culture.ru/uploads/40b617f6ea5f9ace76526100f6395e1b.jpeg", "https://pro.culture.ru/uploads/f9e989180e9906200fb527890817b929.jpeg", "https://pro.culture.ru/uploads/3188046b281488dbc811e2e92b9d7ad3.jpeg"], "category": {"name": "Спектакли", "sysName": "spektakli"}, "time": {"start": "2020-12-13 09:00:00", "end": "2021-12-05 10:00:00"}}, {"id": 756897, "name": "Спектакль «Искусство жениться»", "age": 12, "description": "<p>Казалось бы, ну что сложного в женитьбе? Ничего, если только вы не живете в викторианской Англии, где аристократка может выйти замуж исключительно за аристократа, где джентльмены ради встреч со своими возлюбленными готовы на любые ухищрения, а молодые леди предпочитают всем мужским именам на свете одно-единственное имя – Эрнест. Поэтому совсем неудивительно, что, сватаясь к очаровательным девушкам, именно так готовы называть себя и Джон Уординг, и Алджернон Монкриф. </p><p>И вот здесь-то, когда в одном доме оказываются два Эрнеста, которые на самом деле и не Эрнесты вовсе, и начинается грандиозная путаница... По-английски стильный, яркий, каким и положено быть мюзиклу, с закрученным сюжетом и бесконечным количеством переодеваний, с разнохарактерными вокальными номерами и, конечно, кордебалетом, который танцует все – от канкана до танго, спектакль «Искусство жениться» обещает стать настоящим хитом репертуара.</p>", "shortDescription": "Музыкальная комедия по пьесе Оскара Уайльда «Как важно быть серьезным».", "min_price": 300, "max_price": 800, "link": "https://quicktickets.ru/kostromskoj-dramaticheskij-teatr-ostrovskogo/e88", "needCheck": true, "status": "accepted", "updateDate": 1638612290245, "start": 1603206000000, "end": 1642959000000, "createDate": 1601810931554, "inAccepted": true, "acceptDate": 1637063973959, "image": {"author": "Елена Пучкова", "name": "f2e00117836b2a34f097b6747718ad2b.jpeg", "realName": "Искусство жениться-1.jpg", "source": "http://kostromadrama.ru/index.php/repertuar-teatra/osnovnaya-stsena/2707-kompozitor-v-baskin-libretto-e-muravev-iskusstvo-zhenitsya"}, "photo": "https://pro.culture.ru/uploads/f2e00117836b2a34f097b6747718ad2b.jpeg", "gallery": ["https://pro.culture.ru/uploads/3610f5c23e59576db9aed02b67235fa7.jpeg", "https://pro.culture.ru/uploads/795801e220c592a30e7c4a74d11595f0.jpeg", "https://pro.culture.ru/uploads/e315de9916bbaac6bdeee099cf4e31f5.jpeg"], "category": {"name": "Спектакли", "sysName": "spektakli"}, "time": {"start": "2020-10-20 15:00:00", "end": "2022-01-23 17:30:00"}}, {"id": 756891, "name": "Спектакль «Иоланта, дочь короля»", "age": 6, "description": "<p>Эта легенда родилась полтысячелетия назад – еще в XVIII веке. Уже тогда европейцы рассказывали друг другу историю о том, что где-то во французских горах, в уединенном замке, живет дочь короля Рене – юная и прекрасная Иоланта. </p><p>У нее есть лишь один недостаток – она слепа. И она не догадывается об этом. А значит, живет в покое и счастье. До тех самых пор, пока однажды в замке не появляется храбрый рыцарь...</p><p> В XIX столетии эту красивую легенду превратил в пьесу датский поэт и драматург Генрих Герц, а Петр Ильич Чайковский написал по мотивам драмы Герца одноактную оперу. </p><p>Историю Иоланты адаптировали для детей, но при этом она не теряет ни своей красоты, ни удивительной философии. </p>", "shortDescription": "Сказка из рыцарских времен.", "min_price": 200, "max_price": 250, "link": "https://quicktickets.ru/kostromskoj-dramaticheskij-teatr-ostrovskogo/s1427", "status": "accepted", "updateDate": 1638370778198, "start": 1603011600000, "end": 1639303800000, "createDate": 1601810035809, "inAccepted": true, "acceptDate": 1638370778321, "image": {"author": "Елена Пучкова", "name": "a74829f6bbe398fa7387ef2134e9674b.jpeg", "realName": "54dc21c1214876a8f7b62aeed077ee69.jpeg", "source": "http://kostromadrama.ru/index.php/repertuar-teatra/detskie-spektakli/2466-a-kirpichjov-iolanta-doch-korolya"}, "photo": "https://pro.culture.ru/uploads/a74829f6bbe398fa7387ef2134e9674b.jpeg", "gallery": ["https://pro.culture.ru/uploads/792ff2e31a86f26fe5476aa4fe7334a7.jpeg"], "category": {"name": "Спектакли", "sysName": "spektakli"}, "time": {"start": "2020-10-18 09:00:00", "end": "2021-12-12 10:10:00"}}, {"id": 756886, "name": "Спектакль «Ящерица»", "age": 12, "description": "<p>Всегда писавший о своих современниках, Александр Володин вдруг сочиняет первобытную историю. Но в ней, конечно, возникают темы, невероятно актуальные для нового времени: свои и чужие, война и мир, правые и виноватые, личность и толпа, верность и предательство, а ещё, естественно, любовь. </p><p>Два племени, зубры и скорпионы, давно воюют друг с другом, и вот Ящерица, девушка из племени зубров, оказывается у врагов, чтобы узнать главный секрет скорпионов: почему так далеко летят их стрелы. Но в «шпионскую» миссию Ящерицы неожиданно для неё самой вторгается любовь. Именно любовь становится центральной темой «Ящерицы» в версии режиссёра Александра Кирпичёва. Воинственно настроенная Ящерица из рода зубров и чудаковатый Похититель из рода скорпионов – первобытные Ромео и Джульетта, взаимное чувство которых оказывается сильнее межплеменной вражды. Благодаря этой настоящей любви даже мог бы воцариться мир. </p><p>Мог бы, если бы не бывшая возлюбленная Похитителя – скорпионка Поющая. Не простившая мужского предательства, она берёт в руки лук и стрелы. И нет никаких сомнений: эта смертельно обиженная женщина развяжет новую – смертоносную – войну.</p>", "shortDescription": "Романтическая история каменного века по пьесе Александра Володина.", "min_price": 150, "max_price": 150, "link": "https://quicktickets.ru/kostromskoj-dramaticheskij-teatr-ostrovskogo", "needCheck": true, "status": "accepted", "updateDate": 1638612826161, "start": 1602936000000, "end": 1643451600000, "createDate": 1601808674032, "inAccepted": true, "acceptDate": 1630071902255, "image": {"author": "Елена Пучкова", "name": "61d037f83a8e9c7831c31a8be9694d17.jpeg", "realName": "1.jpg", "source": "http://kostromadrama.ru/index.php/repertuar-teatra/osnovnaya-stsena/2690-a-volodin-yashcheritsa"}, "photo": "https://pro.culture.ru/uploads/61d037f83a8e9c7831c31a8be9694d17.jpeg", "gallery": ["https://pro.culture.ru/uploads/de6484a1139fa633eeaba4676bbf0563.jpeg", "https://pro.culture.ru/uploads/fa1c9cb57b0cd5915de4ae2780c2e11b.jpeg", "https://pro.culture.ru/uploads/922787d7e9ca97ddccba27d9ea76e58f.jpeg", "https://pro.culture.ru/uploads/4bd34cd2190f7a905af6637a90978518.jpeg"], "category": {"name": "Спектакли", "sysName": "spektakli"}, "time": {"start": "2020-10-17 12:00:00", "end": "2022-01-29 10:20:00"}}, {"id": 756880, "name": "Спектакль «Мой бедный Марат»", "age": 12, "description": "<p> Пьеса «Мой бедный Марат» появилась в репертуаре Костромского театра юного зрителя в год юбилея Великой Победы неслучайно: она о поколении воевавших и выживших. И начинается в самом пекле войны, в самом аду – блокадном Ленинграде. Но и здесь, в пространстве, где поминутно разрываются бомбы, возможно чудо: посреди разрушенного города стоит уцелевший даже не дом – один подъезд. Судьба почему-то хранит его от фашистских снарядов. И именно в этом благословенном подъезде, в одной из квартир, в маленькой комнате, случайно сходятся трое незнакомых людей – чтобы навсегда стать друг для друга самыми родными. </p><p> Режиссер Константин Демидов не меняет ни времени, ни места действия: история, как сообщают белые титры на черной стене, начинается весной 1942-го в Ленинграде. Вот только пространство, в котором оказываются герои этой истории, по воле режиссера становится максимально условным: художник Елена Сафонова сочинила монохромный абстрактный мир. Это почти что открытый космос, в котором однажды встречаются три абсолютно родственные души. И они могли бы всю жизнь пробыть вместе, если бы не вмешалась... любовь. </p>", "shortDescription": "Диалоги Алексея Арбузова в трех частях.", "min_price": 350, "max_price": 350, "link": "https://quicktickets.ru/kostromskoj-dramaticheskij-teatr-ostrovskogo", "status": "accepted", "updateDate": 1640523261356, "start": 1602331200000, "end": 1644158400000, "createDate": 1601807316481, "inAccepted": true, "acceptDate": 1632052675714, "image": {"author": "Елена Пучкова", "name": "1ef2af53d9e63eda84f13ee2502e4baa.jpeg", "realName": "3.jpg", "source": "http://kostromadrama.ru/index.php/repertuar-teatra/osnovnaya-stsena/2729-a-arbuzov-moj-bednyj-marat"}, "photo": "https://pro.culture.ru/uploads/1ef2af53d9e63eda84f13ee2502e4baa.jpeg", "gallery": ["https://pro.culture.ru/uploads/997e9363574a4c7bef44b81c2e391605.jpeg", "https://pro.culture.ru/uploads/a4bbaedec88cc74e395a52198be32b32.jpeg", "https://pro.culture.ru/uploads/1dcccaf0720a8180e42a3685731f63b3.jpeg", "https://pro.culture.ru/uploads/f241e68cd1b572e434738c0cdecd60ab.jpeg", "https://pro.culture.ru/uploads/8b26ac41401718dac8c6d05028423756.jpeg"], "category": {"name": "Спектакли", "sysName": "spektakli"}, "time": {"start": "2020-10-10 12:00:00", "end": "2022-02-06 14:40:00"}}, {"id": 756877, "name": "Спектакль #корней_чуковина", "age": 6, "description": "<p>Режиссер из множества сказок Чуковского выбирает для постановки три: «Краденое солнце», «Бармалей» и «Айболит». Все происходящее на сцене вырастает из обычной дворовой игры подростков. И чем дальше, тем ярче превращается в азартную актерскую игру. На площадке возникает все больше реквизита, а артисты в каждой новой сказке все больше импровизируют. </p><p>Театральное представление рождалось из актерских тренингов и этюдов, а еще из постоянной работы с ритмами. Детально изучая ритмическую организацию стихотворных сказок Чуковского, постановочная группа расслышала в них ритмы сегодняшнего дня – именно поэтому одними из главных действующих лиц спектакля становятся ударные музыкальные инструменты. </p><p>Кроме того, в новой постановке театра использован редкий на драматической сцене прием body percussion (или перкуссия тела) – когда звукоряд рождается из «игры» на собственном теле.</p>", "shortDescription": "История в ритмах и рифмах, вдохновленная сказками Корнея Чуковского.", "min_price": 150, "max_price": 150, "link": "https://quicktickets.ru/kostromskoj-dramaticheskij-teatr-ostrovskogo?utm_source=vk&utm_medium=organisation_public&utm_campaign=action_button&utm_content=buy_tickets", "status": "accepted", "updateDate": 1639121612854, "start": 1602406800000, "end": 1643536200000, "createDate": 1601805484398, "inAccepted": true, "acceptDate": 1639121618174, "image": {"author": "Дарья Пиляк", "name": "07f02f4d9a3818a69c58b474ae02fc54.jpeg", "realName": "DSC_0430.JPG", "source": "http://kostromadrama.ru/index.php/repertuar-teatra/detskie-spektakli/2727-k-chukovskij-kornej-chukovina"}, "photo": "https://pro.culture.ru/uploads/07f02f4d9a3818a69c58b474ae02fc54.jpeg", "gallery": ["https://pro.culture.ru/uploads/0647b642a6e45625791a6b1aa7d62214.jpeg", "https://pro.culture.ru/uploads/80402e9369afd8d97ad16b44cfff5477.jpeg", "https://pro.culture.ru/uploads/92d39e8cc74e3df4ddbc2995b033251c.jpeg", "https://pro.culture.ru/uploads/2509ab51a108b01cb50e5992eff53618.jpeg", "https://pro.culture.ru/uploads/e40c07e201f88817a2473aba2d3fedb7.jpeg", "https://pro.culture.ru/uploads/1769e8343829d7062fb6bce9319464f0.jpeg", "https://pro.culture.ru/uploads/a0e775309bb97d764396509ce3ab4504.jpeg"], "category": {"name": "Спектакли", "sysName": "spektakli"}, "time": {"start": "2020-10-11 09:00:00", "end": "2022-01-30 09:50:00"}}, {"id": 709190, "name": "Спектакль «Сердешные люди»", "age": 12, "description": "<p>Для своей постановки Сергей Кузьмич отобрал десять шукшинских рассказов: «Микроскоп», «Одни», «Горе», «Хозяин бани и огорода», «Забуксовал», «Даешь сердце!», «Космос, нервная система и шмат сала», «Бессовестные», «Воскресная тоска» и «Солнце, старик и девушка». Каждый из них – отдельная галактика со своей особой атмосферой и неповторимой энергетикой. </p><p>Как и в самой жизни, в этом спектакле все рядом, все перемешано: громкий смех и тихие слезы, свет и мрак, слова и молчание, которое тоже говорит о многом, и, конечно, прошлое и настоящее. В персонажах из середины прошлого столетия каждый угадывает себя, через их судьбы пробивается к собственным истокам. Ведь протяжные песни, алтайские закаты, пляски под балалайку, разговоры на лавочке под вечерок, споры стариков с молодежью и физиков с лириками, горький запах полыни, бани и огороды – все это и есть Россия.</p>", "shortDescription": "Постановка Сергея Кузьмича по хрестоматийным и малоизвестным рассказам Василия Шукшина.", "min_price": 300, "max_price": 800, "link": "https://quicktickets.ru/kostromskoj-dramaticheskij-teatr-ostrovskogo/e92", "needCheck": true, "status": "accepted", "updateDate": 1638611410882, "start": 1601391600000, "end": 1641147000000, "createDate": 1597412273573, "inAccepted": true, "acceptDate": 1637062459642, "image": {"author": "Елена Пучкова", "name": "9a4453dc88ae4fdbda866baae683059f.jpeg", "realName": "Сердешные-1.jpg", "source": "www.kostromadrama.ru"}, "photo": "https://pro.culture.ru/uploads/9a4453dc88ae4fdbda866baae683059f.jpeg", "gallery": ["https://pro.culture.ru/uploads/15d8665d24a13c871537d9058a6db1d5.jpeg", "https://pro.culture.ru/uploads/d17e96c35e3ff50828fcd8196bf29e0b.jpeg", "https://pro.culture.ru/uploads/22c6042949d0f3b23897ca8cb67b587c.jpeg", "https://pro.culture.ru/uploads/e4ff6df4a1f38168b1ea6e684992fcdb.jpeg"], "category": {"name": "Спектакли", "sysName": "spektakli"}, "time": {"start": "2020-09-29 15:00:00", "end": "2022-01-02 18:10:00"}}, {"id": 708317, "name": "Спектакль «Здравствуй, папа! Я твой сын»", "age": 12, "description": "<p>Холодной весенней ночью Володя Бусыгин и его случайный знакомый Сильва оказываются в совершенно чужом районе. И стучатся в первую попавшуюся дверь, на ходу сочиняя какую-то невероятную историю: мол, хозяин дома не кто иной, как Володин родной отец… И вдруг эта отчаянная ложь меняет жизни сразу семи человек: самого Бусыгина, его названного отца Андрея Сарафанова, младших Сарафановых – Нины и Васеньки, жениха Нины – Михаила Кудимова, наконец, Сильвы и сарафановской соседки Натальи Макарской… </p><p>Наполненная парадоксальными совпадениями, отсылающая к библейской притче о блудном сыне, временами ироничная и очень философская, а еще, конечно, про любовь, эта история Александра Вампилова уже полвека не сходит с отечественной сцены. Еще одну попытку прикоснуться к этому гениальному и загадочному материалу предпринимают Костромской драматический театр и режиссер Сергей Кузьмич.</p>", "shortDescription": "Постановка по знаменитой пьесе Александра Вампилова «Старший сын».", "min_price": 300, "max_price": 800, "link": "https://quicktickets.ru/kostromskoj-dramaticheskij-teatr-ostrovskogo/e86", "needCheck": true, "status": "accepted", "updateDate": 1638612089832, "start": 1599922800000, "end": 1642786800000, "createDate": 1597337896697, "inAccepted": true, "acceptDate": 1637062397614, "image": {"author": "Елена Пучкова", "name": "d82408b3b49e7ae825172d6707827e89.jpeg", "realName": "Сын-1.jpg", "source": "www.kostromadrama.ru"}, "photo": "https://pro.culture.ru/uploads/d82408b3b49e7ae825172d6707827e89.jpeg", "gallery": ["https://pro.culture.ru/uploads/7056d0b4a37aceebbaef23bfa93e1fe6.jpeg", "https://pro.culture.ru/uploads/654b03ad4bab2f9a49aa82ebbe148b41.jpeg", "https://pro.culture.ru/uploads/f97891afb2ee7a5ff6d2b58dc068d3ca.jpeg", "https://pro.culture.ru/uploads/4b5716c09e5b04d082f6ecd748d17130.jpeg"], "category": {"name": "Спектакли", "sysName": "spektakli"}, "time": {"start": "2020-09-12 15:00:00", "end": "2022-01-21 17:40:00"}}, {"id": 708294, "name": "Спектакль «Вишневый сад»", "age": 12, "description": "<p>В спектакле, который сочинила режиссер и художник Елена Сафонова, много непривычного. Здесь нет пауз и длиннот, без которых редко обходятся постановки по Чехову, – наоборот, все мчится со скоростью света к неизбежному финалу. И даже многочисленные двери не в силах никого остановить: они постоянно распахиваются, и ощущение динамичности от этого только усиливается. </p><p>Здесь нет типичной чеховской «глухоты» персонажей, о которой так много сказано и написано: все слышат и на самом деле понимают друг друга. Да и сам сад – тенистое пространство в глубине сцены, уютное и спокойное. Там легко и просторно, там свободно дышится и вольно поется. Это пространство счастливого детства, это пространство счастливых грез, это пространство счастья. И неслучайно в финале все персонажи вдруг оказываются именно там, в саду. Обретают друг друга, держатся за руки, смеются, любят и любимы. И это кажется очень просто достижимым – счастье. Но почему же тогда люди так редко бывают счастливы?</p>", "shortDescription": "Легендарная комедия Антона Чехова в постановке Елены Сафоновой.", "min_price": 300, "max_price": 800, "link": "https://quicktickets.ru/kostromskoj-dramaticheskij-teatr-ostrovskogo/e87", "status": "accepted", "updateDate": 1638612506362, "start": 1598108400000, "end": 1643476500000, "createDate": 1597334073623, "inAccepted": true, "acceptDate": 1637063838057, "image": {"author": "Елена Пучкова", "name": "d764da1830f910f6dad48f795b77a3b5.jpeg", "realName": "Сад-1.jpg", "source": "www.kostromadrama.ru"}, "photo": "https://pro.culture.ru/uploads/d764da1830f910f6dad48f795b77a3b5.jpeg", "gallery": [], "category": {"name": "Спектакли", "sysName": "spektakli"}, "time": {"start": "2020-08-22 15:00:00", "end": "2022-01-29 17:15:00"}}]}