{"11470": [{"id": 1531836, "name": "Программа «Игра в омара»", "age": 12, "description": "<p>Посетителей ждет интерактивная театральная игра, поставленная по мотивам нашумевшего корейского сериала «Игра в кальмара», рассказывающего о мировых справедливости и равенстве в антиутопическом мире. Спектакль-игра создана в жанре иммерсивного театра, где каждый пришедший зритель – непосредственный участник действия. </p><p>Каждая игра состоит из пяти раундов. Победители «Игры в омара» получат приятные награды, а участники – незабываемые впечатления на грядущий год. Думайте и действуйте! И победа ваша!</p>", "shortDescription": "Театральный перформанс в пяти действиях.", "min_price": 300, "link": "https://widget.afisha.yandex.ru/w/sessions/NTMwOHwyNTk3MTd8MzI4MDMwfDE2NDAzNTQ0MDAwMDA=?clientKey=41f46938-e94a-404e-a1f0-5c3892d3bb62", "status": "accepted", "updateDate": 1640002818579, "start": 1640350800000, "end": 1640872800000, "createDate": 1639474356311, "inAccepted": true, "acceptDate": 1640000328526, "image": {"author": "Евгения Савкина", "name": "0acbba5ab8107e053e1bb9785b0423c2.jpeg", "realName": "IMG20211202151833.jpg", "source": "vdt.vlz.city"}, "photo": "https://pro.culture.ru/uploads/0acbba5ab8107e053e1bb9785b0423c2.jpeg", "gallery": ["https://pro.culture.ru/uploads/aabd99780e07c8a7517108769d8c2e60.jpeg", "https://pro.culture.ru/uploads/15b6b53f9028f880cbf3a7b5885a1665.jpeg"], "category": {"name": "Встречи", "sysName": "vstrechi"}, "time": {"start": "2021-12-24 13:00:00", "end": "2021-12-30 14:00:00"}}, {"id": 1497458, "name": "Спектакль «Последняя любовь»", "age": 12, "description": "<p>Этот музыкальный спектакль рассказывает удивительную историю о бывшей актрисе Рине Альбертовне. Действие разворачивается в пансионате для престарелых и душевнобольных, в пансионате для «лишних» людей. Помнит ли окружающий мир про такие категории, как «сострадание», «великодушие», «милосердие»? А что насчет «любви»?</p><p>В ролях: Валентина Грачева, Владислав Шульгин, Николай Краснопольский, Наталья Гордеева, Ольга Галушкина, Екатерина Шмелева, Ксения Флягина, Ирина Пак, Камран Гасанли, Денис Хан, Иван Зинченко, Алик Газарян, Дмитрий Новиков, Алена Вопилова.<br /></p>", "shortDescription": "Музыкальная трагикомедия – в главной роли мастер сцены Валентина Грачева.", "min_price": 350, "max_price": 450, "link": "https://widget.afisha.yandex.ru/w/sessions/NTMwOHwyNTc3MTh8MzI4MDMwfDE2Mzk3NDk2MDAwMDA=?clientKey=41f46938-e94a-404e-a1f0-5c3892d3bb62", "status": "accepted", "updateDate": 1639117218608, "start": 1639746000000, "end": 1640530800000, "createDate": 1638361854290, "inAccepted": true, "acceptDate": 1639054678891, "image": {"author": "Евгения Савкина", "name": "b03a537446bb9a59fc5d0a53951c8ebb.jpeg", "realName": "qPLJUdFVgNo.jpg", "source": "vdt.vlz.city"}, "photo": "https://pro.culture.ru/uploads/b03a537446bb9a59fc5d0a53951c8ebb.jpeg", "gallery": ["https://pro.culture.ru/uploads/2d9fd117d688e136e2d839b040dbd4a2.jpeg", "https://pro.culture.ru/uploads/652f1f9d4af14c65cc978986f1c44a19.png", "https://pro.culture.ru/uploads/256bd6091ae976d269760ec8dd11b167.jpeg"], "category": {"name": "Спектакли", "sysName": "spektakli"}, "time": {"start": "2021-12-17 13:00:00", "end": "2021-12-26 15:00:00"}}, {"id": 1407227, "name": "Спектакль «Кроткая»", "age": 16, "description": "<p> Действие классического произведения «Кроткая» переносится в современное безвременье, где бал правят пошлость, обывательская жестокость и шовинизм. Новая театральная реальность превращает мир в некое глобальное похоронное бюро, которое стремится уничтожить всякие проявления достоинства и любую индивидуальность. В этом «дивном» мире и обитает героиня, напоминающая райскую пташку, попавшую в силки насилия.</p><p> Режиссер – Игорь Мишин.<br /></p><p> В ролях – Николай Краснопольский, Ирина Пак, Татьяна Белоусова, Камран Гасанли, Иван Зинченко, Илья Лиманский, Дмитрий Новиков, Наталья Гордеева, Ксения Флягина, Елена Токарева, Евгений Казенов, Олег Коробков.</p>", "shortDescription": "Современный взгляд на повесть Ф. М. Достоевского.", "min_price": 300, "max_price": 450, "link": "https://widget.afisha.yandex.ru/w/sessions/NTMwOHwyNDA3Mzd8MzI4MDMwfDE2MzU2MDI0MDAwMDA=?clientKey=41f46938-e94a-404e-a1f0-5c3892d3bb62", "status": "accepted", "updateDate": 1635251284926, "start": 1635598800000, "end": 1635604800000, "createDate": 1634823590257, "inAccepted": true, "acceptDate": 1635251284934, "image": {"author": "Елена Томская", "name": "0306a2b1db4bdf49ead831bde5bf47c3.jpeg", "realName": "krotkaya1-1024x683.jpg", "source": "gazeta-vp.ru"}, "photo": "https://pro.culture.ru/uploads/0306a2b1db4bdf49ead831bde5bf47c3.jpeg", "gallery": [], "category": {"name": "Спектакли", "sysName": "spektakli"}, "time": {"start": "2021-10-30 13:00:00", "end": "2021-10-30 14:40:00"}}, {"id": 1403008, "name": "Драматический стендап «Мода на искренность»", "age": 16, "description": "<p> Драматический стендап «Мода на искренность» – это совместное переживание чего-то очень личного и, в то же время, «про каждого». Все этапы взросления, страхи, убеждения, комплексы, самоирония – смешно и грустно. Про социальные сети, зависть, потерю друга, буллинг, и многое другое.</p><p>А все начинается с одного простого вопроса: «Кто я?» Вопрос, с которого люди зачастую выходят из старого и образуются в новое. Если, конечно, хотят идти вперед, принимать себя и учиться... в том числе, любить, любить не только кого-то, но и самого себя.</p><p>Автор – Анна Бобровская, поэт, которого называют маленьким принцем современной поэзии. Уникальный стендап от основательницы жанра. </p>", "shortDescription": "Гостям прочитают интересные зарисовки о жизни.", "min_price": 300, "max_price": 300, "link": "https://widget.afisha.yandex.ru/w/sessions/NTMwOHwyNDkyNDV8MzI4MDMwfDE2MzY4OTQ4MDAwMDA=?clientKey=41f46938-e94a-404e-a1f0-5c3892d3bb62", "status": "accepted", "updateDate": 1635250802119, "start": 1636891200000, "end": 1636902600000, "createDate": 1634716793041, "inAccepted": true, "acceptDate": 1635250802135, "image": {"author": "Анна Бобровская", "name": "737ed6b1c41e288408cbf049dcc693b0.jpeg", "realName": "072A7309 (1).JPG", "source": "vdt.vlz.city"}, "photo": "https://pro.culture.ru/uploads/737ed6b1c41e288408cbf049dcc693b0.jpeg", "gallery": ["https://pro.culture.ru/uploads/7ad1667f679dba9de4086d486c812c01.jpeg", "https://pro.culture.ru/uploads/b0763dc05e771ecdc3f0f2ae500d57e8.jpeg", "https://pro.culture.ru/uploads/908afbaf8176e2f21b05b35986662f7d.png"], "category": {"name": "Встречи", "sysName": "vstrechi"}, "time": {"start": "2021-11-14 12:00:00", "end": "2021-11-14 15:10:00"}}, {"id": 1391163, "name": "Спектакль «Мамуля»", "age": 12, "description": "<p>Под видом двух социальных работников мелкие жулики проникают в дом к Жене и Нине, где их мошенничество идет не по плану. А тут еще и приезжают родители Нины, что усугубляет и без того напряженную обстановку.</p><p>Режиссер – Сергей Чвокин.<br /></p><p>Режиссер по звуку – Олег Коробков.</p><p>Режиссер по свету – Владислав Галичкин.</p><p>Художник по костюмам – Евгения Савкина.</p><p>Костюмы – Наталья Конистратенко, Ольга Столпова.</p><p>Художник-сценограф – Сергей Чвокин, Евгения Савкина.</p><p>В ролях – Николай Краснопольский, Андрей Васильев, Татьяна Белоусова, Наталья Гордеева, Алик Газарян, Иван Зинченко, Илья Лиманский, Дмитрий Новиков, Алена Вопилова.</p>", "shortDescription": "Комедия о мошенниках, которые помогают соединиться влюбленным сердцам.", "min_price": 250, "max_price": 350, "link": "https://widget.afisha.yandex.ru/w/sessions/NTMwOHwxNzI0NTh8MzI4MDMwfDE2MzUyMzg4MDAwMDA=?clientKey=41f46938-e94a-404e-a1f0-5c3892d3bb62", "status": "accepted", "updateDate": 1634911887975, "start": 1635235200000, "end": 1637510400000, "createDate": 1634210094408, "inAccepted": true, "acceptDate": 1634911887985, "image": {"author": "Евгения Савкина", "name": "82237ecf6be064721147070c84b0a7a4.jpeg", "realName": "IMG_1288_1x.jpg", "source": "vdt.vlz.city"}, "photo": "https://pro.culture.ru/uploads/82237ecf6be064721147070c84b0a7a4.jpeg", "gallery": ["https://pro.culture.ru/uploads/346bc42d0e028b2281a5b45f5e68b5a9.jpeg", "https://pro.culture.ru/uploads/a98571ee43b180b30fa100424c7bd645.jpeg"], "category": {"name": "Спектакли", "sysName": "spektakli"}, "time": {"start": "2021-10-26 08:00:00", "end": "2021-11-21 16:00:00"}}, {"id": 1359352, "name": "Спектакль «Герой нашего времени: Бэла»", "age": 12, "description": "<p> Спектакль, основанный на рассказе «Бэла», из цикла повестей М.Ю.Лермонтова «Герой нaшего времени».</p><p>Обратите внимание, спектакль является камерным – рассадка зрителей происходит на сцене, на стульях.</p><p>режиссер: Мурат Шыхшабеков<br /></p><p>звук: Олег Коробков<br /></p><p>свет: Владислав Галичкин</p><p>художник по костюмам: Евгения Савкина</p><p>костюмы: Наталья Конистратенко, Ольга Столпова</p><p>художник сценограф: Евгения Савкина</p><p>в ролях: Николай Краснопольский, Екатерина Новикова, Камран Гасанли, Иван Зинченко, Алик Газарян, Владислав Шульгин </p>", "shortDescription": "Постановка по мотивам повести М. Ю. Лермонтова.", "min_price": 350, "max_price": 352, "link": "https://widget.afisha.yandex.ru/w/sessions/NTMwOHwyNDIyOTJ8MzI4MDMwfDE2MzY2NDI4MDAwMDA=?clientKey=41f46938-e94a-404e-a1f0-5c3892d3bb62", "status": "accepted", "updateDate": 1634214561651, "start": 1636286400000, "end": 1637061000000, "createDate": 1632918764503, "inAccepted": true, "acceptDate": 1634214562979, "image": {"author": "Евгения Савкина", "name": "f63f206a6b758ac778e11652cbdd211e.jpeg", "realName": "IMG_0102.jpg", "source": "vdt.vlz.city"}, "photo": "https://pro.culture.ru/uploads/f63f206a6b758ac778e11652cbdd211e.jpeg", "gallery": ["https://pro.culture.ru/uploads/e1564230017f480fcce44d4b1aa7a4db.jpeg", "https://pro.culture.ru/uploads/01532e0431df2a4c336a6015768bc672.jpeg", "https://pro.culture.ru/uploads/fd0fb9c720191821e836b3a831150edc.jpeg"], "category": {"name": "Спектакли", "sysName": "spektakli"}, "time": {"start": "2021-11-07 12:00:00", "end": "2021-11-16 11:10:00"}}, {"id": 1341503, "name": "Театрализованное представление «Театр и слово»", "age": 16, "description": "<p>Для приобщения молодежи к отечественной театральной культуре художественный руководитель театра «ВДТ» Игорь Алексеевич Мишин разработал театрализованную программу «Театр и слово», состоящую из зарисовок по мотивам классических литературных произведений – «Тартюф», «Голоса войны», «Комедия ошибок», «Альпийская баллада», «Укрощение строптивой» и др. Миссией этой интерактивной программы выступает погружение юношества в атмосферу театра, знакомство с культовыми произведениями драматургии мировой и российской театральной сцены.</p><p>Билеты на <a href=\"https://widget.afisha.yandex.ru/w/sessions/NTMwOHwyNDMxMjd8MzI4MDMwfDE2MzM2NzI4MDAwMDA=?clientKey=41f46938-e94a-404e-a1f0-5c3892d3bb62\">сеанс 8 октября</a>.</p>", "shortDescription": "Интерактивная постановка, включающая в себя зарисовки из классических пьес.", "min_price": 400, "max_price": 400, "link": "https://widget.afisha.yandex.ru/w/sessions/NTMwOHwyNDMxMjd8MzI4MDMwfDE2MzMwNjgwMDAwMDA=?clientKey=41f46938-e94a-404e-a1f0-5c3892d3bb62", "status": "accepted", "updateDate": 1633013466516, "start": 1633064400000, "end": 1633676400000, "createDate": 1632222265032, "inAccepted": true, "acceptDate": 1633013466531, "image": {"author": "Савкина Евгения", "name": "4408ecbfee1627db21d8a63ef3c7ed6f.jpeg", "realName": "IMG_9838.jpg", "source": "vdt.vlz.city"}, "photo": "https://pro.culture.ru/uploads/4408ecbfee1627db21d8a63ef3c7ed6f.jpeg", "gallery": ["https://pro.culture.ru/uploads/d228f43eeadf5f4cf6d35c525a2429b3.jpeg", "https://pro.culture.ru/uploads/f7bdf8f6d1adf420ff038da46871f5ed.jpeg", "https://pro.culture.ru/uploads/3f93d866d4ff4b6a9d64db77f2dbf44b.jpeg", "https://pro.culture.ru/uploads/0fa157d1743b17307ec1d821561b2a37.jpeg"], "category": {"name": "Спектакли", "sysName": "spektakli"}, "time": {"start": "2021-10-01 05:00:00", "end": "2021-10-08 07:00:00"}}, {"id": 1336034, "name": "Спектакль «Все хорошо, что хорошо кончается»", "age": 16, "description": "<p> Сюжет произведения базируется на одной из новелл «Декамерона» Джованни Боккаччо: красавица Елена живет при дворе графа Руссильонского и питает к нему нежные чувства, однако молодой граф слишком высокомерен, чтобы обратить свое внимание на девушку-простолюдинку, дочь лекаря.</p><p> </p><p>Режиссер – Евгения Савкина.<br /></p><p>В ролях – Ирина Пак, Николай Краснопольский, Денис Хан, Ксения Флягина, Камран Гасанли, Иван Зинченко, Илья Лиманский, Евгения Казенов, Дмитрий Новиков, Наталья Гордеева, Олег Коробков, Екатерина Шмелева, Валентина Грачева, Екатерина Новикова, Владислав Шульгин, Николай Варавин.</p> <p></p><p> </p>", "shortDescription": "Любовная комедия У. Шекспира, основанная на одном из произведений «Декамерона» Дж. Боккаччо.", "min_price": 300, "max_price": 400, "link": "https://widget.afisha.yandex.ru/w/sessions/NTMwOHwxNjY5ODR8MzI4MDMwfDE2MzYyMDcyMDAwMDA=?clientKey=41f46938-e94a-404e-a1f0-5c3892d3bb62", "status": "accepted", "updateDate": 1635863523572, "start": 1636203600000, "end": 1637147700000, "createDate": 1631876736214, "inAccepted": true, "acceptDate": 1635863523598, "image": {"author": "Евгения Савкина", "name": "c28d5a7e78dc5c0cbb04414be9a18a19.jpeg", "realName": "IMG_8665.jpg", "source": "vdt.vlz.city"}, "photo": "https://pro.culture.ru/uploads/c28d5a7e78dc5c0cbb04414be9a18a19.jpeg", "gallery": ["https://pro.culture.ru/uploads/2aa096e91491976d4b8ce9028328befa.jpeg", "https://pro.culture.ru/uploads/997e04c4e5ebcaf53442594b17cea27c.jpeg", "https://pro.culture.ru/uploads/ac7fbe387ed0275337cd15360d2bac44.jpeg"], "category": {"name": "Спектакли", "sysName": "spektakli"}, "time": {"start": "2021-11-06 13:00:00", "end": "2021-11-17 11:15:00"}}, {"id": 1335841, "name": "Спектакль «Пиковая дама»", "age": 12, "description": "<p> Знаменитая история о молодом человеке-иностранце по имени Германн, желающем разбогатеть и занять положение в высшем обществе пушкинских времен, который ради богатства готов пойти на все, в том числе использовать свое знакомство с влиятельной столичной светской дамой. </p><p>Трактовка постановки не стремится найти мистику там, где главенствуют человеческие пороки, однако потусторонние силы и провидение вмешиваются в ход истории, полной человеческой алчности, зависти и стремления к исполнению желаний любой ценой.</p>", "shortDescription": "Современное прочтение классической истории о Германне и его знакомстве с миром сверхъестественного.", "min_price": 250, "max_price": 350, "link": "https://widget.afisha.yandex.ru/w/sessions/NTMwOHwxODAxODV8MzI4MDMwfDE2MzY0NTU2MDAwMDA=?clientKey=41f46938-e94a-404e-a1f0-5c3892d3bb62", "status": "accepted", "updateDate": 1635863739455, "start": 1633615200000, "end": 1636457400000, "createDate": 1631871710136, "inAccepted": true, "acceptDate": 1635863739465, "image": {"author": "Евгения Савкина", "name": "85006ff78091363ea047f300ba28249a.jpeg", "realName": "iNTL67h9IkQ.jpg", "source": "vdt.vlz.city"}, "photo": "https://pro.culture.ru/uploads/85006ff78091363ea047f300ba28249a.jpeg", "gallery": ["https://pro.culture.ru/uploads/27e1cbd0dd647cca3355e64024eee4e6.jpeg", "https://pro.culture.ru/uploads/4267a032be81d6661d929336dcd4e66a.png", "https://pro.culture.ru/uploads/c342286921bf1280faf5740b69409a7d.jpeg", "https://pro.culture.ru/uploads/a36d531d367bdaaa390f6e9e937d881f.jpeg"], "category": {"name": "Спектакли", "sysName": "spektakli"}, "time": {"start": "2021-10-07 14:00:00", "end": "2021-11-09 11:30:00"}}, {"id": 1321173, "name": "Спектакль «Комедия ошибок»", "age": 12, "description": "<p>Одно из классических произведений английского драматурга повествует о невероятных случайностях и комических совпадениях. Комедия прославляет торжество справедливости, добра и любви. Сюжет строится вокруг удивительной истории пар близнецов Антифолов и Дромио, которые оказались разведены судьбой и потеряны, но провидение решает снова свести их вместе. </p><p>«Комедия ошибок» является классическим произведением Шекспира, а в театре комедия поставлена в традиционном прочтении. Зритель не покинет зал равнодушным!</p>", "shortDescription": "Классическая комедия, основанная на одноименном произведении Уильяма Шекспира.", "min_price": 300, "max_price": 400, "link": "https://widget.afisha.yandex.ru/w/sessions/NTMwOHwxNjY5NzZ8MzI4MDMwfDE2MzczMjY4MDAwMDA=?clientKey=41f46938-e94a-404e-a1f0-5c3892d3bb62", "status": "accepted", "updateDate": 1635864092236, "start": 1632666600000, "end": 1637332800000, "createDate": 1631186589205, "inAccepted": true, "acceptDate": 1635864092251, "image": {"author": "Евгения Савкина", "name": "54dfe6efeaac31eea584ec58844f2933.jpeg", "realName": "IMG_1016.jpg", "source": "vdt.vlz.city"}, "photo": "https://pro.culture.ru/uploads/54dfe6efeaac31eea584ec58844f2933.jpeg", "gallery": ["https://pro.culture.ru/uploads/a49fadbce6bab110c85099d7adc84bbe.jpeg", "https://pro.culture.ru/uploads/cdaa3560079985b4a8937d2ddaa5f0c9.jpeg", "https://pro.culture.ru/uploads/b744f59353b6c0bdf5d41ee58c2c1ade.jpeg", "https://pro.culture.ru/uploads/0584a182a52c2865bdca054f1b8f6675.jpeg"], "category": {"name": "Спектакли", "sysName": "spektakli"}, "time": {"start": "2021-09-26 14:30:00", "end": "2021-11-19 14:40:00"}}, {"id": 1255510, "name": "Спектакль «Доктор Фауст»", "age": 16, "description": "<p> Трагедия, основанная на одноименном произведении Кристофера Марло – современника Уильяма Шекспира и одного из основоположников театральной драматургии эпохи Возрождения. Именно история Марло легла в основу многочисленных интерпретаций, романов, постановок и кинофильмов об Иоганне Фаусте – германском докторе медицины, который ради земных утех продал душу Дьяволу.</p><p> </p><p>режиссер: Евгения Савкина<br />в ролях: Камран Гасанли, Николай Краснопольский, Олег Коробков, Владислав Шульгин, Екатерина Новикова, Данил Миленин, Валентина Грачева, Наталья Гордеева, Алик Газарян, Иван Зинченко, Никита Азарков, Екатерина Штонда, Ксения Флягина, Елена Токарева, Алена Вопилова</p><p></p>", "shortDescription": "История Кристофера Марло об Иоганне Фаусте – докторе медицины, который продал душу дьяволу.", "min_price": 300, "max_price": 400, "link": "https://widget.afisha.yandex.ru/w/sessions/NTMwOHwxODM1Njh8MzI4MDMwfDE2MzcyNDc2MDAwMDA=?clientKey=41f46938-e94a-404e-a1f0-5c3892d3bb62", "needCheck": true, "status": "accepted", "updateDate": 1634214145802, "start": 1631975400000, "end": 1637251200000, "createDate": 1628151721652, "inAccepted": true, "acceptDate": 1634214145933, "image": {"author": "Евгения Савкина", "name": "f9ae2b849e3c602ffededf5278ffdf70.jpeg", "realName": "Tu23PMbl8Xw.jpg", "source": "vdt.vlz.city"}, "photo": "https://pro.culture.ru/uploads/f9ae2b849e3c602ffededf5278ffdf70.jpeg", "gallery": ["https://pro.culture.ru/uploads/af32574f7839a06d4e71215da9e04ba4.jpeg", "https://pro.culture.ru/uploads/641aee27c8f8a1bb697bebc5925a943b.jpeg", "https://pro.culture.ru/uploads/3f493ef5357a01768984652a229cea1f.jpeg"], "category": {"name": "Спектакли", "sysName": "spektakli"}, "time": {"start": "2021-09-18 14:30:00", "end": "2021-11-18 16:00:00"}}]}