{"12619": [{"id": 1477673, "name": "Спектакль «Новогодний зверополох»", "age": 0, "description": "<p> Мордовский государственный национальный драматический театр приглашает оказаться в новогоднем зоопарке. Музыкально–интерактивный спектакль о том, как будут спасать главный праздник страны – Новый год.</p><p> Звери в зоопарке очень хотели попасть на настоящую новогоднюю елку с игрушками и шариками, но директор зоопарка им запретил. Тогда они решили устроить веселый праздник у себя в зоопарке. В новогодней сказке будут участвовать все: Дед Мороз, Снегурочка, жираф, обезьяна, попугай, тигр, зебра и олень. <br /></p>", "shortDescription": "Праздничная постановка о поиске Нового года.", "min_price": 300, "link": "https://widget.afisha.yandex.ru/w/venues/21186?clientKey=0a1f2080-9f44-47d8-956b-049551f4f4cb", "status": "accepted", "updateDate": 1639376419180, "start": 1639551600000, "end": 1641632400000, "createDate": 1637676381192, "inAccepted": true, "acceptDate": 1639219258927, "image": {"author": "К. Киреев", "name": "a2dcf9556916dfc9361ff0ccfec583c0.jpeg", "realName": "000.jpg", "source": "https://vk.com/mordteatr"}, "photo": "https://pro.culture.ru/uploads/a2dcf9556916dfc9361ff0ccfec583c0.jpeg", "gallery": [], "category": {"name": "Спектакли", "sysName": "spektakli"}, "time": {"start": "2021-12-15 07:00:00", "end": "2022-01-08 09:00:00"}}, {"id": 1456811, "name": "Программа «Якшаматя»", "age": 0, "description": "<p>Театр приглашает оказаться в резиденции мордовского Деда Мороза – Якшамати, окунуться в сказку, вновь поверить в чудо и загадать желание. </p> <p>Вас радушно встретят помощники главного волшебника – Вармава (повелительница ветра) и Кудатя (хранитель домашнего очага), покажут его резиденцию. Вас ждет встреча с Дедом Морозом и живое участие в его чудесах. </p><p>Чтобы попасть в резиденцию и получить сладкие угощения, гостям необходимо будет справиться с заданиями и пройти сложные препятствия Вармавы. Исчезновение и появление людей и предметов, левитация, фокусы – будет все. Не обойдется без волшебной истории с заколдованными и украденными героями. Гостей ждут сложные испытания и веселые задания, яркие и вкусные сюрпризы, зажигательные танцы.</p> <p> </p>", "shortDescription": "Интерактивное мероприятие в резиденции мордовского Деда Мороза.", "min_price": 300, "max_price": 500, "link": "https://widget.afisha.yandex.ru/w/events/256367?date=2021-12-22&regionId=42&clientKey=0a1f2080-9f44-47d8-956b-049551f4f4cb", "needCheck": true, "status": "accepted", "updateDate": 1638950805261, "start": 1640098800000, "end": 1641729600000, "createDate": 1636987624783, "inAccepted": true, "acceptDate": 1638855406237, "image": {"author": "К. Киреев", "name": "5af03864b7cc2887285a888f74a11f9d.jpeg", "realName": "ДМ_2.jpg", "source": "https://vk.com/mordteatr"}, "photo": "https://pro.culture.ru/uploads/5af03864b7cc2887285a888f74a11f9d.jpeg", "gallery": ["https://pro.culture.ru/uploads/89f9cfcd002231dafd2c27e644e9a76c.jpeg", "https://pro.culture.ru/uploads/4b10055c1a1058c80f766f04ce29c83a.jpeg"], "category": {"name": "Встречи", "sysName": "vstrechi"}, "time": {"start": "2021-12-21 15:00:00", "end": "2022-01-09 12:00:00"}}, {"id": 1437337, "name": "Спектакль «Дом в глуши»", "age": 16, "description": "<p>Мордовский государственный национальный драматический театр приглашает своих зрителей окунуться в мир тайн, скрытых под покровом буржуазной благопристойности. Отрезанная от внешнего мира усадьба. Восемь женщин готовятся встретить Рождество. Неожиданно хозяина дома находят мертвым в собственной спальне. Кто же из восьми – убийца? Классическая детективная история.</p><p>Но финальная развязка спектакля удивит даже самых бывалых знатоков сложных сюжетных головоломок. Здесь все преступники и жертвы, всех хочется пожалеть. Но все так и не поняли, что самой главной на свете ценностью была и остается любовь.</p>", "shortDescription": "Детективная история.", "min_price": 300, "max_price": 400, "link": "https://widget.afisha.yandex.ru/w/venues/21186?clientKey=0a1f2080-9f44-47d8-956b-049551f4f4cb", "status": "accepted", "updateDate": 1639562758309, "start": 1639150200000, "end": 1643472000000, "createDate": 1636371595380, "inAccepted": true, "acceptDate": 1638950234860, "image": {"author": "К. Киреев", "name": "93e32c72b61be3f14e6d6a51bd40d6b0.jpeg", "realName": "11 копия web.jpg", "source": "https://vk.com/mordteatr"}, "photo": "https://pro.culture.ru/uploads/93e32c72b61be3f14e6d6a51bd40d6b0.jpeg", "gallery": [], "category": {"name": "Спектакли", "sysName": "spektakli"}, "time": {"start": "2021-12-10 15:30:00", "end": "2022-01-29 16:00:00"}}, {"id": 1405713, "name": "Спектакль «Мишель»", "age": 12, "description": "<p> </p><p>Если главной любви в вашей жизни нет, то ее стоит придумать, и тогда она обязательно придет!</p><p>Мари не везло с мужчинами. Личная жизнь не клеится. Два раза была замужем и оба раза обожглась. Тоскливое одиночество, неопределенный возраст. Но в конце концов должно же что-то случиться в этом мире! И случилось – на даче перегорела электрическая проводка, и Мари приглашает электромонтера.</p><p></p><p>С приходом электромонтера старая дача оживает. Ведь когда встречаются два одиночества, по законам свыше электричество дает заряд, загорается свет. А свет – это жизнь.</p>", "shortDescription": "Красивая история любви.", "min_price": 200, "max_price": 500, "link": "https://widget.afisha.yandex.ru/w/sessions/MjExODZ8MjUwMzgwfDMwNTY1OXwxNjM2ODEyMDAwMDAw?clientKey=0a1f2080-9f44-47d8-956b-049551f4f4cb", "status": "accepted", "updateDate": 1635336839387, "start": 1636812000000, "end": 1636819200000, "createDate": 1634803126732, "inAccepted": true, "acceptDate": 1635336839531, "image": {"author": "К. Киреев", "name": "5f820ba904c31bfa4c6288fd1e4c3ce6.jpeg", "realName": "IMG_9336.JPG", "source": "https://vk.com/mordteatr"}, "photo": "https://pro.culture.ru/uploads/5f820ba904c31bfa4c6288fd1e4c3ce6.jpeg", "gallery": ["https://pro.culture.ru/uploads/0363b6e83959cd5726c05420a049c5a7.jpeg", "https://pro.culture.ru/uploads/450f99e950fb72be910af126da231ef7.jpeg"], "category": {"name": "Спектакли", "sysName": "spektakli"}, "time": {"start": "2021-11-13 14:00:00", "end": "2021-11-13 16:00:00"}}, {"id": 1400290, "name": "Спектакль «Не все коту масленица»", "age": 12, "description": "<p>Александр Островский очень любил давать своим пьесам названия-пословицы. Любую сюжетную коллизию можно описать с помощью крылатого выражения, остается только правильно его подобрать. В этом искусстве он был непревзойденный мастер. Исключением не стала и пьеса, созвучная спектаклю.</p><p> Главный герой – простак, которому улыбнулась удача. Несмотря на свое происхождение, он практически не имеет образования, не знает о чем и как разговаривать с противоположным полом. Поэтому богатая и непривередливая невеста нужна как никогда. А полюбят они друг друга или нет – это уже другой разговор. </p><p>Пьеса актуальна и по сей день, потому что отражает вечную борьбу между деньгами и чувствами, конфликт между настоящей любовью и расчетливостью. И, конечно, удивляет неожиданным финалом. </p>", "shortDescription": "Постановка по пьесе Александра Островского.", "min_price": 300, "max_price": 400, "link": "https://widget.afisha.yandex.ru/w/venues/21186?clientKey=0a1f2080-9f44-47d8-956b-049551f4f4cb", "needCheck": true, "status": "accepted", "updateDate": 1640596675077, "start": 1636558200000, "end": 1643118000000, "createDate": 1634635435859, "inAccepted": true, "acceptDate": 1640160092818, "image": {"author": "М. Маркина", "name": "ed35cca0d3860b8d07cc2a81e20c48e8.jpeg", "realName": "16 копия web.jpg", "source": "https://vk.com/mordteatr"}, "photo": "https://pro.culture.ru/uploads/ed35cca0d3860b8d07cc2a81e20c48e8.jpeg", "gallery": [], "category": {"name": "Спектакли", "sysName": "spektakli"}, "time": {"start": "2021-11-10 15:30:00", "end": "2022-01-25 13:40:00"}}, {"id": 1341102, "name": "Спектакль «Его донжуанский список»", "age": 18, "description": "<p>Спектакль «Его донжуанский список» по одноименной пьесе Валентина Красногорова. </p><p>Режиссер-постановщик – заслуженный артист Республики Мордовия Алексей Егранов.</p><p> </p><p>В этом произведении сочетаются драматические, мелодраматические и комедийные мотивы.</p><p>Жених и невеста, преуспевающие деловые люди, волей обстоятельств вынуждены предложить случайному встречному – уже немолодому мужчине странного поведения – быть свидетелем на их свадьбе. Чтобы посмеяться над мужчиной и заодно поразвлечься, молодая пара просит его рассказать о женщинах, которых он любил. Результат развлечения оказывается довольно неожиданным. Отношения между всеми тремя становятся напряженными. Эта встреча решительно меняет судьбу каждого из героев. Чистота души, интеллект, чуткость, способность к глубокому чувству торжествуют над рационализмом и сухой практичностью.</p> <p></p><p></p><p></p>", "shortDescription": "Постановка по произведению В. Красногорова.", "min_price": 350, "max_price": 400, "link": "https://widget.afisha.yandex.ru/w/events/243864?date=2021-10-31&regionId=42&clientKey=0a1f2080-9f44-47d8-956b-049551f4f4cb", "status": "accepted", "updateDate": 1635492500677, "start": 1633874400000, "end": 1637514000000, "createDate": 1632215703072, "inAccepted": true, "acceptDate": 1635492500686, "image": {"author": "К. Киреев", "name": "1435f8c70abde772295045acda099e09.jpeg", "realName": "01.jpg", "source": "http://mordvateatr.ru/home"}, "photo": "https://pro.culture.ru/uploads/1435f8c70abde772295045acda099e09.jpeg", "gallery": ["https://pro.culture.ru/uploads/cb5034796e2cb7ec79aad62e6dea282e.jpeg", "https://pro.culture.ru/uploads/a304d60192e86779885ab4ca26c12ae4.jpeg"], "category": {"name": "Спектакли", "sysName": "spektakli"}, "time": {"start": "2021-10-10 14:00:00", "end": "2021-11-21 17:00:00"}}, {"id": 1320604, "name": "Спектакль «Царевна-лягушка»", "age": 6, "description": "<p>Невиданные чудеса в сказке, которая знакома с детства! Не все то золото, что блестит. Первое впечатление часто бывает обманчиво: за неприглядной внешностью лягушки может скрываться прекрасная да искусная Василиса Премудрая. А чтобы спасти ее от чар Кащея Бессмертного, нужно Ивану пройти испытания непростые: три пары железных сапог износить, три железных хлеба изгрызть. Но, кто за счастье борится, к тому оно и клонится!</p><p>Сказка волшебная о поисках своего счастья и непростых испытаниях на пути к нему.</p>", "shortDescription": "Известная сказка о перевоплощении.", "min_price": 150, "max_price": 300, "link": "https://widget.afisha.yandex.ru/w/sessions/MjExODZ8MjQxOTc5fDMwNTY1OXwxNjM1MDY2MDAwMDAw?clientKey=0a1f2080-9f44-47d8-956b-049551f4f4cb", "needCheck": true, "status": "accepted", "updateDate": 1633439447475, "start": 1634972400000, "end": 1635069600000, "createDate": 1631177302196, "inAccepted": true, "acceptDate": 1633439447723, "image": {"author": "Шадринский Драматический Театр", "name": "4d6353b31ecd4e0706361c48601f4683.jpeg", "realName": "FDRTv_nplFU.jpg", "source": "https://vk.com/shgdt"}, "photo": "https://pro.culture.ru/uploads/4d6353b31ecd4e0706361c48601f4683.jpeg", "gallery": ["https://pro.culture.ru/uploads/bc13004bb0f7287ee821a6b1581836aa.jpeg", "https://pro.culture.ru/uploads/c02650531a5b284b668fe1ae9dee6354.jpeg"], "category": {"name": "Спектакли", "sysName": "spektakli"}, "time": {"start": "2021-10-23 07:00:00", "end": "2021-10-24 10:00:00"}}, {"id": 1320572, "name": "Спектакль «Любимые чудики»", "age": 12, "description": "<p>На сцене Мордовского государственного национального драматического театра покажут спектакль «Любимые чудики» гости – Шадринский государственный драматический театр.</p><p>У Шукшина нет выдуманных героев. Он писал о тех, кого знал, с кем жил в одном селе, учился и работал. Его главный герой – простой человек, искренний в своих проявлениях, часто «чудик» с особым взглядом на мир, умеющий видеть радость в горе и счастье в печали.<br />Пять рассказов – пять историй от молодых артистов, в которых, как всегда у Шукшина, один главный герой –загадочная русская Душа. </p>", "shortDescription": "Спектакль по рассказам Шукшина.", "min_price": 200, "max_price": 500, "link": "https://widget.afisha.yandex.ru/w/sessions/MjExODZ8MjQxOTgzfDMwNTY1OXwxNjM1MDg0MDAwMDAw?clientKey=0a1f2080-9f44-47d8-956b-049551f4f4cb", "status": "accepted", "updateDate": 1631968002780, "start": 1635084000000, "end": 1635093000000, "createDate": 1631176871022, "inAccepted": true, "acceptDate": 1631968002792, "image": {"author": "Шадринский Драматический Театр", "name": "68402b91e58b901b496f585958e5dfd7.jpeg", "realName": "L8p6vsDMwCs.jpg", "source": "https://vk.com/shgdt"}, "photo": "https://pro.culture.ru/uploads/68402b91e58b901b496f585958e5dfd7.jpeg", "gallery": ["https://pro.culture.ru/uploads/74ad1af904cebae8b2fd8a853688dc74.jpeg", "https://pro.culture.ru/uploads/1ca1671af91e689e47ca450376faba21.jpeg"], "category": {"name": "Спектакли", "sysName": "spektakli"}, "time": {"start": "2021-10-24 14:00:00", "end": "2021-10-24 16:30:00"}}, {"id": 1320531, "name": "Спектакль «Подоходцев и двое других»", "age": 16, "description": "<p>Искрометный и талантливый спектакль – грустная комедия жизни. По юмористической повести замечательного русского писателя, сатирика, драматурга и театрального критика Аркадия Аверченко. Более ста лет назад Аркадий Аверченко писал о себе и своих друзьях. О тех, кто не строит планов, потому что понимает: надо радоваться настоящему. Он писал о дружбе, о «человеческой троице, которая причудливо сошлась разными путями к одной и той же точке». Сошлись, познакомились, привыкли друг к другу и поверили, что стали друзьями навсегда.</p><p>Никогда не знаешь, что этой лихой троице – Подходцеву, Громову и Клинкову взбредет в голову. То они издают юмористический журнал с вкусным названием «Апельсин», то нянчатся с крикливым подкидышем, то решают проучить жадного и трусливого нувориша. Живут дружной цветистой жизнью, то и дело влезают в авантюры, попадают в приключения.</p>", "shortDescription": "Гимн молодости, мужской дружбе и беззаботности юных лет.", "min_price": 200, "max_price": 500, "link": "https://widget.afisha.yandex.ru/w/sessions/MjExODZ8MjQxOTgxfDMwNTY1OXwxNjM0OTk3NjAwMDAw?clientKey=0a1f2080-9f44-47d8-956b-049551f4f4cb", "status": "accepted", "updateDate": 1631889070067, "start": 1634997600000, "end": 1635006600000, "createDate": 1631176370418, "inAccepted": true, "acceptDate": 1631889070078, "image": {"author": "Шадринский Драматический Театр", "name": "3fcc26767919aaa751bcc7714a25781d.jpeg", "realName": "DSC_0144.JPG", "source": "https://vk.com/shgdt"}, "photo": "https://pro.culture.ru/uploads/3fcc26767919aaa751bcc7714a25781d.jpeg", "gallery": ["https://pro.culture.ru/uploads/af89ec58478e49e6effd9f085099debd.jpeg"], "category": {"name": "Спектакли", "sysName": "spektakli"}, "time": {"start": "2021-10-23 14:00:00", "end": "2021-10-23 16:30:00"}}, {"id": 1320494, "name": "Спектакль «Укрощение строптивой»", "age": 16, "description": "<p>На сцене Мордовского государственного национального драматического театра спектакль «Укрощение строптивой». Это комедия Шекспира – все сказано!</p><p>Прекрасный язык, ажурная вязь остроумных диалогов, необузданные характеры, музыка, танцы, бои на шпагах, элементы комедии Дель Арте и великолепный сюжет на все времена! Любовь – поединок между мужчиной и женщиной.</p><p>«Рожден я, чтобы укротить тебя, и сделать кошечкой из дикой кошки». Кто кого укротит?! Вы узнаете в конце этого увлекательнейшего и яркого спектакля.</p>", "shortDescription": "История о перевоплощении из дикой кошки в кошечку.", "min_price": 200, "max_price": 500, "link": "https://widget.afisha.yandex.ru/w/sessions/MjExODZ8MjQxOTg0fDMwNTY1OXwxNjM0OTE2NjAwMDAw?clientKey=0a1f2080-9f44-47d8-956b-049551f4f4cb", "status": "accepted", "updateDate": 1631889082243, "start": 1634916600000, "end": 1634923800000, "createDate": 1631175869485, "inAccepted": true, "acceptDate": 1631889082250, "image": {"author": "Шадринский Драматический Театр", "name": "6b0f3b11653d693f098c1431398d575b.jpeg", "realName": "DSC_1095.JPG", "source": "https://vk.com/shgdt"}, "photo": "https://pro.culture.ru/uploads/6b0f3b11653d693f098c1431398d575b.jpeg", "gallery": ["https://pro.culture.ru/uploads/c174ab99ae16568412435e0d8eb8d45f.jpeg", "https://pro.culture.ru/uploads/490e0cb533d514aa30d6a7e30bff3da0.jpeg"], "category": {"name": "Спектакли", "sysName": "spektakli"}, "time": {"start": "2021-10-22 15:30:00", "end": "2021-10-22 17:30:00"}}, {"id": 1316565, "name": "Спектакль «А–ФРИ–КА»", "age": 6, "description": "<p> Из волшебного яйца появилась громкая яркая сказка. И под звуки барабана отправилась путешествовать по белому свету. Вот дошла и до зрителей. Будем с ней красиво петь и танцевать по-африкански.</p><p>Главная героиня этой увлекательной сказки – девочка, которую звали Африка. Ей придется пройти множество испытаний, чтобы снова стать человеком. Ведь страшный змей-колдун превратил ее в маленькую птичку! Чтобы снять проклятье злодея и снова стать прежней, она должна справиться со множеством невзгод во время своего долго пути. А на пути ей встретятся слоны да акулы, которые захотят ее съесть. Нужно быть смелой, сильной, терпеливой и доброй, чтобы стать прежней девочкой! Получится? </p>", "shortDescription": "Шаманская сказка с приключениями.", "min_price": 150, "max_price": 350, "link": "https://widget.afisha.yandex.ru/w/venues/21186?clientKey=0a1f2080-9f44-47d8-956b-049551f4f4cb", "status": "accepted", "updateDate": 1631369484889, "start": 1633251600000, "end": 1633255200000, "createDate": 1631020272358, "inAccepted": true, "acceptDate": 1631369577010, "image": {"author": "Молодежный драматический театр МАСТЕРСКАЯ Самара", "name": "8eea0fa759aeab7b7351b30cd2121b91.jpeg", "realName": "NKc6np1ZeRQ.jpg", "source": "https://vk.com/sammoltheatre"}, "photo": "https://pro.culture.ru/uploads/8eea0fa759aeab7b7351b30cd2121b91.jpeg", "gallery": ["https://pro.culture.ru/uploads/f42b156a3c689cd90f8f6930a5dc8824.jpeg", "https://pro.culture.ru/uploads/7f3540531f7e87800493e4eb9f8d72bf.jpeg", "https://pro.culture.ru/uploads/e0eb8fb8e0126c4610db35984cdb3339.jpeg"], "category": {"name": "Спектакли", "sysName": "spektakli"}, "time": {"start": "2021-10-03 09:00:00", "end": "2021-10-03 10:00:00"}}, {"id": 1316531, "name": "Спектакль «Авантюра по-французски»", "age": 16, "description": "<p> Перед зрителем красавец художник и успешный бизнесмен, желающий пристроить замуж за художника дочь. Однако в дело вмешиваются женщины и мужские дела становятся запутанны и сложны!<br /></p><p>События накладываются одно на другое, закручиваясь в немыслимый клубок. Художник довольно шустро управляется с непростыми ситуациями, разрываясь между несколькими женщинами, стремясь все успеть и всем угодить.<br /></p><p>Из всех перипетий и недоразумений он тем не менее выходит победителем, как и положено обаятельному и удачливому герою. </p>", "shortDescription": "Легкая французская комедия.", "min_price": 200, "max_price": 500, "link": "https://widget.afisha.yandex.ru/w/venues/21186?clientKey=0a1f2080-9f44-47d8-956b-049551f4f4cb", "status": "accepted", "updateDate": 1631369263675, "start": 1633183200000, "end": 1633192200000, "createDate": 1631019817042, "inAccepted": true, "acceptDate": 1631369400841, "image": {"author": "Молодежный драматический театр МАСТЕРСКАЯ Самара", "name": "c4f912478dfd9936cb3dd5e3642affdd.jpeg", "realName": "vHRB9QBVGIk.jpg", "source": "https://vk.com/album-115292044_277703931"}, "photo": "https://pro.culture.ru/uploads/c4f912478dfd9936cb3dd5e3642affdd.jpeg", "gallery": ["https://pro.culture.ru/uploads/5ac29278a8fbfdf69fcf9519b55a853b.jpeg", "https://pro.culture.ru/uploads/bce38da64381eb0dbd20f3b1d82a6fd9.jpeg"], "category": {"name": "Спектакли", "sysName": "spektakli"}, "time": {"start": "2021-10-02 14:00:00", "end": "2021-10-02 16:30:00"}}, {"id": 1316502, "name": "Спектакль «Мертвые души»", "age": 12, "description": "<p> Общество называет дела Чичикова «не очень чистыми». И эти же люди продают ему мертвые души, да еще боятся прогадать, не дешево ли отдают. Что движет ими в момент сделки? Какие перевороты происходят в их якобы «живых» душах? А если душа человека бессмертна, то каков же тогда истинный предмет этой авантюрной купли-продажи?<br /><br />Чичиков во фраке брусничного цвета и в красном плаще обольщает людей и охотится за душами. Только один человек, кому была предложена эта необыкновенная и искушающая сделка, отказался.<br /><br />Смех и одновременно ужас этой фантастической сделки заключается в том, что ни одна, ни другая сторона «ни в чем не отступает от гражданских законов». Но эти ли законы являются основополагающими в жизни человека? По мере того, как Чичиков обогащается мертвыми душами, на «душевный город» спускается тьма. И не видно ей конца. </p>", "shortDescription": "Постановка по произведению Николая Гоголя.", "min_price": 200, "max_price": 500, "link": "https://widget.afisha.yandex.ru/w/venues/21186?clientKey=0a1f2080-9f44-47d8-956b-049551f4f4cb", "status": "accepted", "updateDate": 1631369165288, "start": 1633102200000, "end": 1633110000000, "createDate": 1631019424509, "inAccepted": true, "acceptDate": 1631369269831, "image": {"author": "Молодежный драматический театр МАСТЕРСКАЯ Самара", "name": "65d00364c9e8fd778bfb79fd4790e29d.jpeg", "realName": "QTybcY1PbZ8.jpg", "source": "https://vk.com/album-115292044_277120277"}, "photo": "https://pro.culture.ru/uploads/65d00364c9e8fd778bfb79fd4790e29d.jpeg", "gallery": ["https://pro.culture.ru/uploads/ab0cc0be778f77ffe4e27bb3a04cf19b.jpeg", "https://pro.culture.ru/uploads/46d108a4f82974e11b49f02aeb465cbe.jpeg"], "category": {"name": "Спектакли", "sysName": "spektakli"}, "time": {"start": "2021-10-01 15:30:00", "end": "2021-10-01 17:40:00"}}, {"id": 1284379, "name": "Спектакль «Эрьзя. Летящий к свету»", "age": 16, "description": "<p> В настоящее время имя великого сына мордовского народа Степана Дмитриевича Эрьзя все больше и больше становится известным всем просвещенным народам мира. Да и его землякам и сородичам, чем дальше уходит время, тем ближе и понятнее его творчество. Он опередил свое время, как мастер, философ, как тончайший психолог внутреннего мира человека. И сутью своего творчества доказал, что «Национально безликий человек, ничего не может сказать другим людям и народам». Он – Эрьзя, плоть от плоти земли родной. И не многочисленный мордовский народ благословенен уже тем, что родил и вскормил соками своей земли великого сына. Не каждый народ, этнос может гордиться такого масштаба личностью, как Степан Эрьзя. </p>", "shortDescription": "История великого скульптора.", "min_price": 300, "max_price": 400, "link": "https://widget.afisha.yandex.ru/w/sessions/MjExODZ8MjQzNjI0fDMwNTY1OXwxNjM5MDM2ODAwMDAw?clientKey=0a1f2080-9f44-47d8-956b-049551f4f4cb", "status": "accepted", "updateDate": 1637846300893, "start": 1634225400000, "end": 1639069200000, "createDate": 1629463282224, "inAccepted": true, "acceptDate": 1637846300962, "image": {"name": "bacb9c855c643cef298705d0146cd71e.jpeg", "realName": "1532d7583c1aa264773a937a78395fb9.jpeg"}, "photo": "https://pro.culture.ru/uploads/bacb9c855c643cef298705d0146cd71e.jpeg", "gallery": ["https://pro.culture.ru/uploads/94f6af534fe408080d7d4949c41f0dfe.jpeg", "https://pro.culture.ru/uploads/a5d0c978e54e93a2c920a58e77d01c53.jpeg", "https://pro.culture.ru/uploads/212d8af81c6207cab6d216d8dea237d2.jpeg"], "category": {"name": "Спектакли", "sysName": "spektakli"}, "time": {"start": "2021-10-14 15:30:00", "end": "2021-12-09 17:00:00"}}, {"id": 1284292, "name": "Сказка «Золушка. В ожидании чуда»", "age": 6, "description": "<p>Знакомая сказка, знакомые герои, знакомый счастливый конец. Музыкальная сказка вновь и вновь ставит на место злую мачеху и завистливых сводных сестер трудолюбивой Золушки. В этой истории каждый персонаж влияет на судьбу главной героини, которая не опускает руки даже в самых безнадежных ситуациях. Добрая душа юной красавицы, неиссякаемое терпение и беспрекословное трудолюбие приводят к самой настоящей сказке.</p><p> Любовь – это главная сила, которая двигает эту историю вперед. Режиссер решил сделать эту сказку еще понятнее и еще ближе зрителю, чтобы каждый понял, что чудо – это когда все происходит справедливо. В этом и есть волшебство!</p>", "shortDescription": "Постановка о доброй и красивой девушке, которая нашла свое счастье.", "min_price": 200, "link": "https://widget.afisha.yandex.ru/w/venues/21186?clientKey=0a1f2080-9f44-47d8-956b-049551f4f4cb", "status": "accepted", "updateDate": 1636548308948, "start": 1630486800000, "end": 1639303200000, "createDate": 1629462042123, "inAccepted": true, "acceptDate": 1636548309106, "image": {"author": "К. Киреев", "name": "812c74047594298e7582994a9e6e33d9.jpeg", "realName": "7a921791c6d1c1dd8d825893732424f7.jpeg", "source": "http://mordvateatr.ru/home"}, "photo": "https://pro.culture.ru/uploads/812c74047594298e7582994a9e6e33d9.jpeg", "gallery": ["https://pro.culture.ru/uploads/40dc18945df170642f14f4eab3e14b2b.jpeg"], "category": {"name": "Спектакли", "sysName": "spektakli"}, "time": {"start": "2021-09-01 09:00:00", "end": "2021-12-12 10:00:00"}}, {"id": 1245383, "name": "Спектакль «По старинке»", "age": 12, "description": "<p> Пьеса классика мордовской литературы Ксении Петровой «Ташто койсэ» («По старинке») обрела новую жизнь на сцене. Зритель попадает в эпоху, в которой народ живет по законам и обычаям своих предков. Палитра красок этого мира контрастна. С одной стороны, устоявшиеся традиции – это надежный фундамент для блага. С другой – устаревшие понятия морали ведут к разрушению человеческих судеб, а великое и светлое чувство, Любовь, считается чем-то постыдным. Но лучик света проникает в душу «темных людей», ведь надежда не умирает. Ярко выписанное полотно из жизни мордвы начала двадцатого столетия вызывает интерес и в историческом и этнографическом плане. Показаны массовые сцены мордовской свадьбы с исполнением обрядовых песен и плачей. </p>", "shortDescription": "Драма на эрзянском языке с синхронным переводом на русский.", "min_price": 200, "link": "https://widget.afisha.yandex.ru/w/sessions/MjExODZ8MjM3ODYzfDMwNTY1OXwxNjMzMDE1ODAwMDAw?clientKey=0a1f2080-9f44-47d8-956b-049551f4f4cb", "status": "accepted", "updateDate": 1637567532873, "start": 1633015800000, "end": 1633021200000, "createDate": 1627644375802, "inAccepted": true, "acceptDate": 1629915767228, "image": {"author": "МГНДТ", "name": "52db72ab3909a70cec6d5632a0bdb915.jpeg", "realName": "256.JPG", "source": "МГНДТ"}, "photo": "https://pro.culture.ru/uploads/52db72ab3909a70cec6d5632a0bdb915.jpeg", "gallery": [], "category": {"name": "Спектакли", "sysName": "spektakli"}, "time": {"start": "2021-09-30 15:30:00", "end": "2021-09-30 17:00:00"}}, {"id": 1002091, "name": "Спектакль «Эти свободные бабочки»", "age": 16, "description": "<p>Малая сцена – это пространство, где есть место экспериментам. Образно говоря, это театр крупным планом. Ее отличает прежде всего более тесная, более непосредственная связь со зрительным залом. Именно на малой сцене впервые поставлен спектакль по пьесе Леонарда Герша «Эти свободные бабочки».</p><p>В камерном формате раскрывается трогательная история любви. Она эксцентричная и экстравагантная, он романтичен, она хочет порхать по жизни, как бабочка, он учится быть свободным от предрассудков и ограничений, но только взаимная привязанность делает их по-настоящему свободными.</p>", "shortDescription": "Романтическая мелодрама, история любви.", "min_price": 300, "max_price": 350, "link": "https://widget.afisha.yandex.ru/w/venues/21186?clientKey=0a1f2080-9f44-47d8-956b-049551f4f4cb", "status": "accepted", "updateDate": 1639124899855, "start": 1617544800000, "end": 1643557200000, "createDate": 1616074033630, "inAccepted": true, "acceptDate": 1638950292388, "image": {"author": "К. Киреев", "name": "423f0953a9db1f8e2648cbeed9872b0c.jpeg", "realName": "0af7a68df958c44de68097e2abd99172.jpeg", "source": "http://mordvateatr.ru/home"}, "photo": "https://pro.culture.ru/uploads/423f0953a9db1f8e2648cbeed9872b0c.jpeg", "gallery": ["https://pro.culture.ru/uploads/301988a94c9ae828b60abab35a95bf2d.jpeg", "https://pro.culture.ru/uploads/d4b1c35fcd700633e33cb05957cfa8f1.jpeg", "https://pro.culture.ru/uploads/2485121998bb695bdc04c0d8178771a5.jpeg", "https://pro.culture.ru/uploads/48af7db1442a75992ab0a4c876eb5964.jpeg"], "category": {"name": "Спектакли", "sysName": "spektakli"}, "time": {"start": "2021-04-04 14:00:00", "end": "2022-01-30 15:40:00"}}, {"id": 875448, "name": "Спектакль «Молодильные яблоки»", "age": 6, "description": "<p>Сладко жилось на свете царю Гороху – стареть, а тем более умирать ему не хотелось. Прослышал царь про яблоки молодильные, которые растут в соседнем государстве в саду у Злодей Злодеича, обрадовался. Ведь можно вечно жить и молодым оставаться! Вот и объявил он народу: кто яблоки молодильные достанет, тому полцарства отдаст. Но, оказывается, счастье-то не в молодильных яблоках, а совсем в другом. </p><p>Тот, кто посмотрит спектакль, узнает, в чем оно, это счастье. Мероприятие обещает быть насыщенным и интересным.</p>", "shortDescription": "Сказка о царе Горохе и молодильных яблочках.", "min_price": 200, "max_price": 200, "link": "https://widget.afisha.yandex.ru/w/venues/21186?clientKey=0a1f2080-9f44-47d8-956b-049551f4f4cb", "needCheck": true, "status": "accepted", "updateDate": 1640596825430, "start": 1611478800000, "end": 1643284800000, "createDate": 1608975183426, "inAccepted": true, "acceptDate": 1636547549455, "image": {"author": "А. Батырев", "name": "8ce183e428ed0da54e9753b40ba099f4.jpeg", "realName": "b4523bdbe87af7fdc5fb6cfedeede199.jpg", "source": "http://mordvateatr.ru/home"}, "photo": "https://pro.culture.ru/uploads/8ce183e428ed0da54e9753b40ba099f4.jpeg", "gallery": ["https://pro.culture.ru/uploads/8162f0438c5cb176e985fbf683272c8e.jpeg", "https://pro.culture.ru/uploads/8a5a0cb229b0df4d7da7379eadf683c2.jpeg"], "category": {"name": "Спектакли", "sysName": "spektakli"}, "time": {"start": "2021-01-24 09:00:00", "end": "2022-01-27 12:00:00"}}, {"id": 841810, "name": "Спектакль «Подписаться на @любовь»", "age": 12, "description": "<p>Любовь... Более 20 млн запросов в месяц с этим словом – «Яндекс» так говорит!</p><p>Что такое любовь? Есть ли она? Какая она сегодня? Какое количество людей из тех, кто забивал это слово в поиске, читающих сейчас это, знает ответы на указанные вопросы? И сколько из них ошибаются, а кто из них прав? Просто задумайтесь!</p><p>Хотя нет, тут не думать нужно, а чувствовать! Ну, и подпевать. Это новый формат театрализации. Будет по-весеннему легко!</p><p>Придумал и воплотил в жизнь сценарий спектакля о любви актер и режиссер А. Сарангов.</p>", "shortDescription": "Постановка о любви. О том, какая она сейчас, в 2020 году.", "min_price": 200, "max_price": 500, "link": "https://widget.afisha.yandex.ru/w/venues/21186?clientKey=0a1f2080-9f44-47d8-956b-049551f4f4cb", "needCheck": true, "status": "accepted", "updateDate": 1638950354270, "start": 1608305400000, "end": 1642179600000, "createDate": 1606977627620, "inAccepted": true, "acceptDate": 1633678404737, "image": {"author": "А. Батырев", "name": "f44480b6e74b43279e333953bf5c8ad4.jpeg", "realName": "59 web.jpg", "source": "http://mordvateatr.ru/home"}, "photo": "https://pro.culture.ru/uploads/f44480b6e74b43279e333953bf5c8ad4.jpeg", "gallery": ["https://pro.culture.ru/uploads/7622c6d506705c13cb9beadc639a5274.jpeg", "https://pro.culture.ru/uploads/d7788ccd19b4d1434c3e556e9de4a000.jpeg"], "category": {"name": "Спектакли", "sysName": "spektakli"}, "time": {"start": "2020-12-18 15:30:00", "end": "2022-01-14 17:00:00"}}, {"id": 836008, "name": "Спектакль «Крыша поехала»", "age": 12, "description": "<p>«Нравственность – это правда», – писал русский писатель с мордовскими корнями Василий Шукшин. Жить по совести – значит, всю жизнь искать правду и доказывать, что она есть. Иначе зачем жить?! Четыре десятилетия нет Шукшина, а его «чудики» живы, продолжают чудить, страдать, искать правду, пытаются найти ответ на извечный российский вопрос: «Почему мы так живем?».</p><p>В основе спектакля – шесть рассказов: «Непротивленец Макар Жеребцов», «Срезал», «Забуксовал», «Бессовестные», «Мой зять украл машину дров», «Верую».</p>", "shortDescription": "Постановка о поиске ответов на вечные вопросы жизни.", "min_price": 200, "link": "https://widget.afisha.yandex.ru/w/sessions/MjExODZ8MjUxNTU3fDMwNTY1OXwxNjM2NzMxMDAwMDAw?clientKey=0a1f2080-9f44-47d8-956b-049551f4f4cb", "status": "accepted", "updateDate": 1635945944364, "start": 1607781600000, "end": 1636736400000, "createDate": 1606728587338, "inAccepted": true, "acceptDate": 1635945944371, "image": {"author": "А. Батырев", "name": "0975a71b45227bc01abdf815490c28f8.jpeg", "realName": "IMG_1150.JPG", "source": "http://mordvateatr.ru/home"}, "photo": "https://pro.culture.ru/uploads/0975a71b45227bc01abdf815490c28f8.jpeg", "gallery": ["https://pro.culture.ru/uploads/09984bc678bd8d066def1b89317080e9.jpeg", "https://pro.culture.ru/uploads/47d661ff12a90926486e428714bc85ae.jpeg"], "category": {"name": "Спектакли", "sysName": "spektakli"}, "time": {"start": "2020-12-12 14:00:00", "end": "2021-11-12 17:00:00"}}, {"id": 818368, "name": "Спектакль «Деревенские страсти»", "age": 12, "description": "<p>Последний апрельский вечер. Деревня живет своей тихой размеренной жизнью. А завтра праздник – 1 Мая! И тут в небольшом хозяйстве сельского жителя Антона умирает последний из трех купленных поросят. Под подозрение сразу попадает сосед – сельский ветеринар Иван, что толкает Антона на преступление. С этого и начинается череда неожиданных, пронзительных, детективных событий и увлекательных открытий под названием «Деревенские страсти». </p><p>Подлинная деревенская жизнь с ее уникальным юмором, простотой, самобытностью, узнаваемыми образами рождается в пространстве театра и становится легким, ярким, искрометным, колоритным, живым и очень душевным спектаклем. При постановке ни один поросенок не пострадал!</p>", "shortDescription": "Постановка-детектив на тему деревенской жизни.", "min_price": 200, "link": "https://widget.afisha.yandex.ru/w/sessions/MjExODZ8MjM4NzEzfDMwNTY1OXwxNjMyNDExMDAwMDAw?clientKey=0a1f2080-9f44-47d8-956b-049551f4f4cb", "status": "accepted", "updateDate": 1630245425996, "start": 1607095800000, "end": 1632418200000, "createDate": 1605616316445, "inAccepted": true, "acceptDate": 1630307942111, "image": {"author": "Маркина М.", "name": "feadfb1ea72b2d2cdbd9b6c0da2b17e3.jpeg", "realName": "CSThurWIZaY.jpg", "source": "https://vk.com/mordteatr"}, "photo": "https://pro.culture.ru/uploads/feadfb1ea72b2d2cdbd9b6c0da2b17e3.jpeg", "gallery": ["https://pro.culture.ru/uploads/8ef3ebb0924f2122f109d86d8c8c11df.jpeg", "https://pro.culture.ru/uploads/2359a5a30afd90d3f029073a7a5786c1.jpeg"], "category": {"name": "Спектакли", "sysName": "spektakli"}, "time": {"start": "2020-12-04 15:30:00", "end": "2021-09-23 17:30:00"}}, {"id": 808733, "name": "Спектакль «Дочь некрещеного мордвина»", "age": 12, "description": "<p>В истории христианизации мордвы есть немало драматических событий, однако вера в единого бога объединила людей, приблизила к общечеловеческим ценностям, привела к изменениям мировоззренческого плана. Но она окончательно не искоренила язычества. Христианский бог получил имя дохристианского верховного бога мордвы, а мордовские божества перемешались с православными святыми. Пережитки язычества сохранились в быту мордвы вплоть до 21 века.</p><p>Постановка рассказывает о трагедии мордовского народа, не желавшего отрекаться от своей этнической веры, забывать родной язык и традиции предков. В сюжете явно прослеживаются реальные исторические события, случившиеся на территории Нижегородской губернии в середине XIX века, когда обитавших в лесной глуши эрзян, исстари поклонявшихся силам природы, имперские чиновники силой обязывали принять христианство, запрещая использовать национальные имена и говорить на родном языке. </p>", "shortDescription": "Сказ о том, как вера в единого бога объединила народы Поволжья.", "min_price": 250, "max_price": 300, "link": "https://widget.afisha.yandex.ru/w/venues/21186?clientKey=0a1f2080-9f44-47d8-956b-049551f4f4cb", "status": "accepted", "updateDate": 1639562187358, "start": 1606491000000, "end": 1642699800000, "createDate": 1605086008246, "inAccepted": true, "acceptDate": 1636370074112, "image": {"author": "М. Маркина", "name": "6588d863ab2b0e60d5dde7ce95fcbf1d.jpeg", "realName": "eyqIzyCu450.jpg", "source": "http://mordvateatr.ru/"}, "photo": "https://pro.culture.ru/uploads/6588d863ab2b0e60d5dde7ce95fcbf1d.jpeg", "gallery": ["https://pro.culture.ru/uploads/87c430bb52ce8b5c95de328588bd2352.jpeg", "https://pro.culture.ru/uploads/a288e053b4615a1494e66fee94f61a90.jpeg", "https://pro.culture.ru/uploads/2f8c904be4f1e03f4617c3bf3844ba91.jpeg"], "category": {"name": "Спектакли", "sysName": "spektakli"}, "time": {"start": "2020-11-27 15:30:00", "end": "2022-01-20 17:30:00"}}, {"id": 808677, "name": "Спектакль «Суперзаяц»", "age": 0, "description": "<p> Ну где же это видано, чтобы заяц был супер! Но обитатели зеленого леса на вселесном конкурсе на звание суперзверя по итогам испытаний и тестов признали таковым куцехвостого и косого зайца. Все лесные звери приветствуют супергероя! Но по прежнему в лесу орудуют хулиган волк и хулиганка лиса, и никто не может принять решительных мер к этим нарушителям общественного порядка. </p><p>И вот суперзаяц делает заявление, в котором торжественно обещает, что с беспорядком будет покончено. Итак, против хулиганства начинает действовать славный герой зеленого леса – суперзаяц. Сможет ли он перевоспитать хулиганов? Приходите и узнаете.</p>", "shortDescription": "Зрители узнают историю борьбы зайца с хулиганством.", "min_price": 150, "max_price": 350, "link": "https://widget.afisha.yandex.ru/w/venues/21186?clientKey=0a1f2080-9f44-47d8-956b-049551f4f4cb", "needCheck": true, "status": "accepted", "updateDate": 1634805441214, "start": 1606640400000, "end": 1637488800000, "createDate": 1605085075630, "inAccepted": true, "acceptDate": 1634805441397, "image": {"author": "М. Маркина", "name": "21bc9bf8a767e09df8fa4c7a0682df29.jpeg", "realName": "03.JPG", "source": "http://mordvateatr.ru"}, "photo": "https://pro.culture.ru/uploads/21bc9bf8a767e09df8fa4c7a0682df29.jpeg", "gallery": ["https://pro.culture.ru/uploads/fcaddefbe50d8c44bed7f88f2bd440e3.jpeg"], "category": {"name": "Спектакли", "sysName": "spektakli"}, "time": {"start": "2020-11-29 09:00:00", "end": "2021-11-21 10:00:00"}}, {"id": 807437, "name": "Спектакль «Женитьба»", "age": 12, "description": "<p>Главная героиня, Агафья Тихоновна, ищет с помощью свахи себе достойного жениха... А вот женихов больше интересует не сама невеста, а ее приданое. Главными претендентами на руку и сердце завидной невесты становятся надворный советник Подколесин, экзекутор Яичница, моряк Жевакин и пехотный офицер Анучкин. </p><p>У Агафьи Тихоновны, дочери купца третьей гильдии, свои требования к будущему супругу – муж обязательно должен быть дворянином. К претендентам она относится как к вещам, пытаясь сложить идеальную картинку: если бы взять нос Ивана Кузьмича, губы Никанора Ивановича, дородность Ивана Павловича да развязность Балтазара Балтазарыча, то она, не раздумывая, вышла бы замуж...</p>", "shortDescription": "Постановка по произведению Н. Гоголя.", "min_price": 200, "max_price": 300, "link": "https://widget.afisha.yandex.ru/w/venues/21186?clientKey=0a1f2080-9f44-47d8-956b-049551f4f4cb", "needCheck": true, "status": "accepted", "updateDate": 1637826472207, "start": 1605454200000, "end": 1638446400000, "createDate": 1605015315987, "inAccepted": true, "acceptDate": 1637826472725, "image": {"author": "Ю. Гученко", "name": "127e3f9474c2d312f7473522a64ceaf7.jpeg", "realName": "IMG_0892.JPG", "source": "https://www.mordvateatr.ru/"}, "photo": "https://pro.culture.ru/uploads/127e3f9474c2d312f7473522a64ceaf7.jpeg", "gallery": ["https://pro.culture.ru/uploads/4d2f068418ff30fe76e49948f13f293f.jpeg", "https://pro.culture.ru/uploads/827119c732682955235eed98c2576d2e.jpeg", "https://pro.culture.ru/uploads/7b1f9dc65360b0c96e4e0bf598f8fa11.jpeg"], "category": {"name": "Спектакли", "sysName": "spektakli"}, "time": {"start": "2020-11-15 15:30:00", "end": "2021-12-02 12:00:00"}}, {"id": 791327, "name": "Спектакль «Капитанская дочка»", "age": 12, "description": "<p>Любовь, верность, стойкость и, пожалуй, главное – умение сохранить честь и человеческое достоинство в нечеловеческих условиях. Все это не теряет своей актуальности и сегодня. Вот юный Петруша Гринев, врученный воспитанию верного слуги Савельича, сидит на его руках, словно ребенок. А вот по исполнении 16 лет его отправляют на службу в Белгородскую крепость, по дороге в которую и состоялась его судьбоносная встреча с Емельяном Пугачевым. Вот он уже в доме коменданта крепости капитана Миронова, где его ожидает другая судьбоносная встреча – с прекрасной Машей, нежная и верная любовь к которой станет двигателем всего сюжета.</p>", "shortDescription": "Это удивительно чистая, трогательная и красивая история большой любви в эпоху великого бунта.", "min_price": 250, "max_price": 300, "link": "https://widget.afisha.yandex.ru/w/venues/21186?clientKey=0a1f2080-9f44-47d8-956b-049551f4f4cb", "needCheck": true, "status": "accepted", "updateDate": 1638349708393, "start": 1604417400000, "end": 1639659600000, "createDate": 1603892951900, "inAccepted": true, "acceptDate": 1635828033076, "image": {"author": "Ю. Гученко", "name": "72290bd9aa2c62040293c98f9f35f6bb.jpeg", "realName": "IMG_8888.jpg", "source": "https://www.mordvateatr.ru/"}, "photo": "https://pro.culture.ru/uploads/72290bd9aa2c62040293c98f9f35f6bb.jpeg", "gallery": ["https://pro.culture.ru/uploads/5edd80b4922263de11283ef037f70b91.jpeg", "https://pro.culture.ru/uploads/18e808264347a6b9cc93a601cced814b.jpeg"], "category": {"name": "Спектакли", "sysName": "spektakli"}, "time": {"start": "2020-11-03 15:30:00", "end": "2021-12-16 13:00:00"}}, {"id": 785128, "name": "Спектакль «Делец»", "age": 12, "description": "<p>«Деньги не пахнут, они дают власть и свободу» – так считают дельцы в мире, где обесценены высокие чувства и разрушены идеалы. Главный герой Мебиус, юношей писавший стихи о чистой любви, понимает, что его поэзия никому не нужна и дохода не принесет. И тогда он создает контору для одиноких и тоскующих по любви женщин. Узнаваемость сегодняшнего дня, гротеск, карикатурность образов, абсурдность ситуаций заставляют зрителя не только посмеяться, но и задуматься: «Человек ли я, если материальное затмевает душу?».</p>", "shortDescription": "История о чувствах и деньгах.", "min_price": 200, "max_price": 500, "link": "https://widget.afisha.yandex.ru/w/venues/21186?clientKey=0a1f2080-9f44-47d8-956b-049551f4f4cb", "status": "accepted", "updateDate": 1631858625419, "start": 1604239200000, "end": 1634400000000, "createDate": 1603698216494, "inAccepted": true, "acceptDate": 1631858625426, "image": {"author": "А. Батырев", "name": "079766d0a93ee1f25f4eb45b01136d83.jpeg", "realName": "261227.jpg", "source": "http://mordvateatr.ru/home"}, "photo": "https://pro.culture.ru/uploads/079766d0a93ee1f25f4eb45b01136d83.jpeg", "gallery": ["https://pro.culture.ru/uploads/28111927015299e0d660f3ebdc2c4dda.jpeg", "https://pro.culture.ru/uploads/357c280532867aea1b8e814a0f9dd870.jpeg"], "category": {"name": "Спектакли", "sysName": "spektakli"}, "time": {"start": "2020-11-01 14:00:00", "end": "2021-10-16 16:00:00"}}, {"id": 755668, "name": "Спектакль «Приключения Чиполлино»", "age": 6, "description": "<p>Добродушный и смелый мальчик – луковка Чиполлино вместе со своими друзьями графом Вишенкой, Земляничкой и кумом Тыквой хочет вызволить своего любимого отца Чиполлино из тюрьмы. В тюрьму он несправедливо угодил по приказу злобного принца Лимона.</p><p> Герои встают на борьбу с несправедливостью, а именно – с ненавистным и злым синьором Помидором, жадным принцем Лимоном, коварными графинями Вишнями. Юный Чиполлино мужественно сражается с угнетателями фруктово-овощного народа. И победа не заставит себя ждать!</p>", "shortDescription": "Музыкальная сказка о добродушном и смелом мальчике.", "min_price": 200, "link": "https://widget.afisha.yandex.ru/w/venues/21186?clientKey=0a1f2080-9f44-47d8-956b-049551f4f4cb", "status": "accepted", "updateDate": 1639220768429, "start": 1602406800000, "end": 1642327200000, "createDate": 1601630321386, "inAccepted": true, "acceptDate": 1639220768435, "image": {"author": "Юлия Гученко", "name": "6936e661f29f1573ad75a3b9514f3dce.jpeg", "realName": "чиполлино.jpg", "source": "http://mordvateatr.ru/repertoire/adventures-of-cipollino"}, "photo": "https://pro.culture.ru/uploads/6936e661f29f1573ad75a3b9514f3dce.jpeg", "gallery": ["https://pro.culture.ru/uploads/b194a333a514e572b295058b5ca8f7fb.jpeg"], "category": {"name": "Спектакли", "sysName": "spektakli"}, "time": {"start": "2020-10-11 09:00:00", "end": "2022-01-16 10:00:00"}}, {"id": 744303, "name": "Спектакль «Куйгорож»", "age": 12, "description": "<p>В этом мире Куйгорож все может, ему все под силу. Только он постоянно должен быть занят делом, иначе уничтожит своего хозяина.</p><p>Вот такого «сыночка» ведьма Сюмерьге «подарила» своему старику по имени Пята. Пята до старости своими руками зарабатывал на скудный хлеб, в неурожайные годы, как и все односельчане, страдал от голода. А тут – что ни пожелай – на тебе все. Ошалел от такого неожиданного счастья старик.</p><p>Соседская девочка сиротка Уняжа, самый близкий старику человек, слепо влюбляется в Куйгорожа. Кто не мечтает о таком женихе, который все может! Дальше события разворачиваются в сказочнореалистическом стиле. У Пяты богатство растет, а у остальных в деревне убывает. То есть богатство берется не с пустого места, а оттуда, где оно есть. И тот, кто таким образом приобретает богатство, непременно теряет совесть.</p>", "shortDescription": "История о человекообразном существе, выведенном человеком из яйца черной птицы.", "min_price": 250, "max_price": 300, "link": "https://widget.afisha.yandex.ru/w/venues/21186?clientKey=0a1f2080-9f44-47d8-956b-049551f4f4cb", "needCheck": true, "status": "accepted", "updateDate": 1639562555203, "start": 1601307000000, "end": 1643302800000, "createDate": 1600777555947, "inAccepted": true, "acceptDate": 1637844648811, "image": {"author": "Татьяна Муравкина", "name": "681b4a27ada4e08c807ce552ed2b5000.jpeg", "realName": "3_p86162.jpg", "source": "https://disk.yandex.ru/client/photo"}, "photo": "https://pro.culture.ru/uploads/681b4a27ada4e08c807ce552ed2b5000.jpeg", "gallery": ["https://pro.culture.ru/uploads/a33d800974ae09b6937c0cb36dd32f42.jpeg"], "category": {"name": "Спектакли", "sysName": "spektakli"}, "time": {"start": "2020-09-28 15:30:00", "end": "2022-01-27 17:00:00"}}, {"id": 726878, "name": "Спектакль «Саня, Ваня, с ними Римас»", "age": 16, "description": "<p>Простые деревенские люди с огромным чувством внутреннего достоинства исполнены оптимизма, несмотря на драматичные жизненные обстоятельства. В спектакле переплетаются человеческие судьбы, которые «перепахало» войной. Это дает осознание важности семьи, дружбы, поддержки, силы духа, сопереживания, любви к близкому и родине. </p><p>Пьеса, события которой основаны на реальных фактах семьи самого Владимира Гуркина, посвящена «великим труженицам и матерям, воинам, защитившим родину от фашизма». Это простая и трогательная жизненная история, случившаяся в далекой уральской деревушке.</p>", "shortDescription": "История о человеческих судьбах, «перепаханных войной».", "min_price": 200, "max_price": 500, "link": "https://widget.afisha.yandex.ru/w/sessions/MjExODZ8MjQxODQwfDMwNTY1OXwxNjM1NTIxNDAwMDAw?clientKey=0a1f2080-9f44-47d8-956b-049551f4f4cb", "status": "accepted", "updateDate": 1631957398487, "start": 1600356600000, "end": 1635528600000, "createDate": 1599220277911, "inAccepted": true, "acceptDate": 1631957398499, "image": {"author": "К. Киреев", "name": "a7d91b528d794de815831fd3128b2156.jpeg", "realName": "ZHCEniFz81o.jpg", "source": "https://vk.com/mordteatr"}, "photo": "https://pro.culture.ru/uploads/a7d91b528d794de815831fd3128b2156.jpeg", "gallery": ["https://pro.culture.ru/uploads/01f218496272482deae2fd2315cb7a85.jpeg", "https://pro.culture.ru/uploads/f29e6a4556168010164255ac1ce95425.jpeg", "https://pro.culture.ru/uploads/6fe208051c2ec417682c244e1b0cf66b.jpeg", "https://pro.culture.ru/uploads/ef4936b86abeb299d73c07d074953df7.jpeg"], "category": {"name": "Спектакли", "sysName": "spektakli"}, "time": {"start": "2020-09-17 15:30:00", "end": "2021-10-29 17:30:00"}}, {"id": 726666, "name": "Спектакль «Ромео и Джульетта»", "age": 16, "description": "<p>«Ромео и Джульетта» – не просто красивая история трагической любви. Эта история на века. В ней нет времени. </p><p>Монтекки и Капулетти уже забыли, с чего началась между ними борьба, но они фанатично воюют друг с другом, и вся жизнь города-государства Вероны проходит под знаком бесчеловечной розни. Эта история очень ярко отражает действительность: «…мир болеет, потому что все люди друг другу врут, друг друга используют и хотят хорошего только для себя. Мир болеет такими людьми. Здоровье, доброта, жизнь – почему-то интересует меньше, чем смерть, скандал, преступление. Такой побеждающий цинизм. Иногда начинает казаться, что политика – это и есть жизнь. И все в жизни зависит от цены на нефть и на доллары. Но это заблуждение. Очень важно уметь радоваться…». </p><p>Обычная история оборачивается трагедией.</p>", "shortDescription": "Постановка о трагической любви юной пары.", "min_price": 350, "max_price": 400, "link": "https://widget.afisha.yandex.ru/w/venues/21186?clientKey=0a1f2080-9f44-47d8-956b-049551f4f4cb", "needCheck": true, "status": "accepted", "updateDate": 1639562279246, "start": 1601047800000, "end": 1642870800000, "createDate": 1599212681670, "inAccepted": true, "acceptDate": 1637822897740, "image": {"author": "Кирилл Киреев", "name": "b495ee2534692f83ab53e5a7eabda781.jpeg", "realName": "2939ecf389db2a166bee0db145b6d240.jpeg", "source": "https://vk.com/kulemistiy"}, "photo": "https://pro.culture.ru/uploads/b495ee2534692f83ab53e5a7eabda781.jpeg", "gallery": ["https://pro.culture.ru/uploads/121fe410ac5256bff666922420d5394a.jpeg", "https://pro.culture.ru/uploads/838401c8f3ae8b8d978c29ab34a58661.jpeg"], "category": {"name": "Спектакли", "sysName": "spektakli"}, "time": {"start": "2020-09-25 15:30:00", "end": "2022-01-22 17:00:00"}}, {"id": 726651, "name": "Спектакль «Чудеса пренебрежения, или Женщины – это дьяволы»", "age": 12, "description": "<p>Действие происходит в Испании шестнадцатого века. Богатая красавица Донья Хуана – завидная невеста. Ее руки и сердца добиваются женихи со всей округи. Страдает от любви к ней и Дон Педро де Хирона. </p><p>Но она принципиально игнорирует мужчин, по ее словам они: «Бедствие, чума. Постыдно из-за них стать рабой страсти. И чтобы покориться воле мужчины, лучше быть прикованным к скале!» Но мудрый весельчак Эрнандо, слуга Дон Педро, знает толк в амурных делах. Он своими хитроумными комбинациями добивается, казалось бы, невозможного. Неприступная Донья Хуана снимает с лица маску мужененавистника. Она, как и все, женщина из плоти и крови, не может больше держать в себе живой огонь любви. </p>", "shortDescription": "История о женских хитростях и уловках.", "min_price": 200, "max_price": 500, "link": "https://widget.afisha.yandex.ru/w/sessions/MjExODZ8MjQwOTQ4fDMwNTY1OXwxNjMzNzA3MDAwMDAw?clientKey=0a1f2080-9f44-47d8-956b-049551f4f4cb", "status": "accepted", "updateDate": 1631539989830, "start": 1600524000000, "end": 1633712400000, "createDate": 1599212216316, "inAccepted": true, "acceptDate": 1631540198898, "image": {"author": "А. Батырев ", "name": "9de4affccc138d54d8fedfefd8a210a0.jpeg", "realName": "дот.jpg", "source": "http://mordvateatr.ru/home"}, "photo": "https://pro.culture.ru/uploads/9de4affccc138d54d8fedfefd8a210a0.jpeg", "gallery": ["https://pro.culture.ru/uploads/f08ba12751b2a6b8645205bf2d88231b.jpeg"], "category": {"name": "Спектакли", "sysName": "spektakli"}, "time": {"start": "2020-09-19 14:00:00", "end": "2021-10-08 17:00:00"}}, {"id": 726645, "name": "Спектакль «Курмай»", "age": 6, "description": "<p>Жил да был мальчик по имени Курмай. В семье он был младшенький, поэтому самый сладкий и вкусный кусок всегда доставался ему. Рос он быстро – не по дням, а по часам. Родители и не заметили, как сами они постарели, а малыш стал огромным детиной. Кушать он любит, а делать ничего не умеет. Больной он, лень его заела… Тут-то и батюшка задался вопросом: а как вылечить Курмая? Как найти лекарство от лени? Да, вопрос непростой… Однако в сказке мудрая Старая Лошадь знает ответы на многие жизненные вопросы. </p><p>Полезно это знать и родителям, и детям. Посмотрите сказку, сами убедитесь…</p>", "shortDescription": "Сказка о ленивом мальчике.", "min_price": 150, "max_price": 350, "link": "https://widget.afisha.yandex.ru/w/sessions/MjExODZ8MjQzODY1fDMwNTY1OXwxNjM1NjcwODAwMDAw?clientKey=0a1f2080-9f44-47d8-956b-049551f4f4cb", "status": "accepted", "updateDate": 1633681272467, "start": 1599987600000, "end": 1635674400000, "createDate": 1599211875735, "inAccepted": true, "acceptDate": 1633681272489, "image": {"author": "Ю. Гученко", "name": "9225ec026b4db2898a6ae9bbb5569994.jpeg", "realName": "IMG_9504.jpg", "source": "http://mordvateatr.ru/repertoire/v-mishanina-kurmay"}, "photo": "https://pro.culture.ru/uploads/9225ec026b4db2898a6ae9bbb5569994.jpeg", "gallery": ["https://pro.culture.ru/uploads/146da53212853406e774fd74af40b559.jpeg", "https://pro.culture.ru/uploads/2338492200f8a4fda81dffae25a33e45.jpeg", "https://pro.culture.ru/uploads/e4350228e134638a146e55521c4737b9.jpeg", "https://pro.culture.ru/uploads/158edec3ab7263f16c5934757ccd8241.jpeg"], "category": {"name": "Спектакли", "sysName": "spektakli"}, "time": {"start": "2020-09-13 09:00:00", "end": "2021-10-31 10:00:00"}}, {"id": 726616, "name": "Спектакль «Пижама на шестерых»", "age": 16, "description": "<p>Вечер накануне выходных. Мужчина, узнав о том, что его жена собирается навестить любимую маму, решил воспользоваться ситуацией и пригласил к себе домой любовницу. Но жена, Жаклин, заподозрившая что-то неладное, остается. К тому же, по словам оправдывающегося мужа, к нему должен приехать его близкий друг Роберт – любовник Жаклин. А тут еще выясняется, что у любовницы мужа день рождения, поэтому он пригласил домой повариху приготовить праздничный ужин. По забавному стечению обстоятельств каждому приходится играть совсем не ту роль, которая запланирована вначале. </p>", "shortDescription": "Очень запутанный, но вкусный гарнир по-французски!", "min_price": 300, "max_price": 350, "link": "https://widget.afisha.yandex.ru/w/venues/21186?clientKey=0a1f2080-9f44-47d8-956b-049551f4f4cb", "status": "accepted", "updateDate": 1639220509546, "start": 1599919200000, "end": 1642261200000, "createDate": 1599211016010, "inAccepted": true, "acceptDate": 1639220509562, "image": {"author": "К. Киреев", "name": "678095662db459bb3cc97559156af521.jpeg", "realName": "NlCApJe932A.jpg", "source": "https://vk.com/mordteatr"}, "photo": "https://pro.culture.ru/uploads/678095662db459bb3cc97559156af521.jpeg", "gallery": ["https://pro.culture.ru/uploads/8fa469d918a1daa37cac70303ff6aa55.jpeg", "https://pro.culture.ru/uploads/a45c247b6a9bb53078ddc6ed6e6482a2.jpeg"], "category": {"name": "Спектакли", "sysName": "spektakli"}, "time": {"start": "2020-09-12 14:00:00", "end": "2022-01-15 15:40:00"}}, {"id": 726484, "name": "Спектакль «Очень простая история»", "age": 12, "description": "<p>В хлеву обитают Корова, Лошадь и Свинья, туда забегают Петух и Собака. Наведываются в хлев Сосед – воровать припрятанную Хозяином самогонку, а его сын Лешка тайком бегает на свидание с хозяйской дочерью Дашкой... Здесь на сеновале они и зачали будущую внучку... Хозяин ненавидит вечно пьяного опустившегося соседа и его сына. Его отцовское решение: ни при каких обстоятельствах сосед не станет ему родней, а дочь нужно отвезти в больницу на аборт.</p><p> Животные – это не просто свидетели действа, а участники и «сопереживатели» происходящего. Они мыслят и общаются совсем как люди, только они добрее и помыслы их чище. «Аборт. Это страшное слово означает убить еще не рожденного детеныша в утробе матери!.. Зачем?.. Так делают только люди. Что предпринять, чтобы спасти детеныша Дашки?» </p>", "shortDescription": "Комедийная история, которая обретает трагическую окраску.", "min_price": 300, "link": "https://widget.afisha.yandex.ru/w/sessions/MjExODZ8MjM5MTk5fDMwNTY1OXwxNjMxODA2MjAwMDAw?clientKey=0a1f2080-9f44-47d8-956b-049551f4f4cb", "status": "accepted", "updateDate": 1630835786759, "start": 1599838200000, "end": 1631811600000, "createDate": 1599206877244, "inAccepted": true, "acceptDate": 1630836671096, "image": {"author": "Ю. Гученко", "name": "343c825d1904c716906a4b58ec2b0575.jpeg", "realName": "IMG_8707-36.jpg", "source": "mordvateatr.ru"}, "photo": "https://pro.culture.ru/uploads/343c825d1904c716906a4b58ec2b0575.jpeg", "gallery": ["https://pro.culture.ru/uploads/ed15655fc680a96af6ae261686524f84.jpeg", "https://pro.culture.ru/uploads/5f3a8575415c3212bdbf16ecd6883bb9.jpeg", "https://pro.culture.ru/uploads/779a5190e9c54ec701c401b02f9722ea.jpeg"], "category": {"name": "Спектакли", "sysName": "spektakli"}, "time": {"start": "2020-09-11 15:30:00", "end": "2021-09-16 17:00:00"}}, {"id": 723304, "name": "Спектакль «Кто принцессу поцелует»", "age": 6, "description": "<p>Главные герои этой яркой и веселой постановки – красавица-царевна Аленушка, добрый молодец Иван-дурак и Змей Горыныч. Помимо них в этой сказочной истории чудят и колобродят царица Тамара, старый царь и Змея Подколодная. </p><p>Множество забавных ситуаций и неожиданных сюжетных поворотов сопровождаются музыкой, песнями и танцами. Да и как же в сказке без них, если ее герои всякий раз после очередного приключения немедленно запевают, пускаются в пляс или обернутся кем-нибудь. На то она и сказка, чтобы случались в ней самые чудесные и удивительные превращения.</p>", "shortDescription": "Яркая приключенческая постановка для детей.", "min_price": 200, "link": "https://widget.afisha.yandex.ru/w/venues/21186?clientKey=0a1f2080-9f44-47d8-956b-049551f4f4cb", "needCheck": true, "status": "accepted", "updateDate": 1639562857215, "start": 1599400800000, "end": 1643536800000, "createDate": 1598963519838, "inAccepted": true, "acceptDate": 1630657611188, "image": {"author": "Ю. Гученко", "name": "7153fef856745706e0c5e381748f7af5.jpeg", "realName": "жж.JPG", "source": "mordvateatr.ru"}, "photo": "https://pro.culture.ru/uploads/7153fef856745706e0c5e381748f7af5.jpeg", "gallery": ["https://pro.culture.ru/uploads/7864cadfbd0101d4d8c8eafb752a065a.jpeg", "https://pro.culture.ru/uploads/a1f61f3d5ff14bf38d187b6c4892e5da.jpeg"], "category": {"name": "Спектакли", "sysName": "spektakli"}, "time": {"start": "2020-09-06 14:00:00", "end": "2022-01-30 10:00:00"}}, {"id": 118567, "name": "Спектакль «Уроки радости»", "age": 12, "description": "<p><span>Маленькая девочка усвоила урок: «Тебе вместо куклы подарили костыли? Радуйся! Чему радоваться? А радоваться тому, что эти костыли тебе не нужны!».</span></p><p><span>Когда сирота оказывается в чужом городке у холодной властной тети Полли, она своим мировосприятием удивляет окружающих, а своими поступками творит чудо. Поллианна, как лучик света, пронизывает холодные, черствые, больные сердца людей, греет, лечит их, учит радоваться. И люди вокруг нее начинают меняться на глазах: у одних просыпается совесть, у других душа, у третьих появляется вера.</span></p>", "shortDescription": "Мудрый пастор научил свою дочь Поллианну прекрасной игре: уметь радоваться жизни.", "min_price": 400, "link": "https://widget.afisha.yandex.ru/w/venues/21186?clientKey=0a1f2080-9f44-47d8-956b-049551f4f4cb", "needCheck": true, "status": "accepted", "updateDate": 1637739537402, "start": 1507719600000, "end": 1638532800000, "createDate": 1491987255819, "inAccepted": true, "acceptDate": 1637739537542, "image": {"author": "А. Батырев", "name": "e9b5bde86b6c17ce04a7a6ecea3520a0.jpeg", "realName": "rqW8ewSY_lc.jpg", "source": "http://mordvateatr.ru/home"}, "photo": "https://pro.culture.ru/uploads/e9b5bde86b6c17ce04a7a6ecea3520a0.jpeg", "gallery": ["https://pro.culture.ru/uploads/f99bdf77a03db1e2784d092b6d1297a2.jpg", "https://pro.culture.ru/uploads/60880cd1909ae236fba735e97602b7e6.jpg", "https://pro.culture.ru/uploads/e51e9f9416cbd866822e1e76bfbfc6d2.jpg"], "category": {"name": "Спектакли", "sysName": "spektakli"}, "time": {"start": "2017-10-11 11:00:00", "end": "2021-12-03 12:00:00"}}, {"id": 114168, "name": "Спектакль «Как Баба-яга дочек замуж отдавала»", "age": 6, "description": "<p><span>Выросли дочки Бабы-яги, замуж захотели, да вот беда – в лесу женихов трудно найти. Только у младшей дочки Назолы есть жених – Леший. Но где это слыхано, чтобы младшие раньше старших замуж выходили…</span></p> <p><span>Вот пошел на охоту Иван да пропал и оказался он в подвале у Бабы-яги. Радуются дочки Яги, чем Иван не жених! Да вот опять незадача, он один, а их двое – раздор между девками. К тому же еще Иван другую любит, Машеньку. О, неслыханные дела стали твориться в лесу! А какие такие дела, вы сами узнайте, когда посмотрите спектакль…</span></p>", "shortDescription": "Постановка на тему любви и верности.", "min_price": 200, "link": "https://widget.afisha.yandex.ru/w/venues/21186?clientKey=0a1f2080-9f44-47d8-956b-049551f4f4cb", "status": "accepted", "updateDate": 1639634417185, "start": 1491728400000, "end": 1642932000000, "createDate": 1491203687928, "inAccepted": true, "acceptDate": 1639580550764, "image": {"author": "А. Батырев", "name": "81e4b2b860b21b947a8f59f6fec1091d.JPG", "realName": "1a01623a93d95d525145fcc8ca623ab6_w2048_h2048.JPG", "source": "http://mordvateatr.ru/home"}, "photo": "https://pro.culture.ru/uploads/81e4b2b860b21b947a8f59f6fec1091d.JPG", "gallery": ["https://pro.culture.ru/uploads/41576c62f8504980b3903ed318823b54.jpg", "https://pro.culture.ru/uploads/ff3840f74e8c8dbf497f6636fbc3e4b2.JPG"], "category": {"name": "Спектакли", "sysName": "spektakli"}, "time": {"start": "2017-04-09 09:00:00", "end": "2022-01-23 10:00:00"}}, {"id": 106626, "name": "Спектакль «У каждого своя болезнь»", "age": 12, "description": "<p>В одной деревне проживает непутевый муж, отец двоих детей, бывший «бухгалтер и писарь» Кальдиркин. Его жена Мария стоически терпит все его чудачества. Соседка Парениха мудро рассуждает о болезнях: «Нет на свете здоровых людей, городских снедает головная боль, сельских – все больше хребтина мучает, а вот есть еще общая хворь – Кальдиркинская, (то есть пьянство), эта зараза точит всех без разбору».</p><p>Однако действие начинает приобретать новые краски, когда в деревне появляются молодые люди: к Кальдиркиным приезжает брат Марии Миколь, а к Сакалкиным – внучка Светлана. Но Миколя ждала Анюра, своя, деревенская. Вот и у молодых появилась своя болезнь – любовь.</p><p>Не существует лекарства от всех болезней, да и нужно ли оно?</p>", "shortDescription": "Постановка по пьесе Кузьмы Абрамова.", "min_price": 200, "link": "https://widget.afisha.yandex.ru/w/sessions/MjExODZ8MjM4NjU3fDMwNTY1OXwxNjMwNjgzMDAwMDAw?clientKey=0a1f2080-9f44-47d8-956b-049551f4f4cb", "status": "accepted", "updateDate": 1630247331433, "start": 1512660600000, "end": 1630684800000, "createDate": 1489147694884, "inAccepted": true, "acceptDate": 1630308143021, "image": {"author": "А. Батырев", "name": "9d1f849c0356cfa8ea704c9b894305cb.jpg", "realName": "0ScgkQ_p9Xk.jpg", "source": "http://mordvateatr.ru/home"}, "photo": "https://pro.culture.ru/uploads/9d1f849c0356cfa8ea704c9b894305cb.jpg", "gallery": ["https://pro.culture.ru/uploads/205a4aa23e964127ee325c1f5cc96fe6.jpg", "https://pro.culture.ru/uploads/8a3f5e1293d546a6af0ace63b27fae4e.jpg"], "category": {"name": "Спектакли", "sysName": "spektakli"}, "time": {"start": "2017-12-07 15:30:00", "end": "2021-09-03 16:00:00"}}, {"id": 104437, "name": "Спектакль «Не в свои сани не садись»", "age": 12, "description": "<p>Персонажи Островского из XXI века без труда перешагнули в третье тысячелетие. Они по-прежнему узнаваемы. Конечно, покрой одежды стал другим, а на смену саням пришли крутые тачки. Только ведь человеческие достоинства и пороки по сути своей не меняются.</p><p>В комедии смех часто соседствует со слезами. Герой постановки – разорившийся повеса, который хочет жениться на деньгах. Как это делается? Да очень просто! Надо только приехать в городок N и вскружить глупенькую голову дочери местного богача. Правда, не всегда это получается с первого раза, как у героя Островского. Но попытка не пытка...</p>", "shortDescription": "Постановка по комедии в трех действиях А. Н. Островского.", "min_price": 250, "max_price": 500, "link": "https://widget.afisha.yandex.ru/w/venues/21186?clientKey=0a1f2080-9f44-47d8-956b-049551f4f4cb", "status": "accepted", "updateDate": 1639059409640, "start": 1508513400000, "end": 1639760400000, "createDate": 1488442291246, "inAccepted": true, "acceptDate": 1639059409715, "image": {"author": "Ю. Гученко", "name": "cf1d789fe82dcd5a96cc2765e1efef97.jpg", "realName": "image.jpg", "source": "mordvateatr.ru"}, "photo": "https://pro.culture.ru/uploads/cf1d789fe82dcd5a96cc2765e1efef97.jpg", "gallery": [], "category": {"name": "Спектакли", "sysName": "spektakli"}, "time": {"start": "2017-10-20 15:30:00", "end": "2021-12-17 17:00:00"}}, {"id": 101617, "name": "Спектакль «Злой Тэнгу»", "age": 6, "description": "<p>Сказка написана на основе японской легенды «Журавлиные перья». Трогательная история о любви бедного Фудзиюки и О Цуру. Злой Тэнгу тоже страдает от любви к О Цуру. Но чувства злого существа эгоистичны, он хочет только подчинить себе всех. Все попытки злого Тэнгу разлучить О Цуру с возлюбленным оказываются тщетными, потому что любовь и доброта всесильны.</p><p>Эта романтическая сказочная история о любви и ненависти, добре и зле, честности и коварстве никого не оставляет равнодушным. И неудивительно: яркие, красочные декорации и костюмы, чудесная музыка, удачные актерские работы и великолепно исполненные куклы не могут не запомниться. </p>", "shortDescription": "Трогательная история о любви бедного Фудзиюки и О Цуру.", "min_price": 200, "link": "https://widget.afisha.yandex.ru/w/venues/21186?clientKey=0a1f2080-9f44-47d8-956b-049551f4f4cb", "status": "accepted", "updateDate": 1635828020672, "start": 1507021200000, "end": 1636884000000, "createDate": 1487590755500, "inAccepted": true, "acceptDate": 1635828020689, "image": {"author": "Ю.Гученко", "name": "b7e23abd211e44421f7cff9b18aa7e75.jpg", "realName": "nvw2Pxa9um8.jpg", "source": "mordvateatr.ru"}, "photo": "https://pro.culture.ru/uploads/b7e23abd211e44421f7cff9b18aa7e75.jpg", "gallery": ["https://pro.culture.ru/uploads/e7bd7fc6aeefd5a04182940c623bda8f.jpg", "https://pro.culture.ru/uploads/46f42d70b3c1a5667a23e1829f99e3c0.jpg"], "category": {"name": "Спектакли", "sysName": "spektakli"}, "time": {"start": "2017-10-03 09:00:00", "end": "2021-11-14 10:00:00"}}]}