{"12515": [{"id": 1487733, "name": "Спектакль «Рождественская история»", "age": 16, "description": "<p> Все мы невольно ждем приближения Нового года! А вместе с ним – и чудес, которые обязательно сбудутся! </p><p>Однажды в рождественский сочельник на дорогу упала елка, и семеро путешественников застряли в заснеженном лесу. Казалось бы, при чем тут рождественское чудо? Но выясняется, что эти люди связаны друг с другом, и упавшее дерево способно запустить эффект домино в судьбе каждого из них...</p><p> </p><p> Пьеса эта была написана совсем недавно, еще нигде не поставлена, поэтому вы станете ее первыми зрителями! </p><p>Режиссер-постановщик спектакля –Константин Денискин, художник-постановщик – Алена Грек.</p> <p></p>", "shortDescription": "Сказка для взрослых в одном действии по пьесе Влады Ольховской.", "min_price": 500, "max_price": 500, "link": "http://rusdram.ru/spektakli/rozhdestvenskaya-istoriya.html", "status": "accepted", "updateDate": 1639125927068, "start": 1639227600000, "end": 1642865400000, "createDate": 1638102312032, "inAccepted": true, "acceptDate": 1639125927354, "image": {"author": "Булат Гайнетдинов", "name": "87ac570437027dac595078fd94ffcda1.jpeg", "realName": "GBR_8515.jpg", "source": "rusdram.ru"}, "photo": "https://pro.culture.ru/uploads/87ac570437027dac595078fd94ffcda1.jpeg", "gallery": ["https://pro.culture.ru/uploads/f4dfcb51be5578e5a5e90dc37ba517d7.jpeg", "https://pro.culture.ru/uploads/040ed4ba01b43ca361de2d782f0c685c.jpeg", "https://pro.culture.ru/uploads/964bd71029264a10b9a7dab148fc956e.jpeg", "https://pro.culture.ru/uploads/d9e5f5ef24387c876386b6331b2f56b1.jpeg", "https://pro.culture.ru/uploads/ff0b05b41fe6fd0aa7ece406575bc568.jpeg"], "category": {"name": "Спектакли", "sysName": "spektakli"}, "time": {"start": "2021-12-11 13:00:00", "end": "2022-01-22 15:30:00"}}, {"id": 1472960, "name": "Спектакль «Пока она умирала»", "age": 16, "description": "<p>Казалось бы, ушли годы, на руках умирающая мать. И уже нечего ждать в будущем. Но жизнь для Татьяны оборачивается рядом неожиданных и очень приятных сюрпризов. За свое терпение, порядочность, бесконечную доброту она вознаграждается сторицей.</p><p>Остроумный текст пьесы, удивительные повороты сюжета, чудесная лирическая музыка, проникновенные романсы делают спектакль светлым, добрым, пронзительным и трогательным...</p><p>Все это – новогодняя сказка, скажет зритель? Нет, это прекрасная быль. Ведь никогда не поздно начать жизнь заново, поверив в забытые чувства, в то, что душевные силы сильнее, нежели прагматизм обыденной жизни, что вчера совсем чужие люди могут стать самыми близкими и дорогими созданиями на земле.<br /></p>", "shortDescription": "Лирическая комедия в трех действиях.", "min_price": 200, "max_price": 700, "link": "http://www.rusdram.ru/spektakli/poka-ona-umirala.html", "status": "accepted", "updateDate": 1638784852844, "start": 1640181600000, "end": 1642867200000, "createDate": 1637574484995, "inAccepted": true, "acceptDate": 1637909622020, "image": {"author": "Булат Гайнетдинов", "name": "ccc21e5963e006aec5266ae78558eff8.jpeg", "realName": "3DSC_5318.JPG", "source": "rusdram.ru"}, "photo": "https://pro.culture.ru/uploads/ccc21e5963e006aec5266ae78558eff8.jpeg", "gallery": ["https://pro.culture.ru/uploads/9243cb9bc129ff2b6de314639c4f95c4.jpeg", "https://pro.culture.ru/uploads/7ede24d0b28479d2f625b5ba63d08639.jpeg", "https://pro.culture.ru/uploads/5649f68a1e3af567536836a5134436ad.jpeg"], "category": {"name": "Спектакли", "sysName": "spektakli"}, "time": {"start": "2021-12-22 14:00:00", "end": "2022-01-22 16:00:00"}}, {"id": 1450652, "name": "Спектакль «Конек-горбунок»", "age": 6, "description": "<p>Автор «Конька-горбунка» родился в Сибири в 1815 году. В детстве П. П. Ершов слушал сказки сибирских крестьян, многие запомнил на всю жизнь и сам хорошо их рассказывал. Он очень любил народные сказки, ведь в них остроумно высмеивалось и осуждалось зло и воспевались правда, справедливость, добро, а впервые прочитав замечательные произведения А. С. Пушкина, он так ими увлекся, что тут же задумал написать свою веселую сказку о смелом крестьянском сыне.</p> <p> Театр предлагает свою версию истории об Иванушке-дурачке, который по приказу грозного Царя отправился на поиски Царь-девицы. И вовек не найти ему красавицу, если бы не волшебный Конек-горбунок. </p>", "shortDescription": "Музыкальная сказка в двух действиях по произведению П. П. Ершова.", "min_price": 200, "max_price": 300, "link": "http://rusdram.ru/spektakli/konek-gorbunok.html", "needCheck": true, "status": "new", "updateDate": 1637142913646, "start": 1640241300000, "end": 1641459600000, "createDate": 1636719369249, "inAccepted": true, "acceptDate": 1637142283922, "image": {"author": "Булат Гайнетдинов", "name": "5a9054f22f0f6469a86f29ca0d9534bb.jpeg", "realName": "Конек-Горбунок2.jpg", "source": "rusdram.ru"}, "photo": "https://pro.culture.ru/uploads/5a9054f22f0f6469a86f29ca0d9534bb.jpeg", "gallery": ["https://pro.culture.ru/uploads/cdc172c52714ddc1b7a2b135a086b7dc.jpeg", "https://pro.culture.ru/uploads/8c8e208c1b2b2d7a0906ca610ab1f557.jpeg", "https://pro.culture.ru/uploads/04d939ce4055f8f6261b0d8271ce48fa.jpeg", "https://pro.culture.ru/uploads/45c764dd6f82bb2bbec927538de60487.jpeg", "https://pro.culture.ru/uploads/9a14219ffe67ed8a03433a4efadb123e.jpeg"], "category": {"name": "Спектакли", "sysName": "spektakli"}, "time": {"start": "2021-12-23 06:35:00", "end": "2022-01-06 09:00:00"}}, {"id": 1450579, "name": "Спектакль «Снежная королева»", "age": 6, "description": "<p>Творение Кима Брейтбурга «Снежная королева» по одноименной истории Андерсена станет одним из самых запоминающихся новогодних подарков не только для юных зрителей, но и для их родителей.</p> <p>Такая знакомая и любимая история маленькой Герды, которая отважно и самозабвенно отправляется на поиски Кая и которую не страшит могущество Снежной королевы, зазвучит на сцене театра чистыми, пронзительными голосами. </p><p>Появятся в этой истории заботливая бабушка, умный кот Ганс – верный спутник девочки, страшные разбойники. Увлекая зрителей в царство сказки, где много музыки, света, приключений, постановка непременно заставит задуматься над тем, что же может растопить лед, победить черствость людских сердец.</p>", "shortDescription": "Мюзикл в двух действиях по мотивам сказки Ганса Христиана Андерсена.", "min_price": 200, "max_price": 300, "link": "http://rusdram.ru/spektakli/snezhnaya-koroleva.html", "needCheck": true, "status": "new", "updateDate": 1637654001838, "start": 1639895700000, "end": 1641719100000, "createDate": 1636718683683, "inAccepted": true, "acceptDate": 1637574492427, "image": {"author": "Булат Гайнетдинов", "name": "84b1328ff046aed0e40c83ea04088caa.jpeg", "realName": "GBR_8888+.jpg", "source": "rusdram.ru"}, "photo": "https://pro.culture.ru/uploads/84b1328ff046aed0e40c83ea04088caa.jpeg", "gallery": ["https://pro.culture.ru/uploads/391bb53796ca25c00dcbac06b15e5b6f.jpeg", "https://pro.culture.ru/uploads/8773d44841aa029d68de7160e6400b92.jpeg", "https://pro.culture.ru/uploads/ef4efad60f7f4566e28604a13e3924c7.jpeg", "https://pro.culture.ru/uploads/06a9d6423986e97779cc4b6bff691fb6.jpeg", "https://pro.culture.ru/uploads/37a6603e02c156848f7f3aef63c54258.jpeg", "https://pro.culture.ru/uploads/825e8a5613406e412c5e00d6b874f533.jpeg", "https://pro.culture.ru/uploads/b176e58e38d2271777d0300e5cadcaf1.jpeg", "https://pro.culture.ru/uploads/892d1bd39e8e8adc35a700292990ff1f.jpeg", "https://pro.culture.ru/uploads/02447c75f0ba62aace7fe4d708754cc6.jpeg"], "category": {"name": "Спектакли", "sysName": "spektakli"}, "time": {"start": "2021-12-19 06:35:00", "end": "2022-01-09 09:05:00"}}, {"id": 1450293, "name": "Спектакль «Анна Франк»", "age": 12, "description": "<p>Свою первую дневниковую запись еврейская девочка Анна Франк сделала в свой тринадцатый день рождения – 12 июня 1942 года. Она вела дневник на протяжении двух лет. И там было все: переживания, радости, обиды, первая влюбленность.</p> <p>А еще – постоянный страх. Два долгих года семья Франков скрывалась от нацистских оккупантов, лютовавших в Нидерландах, на чердаке офисного здания. А с ними – семья Ван Даанов и старик Дюссель. «Когда я вспоминаю свою жизнь до 1942 года, мне все кажется ненастоящим. Ту жизнь вела совсем другая Анна, не та, которая здесь так поумнела...».</p> <p>Два года тишины, темноты и надежды. Здесь, в этом замкнутом пространстве, когда спрятаться друг от друга нет никакой возможности, чувства обостряются, а многие поступки вызывают сомнения. Но тринадцатилетняя девочка, которая так страстно хочет жить, способна примирить всех со всеми трудностями.</p>", "shortDescription": "Фрагменты прерванного дневника в двух действиях.", "min_price": 250, "max_price": 250, "link": "http://rusdram.ru/spektakli/anna-frank.html", "needCheck": true, "status": "accepted", "updateDate": 1638786229000, "start": 1639144800000, "end": 1643299200000, "createDate": 1636715737730, "inAccepted": true, "acceptDate": 1637229015006, "image": {"author": "Булат Гайнетдинов", "name": "a6846b98a0b73bfdbc9d3c4d83a7ecad.jpeg", "realName": "GBR_2709_cr.jpg", "source": "rusdram.ru"}, "photo": "https://pro.culture.ru/uploads/a6846b98a0b73bfdbc9d3c4d83a7ecad.jpeg", "gallery": ["https://pro.culture.ru/uploads/04fabc042586728e6d46a7ecd4d0e856.jpeg", "https://pro.culture.ru/uploads/763557d2cda5dec0e44c5903f53cded5.jpeg", "https://pro.culture.ru/uploads/d7cd8d95977e2f4e0bab20957dd62e5d.jpeg", "https://pro.culture.ru/uploads/31ca3600a96890dff66f42103994d3bf.jpeg", "https://pro.culture.ru/uploads/18fc3be0989df3193ce823e7ae615d47.jpeg", "https://pro.culture.ru/uploads/504ac22a3649ecfe8571f4669cac118c.jpeg", "https://pro.culture.ru/uploads/9e83cb816fbb830cc0b8b96267749838.jpeg"], "category": {"name": "Спектакли", "sysName": "spektakli"}, "time": {"start": "2021-12-10 14:00:00", "end": "2022-01-27 16:00:00"}}, {"id": 1360371, "name": "Спектакль «Любовь людей»", "age": 18, "description": "<p>Молодой талантливый белорусский драматург Дмитрий Богославский создал бескомпромиссный рассказ об отношениях мужчин и женщин. Вечная тема звучит современно и жестко, отражая и светлые стороны нашей жизни и ее неприглядные реалии.</p> <p>Этот спектакль – «картины из жизни людей в преддверии зимы и ожидании лета». Все мы живем в ожидании чуда, счастья, любви. Только что мы делаем, чтобы заслужить, добиться всего этого и удержать, уберечь?..</p> <p>Можно ли вязь взаимоотношений, где в единый клубок сплетаются страсть, романтика, ненависть, боль, благодарность, назвать любовью? Имеем ли мы право судить героев, решившихся на смертный грех? И почему только когда уже ничего нельзя исправить, мы задумываемся над тем, как все могло бы быть?..</p> <p>Какая же она, в конце концов, на самом деле – любовь людей?.. Да вот такая – всегда разная…</p>", "shortDescription": "Современная история в двух действиях.", "min_price": 200, "max_price": 400, "link": "http://rusdram.ru/spektakli/lyubov-lyudej.html", "needCheck": true, "status": "new", "updateDate": 1637667949475, "start": 1637935200000, "end": 1639587600000, "createDate": 1632983161321, "inAccepted": true, "acceptDate": 1633410748574, "image": {"author": "Булат Гайнетдинов", "name": "4ffac876a3efa73a6eb93cc0f826a9f9.jpeg", "realName": "GBR_8781.JPG", "source": "rusdram.ru"}, "photo": "https://pro.culture.ru/uploads/4ffac876a3efa73a6eb93cc0f826a9f9.jpeg", "gallery": ["https://pro.culture.ru/uploads/3971655d94ac7a5b81e11a330366c13b.jpeg", "https://pro.culture.ru/uploads/da43710cda7165d17311c364f90f21b0.jpeg", "https://pro.culture.ru/uploads/5fa33f022a920294bf3cd4fed5d1bf50.jpeg", "https://pro.culture.ru/uploads/30335cbb543c6162231da8ee7294eaef.jpeg", "https://pro.culture.ru/uploads/c7eab51af739b47992143048196b1811.jpeg", "https://pro.culture.ru/uploads/68f7cc87b4cbdad97217e7bbdb992b86.jpeg", "https://pro.culture.ru/uploads/1e0bae51cd4568bbe0326cab674171ad.jpeg"], "category": {"name": "Спектакли", "sysName": "spektakli"}, "time": {"start": "2021-11-26 14:00:00", "end": "2021-12-15 17:00:00"}}, {"id": 1360338, "name": "Спектакль «Метель»", "age": 12, "description": "<p> В 1811 году семнадцатилетняя Марья Гавриловна, дочь помещика, влюбляется в бедного армейского прапорщика Владимира Николаевича. Они тайно встречаются и ведут переписку, несмотря на недовольство родителей Марьи Гавриловны. Вскоре Владимир предлагает девушке бежать вместе с ним и обвенчаться в церкви соседнего села. Приехавшая в церковь Марья Гавриловна не застает там своего жениха – Владимир попал в сильную метель и сбился с дороги. И только несколько лет спустя, в 1816 году, когда Русская армия возвращается после войны в Европе, становится известно, что же произошло в ту злополучную ночь… </p>", "shortDescription": "Постановка, где сливаются пушкинский текст, драматическое искусство, пластика и музыка Г. Свиридова.", "min_price": 200, "max_price": 400, "link": "http://rusdram.ru/spektakli/metel.html", "status": "accepted", "updateDate": 1638785999259, "start": 1637589600000, "end": 1641391200000, "createDate": 1632982588790, "inAccepted": true, "acceptDate": 1637652869754, "image": {"author": "Булат Гайнетдинов", "name": "6a4d0133b4c4243311b89cbf3fbd0957.jpeg", "realName": "GBR_4401.JPG", "source": "rusdram.ru"}, "photo": "https://pro.culture.ru/uploads/6a4d0133b4c4243311b89cbf3fbd0957.jpeg", "gallery": ["https://pro.culture.ru/uploads/a425e57fdedfd07f2e05748e399c9e02.jpeg", "https://pro.culture.ru/uploads/be106fde88ff6b84a355310575ff9ade.jpeg", "https://pro.culture.ru/uploads/8d17ce2b2a98494d4fc29b1cc87568a9.jpeg", "https://pro.culture.ru/uploads/fa6a046c9622987f8ffbf14804604ef3.jpeg"], "category": {"name": "Спектакли", "sysName": "spektakli"}, "time": {"start": "2021-11-22 14:00:00", "end": "2022-01-05 14:00:00"}}, {"id": 1353228, "name": "Спектакль «Старший сын»", "age": 12, "description": "<p>Оказавшись в далеком пригороде и опоздав на последнюю электричку, двое друзей в поисках ночлега заходят в дом Сарафановых. </p> <p>Чего не придумаешь, продрогнув до костей, ради теплого угла и куска хлеба? </p> <p>Случайная нелепая выдумка оборачивается для всех героев этой истории чредой открытий в самих себе и своих близких...</p><p>Режиссер спектакля – Иван Миневцев, сценограф – Александра Новоселова. </p><p>Главную роль – Андрея Геннадьевича Сарафанова – играет народный артист Республики Башкортостан Олег Шумилов.</p><p>Присоединяйтесь!</p>", "shortDescription": "Драма в двух действиях.", "min_price": 200, "max_price": 700, "link": "http://rusdram.ru/spektakli/starshij-syin.html", "needCheck": true, "status": "accepted", "updateDate": 1638786068000, "start": 1634306400000, "end": 1643472000000, "createDate": 1632729813492, "inAccepted": true, "acceptDate": 1637652795213, "image": {"author": "Булат Гайнетдинов", "name": "d03cf6b71fdb4b1b9632d1f6e19a5162.jpeg", "realName": "7.jpeg", "source": "rusdram.ru"}, "photo": "https://pro.culture.ru/uploads/d03cf6b71fdb4b1b9632d1f6e19a5162.jpeg", "gallery": ["https://pro.culture.ru/uploads/cdcd0bd5a450f9f5048e0d665ddc0a01.jpeg", "https://pro.culture.ru/uploads/f474df893bddffb7d86197e4c6450c50.jpeg", "https://pro.culture.ru/uploads/cfa5d7937ec63d1c09770751aa78ed03.jpeg", "https://pro.culture.ru/uploads/a60036831c19f661d898730487ced49a.jpeg", "https://pro.culture.ru/uploads/e96439503cb5288dcdcda01489018a7e.jpeg", "https://pro.culture.ru/uploads/903be2297231f1020ca5b4e7c1c458c0.jpeg"], "category": {"name": "Спектакли", "sysName": "spektakli"}, "time": {"start": "2021-10-15 14:00:00", "end": "2022-01-29 16:00:00"}}, {"id": 1294658, "name": "Спектакль «Клара Милич»", "age": 16, "description": "<p>Любовь в поздних малоизвестных произведениях Тургенева была чувством необъяснимым, почти мистическим.</p><p>Таинственная нить связала молодого Якова Аратова с актрисой Кларой Милич. «Она была вся – огонь, вся – страсть и вся – противоречие». Герой словно пробуждается к жизни, полной звуков и ранее не испытанных чувств. Мир открывается ему совершенно в новом свете. Но была ли эта любовь на самом деле или всего лишь померещилась ему? Ведь история Якова Аратова начинается в тот момент, когда завершается история той, которая была известна под именем Клары Милич…</p>", "shortDescription": "Таинственная история в одном действии по одноименной повести И. С. Тургенева.", "min_price": 250, "max_price": 250, "link": "http://rusdram.ru/spektakli/klara-milich.html", "needCheck": true, "status": "accepted", "updateDate": 1638786887039, "start": 1633870800000, "end": 1643558400000, "createDate": 1629979639767, "inAccepted": true, "acceptDate": 1636627934290, "image": {"author": "Булат Гайнетдинов ", "name": "64281472d1c2cd7f4a76c5d3a3c4b5c4.jpeg", "realName": "GBR_9712.JPG", "source": "rusdram.ru"}, "photo": "https://pro.culture.ru/uploads/64281472d1c2cd7f4a76c5d3a3c4b5c4.jpeg", "gallery": ["https://pro.culture.ru/uploads/b8003732fc8e207338089f78b373f140.jpeg", "https://pro.culture.ru/uploads/0ebc607a3bc33277e332728a56f5d103.jpeg", "https://pro.culture.ru/uploads/9dd377deed8681b239b0432a1af4bb68.jpeg", "https://pro.culture.ru/uploads/965cfdcf3a2f41f5afb75a1a1657c61e.jpeg", "https://pro.culture.ru/uploads/23cc91ae43e0966e59b0e1ec9914524b.jpeg", "https://pro.culture.ru/uploads/6cf7769d7fd75d2dbe1291cf239025b0.jpeg"], "category": {"name": "Спектакли", "sysName": "spektakli"}, "time": {"start": "2021-10-10 13:00:00", "end": "2022-01-30 16:00:00"}}, {"id": 1294545, "name": "Спектакль «Маскарад»", "age": 12, "description": "<p>История постановок драмы Лермонтова «Маскарад» насчитывает более полутора веков – жизнь за это время кардинально переменилась, однако пьеса ни в коей мере не сдала своих репертуарных позиций и остается одним из самых востребованных произведений русской драматургии не только в России, но и во всем мире.</p><p>Казалось бы, традиция устраивать пышные маскарады и карнавальные шествия давно ушла в прошлое – но вряд ли со времен Лермонтова изменилось общество, своим лицедейством способное раскрошить человека, разрушить его мечты, надежды, веру.</p><p>Впрочем, если бы только общество… Любовь и вера главного героя пьесы Евгения Арбенина будут уничтожены значительно более серьезным лицедеем, чьи действия порой ужасающе незаметны: оброненного в пылу маскарада браслета вполне достаточно для того, чтобы началась трагедия, которая уже не разбирает, кто прав, кто виноват.</p>", "shortDescription": "Драма в двух действиях по знаменитой пьесе Михаила Юрьевича Лермонтова.", "min_price": 200, "max_price": 500, "link": "http://rusdram.ru/spektakli/maskarad.html", "status": "accepted", "updateDate": 1638786504910, "start": 1635598800000, "end": 1643558400000, "createDate": 1629978376351, "inAccepted": true, "acceptDate": 1636630089084, "image": {"author": "Булат Гайнетдинов", "name": "9216950c316fbdebfbb8973cab98ca7b.jpeg", "realName": "_GBR3425.JPG", "source": "rusdram.ru"}, "photo": "https://pro.culture.ru/uploads/9216950c316fbdebfbb8973cab98ca7b.jpeg", "gallery": ["https://pro.culture.ru/uploads/1ba780b87936c397f2298c74089e46a8.jpeg", "https://pro.culture.ru/uploads/2d46dd906284fc9f92642b6591e214a6.jpeg", "https://pro.culture.ru/uploads/117ffd6e6e7f9493e1be507b0448bcfd.jpeg", "https://pro.culture.ru/uploads/b86d85f41117fe06dbcee570c664e169.jpeg", "https://pro.culture.ru/uploads/2814b06c2feb6680e5e24d8ea6fa8254.jpeg", "https://pro.culture.ru/uploads/d52f9712dcc5de7dc3dead848c3b945c.jpeg"], "category": {"name": "Спектакли", "sysName": "spektakli"}, "time": {"start": "2021-10-30 13:00:00", "end": "2022-01-30 16:00:00"}}, {"id": 1294454, "name": "Спектакль «Преступление и наказание»", "age": 12, "description": "<p>«Преступление и наказание» – пожалуй, самый известный роман Ф. Достоевского. Многократно экранизированный и поставленный на сцене он и по сей день не перестает волновать читателей и зрителей, заставляя их задумываться над вечными вопросами бытия. К слову, первый спектакль «Преступление и наказание» состоялся в парижском театре «Одеон». В России из-за запрета цензуры роман был инсценирован значительно позже.</p><p> Здесь глубочайшие размышления о вере и нравственности переплетаются с головокружительным детективным сюжетом, а от философии до убийства, от комнаты Родиона Раскольникова до дома старухи-процентщицы всего 730 шагов. Куда приведут главного героя его книжные мечты? Какую цену придется заплатить за каждый из этих шагов – шагов к себе или от себя, к Богу или безверию, к любви или ненависти?</p>", "shortDescription": "Сценическая версия романа Федора Михайловича Достоевского.", "min_price": 200, "max_price": 700, "link": "http://rusdram.ru/spektakli/prestuplenie-i-nakazanie.html", "status": "accepted", "updateDate": 1638785092852, "start": 1635516000000, "end": 1643216400000, "createDate": 1629977226556, "inAccepted": true, "acceptDate": 1637830998488, "image": {"author": "Булат Гайнетдинов", "name": "cc772112cad7015764e675d09178eb74.jpeg", "realName": "58b9e3cb3cce2021842bee3904bc59b7.jpeg", "source": "rusdram.ru"}, "photo": "https://pro.culture.ru/uploads/cc772112cad7015764e675d09178eb74.jpeg", "gallery": ["https://pro.culture.ru/uploads/d54b2b57505b9f0831d48b58f7d65302.jpeg", "https://pro.culture.ru/uploads/3a9301f3fb2b7e60f9187e56869c243e.jpeg", "https://pro.culture.ru/uploads/6f8ed28d825abd1b345ba9a43c61fb95.jpeg", "https://pro.culture.ru/uploads/107842a8c3147e498b529154ed41ec93.jpeg", "https://pro.culture.ru/uploads/8f0c4e9b335e3d816a7146835f5e4452.jpeg", "https://pro.culture.ru/uploads/1f545056cd53e6ff925cb07afb3405ba.jpeg"], "category": {"name": "Спектакли", "sysName": "spektakli"}, "time": {"start": "2021-10-29 14:00:00", "end": "2022-01-26 17:00:00"}}, {"id": 1294400, "name": "Спектакль «Фабричная девчонка»", "age": 12, "description": "<p>…Небольшая комнатка в рабочем общежитии. Молодые, непохожие друг на друга девчонки, каждая по-своему, ищет в жизни счастья. Для кого-то оно в удачном замужестве, для кого-то в переезде заграницу. Непокорная Женька Шульженко, вопреки всему идущая против течения, отстаивает свою правду и право быть собой.</p><p>С тех пор, как удивительный драматург Александр Володин написал «Фабричную девчонку» прошло шестьдесят лет. С грустью приходится признать, что мир, в котором мы живем сейчас, стал ожесточеннее. А ведь все мы так хотим доброты и тепла, «человечности» человеческих отношений. И именно об этом, ради этого и поставлена эта пьеса. К тому же, первая любовь, поиски смысла жизни, желание быть счастливым многое значат для каждого человека. </p><p>Быть может, для кого-то эта постановка станет поводом для ностальгических воспоминаний, кто-то через судьбы героев узнает немного о прошлом нашей страны. А старые добрые песни, наполняющие спектакль, станут тем камертоном, благодаря которому история володинских фабричных девчонок звучит чисто, проникновенно и искренне.</p>", "shortDescription": "Лирическая история по пьесе Александра Вампилова.", "min_price": 200, "max_price": 500, "link": "http://rusdram.ru/spektakli/fabrichnaya-devchonka.html", "needCheck": true, "status": "accepted", "updateDate": 1638785388482, "start": 1634824800000, "end": 1642784400000, "createDate": 1629976360929, "inAccepted": true, "acceptDate": 1637668665859, "image": {"author": "Булат Гайнетдинов", "name": "f09b335cee9a3ab5af101ec7e76d166f.jpeg", "realName": "GBR_1145_cr.jpg", "source": "rusdram.ru"}, "photo": "https://pro.culture.ru/uploads/f09b335cee9a3ab5af101ec7e76d166f.jpeg", "gallery": ["https://pro.culture.ru/uploads/fc802bfbfc77b2230c100bc0f8c84896.jpeg", "https://pro.culture.ru/uploads/60329636dd2877b7a49c5f7aac885f38.jpeg", "https://pro.culture.ru/uploads/c7ab0e338ec13a2b4b09bda240b4faa6.jpeg", "https://pro.culture.ru/uploads/c5d2e328d992478d9d8a0ca3b8b565d7.jpeg", "https://pro.culture.ru/uploads/f93b396a8330239261c56576e5879587.jpeg", "https://pro.culture.ru/uploads/0de3cd9ad758798c7edb202e433496f2.jpeg"], "category": {"name": "Спектакли", "sysName": "spektakli"}, "time": {"start": "2021-10-21 14:00:00", "end": "2022-01-21 17:00:00"}}, {"id": 1294104, "name": "Спектакль «Луна и листопад»", "age": 12, "description": "<p> «Помилование» – одно из самых выдающихся лирико-драматических произведений Мустая Карима, исполненное высокого и пронзительного поэтического содержания. Только из-под пера большого поэта мог выйти рассказ о потрясающей душу любви в обрамлении войны. Эта повесть, рассказанная от имени автора лейтенантом Янтимером Байназаровым, о... войне? Да… А может, это повесть о любви? Да, да, да… И только о любви! Ведь это чудо не выбирает, когда ему свершиться, когда состояться… Как лунный листопад, обрушилась любовь на Любомира Зуха, который в тот же час услышал голос, неведомо куда его зовущий. Образ красавицы, волшебницы Марии Терезы стал преследовать его. Околдовал, заворожил. Пришла любовь! Только сможет ли она потягаться с войной, со смертью? Сможет, еще как, если Любомир, отвергнув все страхи и сомнения, бросится в объятия Марии Терезы, не зная, что война ни своему, ни врагу никогда и ничего не простит!. </p>", "shortDescription": "Лирическая драма в двух действиях по повести Мустая Карима «Помилование».", "min_price": 200, "max_price": 700, "link": "http://rusdram.ru/spektakli/luna-i-listopad.html", "needCheck": true, "status": "accepted", "updateDate": 1638786638824, "start": 1634738400000, "end": 1640451600000, "createDate": 1629971087839, "inAccepted": true, "acceptDate": 1636629851361, "image": {"author": "Булат Гайнетдинов", "name": "1b5c779c5b7680803e757cd31c4fd888.jpeg", "realName": "GBR_2019+_cr.jpg", "source": "rusdram.ru"}, "photo": "https://pro.culture.ru/uploads/1b5c779c5b7680803e757cd31c4fd888.jpeg", "gallery": ["https://pro.culture.ru/uploads/acdbbb5a902e67133e9be14437304e9e.jpeg", "https://pro.culture.ru/uploads/935ddbaa7af7c93c0a0473df12674117.jpeg", "https://pro.culture.ru/uploads/0d842ff6b140f122c449be2ce9541707.jpeg", "https://pro.culture.ru/uploads/0fa5af01ad2224b1da945149796dd67a.jpeg", "https://pro.culture.ru/uploads/980865e650a7eb5e9a13434847a78d86.jpeg", "https://pro.culture.ru/uploads/72d362b6b3b28df88c16547924f73760.jpeg", "https://pro.culture.ru/uploads/481d195240519d53162e0df9f0a21937.jpeg", "https://pro.culture.ru/uploads/d8cc0ce623781f0ccb1ee6c16c971287.jpeg"], "category": {"name": "Спектакли", "sysName": "spektakli"}, "time": {"start": "2021-10-20 14:00:00", "end": "2021-12-25 17:00:00"}}, {"id": 1268598, "name": "Спектакль «Барышня-крестьянка»", "age": 12, "description": "<p>Сюжет последней из «Повестей Белкина» – «Барышни-крестьянки» – по-водевильному изящен и, кажется, вовсе не претендует на неправдоподобность. Впрочем, судить вам, дорогие зрители!.. </p><p>В одной из отдаленных губерний в своих имениях живут Иван Петрович Берестов, преданно следующий традициям русской старины, и Григорий Иванович Муромский, устроивший из своего поместья европейскую усадьбу. На том и зиждется их противостояние. Получив университетское образование, окруженный ореолом таинственности, в деревню к отцу приезжает Алексей Берестов. Он мгновенно становится объектом внимания всех уездных барышень. Любопытство охватывает и Лизавету Григорьевну Муромскую, но, увы, о знакомстве не может быть и речи, покуда отцы их находятся в состоянии непримиримой ссоры... И тогда обаятельная озорница, зная о том, что Алексей любит по утрам объезжать лес, переодевается в крестьянское платье и отправляется ему навстречу....</p><p>Искрящийся юмором, наполненный легкой шутливой интонацией, с чередой переодеваний и узнаваний, забавных интриг и романтических страстей, этот пушкинский шедевр просто просится на театральные подмостки.</p>", "shortDescription": "Известный хореограф Валерий Архипов воплотил пушкинский сюжет в ярком пластическом ключе.", "min_price": 200, "max_price": 500, "link": "http://rusdram.ru/spektakli/baryashnya-krestyanka.html", "needCheck": true, "status": "new", "updateDate": 1637652938508, "start": 1631887200000, "end": 1641398400000, "createDate": 1628754596187, "inAccepted": true, "acceptDate": 1637651687880, "image": {"author": "Булат Гайнетдинов", "name": "0f8b9ecadeb37aff39f1668c6b43df20.jpeg", "realName": "GBR_8589.jpg", "source": "rusdram.ru"}, "photo": "https://pro.culture.ru/uploads/0f8b9ecadeb37aff39f1668c6b43df20.jpeg", "gallery": ["https://pro.culture.ru/uploads/d74c2c8adfeefca51ca1ef53abcf1cd5.jpeg", "https://pro.culture.ru/uploads/77e11e30da9a828b16ac09505d1bf662.jpeg", "https://pro.culture.ru/uploads/306d2f46a07285a64967c251a431cd7a.jpeg"], "category": {"name": "Спектакли", "sysName": "spektakli"}, "time": {"start": "2021-09-17 14:00:00", "end": "2022-01-05 16:00:00"}}, {"id": 1268584, "name": "Спектакль «Дюймовочка и принц»", "age": 12, "description": "<p>Знаменитая история великого датского сказочника Ганса Христиана Андерсена, наполненная глубоким философским смыслом, обретает сегодня новое современное звучание. Дюймовочка – не беззащитная девочка из цветка. Это героиня, мужественно готовая идти навстречу своему счастью! Здесь появится смелый и обаятельный Принц Кристиан, нежная и сильная Ласточка Лилу, стильная и коварная озерная принцесса Ирис, обворожительный майский жук Алонзо, саркастичный, но добрый Рак-отшельник Кус-кус, гламурный мохнатый шмель Валентино, эксцентричная госпожа Пупа, мажорный жабеныш Мадди. Так что на мюзикл «Дюймовочка и Принц» смело можно идти всей семьей! Масштабное феерическое шоу с яркими, завораживающими костюмами, волшебной сценографией и блистательной хореографией увлечет взрослых и подарит радость детям!</p>", "shortDescription": "Семейный мюзикл по мотивам сказки Г. Х. Андерсена.", "min_price": 200, "max_price": 400, "link": "http://rusdram.ru/spektakli/dyujmovochka-i-princz.html", "needCheck": true, "status": "new", "updateDate": 1637653399163, "start": 1632924000000, "end": 1641632400000, "createDate": 1628754468191, "inAccepted": true, "acceptDate": 1636629392280, "image": {"author": "Булат Гайнетдинов", "name": "04ff3bafca3292cd54de59250472c6a2.jpeg", "realName": "3GBR_5929.jpg", "source": "rusdram.ru"}, "photo": "https://pro.culture.ru/uploads/04ff3bafca3292cd54de59250472c6a2.jpeg", "gallery": ["https://pro.culture.ru/uploads/eff8132eabe7b4365bc61b41dd878d6b.jpeg", "https://pro.culture.ru/uploads/65273e7dfc45d8ff1edcd6fb99c79d3f.jpeg", "https://pro.culture.ru/uploads/437b32e720a9eeda85cf02bc4e3ed708.jpeg", "https://pro.culture.ru/uploads/d938d6649f85d4e7026a32034624bbdc.jpeg", "https://pro.culture.ru/uploads/f02bf18079061ca24ce0257a319d01db.jpeg", "https://pro.culture.ru/uploads/46c2d0fc88a9bb82c462d9f8c1db4dc4.jpeg"], "category": {"name": "Спектакли", "sysName": "spektakli"}, "time": {"start": "2021-09-29 14:00:00", "end": "2022-01-08 09:00:00"}}, {"id": 1255710, "name": "Спектакль «Охота на акул»", "age": 16, "description": "<p> Двое – Он и Она, такие близкие и такие уже ставшие далекими, – решают совершить свое последнее перед расставанием турне. И выбирают для этого совсем небанальный путь – отправляются охотиться на акул. Но, несмотря на несколько пугающие «предлагаемые обстоятельства», это спектакль о любви, о сложностях взаимоотношений мужчины и женщины, о том, как трудно быть вместе и тяжело расстаться, о той тихой катастрофе, что всегда поджидает любящих людей, если он не готовы принять друг друга такими, какие они есть… </p>", "shortDescription": "История одной любви в двух действиях", "min_price": 250, "max_price": 250, "link": "http://rusdram.ru/spektakli/oxota-na-akul.html", "status": "accepted", "updateDate": 1638785296060, "start": 1631109600000, "end": 1643212800000, "createDate": 1628154417412, "inAccepted": true, "acceptDate": 1637669219813, "image": {"author": "Булат Гайнетдинов", "name": "bbf0f2a7feb8f52889c14f22d4e0d0a7.jpeg", "realName": "_DSC7201.JPG", "source": "rusdram.ru"}, "photo": "https://pro.culture.ru/uploads/bbf0f2a7feb8f52889c14f22d4e0d0a7.jpeg", "gallery": ["https://pro.culture.ru/uploads/e5f0a434a06787b5e775abb0949abdda.jpeg", "https://pro.culture.ru/uploads/f05a7503b6b68bf424940c496fcb177c.jpeg", "https://pro.culture.ru/uploads/bdee84d6a62c7c636f587c26889b9c1b.jpeg", "https://pro.culture.ru/uploads/57c44c1066e27e5432958529fa8d3566.jpeg"], "category": {"name": "Спектакли", "sysName": "spektakli"}, "time": {"start": "2021-09-08 14:00:00", "end": "2022-01-26 16:00:00"}}, {"id": 1255678, "name": "Спектакль «Доказательство»", "age": 16, "description": "<p>В 2001 году за пьесу «Доказательство» американский драматург Дэвид Оберн был удостоен Пулитцеровской премии, премии «Тони» и Премии сообщества театральных критиков Нью-Йорка.</p><p>Может ли дочь повторить успех своего отца – великого математика?..</p><p>Что передается по наследству: гениальность или безумие?..</p><p>Важен ли возраст для совершения революционного открытия в науке?..</p><p>Вопросам нет конца!..</p><p>...Чикаго. В доме известного профессора математики Роберта его дочь Кэтрин пытается найти ответы на бесконечные, мучительные вопросы. И есть только один способ это сделать…</p>", "shortDescription": "Осенний блюз в двух действиях.", "min_price": 500, "max_price": 500, "link": "http://rusdram.ru/spektakli/dokazatelstvo.html", "needCheck": true, "status": "accepted", "updateDate": 1638785489934, "start": 1632319200000, "end": 1643472000000, "createDate": 1628153905356, "inAccepted": true, "acceptDate": 1637668548272, "image": {"author": "Булат Гайнетдинов", "name": "acebbfe06b7b8c7117182dabc95359a8.jpeg", "realName": "3GBR_3260.jpg", "source": "rusdram.ru"}, "photo": "https://pro.culture.ru/uploads/acebbfe06b7b8c7117182dabc95359a8.jpeg", "gallery": ["https://pro.culture.ru/uploads/cb2538dde47bc7115ddc2a282ea7a382.jpeg", "https://pro.culture.ru/uploads/4ece65c68b13fea98f24dedce8469d00.jpeg", "https://pro.culture.ru/uploads/ef7f5165aec1a9408dcccf67baadca72.jpeg", "https://pro.culture.ru/uploads/1981f50c3023ffeaa6034245030555ec.jpeg", "https://pro.culture.ru/uploads/909a1941912c12013c7a385b52ec6aa4.jpeg", "https://pro.culture.ru/uploads/db45c70bc3386097f4006578128c7baf.jpeg", "https://pro.culture.ru/uploads/fe529a4db073a8d188284594635a35de.jpeg", "https://pro.culture.ru/uploads/a309952ed30f54bee63ddcd6097e7693.jpeg"], "category": {"name": "Спектакли", "sysName": "spektakli"}, "time": {"start": "2021-09-22 14:00:00", "end": "2022-01-29 16:00:00"}}, {"id": 1255637, "name": "Спектакль «Старый дом»", "age": 16, "description": "<p> Середина 60-х. Весна. Старый дом, спрятавшийся в тени московских дворов... На крохотной кухоньке по утрам время от времени встречаются соседи. У каждого – своя жизнь, свой характер, свои принципы. А на чердаке этого дома, скрываясь от придирчивых и любопытных взглядов, вечерами ждут друг друга совсем юные влюбленные друг в друга Олег и Саша. И впереди у них, кажется, должна быть, светлая, полная планов и надежд жизнь!.. </p><p>Популярная пьеса драматурга Алексея Казанцева сегодня звучит особенно пронзительно. </p>", "shortDescription": "«Непрошедшее время» – так режиссер определил жанр спектакля по пьесе Алексея Казанцева.", "min_price": 200, "max_price": 700, "link": "http://rusdram.ru/spektakli/staryij-dom.html", "status": "accepted", "updateDate": 1639136486751, "start": 1632232800000, "end": 1642525200000, "createDate": 1628153314016, "inAccepted": true, "acceptDate": 1639136486810, "image": {"author": "Булат Гайнетдинов", "name": "f46039ef3cd87fa19b7386c6a994ec28.jpeg", "realName": "3GBR_0247.jpg", "source": "rusdram.ru"}, "photo": "https://pro.culture.ru/uploads/f46039ef3cd87fa19b7386c6a994ec28.jpeg", "gallery": ["https://pro.culture.ru/uploads/193b6c93fc6e9322033b157622eaab9c.jpeg", "https://pro.culture.ru/uploads/c8837ad6e7303dc4f26ca49bca6b48b6.jpeg", "https://pro.culture.ru/uploads/222d38b37962c92069b5553437505d2e.jpeg", "https://pro.culture.ru/uploads/01f1d423d398490708f2f3d72e2a9b7c.jpeg", "https://pro.culture.ru/uploads/fcda9bea3480ac4f140f5b7e5e79a4b3.jpeg", "https://pro.culture.ru/uploads/4fd5f34f20d85dde03820d7454ea03ec.jpeg", "https://pro.culture.ru/uploads/61bb5abb3727194291093af56497e283.jpeg"], "category": {"name": "Спектакли", "sysName": "spektakli"}, "time": {"start": "2021-09-21 14:00:00", "end": "2022-01-18 17:00:00"}}, {"id": 1255556, "name": "Спектакль «Палата бизнес-класса»", "age": 18, "description": "<p>Лихо закрученная комедия положений не даст расслабиться ни на минуту ни зрителям, ни актерам. События в ней развиваются с головокружительной быстротой, а нелепость и узнаваемость ситуаций заставит не только смеяться, но и, быть может, задуматься.</p><p>Некий чиновник Виктор Сергеевич Разницкий внезапно попадает в больницу. И все бы ничего, но крупная денежная сумма, «заработанная» им в результате виртуозной аферы, может вот-вот ускользнуть. На помощь вызван личный бухгалтер Феликс, которому удалось бы мгновенно разрешить ситуацию, но… Вместо решения деловых вопросов Разницкий вынужден прятать любовницу от жены, мужа любовницы от самой любовницы и врать всем для того, чтобы не упустить деньги. Масла в огонь подливают прекрасная медсестра Илона и сосед по палате – между прочим, заслуженный артист Евгений Изумрудов…</p>", "shortDescription": "Лихо закрученная комедия положений по пьесе Александра Коровкина.", "min_price": 200, "max_price": 700, "link": "http://rusdram.ru/spektakli/palata-biznes-klassa.html", "needCheck": true, "status": "accepted", "updateDate": 1638786748371, "start": 1631800800000, "end": 1642352400000, "createDate": 1628152325167, "inAccepted": true, "acceptDate": 1636629602902, "image": {"author": "Булат Гайнетдинов", "name": "e28537c3ca3998a06a256c26f0d61906.jpeg", "realName": "3GBR_5758+.jpg", "source": "rusdram.ru"}, "photo": "https://pro.culture.ru/uploads/e28537c3ca3998a06a256c26f0d61906.jpeg", "gallery": ["https://pro.culture.ru/uploads/e2f76e34330f85ef8511e63bb49800c7.jpeg", "https://pro.culture.ru/uploads/e74acd99cd9d214cc605b24186f53088.jpeg", "https://pro.culture.ru/uploads/b4c3c84f57c02e1f777198e7aff41992.jpeg", "https://pro.culture.ru/uploads/8f88fdf72389675ae22930ca511a038f.jpeg", "https://pro.culture.ru/uploads/002b25ea26a171ae16e67ca1c8498dcc.jpeg", "https://pro.culture.ru/uploads/97f1b516bd307d206d3734b02a259015.jpeg"], "category": {"name": "Спектакли", "sysName": "spektakli"}, "time": {"start": "2021-09-16 14:00:00", "end": "2022-01-16 17:00:00"}}, {"id": 1255516, "name": "Спектакль «Улыбайтесь, господа!»", "age": 16, "description": "<p>Как это обычно бывает – собирается компания приятелей, за большим столом ведутся необязательные разговоры, шум и хохот становятся все громче. Кто не бывал на таких посиделках?..</p><p>Вдруг один их гостей в углу берет в руки гитару, и под лирический струнный перебор друзья начинают «травить байки». И из простых, на первый взгляд, анекдотов рождаются нелепые, смешные, но очень трогательные истории.</p><p>Смех сменяется почти звенящей тишиной, в которой становится слышно биение чутких и неравнодушных человеческих сердец.</p><p>Но вот одна история заканчивается, и начинается другая – и снова смех, и почти слезы. И так до бесконечности. Как в жизни…</p><p>Улыбайтесь, господа! Ибо, как сказал один из героев Григория Горина – великий барон Мюнхгаузен, серьезное лицо – еще не признак ума, господа. Все глупости на Земле делаются именно с этим выражением. Улыбайтесь!</p>", "shortDescription": "Комедия в двух действиях по рассказам Григория Горина.", "min_price": 200, "max_price": 500, "link": "http://rusdram.ru/spektakli/ulyibajtes,-gospoda!.html", "needCheck": true, "status": "accepted", "updateDate": 1638788155931, "start": 1631628000000, "end": 1643385600000, "createDate": 1628151788730, "inAccepted": true, "acceptDate": 1635153091794, "image": {"author": "Булат Гайнетдинов", "name": "a9899e5620ab052077f7402dc939c744.jpeg", "realName": "GBR_1322.jpg", "source": "rusdram.ru"}, "photo": "https://pro.culture.ru/uploads/a9899e5620ab052077f7402dc939c744.jpeg", "gallery": ["https://pro.culture.ru/uploads/f69501cf947ff35d392660e234c524fc.jpeg", "https://pro.culture.ru/uploads/446fd961c89e4b1d6eae3149fb2f9155.jpeg", "https://pro.culture.ru/uploads/9ae830a5700f641f1948b73ccf1d1211.jpeg", "https://pro.culture.ru/uploads/bface6091fc3072034230647716c25fb.jpeg"], "category": {"name": "Спектакли", "sysName": "spektakli"}, "time": {"start": "2021-09-14 14:00:00", "end": "2022-01-28 16:00:00"}}, {"id": 1255316, "name": "Спектакль «Женитьба Фигаро»", "age": 16, "description": "<p> Великую комедию Пьера Огюстена Карона де Бомарше представляет уфимским зрителям режиссер Алессандра Джунтини. Окончившая Санкт-Петербургскую академию театрального искусства (курс знаменитого режиссера и педагога Вениамина Фильштинского в 2011 году), Алессандра – итальянка с грузинскими корнями – зарекомендовала себя как режиссер, ищущий необычные подходы к, казалось бы, знакомому материалу. …На пути к своему счастью главный герой пьесы – Фигаро – проживает по-настоящему безумный день, в котором радостное ожидание предстоящей свадьбы сменяется сомнениями в верности возлюбленной, предательством покровителя и необходимостью бороться за право любить и быть любимым. Азарт, ирония, юмор, а главное, невероятный оптимизм героев – все это лежит в основе того театрального праздника, которым режиссер задумала порадовать зрителя! </p>", "shortDescription": "Комедия в двух действиях по пьесе Пьера Огюстена Бомарше.", "min_price": 200, "max_price": 700, "link": "http://rusdram.ru/spektakli/zhenitba-figaro.html", "needCheck": true, "status": "accepted", "updateDate": 1638785587185, "start": 1631451600000, "end": 1642266000000, "createDate": 1628148884336, "inAccepted": true, "acceptDate": 1637668073257, "image": {"author": "Булат Гайнетдинов", "name": "4dba2cfd4a6b375f9b430974f1a0c974.jpeg", "realName": "GBR_3590_cr-1.jpg", "source": "rusdram.ru"}, "photo": "https://pro.culture.ru/uploads/4dba2cfd4a6b375f9b430974f1a0c974.jpeg", "gallery": ["https://pro.culture.ru/uploads/c454e54a3b4644742e15d7a04bc1fd79.jpeg", "https://pro.culture.ru/uploads/96a251e9d4118ba9665a4f5d431a3925.jpeg", "https://pro.culture.ru/uploads/2e4bb6eee934ae86ed77b05a593b7074.jpeg", "https://pro.culture.ru/uploads/015861fae9a2a46fc7ea6b832de66462.jpeg"], "category": {"name": "Спектакли", "sysName": "spektakli"}, "time": {"start": "2021-09-12 13:00:00", "end": "2022-01-15 17:00:00"}}, {"id": 1255283, "name": "Спектакль «Мнимый больной»", "age": 16, "description": "<p>Легкость, площадная веселость, актерские импровизации – вот стихия этого спектакля. Интригу, как всегда у Мольера, ведет задорная, озорная служанка. Именно Туанетте предстоит соединить «робких возлюбленных» – Анжелику и Клеанта. А уж препятствий их на пути немало: тут и мачеха Анжелики – обворожительная Белина, и отец и сын Диафуарусы, которые приходят со сватовством. А главное – это, конечно же, Арган! Отец Анжелики – это тот самый мнимый больной, который готов лечиться у кого угодно, доверяя всем шарлатанам сразу!</p>", "shortDescription": "Комедия в двух действиях по пьесе Жана-Батиста Мольера.", "min_price": 200, "max_price": 699, "link": "http://rusdram.ru/spektakli/mnimyij-bolnoj.html", "needCheck": true, "status": "new", "updateDate": 1637652742067, "start": 1631023200000, "end": 1641225600000, "createDate": 1628148270178, "inAccepted": true, "acceptDate": 1636630418208, "image": {"author": "Булат Гайнетдинов", "name": "96db28770fcf9d6912cbeaa35cfd86f2.jpeg", "realName": "GBR_4519.jpg", "source": "rusdram.ru"}, "photo": "https://pro.culture.ru/uploads/96db28770fcf9d6912cbeaa35cfd86f2.jpeg", "gallery": ["https://pro.culture.ru/uploads/3f05ef71fbedf8e88966a309b8bb3afc.jpeg", "https://pro.culture.ru/uploads/1de660c9b326c93b622abb268f6533ee.jpeg", "https://pro.culture.ru/uploads/9d20738c74a0f7c0e4abfec84e8eccb6.jpeg", "https://pro.culture.ru/uploads/236feb726131211a3702e82e55b525b7.jpeg", "https://pro.culture.ru/uploads/149dcd07071cd64c113441d3a3e5bd94.jpeg", "https://pro.culture.ru/uploads/dbe2fcea241fea6aa27a626c72dbb1a9.jpeg", "https://pro.culture.ru/uploads/4f9cc633e752094f221e3a87e78e649f.jpeg"], "category": {"name": "Спектакли", "sysName": "spektakli"}, "time": {"start": "2021-09-07 14:00:00", "end": "2022-01-03 16:00:00"}}, {"id": 1233283, "name": "Спектакль «37 открыток» («А может и луну?..»)", "age": 16, "description": "<p> Айвери Саттон возвращается домой после продолжительного отсутствия. Вместе с ним приезжает его невеста Джиллиан, чтобы познакомиться с родителями. Гостиная в доме Саттонов обустроена самым изящным образом и полна роскошных предметов, подобранных с изумительным вкусом. Она могла бы украсить обложку любого журнала о дизайне, если бы не одна, сразу же бросающаяся в глаза деталь... А, как известно, именно в деталях и скрыта вся суть… В действительности, Саттоны являются самыми приятными людьми, каких вы только видели на этом свете. Никто из них не способен обидеть и мухи. Во всяком случае, намеренно. Ну, хорошо, бабушка Нана может!.. Тем не менее, все они светлые, обходительные и нежные люди и делают все с пленительной искренностью и с самыми невинными побуждениями. Казалось бы, ничего не предвещает тех головокружительных событий, которые произойдут, как только молодая пара переступит порог этого не совсем нормального дома… </p>", "shortDescription": "Комедия в двух действиях по пьесе Майкла МакКивера.", "min_price": 200, "max_price": 700, "link": "http://rusdram.ru/spektakli/tridczat-sem-otkryitok.html", "needCheck": true, "status": "accepted", "updateDate": 1638785750858, "start": 1631714400000, "end": 1641661200000, "createDate": 1626955595530, "inAccepted": true, "acceptDate": 1637653083317, "image": {"author": "Булат Гайнетдинов", "name": "96a129450d272670b5977e5ae3db033d.jpeg", "realName": "zJo3ujjPD2c.jpg", "source": "архив театра"}, "photo": "https://pro.culture.ru/uploads/96a129450d272670b5977e5ae3db033d.jpeg", "gallery": ["https://pro.culture.ru/uploads/1bbad91334ef5e2c66f684947b9b6910.jpeg", "https://pro.culture.ru/uploads/d3f4a0d5a6ef8549aa9bdbb4c5ca5f4f.jpeg", "https://pro.culture.ru/uploads/00f2d94893f1834e07d0b104d950c9e2.jpeg", "https://pro.culture.ru/uploads/941e35b00bd7c74940aa09d79e2d08ac.jpeg", "https://pro.culture.ru/uploads/b5d9eaac7b58a2c70688c4157c3f1065.jpeg", "https://pro.culture.ru/uploads/1900a8f607310fdb3c3f96a3682bcad2.jpeg", "https://pro.culture.ru/uploads/32349aeb53196152e8334e62afacff18.jpeg"], "category": {"name": "Спектакли", "sysName": "spektakli"}, "time": {"start": "2021-09-15 14:00:00", "end": "2022-01-08 17:00:00"}}, {"id": 1129701, "name": "Спектакль «Иванов»", "age": 12, "description": "<p>Режиссер Григорий Лифанов: «Известно, что Чехов начинал писать про Ивана Ивановича Иванова. Это была история про абсолютно обыкновенного человека, человека из толпы, человека, который незаметен, но живет среди нас. Но, в конечном счете, Антон Павлович исправил ударение в фамилии своего героя – он становится ИвАновым. И, мне кажется, в этом заключен очень большой смысл – наверное, мы должны внимательнее и бережнее относиться к тем, кто нас окружает...Мы каждый день ходим по одной и той же улице, видим одни и те же фонари, одни и те же деревья, одни и те же здания. Мы не замечаем людей с их проблемами, тревогами, а видим лишь их силуэты. Но за каждым этим силуэтом есть объем, за каждой такой «фанерной фигурой» кроются и большие трагедии, и большое-большое счастье! Эта чеховская мысль тоже очень важна сегодня – мы сейчас страшно разобщены, мы живем в эпоху полного равнодушия друг другу...».</p>", "shortDescription": "Драма в двух действиях по пьесе А. П. Чехова.", "min_price": 200, "max_price": 700, "link": "http://rusdram.ru/spektakli/ivanov.html", "needCheck": true, "status": "accepted", "updateDate": 1638786392331, "start": 1622210400000, "end": 1640016000000, "createDate": 1621601441359, "inAccepted": true, "acceptDate": 1636630343835, "image": {"author": "Булат Гайнетдинов", "name": "71fde75c219fe56ba6ea1ddb310289a3.jpeg", "realName": "3GBR_0255.jpg", "source": "Архив театра"}, "photo": "https://pro.culture.ru/uploads/71fde75c219fe56ba6ea1ddb310289a3.jpeg", "gallery": ["https://pro.culture.ru/uploads/3f0b7403b47fdb1b31e4187dba4e3af3.jpeg", "https://pro.culture.ru/uploads/04d808bddc253b3275e51e11d79867b0.jpeg", "https://pro.culture.ru/uploads/7d00391d7eeeff883ca5298b7fb4d999.jpeg", "https://pro.culture.ru/uploads/c34b069d1416dc811590fae80c253a3c.jpeg", "https://pro.culture.ru/uploads/4d674a4fe74cf300e11eca3cb2bb5f1a.jpeg"], "category": {"name": "Спектакли", "sysName": "spektakli"}, "time": {"start": "2021-05-28 14:00:00", "end": "2021-12-20 16:00:00"}}, {"id": 805070, "name": "Спектакль «Я, бабушка, Илико и Илларион»", "age": 16, "description": "<p> Неспешно течет жизнь в самом красивом и самом веселом грузинском селе. Здесь все друг другу больше, чем соседи. Простые, удивительно мудрые, в чем-то наивные жители вместе растят детей, решают насущные вопросы, провожают на войну односельчан. Радуются, грустят, незлобиво подшучивают друг над другом. На всех – одна судьба. </p><p>История взросления озорного Зурико, воспитываемого бабушкой и соседскими стариками Илико и Илларионом, пронизана добрым юмором, накрепко сплетенным с печалью, радостный смех здесь сменяется подступающими слезами. А когда эмоции переполняют, герои переходят на язык красивейших грузинских песен! </p>", "shortDescription": "Спектакль поставлен по известному одноименному роману Нодара Думбадзе.", "min_price": 200, "max_price": 700, "link": "http://rusdram.ru/spektakli/ya,-babushka,-iliko-i-illarion.html", "needCheck": true, "status": "accepted", "updateDate": 1638786569430, "start": 1605963600000, "end": 1642608000000, "createDate": 1604920682246, "inAccepted": true, "acceptDate": 1636630017152, "image": {"author": "Булат Гайнетдинов", "name": "e593b772c17ebe4eaca78f0b47aee55f.jpeg", "realName": "GBR_5898_cr.jpg", "source": "rusdram.ru"}, "photo": "https://pro.culture.ru/uploads/e593b772c17ebe4eaca78f0b47aee55f.jpeg", "gallery": ["https://pro.culture.ru/uploads/c48894e565e24982c0d048ff4203f497.jpeg", "https://pro.culture.ru/uploads/f9cf97916a5ff062029c9dac5f37c652.jpeg", "https://pro.culture.ru/uploads/f47d085e15afb3d96194ca6646758f08.jpeg", "https://pro.culture.ru/uploads/7349d4d62ea05e8de2784a9596f13693.jpeg", "https://pro.culture.ru/uploads/fe9396e2ff2d7d659c03a0ee5ee73e45.jpeg", "https://pro.culture.ru/uploads/207af2f3ca1d631d905c33209ccdf2ae.jpeg", "https://pro.culture.ru/uploads/de86d1721a1c1b9b0ef044e515bc919d.jpeg"], "category": {"name": "Спектакли", "sysName": "spektakli"}, "time": {"start": "2020-11-21 13:00:00", "end": "2022-01-19 16:00:00"}}, {"id": 571857, "name": "Спектакль «Дом для сумасшедших»", "age": 16, "description": "<p>В Неаполе припеваючи проводит время обаятельный молодой человек по имени Чичилло. Он живет в хорошем пансионе, играет в карты. Безбедное существование обеспечивает ему дядюшка Феличе Шошамокка из маленького городка Роккасекка. Надеясь, что племянник на регулярно высылаемые ему крупные суммы денег не только получил образование и стал врачом, но и уже открыл свою клинику для душевнобольных, Феличе отправляется в Неаполь, чтобы собственными глазами полюбоваться на успехи дорогого Чичилло. Нужно ли говорить, что известие о приезде дяди повергает молодого человека в состояние невероятной паники? Что делать? Где взять дом и хотя бы пятнадцать сумасшедших? План рождается молниеносно, но удастся ли столь же блистательно воплотить его в жизнь? Несомненно! Ведь в Неаполе живет самая экстравагантная публика. И начинается такая круговерть!</p>", "shortDescription": "Комедия в трех действиях по пьесе Эдуардо Скарпеты.", "min_price": 200, "max_price": 700, "link": "http://rusdram.ru/spektakli/premera!.html", "needCheck": true, "status": "accepted", "updateDate": 1635154448314, "start": 1581771600000, "end": 1636905600000, "createDate": 1580894425378, "inAccepted": true, "acceptDate": 1635154448475, "image": {"author": "Булат Гайнетдинов", "name": "807dbb1c12bc518cb7c89dcacb60e793.png", "realName": "спект10.png", "source": "rusdram.ru"}, "photo": "https://pro.culture.ru/uploads/807dbb1c12bc518cb7c89dcacb60e793.png", "gallery": ["https://pro.culture.ru/uploads/14191f5d8e8919e44f55199deeba9ece.jpeg", "https://pro.culture.ru/uploads/1fccbe250b24e977e1772d0d18af4dfc.jpeg", "https://pro.culture.ru/uploads/bb731f8632e8b12949c86dba391f5aa4.jpeg", "https://pro.culture.ru/uploads/12343ba83fde560c610dcf306b2b6bb0.jpeg", "https://pro.culture.ru/uploads/01d6395c3234f2aa2da7cd751dc34aea.jpeg", "https://pro.culture.ru/uploads/d3329a3796a01cdfc5acc8da1194b785.jpeg", "https://pro.culture.ru/uploads/fd5b1411f9c9c914f329ef2e4803b2fd.jpeg"], "category": {"name": "Спектакли", "sysName": "spektakli"}, "time": {"start": "2020-02-15 13:00:00", "end": "2021-11-14 16:00:00"}}, {"id": 570757, "name": "Спектакль «Белый конь. Златая птица»", "age": 12, "description": "<p>В основе рок-оперы «Акбузат», созданной известными российскими музыкантами Алексеем Корневым и Сергеем Чекрыжовым, лежит знаменитый башкирский эпос. </p><p>Главный герой, Хаубен, является продолжателем благородных деяний отца Сура-Батыра, деда Иделя и прадеда Урал-Батыра. </p><p>Старик-охотник, узнав в маленьком Хаубене сына Сура-батыра, дарит ему Золотой лук. И Хаубен прекрасно справляется с ним – первым же выстрелом он ранит внезапно появившуюся Золотую утку, которая оборачивается прекрасной Нэркэс. В обмен на жизнь она предлагает любой дар, и молодой егет выбирает коня – волшебного Акбузата... </p><p>Проходит десять лет. Девушки влюбляются в Хуабена, а он остается безучастным. Чтобы завоевать любовь Нэркэс, победить недругов и освободить свой народ, Хаубену придется спуститься в подводное царство, сразиться с коварным Шульгеном, разоблачить подлого Масембая… А когда освобожденный народ выйдет на площадь и запоет гимн любви, в небе над людьми широко раскинутся волшебные крылья Акбузата.</p>", "shortDescription": "Рок-опера в двух действиях. Театральная фантазия по мотивам башкирского эпоса «Акбузат».", "min_price": 200, "max_price": 500, "link": "http://rusdram.ru/spektakli/akbuzat.-belyij-kon.-zlataya-pticza.html", "needCheck": true, "status": "accepted", "updateDate": 1638786316886, "start": 1581602400000, "end": 1642953600000, "createDate": 1580812941318, "inAccepted": true, "acceptDate": 1636630988791, "image": {"author": "Булат Гайнетдинов", "name": "da6f3cc38b4c9ccbc10dea73cb63e3e4.jpeg", "realName": "3GBR_2882.jpg", "source": "rusdram.ru"}, "photo": "https://pro.culture.ru/uploads/da6f3cc38b4c9ccbc10dea73cb63e3e4.jpeg", "gallery": ["https://pro.culture.ru/uploads/f51aeadf0825fd8d502ec641b1e90cb6.jpeg", "https://pro.culture.ru/uploads/9fdab01edde879b51bafe4ff87f8a20c.jpeg", "https://pro.culture.ru/uploads/fa229c028f7c5358ed0ad5c0f4ee1502.jpeg", "https://pro.culture.ru/uploads/e57e02f71fd9185089f318d4ec27cc13.jpeg", "https://pro.culture.ru/uploads/a8aaf26a6a69590e6e71eaa26eb54323.jpeg"], "category": {"name": "Спектакли", "sysName": "spektakli"}, "time": {"start": "2020-02-13 14:00:00", "end": "2022-01-23 16:00:00"}}, {"id": 570735, "name": "Спектакль «Голубая камея»", "age": 16, "description": "<p>Окунемся в придворную жизнь России второй половины XVIII века: балы, маскарады, умопомрачительные наряды, фейерверки. Но все это – лишь маска, скрывающая клубок интриг, нить которого тянется к Екатерине Великой, удерживающей власть не только силой и умом, но и невероятной хитростью. Сможет ли княжна Тараканова, назвавшаяся истинной наследницей престола, уцелеть в противостоянии грозной императрице? Способен ли циничный фаворит Екатерины граф Орлов отказаться от своего положения при троне? История дает свои ответы на эти вопросы, но по законам мюзикла в происходящее вмешивается фантастическая любовь и, может быть, ей удастся переменить печальный исторический финал?</p>", "shortDescription": "Мюзикл Кима Брейтбурга и Карена Кавалеряна в двух действиях.", "min_price": 200, "max_price": 700, "link": "http://rusdram.ru/spektakli/golubaya-kameya.html", "needCheck": true, "status": "accepted", "updateDate": 1638785881907, "start": 1631196000000, "end": 1643299200000, "createDate": 1580812243676, "inAccepted": true, "acceptDate": 1637653018746, "image": {"author": "Булат Гайнетдинов", "name": "0ceae932406d658e65fbaaf382977931.jpeg", "realName": "3GBR_0031.jpg", "source": "rusdram.ru"}, "photo": "https://pro.culture.ru/uploads/0ceae932406d658e65fbaaf382977931.jpeg", "gallery": ["https://pro.culture.ru/uploads/1c9ce45589d903d9610e1ae0a7b3d94b.jpeg", "https://pro.culture.ru/uploads/621828d4b47bcdccd267f8ecd4433c18.jpeg", "https://pro.culture.ru/uploads/fe08e0bbc3cfb1e1fa144c776b1fce72.jpeg", "https://pro.culture.ru/uploads/dc22ccebd46d3804d232007ac3ce571b.jpeg"], "category": {"name": "Спектакли", "sysName": "spektakli"}, "time": {"start": "2021-09-09 14:00:00", "end": "2022-01-27 16:00:00"}}, {"id": 564002, "name": "Спектакль «Бешеные деньги»", "age": 16, "description": "<p>Пьеса более чем актуального в наши дни классика Александра Николаевича Островского рассказывает историю, которая вполне могла произойти и сегодня: красавица Лидия, не страдающая от недостатка мужского внимания, пренебрегает своими поклонниками, далеко не каждого из них подпуская на расстояние протянутой для поцелуя руки. Впрочем, это продолжается ровно до тех пор, пока она не узнает, что отец ее разорен, а матушка более не может получить кредит – тут героиня становится менее избирательной и определяет привлекательность своих кавалеров с точки зрения их достатка. </p><p>Первым в ряду таковых оказывается Савва Васильков – нелепый, неотесанный, провинциальный, но, судя по слухам, чрезвычайно богатый. Лидия, не зная, что слухи эти распущены местными подхалимами – Телятевым и Глумовым – идет с нелюбимым к алтарю, а когда правда раскрывается – обратного пути уже не сыскать… Однако, не так прост и беден Савва, как это может показаться на первый взгляд: пожалуй, только ему, действительному обладателю миллионов, под силу победить алчность и мотовство своей возлюбленной.</p>", "shortDescription": "Комедия в трех действиях.", "min_price": 200, "max_price": 700, "link": "http://www.rusdram.ru/spektakli/beshenyie-dengi.html", "needCheck": true, "status": "accepted", "updateDate": 1638787085688, "start": 1580562000000, "end": 1641571200000, "createDate": 1580128494913, "inAccepted": true, "acceptDate": 1636627502567, "image": {"author": "Булат Гайнетдинов", "name": "df329e13f4c64396c25536a9f05bc2eb.jpeg", "realName": "3BeshDengi0530.jpg", "source": "rusdram.ru"}, "photo": "https://pro.culture.ru/uploads/df329e13f4c64396c25536a9f05bc2eb.jpeg", "gallery": ["https://pro.culture.ru/uploads/acf60ce1a59ea595d9210a586f78db82.jpeg", "https://pro.culture.ru/uploads/c9d85ceec024cecece61970c21eb8ee3.jpeg", "https://pro.culture.ru/uploads/e105f9434634112d46f6fc6f2e2f4529.jpeg"], "category": {"name": "Спектакли", "sysName": "spektakli"}, "time": {"start": "2020-02-01 13:00:00", "end": "2022-01-07 16:00:00"}}, {"id": 362586, "name": "Спектакль «Комната сына»", "age": 18, "description": "<p>Джованни Сермонти – успешный врач-психоаналитик. Неврозы, мучающие его пациентов, разительно контрастируют с умиротворением, теплотой и любовью, которыми наполнены будни его собственной семьи – жены Паолы, сына Андреа, дочери Ирены. Однажды воскресным утром Джованни получает срочный вызов от одного из пациентов. Он не может пойти на пробежку со своим сыном как обещал. И Андреа отправляется с друзьями в море. Он не вернется.</p><p>Здесь важны интонация, жест, каждый взгляд, где столь близка грань между жизнью и вечностью, меняются масштабы. И порой очень важно сделать шаг и отрыть ту дверь, которая ведет в тайники и твоей собственной души. Audi, vide, sile – «Смотри, слушай, молчи!».</p>", "shortDescription": "История одной семьи.", "min_price": 250, "max_price": 250, "link": "http://rusdram.ru/spektakli/komnata-syina.html", "needCheck": true, "status": "accepted", "updateDate": 1638787550310, "start": 1550844000000, "end": 1642602600000, "createDate": 1549870593813, "inAccepted": true, "acceptDate": 1635155498452, "image": {"author": "Булат Гайнетдинов", "name": "5e2ecadd42d8a4737e039c3ce3dc6397.jpg", "realName": "3GBR_1918.jpg", "source": "rusdram.ru"}, "photo": "https://pro.culture.ru/uploads/5e2ecadd42d8a4737e039c3ce3dc6397.jpg", "gallery": ["https://pro.culture.ru/uploads/13b1bf465c21506f4e2bb2f194b035ca.jpg", "https://pro.culture.ru/uploads/f3d2ff96e1c80d649dd7d3b7d97e75a4.jpg", "https://pro.culture.ru/uploads/8adc33daa2deefaad800c14749761035.jpg", "https://pro.culture.ru/uploads/6b6b416c455cd9f44570a7db9b5e0c8f.jpg", "https://pro.culture.ru/uploads/c410a7fe0df8efc820af1aa7a32857fc.jpg", "https://pro.culture.ru/uploads/235620f80ff048ba0352d6fc99377188.jpg"], "category": {"name": "Спектакли", "sysName": "spektakli"}, "time": {"start": "2019-02-22 14:00:00", "end": "2022-01-19 14:30:00"}}, {"id": 362561, "name": "Спектакль «Смерть Тарелкина»", "age": 16, "description": "<p>«Решено! Не хочу жить. Нужда меня заела, кредиторы истерзали, начальство вогнало в гроб! Умру. Но не так умру, как всякая лошадь умирает – взял, да так, как дурак, по закону природы и умер. Нет, а умру наперекор и закону, и природе, умру себе в сласть и удовольствие, умру так, как никто не умирал!».</p><p> Запутавшись в собственных долгах, чиновник средней руки Кандид Касторович Тарелкин решает разыграть перед всеми собственную смерть. Да тут и случай представился самый подходящий, только что преставился сосед Тарелкина – Сила Силыч Копылов, у которого родных нет, детей нет, долгов тоже нет, а паспорт есть. Однако Тарелкин даже не представляет, какую опасную игру он затеял.</p>", "shortDescription": "Трагический фарс в двух действиях.", "min_price": 500, "max_price": 500, "link": "http://rusdram.ru/spektakli/smert-tarelkina.html", "needCheck": true, "status": "accepted", "updateDate": 1638787685288, "start": 1551276000000, "end": 1643385600000, "createDate": 1549869877111, "inAccepted": true, "acceptDate": 1635155259644, "image": {"author": "Булат Гайнетдинов", "name": "a6366598d6b1353dc36cb3b64c5fd976.jpg", "realName": "3GBR_3305_cr.jpg", "source": "rusdram.ru"}, "photo": "https://pro.culture.ru/uploads/a6366598d6b1353dc36cb3b64c5fd976.jpg", "gallery": ["https://pro.culture.ru/uploads/270d88c466b58cefb090e989a11146e1.jpeg", "https://pro.culture.ru/uploads/f99e4df816b7cf81c6458be9cba043f9.jpeg", "https://pro.culture.ru/uploads/ee3bf56581d5cc07ad71370eb790a8d5.jpeg", "https://pro.culture.ru/uploads/17b21f8e139226bd14169464ecc7bae4.jpeg", "https://pro.culture.ru/uploads/df52046ea30fc8a696959b0e4ae17b0b.jpeg", "https://pro.culture.ru/uploads/3edb52cd4627f9010704087b86ee9253.jpeg", "https://pro.culture.ru/uploads/f81622b7633a5f5d46e00a6e47d54694.jpeg", "https://pro.culture.ru/uploads/b240a1c86f67f17e1c800fa9aaf6df06.jpeg", "https://pro.culture.ru/uploads/787d779d06ec2d1303e1134ba7e750e1.jpeg"], "category": {"name": "Спектакли", "sysName": "spektakli"}, "time": {"start": "2019-02-27 14:00:00", "end": "2022-01-28 16:00:00"}}]}