{"12439": [{"id": 1516140, "name": "Мастер-класс «Снеговик»", "age": 12, "description": "<p> Накануне новогодних праздников участники мастер-класса изготовят снеговика. С помощью специалиста библиотеки ребята смогут сшить сказочного персонажа из ткани, а затем декорировать его разноцветными лоскутками так, как подскажет собственная фантазия. В итоге у каждого получится текстильная игрушка в примитивном стиле, единственная в своем роде, не похожая на других. </p><p>Этот симпатичный сувенир может украсить вашу новогоднюю елку, также его можно преподнести родственникам и друзьям в качестве рождественского подарка.</p>", "shortDescription": "Творческое занятие для детей и молодежи.", "min_price": 150, "link": "https://quicktickets.ru/kurgan-biblioteka-dy/e3", "status": "accepted", "updateDate": 1639488398739, "start": 1639566000000, "end": 1643202000000, "createDate": 1638945908853, "inAccepted": true, "acceptDate": 1639488398838, "image": {"author": "Мария Першина", "name": "c374f5b5ed26548404b62e18052b41b2.jpeg", "realName": "swaTWysFaug.jpg", "source": "kurganlib.ru"}, "photo": "https://pro.culture.ru/uploads/c374f5b5ed26548404b62e18052b41b2.jpeg", "gallery": [], "category": {"name": "Обучение", "sysName": "obuchenie"}, "time": {"start": "2021-12-15 11:00:00", "end": "2022-01-26 13:00:00"}}, {"id": 1355270, "name": "Мастер-класс по изготовлению куклы «Мать и дитя»", "age": 12, "description": "<p>Этот кукольный образ очень схож с иконой Божьей матери, очень теплый и трогательный. Кукла станет прекрасным подарком к Дню матери. Впрочем, даже само участие в мастер-классе принесет удовольствие, так как созидание – как творческий процесс – не оставляет никого равнодушным.<br /> «Мать и дитя» – авторская кукла на основе традиционной узелковой куклы, придумала ее Светлана Минина, екатеринбургская мастерица. Делается образ из одного лоскута ткани одной непрерывной нитью, там мать и младенец соединены ею, как пуповиной. Процесс изготовления без использования иглы из натуральной мягкой ткани.<br /> Текстиль – это очень податливый и мягкий материал, работая с ним, хорошо чувствуешь его пластику. И еще текстильные куклы хорошо хранят тепло рук, готовую работу всегда приятно держать в руках, рассматривать ее детали. «Мать и дитя» вызывает много теплых эмоций и у девочек, и у взрослых женщин.</p>", "shortDescription": "Участники смогут сделать лоскутную куклу.", "min_price": 150, "link": "https://quicktickets.ru/kurgan-biblioteka-dy/e2", "status": "accepted", "updateDate": 1637858261712, "start": 1635224400000, "end": 1637751600000, "createDate": 1632803433978, "inAccepted": true, "acceptDate": 1637858261723, "image": {"author": "Елисеева О.А.", "name": "60845437b83f1f388384965a4f33820d.jpeg", "realName": "фото 2.jpg", "source": "Архив ГБУК «Курганская областная детско-юношеская библиотека им. В.Ф. Потанина»"}, "photo": "https://pro.culture.ru/uploads/60845437b83f1f388384965a4f33820d.jpeg", "gallery": [], "category": {"name": "Обучение", "sysName": "obuchenie"}, "time": {"start": "2021-10-26 05:00:00", "end": "2021-11-24 11:00:00"}}]}