{"12230": [{"id": 1550224, "name": "Спектакль «Дом цветных карандашей»", "age": 6, "description": "<p> Однажды родители Анны пропали и ей пришлось переехать жить в Дом цветных карандашей. В Доме уже живут ребята, чьи родители также исчезли. Дети узнают страшную правду о хозяйке Дома и вынуждены сбежать, чтобы самостоятельно найти своих родителей. Но получится ли сделать это? <span>Девочка Анна рассказывает, как попала в социальный приют, когда ее родители оказались в сложной жизненной ситуации. Там она знакомится с другими детьми, у каждого из них есть своя легенда: у кого-то мама – космонавт, у кого-то – Лесная Фея, а у кого-то – президент. История, в которой переплетены жестокая реальность и красочная фантазия героини, оставляет глубокий след на душе. Ребенок остается ребенком в любой ситуации. И вера в чудо ни на миг не покидает его. </span> </p>", "shortDescription": "История о переплетений жестокой реальности и красочной фантазии героини Анны.", "min_price": 350, "max_price": 350, "link": "https://bileton.ru/events/dom-cvetnyh-karandashey-60382", "status": "accepted", "updateDate": 1640598431150, "start": 1643209200000, "end": 1643214000000, "createDate": 1640093208525, "inAccepted": true, "acceptDate": 1640329870458, "image": {"author": "Руслан", "name": "d54a6ab723bfaaa968e999952da5d84d.jpeg", "realName": "IMG_20211122_124828_970.jpg", "source": "https://vk.com/paradox_teatr"}, "photo": "https://pro.culture.ru/uploads/d54a6ab723bfaaa968e999952da5d84d.jpeg", "gallery": ["https://pro.culture.ru/uploads/189ce4a61ecf82af192ea706917b2c11.jpeg", "https://pro.culture.ru/uploads/bc53bf98569bdef1604143fd94b81c49.jpeg", "https://pro.culture.ru/uploads/4a53b3cf3c7007f06a5f0ace824e78da.jpeg"], "category": {"name": "Спектакли", "sysName": "spektakli"}, "time": {"start": "2022-01-26 15:00:00", "end": "2022-01-26 16:20:00"}}, {"id": 1480773, "name": "Спектакль «Перфекто»", "age": 12, "description": "<p><span>Перфекто – общество нового порядка. Здесь люди позитивны и счастливы, с благодарностью принимающие любое развитие событий. Цели тут достижимы, а каждый новый день дарит шанс для реализации... Земной рай, в котором все равны, открыты и доверчивы. Система налажена, но ее неидеальность становится очевидна «особенным». Для них мир больше не перфекто... </span></p><p><span><span>Девушка Энг живет среди счастливых и позитивных людей. У нее есть любимое занятие, добрые друзья, любящая семья и, конечно, жизненная цель. Но однажды она заболевает странной болезнью, и мир теперь не кажется идеальным.</span></span></p><p><span><span>Автор пьесы и режиссер постановки – Руслан Герасимов.<br /></span></span></p>", "shortDescription": "О жизни в мире позитива.", "min_price": 350, "max_price": 350, "link": "https://bileton.ru/events/perfekto-55337", "status": "accepted", "updateDate": 1639499178239, "start": 1639494000000, "end": 1639499400000, "createDate": 1637760779645, "inAccepted": true, "acceptDate": 1638340654078, "image": {"author": "Руслан", "name": "6fbb9be0d6bc025495dfb28873f856e8.jpeg", "realName": "IMG_20211119_200304_395.jpg", "source": "https://vk.com/paradox_teatr"}, "photo": "https://pro.culture.ru/uploads/6fbb9be0d6bc025495dfb28873f856e8.jpeg", "gallery": ["https://pro.culture.ru/uploads/d9590e827bcf0313c696885582c05437.jpeg", "https://pro.culture.ru/uploads/68bb705eed289202e3df31fb695ed842.jpeg", "https://pro.culture.ru/uploads/870183a39ba31a942ac7950b4cc8b80d.jpeg"], "category": {"name": "Спектакли", "sysName": "spektakli"}, "time": {"start": "2021-12-14 15:00:00", "end": "2021-12-14 16:30:00"}}, {"id": 1480766, "name": "Спектакль «Яндекс знает»", "age": 12, "description": "<p><span>Спектакль поражает своей искренностью: молодые актеры говорят на сложную тему места в обществе людей-инвалидов с ментальными нарушениями. Постановка заставляет задуматься о том, насколько верно понятие нормальности.</span><span></span></p><p><span>Юношу Яна Зиновьева все называют Яндексом, ведь он, как и известный интернет-поисковик, знает абсолютно все. За особенность запоминать большой объем информации и странное поведение его считают ненормальным. Но мало кто догадывается, что Ян знает намного больше интернета. И в этом знании – его спасение.</span></p>", "shortDescription": "Постановка Руслана Герасимова.", "min_price": 350, "max_price": 350, "link": "https://bileton.ru/events/yandeks-znaet-60363", "status": "accepted", "updateDate": 1640598428304, "start": 1638370800000, "end": 1642523400000, "createDate": 1637760684058, "inAccepted": true, "acceptDate": 1640327512812, "image": {"author": "Руслан", "name": "f4deaa76694b932d07322d42e7bcbf39.jpeg", "realName": "342a186fb24a49b03eef99288d5898e6.jpeg", "source": "https://vk.com/paradox_teatr"}, "photo": "https://pro.culture.ru/uploads/f4deaa76694b932d07322d42e7bcbf39.jpeg", "gallery": [], "category": {"name": "Спектакли", "sysName": "spektakli"}, "time": {"start": "2021-12-01 15:00:00", "end": "2022-01-18 16:30:00"}}, {"id": 1410005, "name": "Концерт Ильгиза Шайхразиева", "age": 6, "description": "<p>Зрители услышат современную татарскую альтернативную музыку от одного из участников лейбла Yummy Music – Ilgiz (Ильгиз Шайхразиев). </p><p>Этот веселый рыжий бородач с добрыми и светлыми татарскими песнями откроет серию совместных концертов казанского лейбла. </p><p>Ilgiz один из самых востребованных музыкантов татарской музыкальной культуры. Он незаменимый участник международных и региональных музыкальных фестивалей. </p><p>В программе концерта: </p><ul><li>живой звук, авторские песни Ильгиза Шайхразиева; </li><li>квартет первоклассных музыкантов; </li><li>современное видеооформление; </li><li>автограф-сессия.</li></ul>", "shortDescription": "Выступление современного татарского исполнителя.", "min_price": 350, "max_price": 1000, "link": "https://bileton.ru/events/ilgiz-shayhraziev-55370", "status": "accepted", "updateDate": 1638891366782, "start": 1636732800000, "end": 1636738200000, "createDate": 1634911182406, "inAccepted": true, "acceptDate": 1635520395826, "image": {"author": "Шамиль", "name": "546fcae5c1a9757f05a3ba717b10873a.jpeg", "realName": "Ilgiz Black 0999.jpg", "source": "https://www.instagram.com/ilgiz_shaihraziev/"}, "photo": "https://pro.culture.ru/uploads/546fcae5c1a9757f05a3ba717b10873a.jpeg", "gallery": ["https://pro.culture.ru/uploads/dfb4d1659905bfff960d553703cf036e.jpeg", "https://pro.culture.ru/uploads/66e0369fd70417c57b5597775b6de4f4.jpeg"], "category": {"name": "Концерты", "sysName": "koncerty"}, "time": {"start": "2021-11-12 16:00:00", "end": "2021-11-12 17:30:00"}}, {"id": 1404113, "name": "Концерт «Мне есть что сказать...»", "age": 6, "description": "<p>Представляется концертная программа заслуженной артистки Республики Татарстан, лауреата многочисленных престижных театральных премий, композитора, автора. </p><p>Программа творческого вечера «Әйтер сүзем ачар серем бар»: авторские песни, танцевальные номера, поэтическое сплетение стиха, прозы, театральных монологов, притч. </p><p>Приглашенные гости:</p><ul><li>заслуженная артистка \n\nРеспублики Татарстан\n\nАйгуль Бариева;</li><li>заслуженная артистка&nbsp;\n\nРеспублики Татарстан\n\n Нурзада;</li><li>артист Альметьевского татарского драматического театра Ильназ Гималетдинов.</li></ul><p>Ведущий вечера – артист Альметьевского драматического театра Динар Хуснетдинов.</p>", "shortDescription": "Творческий вечер Мадины Гайнуллиной.", "min_price": 700, "max_price": 700, "link": "https://bileton.ru/events/m-din-yter-s-zem-bar-52952", "status": "accepted", "updateDate": 1638891366782, "start": 1636902000000, "end": 1636907400000, "createDate": 1634732218688, "inAccepted": true, "acceptDate": 1635344822089, "image": {"author": "Алсу", "name": "96f680a2d2852a8c4b4e0ea6f14f668c.jpeg", "realName": "WhatsApp Image 2021-10-20 at 11.13.55 (2).jpeg", "source": "http://almetteatr.ru/o-teatre/personalii/aktery/gaynullina-madina-faritovna/"}, "photo": "https://pro.culture.ru/uploads/96f680a2d2852a8c4b4e0ea6f14f668c.jpeg", "gallery": ["https://pro.culture.ru/uploads/d938b1f0fe6a111272f094cb64a689d9.jpeg", "https://pro.culture.ru/uploads/35f901d14e39483a0ff6de02f32b938e.jpeg", "https://pro.culture.ru/uploads/353ddaf426350276a1860cbc2cab1ea6.jpeg"], "category": {"name": "Концерты", "sysName": "koncerty"}, "time": {"start": "2021-11-14 15:00:00", "end": "2021-11-14 16:30:00"}}, {"id": 1385293, "name": "Спектакль «‎Волшебная рубашка»‎", "age": 0, "description": "<p style=\"margin-left:0px\">Татарские народные сказки привлекают своей волшебностью, обилием приключений. Во многих из них можно встретить таких героев, как храбрый юноша, царевна, див, дракон. </p><p style=\"margin-left:0px\">Зрителей ждет веселая история, объединяющая события из разных сказок. Она помогает различить такие понятия, как храбрость и хитрость, добро и зло, честность и подлость. Во время спасения царевны Гульзифыиз из рук дракона на пути Ахмата встречаются добрые друзья, такие же, как он сам, а также предатели, как Вазир. В борьбе со злом храброму юноше помогает не только волшебная цветочная рубашка, но и доброжелательность, умение сдерживать обещания. Среди сказочных героев есть и Жар-птица, отвечающая добром на добро, Тансылу, которая потеряла шляпу, Белый волк, умееющий ценить дружбу, и другие... </p><p style=\"margin-left:0px\">Приключенческая<a name=\"_GoBack\"></a> сказка предназначена для семейного просмотра.</p>", "shortDescription": "История по мотивам татарских народных сказок. Автор произведения – Айгуль Ахметгалиева.", "min_price": 500, "max_price": 500, "link": "https://bileton.ru/events/ch-ch-k-k-lm-k-volshebnaya-rubashka-53941", "status": "accepted", "updateDate": 1640598599408, "start": 1640073600000, "end": 1641722400000, "createDate": 1634036130319, "inAccepted": true, "acceptDate": 1640236807441, "image": {"author": "Алсу", "name": "10ca4dcbe5ca550231ef363edb9cf046.jpeg", "realName": "l8ccY_Lv0Q0.jpg", "source": "https://vk.com/albums-101354728"}, "photo": "https://pro.culture.ru/uploads/10ca4dcbe5ca550231ef363edb9cf046.jpeg", "gallery": ["https://pro.culture.ru/uploads/e32bcd9552b008709a56c937852df643.jpeg"], "category": {"name": "Спектакли", "sysName": "spektakli"}, "time": {"start": "2021-12-21 08:00:00", "end": "2022-01-09 10:00:00"}}, {"id": 1347352, "name": "Спектакль «Ситцевая свадьба»", "age": 12, "description": "<p><span><span> </span>Через год совместной жизни, в день ситцевой свадьбы, из-за мелких причин четыре пары находятся на грани развода. Безденежье, невнимание друг к другу из-за погони за хорошей жизнью, боязнь ответственности – эти причины убивают любовь? Или у каждой пары любовь еще теплится где-то глубоко внутри?<span> </span>Пройдя с одной стороны через смешные, с другой – грустные события, некоторые из четырех пар сохранят семью и любовь. А некоторые не выдержат и года совместной жизни и примут решение развестись. Поучительная и жизненная история молодых пар заставит найти параллели ...</span></p><p></p>", "shortDescription": "Молодежная мелодрама о семейной жизни молодоженов.", "min_price": 250, "max_price": 600, "link": "https://bileton.ru/events/sitsa-tuy-53833", "status": "accepted", "updateDate": 1640598767252, "start": 1641391200000, "end": 1644429600000, "createDate": 1632394594978, "inAccepted": true, "acceptDate": 1640181287963, "image": {"author": "театр", "name": "0772f403ab8ddd1535a907a7899311e6.jpeg", "realName": "IMG_6170.JPG", "source": "театр"}, "photo": "https://pro.culture.ru/uploads/0772f403ab8ddd1535a907a7899311e6.jpeg", "gallery": ["https://pro.culture.ru/uploads/325ce7deecbd6456022a006b4723cdd7.jpeg", "https://pro.culture.ru/uploads/8b5d96f32ef4fd531486097fc377a40b.jpeg"], "category": {"name": "Спектакли", "sysName": "spektakli"}, "time": {"start": "2022-01-05 14:00:00", "end": "2022-02-09 18:00:00"}}, {"id": 1336127, "name": "Спектакль «‎Мы уходим, вы остаетесь»‎", "age": 12, "description": "<p style=\"margin-left:0px\">В жизни Габдуллы Тукая, прожившего всего 27 лет, много загадок. Известный драматург Туфан Миннуллин отразил в пьесе отдельное событие из его жизни – в 1909 году поэт гостил в Симбирской губернии у фабрикантов Акчуриных. Мнения об отношении Тукая к богатым довольно противоречивы. Некоторыми учеными он расценивался как поэт, любивший высмеивать богачей<a name=\"_GoBack\"></a>; но как тогда можно объяснить визит поэта к знаменитому капиталисту, миллионеру Акчурину? </p><p style=\"margin-left:0px\">Талантливое перо драматурга оживляет эти события в воображении. В беседах отражаются размышления о судьбе татарского народа, его будущем. В разговоре с Айшей и Нафисой одинокая душа Тукая на мгновение как будто раскрывается перед зрителем... Сам же автор отмечает, что не ставит целью написать документальное произведение, и возможно внесение изменений в пьесу в случае обнаружения новых фактов, раскрывающих образ Тукая. И такие факты были найдены...</p><p></p>", "shortDescription": "Постановка по произведению советского и российского драматурга Туфана Миннуллина.", "min_price": 400, "max_price": 600, "link": "https://bileton.ru/events/bez-kit-bez-sez-kalasyz-my-uhodim-vy-ostaetes-60295", "needCheck": true, "status": "accepted", "updateDate": 1640598417134, "start": 1637769600000, "end": 1641403200000, "createDate": 1631878417339, "inAccepted": true, "acceptDate": 1639142392715, "image": {"author": "Дима", "name": "8810ae8ce74ffb129be4cde68fdd5b79.jpeg", "realName": "WhatsApp Image 2021-11-24 at 21.36.23 (2).jpeg", "source": "https://vk.com/albums-101354728"}, "photo": "https://pro.culture.ru/uploads/8810ae8ce74ffb129be4cde68fdd5b79.jpeg", "gallery": ["https://pro.culture.ru/uploads/3027763c7e312543f14a5b42dec41181.jpeg", "https://pro.culture.ru/uploads/7c1f227657a51c1537b775d846df6819.jpeg", "https://pro.culture.ru/uploads/7e75c60393551578db24f065e22a787d.jpeg", "https://pro.culture.ru/uploads/cb45ee4f74788305de147203f166eaf4.jpeg", "https://pro.culture.ru/uploads/4d650c055bb162a84da8c8b84ce2192f.jpeg"], "category": {"name": "Спектакли", "sysName": "spektakli"}, "time": {"start": "2021-11-24 16:00:00", "end": "2022-01-05 17:20:00"}}, {"id": 1309433, "name": "Спектакль «Пока она умирала»", "age": 12, "description": "<p> Перед Новым годом окна огромного города светятся изнутри разноцветными елочными огнями. Кажется, что за каждым окном ждут новогоднего исполнения желаний. Разве могли себе представить две одинокие женщины, пожилая больная мать Сафия и ее уже немолодая одинокая дочь Галия, что их размеренную, спокойную жизнь способна перевернуть брошенная в подъезде шкурка банана? А стареющий Ильгиз, перепутавший адрес дома, мог ли вообразить, что случайно попадет в дом, где обретет жену, тещу и даже взрослую дочь? Когда и почему ложь во спасение приводит к счастью? На все эти вопросы можно получить ответы, посмотрев этот спектакль. </p>", "shortDescription": "Постановка по произведению Надежды Птушкиной.", "min_price": 400, "max_price": 599, "link": "https://bileton.ru/events/kyzym-kiya-g-chyga-poka-ona-umirala-53556", "status": "accepted", "updateDate": 1640598595755, "start": 1635692400000, "end": 1642705200000, "createDate": 1630671949080, "inAccepted": true, "acceptDate": 1640266956402, "image": {"author": "Алсу", "name": "5e5e53a9f6cff6a6244d93014ad9a31c.jpeg", "realName": "кызым кияугэ чыга_5760.jpg", "source": "https://vk.com/albums-101354728"}, "photo": "https://pro.culture.ru/uploads/5e5e53a9f6cff6a6244d93014ad9a31c.jpeg", "gallery": ["https://pro.culture.ru/uploads/fcbc91dccd26b8757e2eac7d03934a11.jpeg"], "category": {"name": "Спектакли", "sysName": "spektakli"}, "time": {"start": "2021-10-31 15:00:00", "end": "2022-01-20 19:00:00"}}, {"id": 1309203, "name": "Спектакль «Муж на чаc»", "age": 12, "description": "<p> Жизнь состоит из случайностей и непредвиденных ситуаций, о которых человек не помышлял. Человек никогда не знает, где встретит свою настоящую любовь, о которой так мечтал, читая романы. </p><p>Неожиданная встреча одинокой Диляры и таксиста Асгата закручивается в интересный водоворот событий, кардинально меняя их привычную жизнь. Это знакомство становится поворотным в судьбе главных героев. В комедии задействованы лучшая подруга Диляры Танзиля и ее муж Зульфат, пожилой сосед Нургалим абый, который остался вдовцом и видит потенциальную супругу в лице Диляры. </p>", "shortDescription": "Постановка по пьесе Айгуль Ахметгалиевой.", "min_price": 400, "max_price": 600, "link": "https://bileton.ru/events/ul-bit-kich-ide-muzh-na-chas-53555", "status": "accepted", "updateDate": 1640598595552, "start": 1634482800000, "end": 1642874400000, "createDate": 1630668947675, "inAccepted": true, "acceptDate": 1640269336998, "image": {"author": "Алсу", "name": "34578d921a86f07cfadc92274fd0ef40.jpeg", "realName": "WhatsApp Image 2021-09-03 at 13.31.05 (1).jpeg", "source": "https://vk.com/albums-24677145"}, "photo": "https://pro.culture.ru/uploads/34578d921a86f07cfadc92274fd0ef40.jpeg", "gallery": ["https://pro.culture.ru/uploads/f2d105331ac505bd89259efad693aba5.jpeg"], "category": {"name": "Спектакли", "sysName": "spektakli"}, "time": {"start": "2021-10-17 15:00:00", "end": "2022-01-22 18:00:00"}}, {"id": 1306863, "name": "Спектакль «Свет горит в окне»", "age": 16, "description": "<p> «Свет горит в окне» – это постановка нового веяния в драмтеатре. Здесь переплетены и триллер, и мистическая драма. Героиня далека от типичного образа татарской девушки. Она не тихая и скромная, а дерзкая и беспринципная. Но она – лишь одна из героев пьесы. </p><p>Сюжет построен на истории семейной пары, которая, переехав в новую квартиру, замечает, что в доме напротив всегда включен свет. Что изменилось в судьбе мужчины после визита в загадочную квартиру? И почему же в ней всегда горит свет? Ответы на эти вопросы можно найти в Татарском драмтеатре. </p><p> </p>", "shortDescription": "Постановка по драме Зульфата Хакима.", "min_price": 350, "max_price": 350, "link": "https://bileton.ru/events/t-r-z-d-aman-ut-yana-remeyk-svet-gorit-v-okne-remeyk-60385", "status": "accepted", "updateDate": 1640598431763, "start": 1634227200000, "end": 1643217000000, "createDate": 1630586716300, "inAccepted": true, "acceptDate": 1640327652215, "image": {"author": "Алсу", "name": "4c36e4256de6be03e251e1f57b1f1ff2.jpeg", "realName": "rMZrCAapGUo.jpg", "source": "https://vk.com/chelnyteatr"}, "photo": "https://pro.culture.ru/uploads/4c36e4256de6be03e251e1f57b1f1ff2.jpeg", "gallery": ["https://pro.culture.ru/uploads/a63199f92262b77450ced53d92022590.jpeg", "https://pro.culture.ru/uploads/9c4b5baa0d32f02c9a8480b0f2917ed2.jpeg", "https://pro.culture.ru/uploads/17784847ff3b5aa9f58b5941be712004.jpeg", "https://pro.culture.ru/uploads/0e294780e5f5daa77de306cf005aa597.jpeg"], "category": {"name": "Спектакли", "sysName": "spektakli"}, "time": {"start": "2021-10-14 16:00:00", "end": "2022-01-26 17:10:00"}}, {"id": 1306719, "name": "Спектакль «Дорогая моя!»", "age": 12, "description": "<p> Человек может всю жизнь прожить в заключении. Кто-то закрыт в четырех стенах, кто-то находится в духовном изгнании. Только для мечты нет преград – в мечтах и любовь, и семейная жизнь видится в своих красках. Но реальность может предстать совершенно в ином свете. </p><p>Любовь мужчины и женщины может выражаться не только в высокопарных речах, но и в обыкновенной рубашке, купленной за бешеные деньги и спрятанной в чемодане. Спектакль создан на основе писем Аяза Гилязова своей будущей жене Накие, написанных в годы, проведенные им в качестве политзаключенного в Карагандинской тюрьме, и на его произведении.</p>", "shortDescription": "Пьеса на основе писем драматурга Аяза Гилязова своей супруге Накие.", "min_price": 350, "link": "https://bileton.ru/events/s-ekle-dustym-dorogaya-moya-60383", "status": "accepted", "updateDate": 1640598431559, "start": 1633622400000, "end": 1642526400000, "createDate": 1630584706293, "inAccepted": true, "acceptDate": 1640327319280, "image": {"author": "алсу", "name": "9a331741e429503e89f28878a7b60870.jpeg", "realName": "Дорогая моя 2.jpg", "source": "https://vk.com/chelnyteatr"}, "photo": "https://pro.culture.ru/uploads/9a331741e429503e89f28878a7b60870.jpeg", "gallery": ["https://pro.culture.ru/uploads/3bcea5bcdb9c311479cd2711d43b321f.jpeg", "https://pro.culture.ru/uploads/3f15e14a106c5ce27b4bd8fe0a253355.jpeg"], "category": {"name": "Спектакли", "sysName": "spektakli"}, "time": {"start": "2021-10-07 16:00:00", "end": "2022-01-18 17:20:00"}}, {"id": 1306237, "name": "Спектакль «Слуга двух господ»", "age": 12, "description": "<p> Действие происходит в Венеции XVIII века. Главный герой спектакля – Труффальдино – слуга находчивый и хитрый, который пытается угодить сразу двум хозяевам. Конечно же, дается ему подобное нелегко, но природная плутоватость способна творить чудеса. Комичность ситуации заключается в том, что оба господина влюблены друг в друга, а Труффальдино, не зная об этом, помогает воссоединиться двум влюбленным сердцам. Оба хозяина до конца спектакля даже и не догадываются, что у них один слуга на двоих.На спектакль приглашаются желающие!</p><p> </p>", "shortDescription": "Комедия Карло Гольдони.", "min_price": 400, "max_price": 600, "link": "https://bileton.ru/events/ike-hu-any-hezm-tchese-sluga-dvuh-gospod-53550", "needCheck": true, "status": "accepted", "updateDate": 1640598417742, "start": 1634313600000, "end": 1641574800000, "createDate": 1630579273100, "inAccepted": true, "acceptDate": 1640087500663, "image": {"author": "Расим Хафизов", "name": "b20e73f006c1f8d200ecdd7e31a77f1a.jpeg", "realName": "Слуга двух господ_4299.JPG", "source": "Набережночелнинский государственный татарский драматический театр имени Аяза Гилязова "}, "photo": "https://pro.culture.ru/uploads/b20e73f006c1f8d200ecdd7e31a77f1a.jpeg", "gallery": ["https://pro.culture.ru/uploads/54871ba3cfe028651f2fe720d102947f.jpeg", "https://pro.culture.ru/uploads/66c96344efa8b8ebe80d73de9f796f13.jpeg", "https://pro.culture.ru/uploads/e8b7a5ebaf92d651cd2aa4e1a493c85f.jpeg", "https://pro.culture.ru/uploads/773af9e50a6ff7f6022fe5c5d0366539.jpeg"], "category": {"name": "Спектакли", "sysName": "spektakli"}, "time": {"start": "2021-10-15 16:00:00", "end": "2022-01-07 17:00:00"}}, {"id": 1292407, "name": "Спектакль «Не покидай меня...»", "age": 12, "description": "<p> Пока Зуфар три года служил на морфлоте любимая девушка Наргиза ждала его возвращения. У парня большие планы на дальнейшую жизнь: стать батыром сабантуя, как покойный отец и создать свою семью с любимой Наргизой. Вскоре Зуфар становится батыром не только села, но и чемпионом России. Только вот беда поджидала его неподалеку.</p><p>Неудачно прыгнув воду, он ломает позвоночник, коварная разлучница помешает счастью с любимой. Судьба жестоко обошлась с парнем.Найдешь ли ты свою дорогу, парень, не потеряешь ли надежду? </p>", "shortDescription": "Мелодрама о превратностях судьбы.", "min_price": 250, "max_price": 500, "link": "https://bileton.ru/events/amanulla-tashlap-kitm-menzelinskiy-dram-teatr-52809", "status": "accepted", "updateDate": 1640093689376, "start": 1632326400000, "end": 1634751000000, "createDate": 1629896032166, "inAccepted": true, "acceptDate": 1634221502558, "image": {"author": "МЕНЗЕЛИНСКИЙ ГОСУДАРСТВЕННЫЙ ТАТАРСКИЙ ДРАМАТИЧЕСКИЙ ТЕАТР ИМ.САБИРА АМУТБАЕВА    ", "name": "a7bdb220954c20da324ad0063a234ad4.jpeg", "realName": "DSC_4510.JPG", "source": "МЕНЗЕЛИНСКИЙ ГОСУДАРСТВЕННЫЙ ТАТАРСКИЙ ДРАМАТИЧЕСКИЙ ТЕАТР ИМ.САБИРА АМУТБАЕВА    "}, "photo": "https://pro.culture.ru/uploads/a7bdb220954c20da324ad0063a234ad4.jpeg", "gallery": ["https://pro.culture.ru/uploads/b2ec4b0e9aee88f48cfd43f2266145dd.jpeg", "https://pro.culture.ru/uploads/e2b934c3fc5ae35cba72129b555dad77.jpeg", "https://pro.culture.ru/uploads/e9431eafd1e32e8b6c5bf9765b5b4f57.jpeg", "https://pro.culture.ru/uploads/f2ee1c9ca85ae472b4a17d5e5aa56b9a.jpeg"], "category": {"name": "Спектакли", "sysName": "spektakli"}, "time": {"start": "2021-09-22 16:00:00", "end": "2021-10-20 17:30:00"}}, {"id": 1246609, "name": "Спектакль «Город Брежнев»", "age": 12, "description": "<p>Роман «Город Брежнев» как бестселлер давно нашел своего читателя. Его автор Шамиль Идиатуллин хоть нынче и проживает в Москве, для Челнов не чужой – его детство и юность прошли здесь.</p><p> Посвятившие себя работе родители и подростки, лишенные их внимания: Артур, получивший сравнительно «правильное» воспитание, однако не оставшийся в стороне от уличного влияния; Виталий Анатольевич, не нашедший своего предназначения в жизни; Марина Михайловна, вынужденная снять розовые очки, – эти и другие герои заставят зрителя произвести перестройку самого себя.</p>", "shortDescription": "В драме, поставленной по роману, изображены счастливые 80-е годы СССР.", "min_price": 400, "max_price": 600, "link": "https://bileton.ru/events/sh-r-nokta-brezhnev-gorod-brezhnev-60296", "status": "accepted", "updateDate": 1640598417336, "start": 1634396400000, "end": 1641495600000, "createDate": 1627730203806, "inAccepted": true, "acceptDate": 1640327353847, "image": {"author": "Алсу", "name": "7854ec5fbfe808c9e8c82a9d44839574.jpeg", "realName": "3bfe83444dc0e72db673c6d9a380d925.jpeg", "source": "https://vk.com/chelnyteatr"}, "photo": "https://pro.culture.ru/uploads/7854ec5fbfe808c9e8c82a9d44839574.jpeg", "gallery": ["https://pro.culture.ru/uploads/ebc86d1e60d3d00bb5ef38cbbc29ae44.jpeg", "https://pro.culture.ru/uploads/c90c0a3098b453cf1800edd916f428ac.jpeg", "https://pro.culture.ru/uploads/1e6b937d232f72c04d18579ebc58f406.jpeg"], "category": {"name": "Спектакли", "sysName": "spektakli"}, "time": {"start": "2021-10-16 15:00:00", "end": "2022-01-06 19:00:00"}}, {"id": 1246599, "name": "Спектакль «Любимые, лишенные любви»", "age": 12, "description": "<p>Страдания, выпавшие на долю человечества в годы Великой Отечественной войны, с годами притупляются, уходят в небытие. По сей день неизвестно точное количество погибших в советских трудовых лагерях девушек, девочек-подростков и женщин. Они гибли от изнурительного и тяжелого труда, болезней и голода, издевательств надсмотрщиков. </p><p>В одном из таких лагерей судьба сводит трех девочек-подростков: русскую Катю, немку Анну-Марию и татарку Ильсияр. Суровые условия труда, невыносимая жизнь в лагере, жестокое обращение подталкивают их к побегу...</p>", "shortDescription": "Постановка по произведению Булата Салахова.", "min_price": 400, "max_price": 600, "link": "https://bileton.ru/events/yaratylmyy-kalgan-yarlar-lyubimye-lishennye-lyubvi-yubileyny-53552", "status": "accepted", "updateDate": 1640598430742, "start": 1635087600000, "end": 1642957200000, "createDate": 1627729254903, "inAccepted": true, "acceptDate": 1640345226625, "image": {"author": "Алсу", "name": "120c29ba97a0024c970ee23dddb49326.jpeg", "realName": "dDwe3X3uPVw.jpg", "source": "https://vk.com/chelnyteatr"}, "photo": "https://pro.culture.ru/uploads/120c29ba97a0024c970ee23dddb49326.jpeg", "gallery": ["https://pro.culture.ru/uploads/49d5e7b91bb93508d04db8a3455661a5.jpeg", "https://pro.culture.ru/uploads/e8c1d1e3b44424e44f5a53f1789b50db.jpeg", "https://pro.culture.ru/uploads/57b76b99fc7490496b466ca635210592.jpeg", "https://pro.culture.ru/uploads/29789c739f0662e6e51769469c89c56d.jpeg", "https://pro.culture.ru/uploads/cfcc26cdbebd4bc7cfefeb27e2868939.jpeg"], "category": {"name": "Спектакли", "sysName": "spektakli"}, "time": {"start": "2021-10-24 15:00:00", "end": "2022-01-23 17:00:00"}}, {"id": 1246585, "name": "Спектакль «Папоротника горькие плоды»", "age": 12, "description": "<p>Война между странами или между человеческим духом и системой? В драме, охватывающей всю трагедию XX века, поднимаются такие вопросы. </p><p>В глухую татарскую деревню из Казани приезжает журналист Айбулат, который узнал, что здешний житель Насыйбулла в 86 лет впервые в жизни получил паспорт. Он не понимает, как можно прожить всю жизнь без паспорта. Однако Насыйбулла не расположен к беседе, к тому же он плохо слышит. Председатель сельсовета Локман и другие жители деревни тоже ничем особо помочь не могут, поскольку старик им ничего никогда не рассказывал. </p><p>Все же Айбулату удается расположить к себе Насыйбуллу, и дедушка рассказывает ему о своей судьбе. Он хотел всего лишь взять в жены любимую Гулию, растить детей, честно трудиться в поле, как и его отцы и деды. Однако по доносу Тахау его арестовывают, обвиняют в краже мешка муки из сельского магазина, хотя на самом деле этот мешок подложил Тахау, отомстив таким образом за то, что Гулия вышла замуж не за него, а за Насыйбуллу.</p>", "shortDescription": "История о том, как можно жить без паспорта до 86 лет.", "min_price": 400, "max_price": 600, "link": "https://bileton.ru/events/abaga-almasy-achy-bula-gorkie-plody-paporotnika-53553", "status": "accepted", "updateDate": 1640598428512, "start": 1634918400000, "end": 1642618800000, "createDate": 1627728515269, "inAccepted": true, "acceptDate": 1640269384916, "image": {"author": "Алсу", "name": "9ada83fcb99aa077e72807a6d14b3978.jpeg", "realName": "eatnfNzCmw4.jpeg", "source": "https://vk.com/chelnyteatr"}, "photo": "https://pro.culture.ru/uploads/9ada83fcb99aa077e72807a6d14b3978.jpeg", "gallery": ["https://pro.culture.ru/uploads/fad38ce92cea206a112f6de58639abfe.jpeg", "https://pro.culture.ru/uploads/b6c11af0998a220d0ab9e274d5246ac3.jpeg", "https://pro.culture.ru/uploads/9c11bb3363e787d835544d24f292c15b.jpeg", "https://pro.culture.ru/uploads/23d42e6773c40dd5201381f0c83e6b11.jpeg"], "category": {"name": "Спектакли", "sysName": "spektakli"}, "time": {"start": "2021-10-22 16:00:00", "end": "2022-01-19 19:00:00"}}, {"id": 1246584, "name": "Спектакль «Калитка»", "age": 12, "description": "<p> Касым, всегда считавший других виноватыми в своих бедах, вынужден бежать из родного села. Всю оставшуюся жизнь он проживает на далекой Камчатке, лишаясь возможности говорить на родном языке. У него есть русскоязычная жена и сын Володя, которые не признают татарский язык. Единственное утешение – письма от матери, написанные по-татарски, и татарская речь, которую он слышал от приезжих на сезонную работу.<br /></p><p>Каждый ищет свое место под солнцем, забывая, что сам это место и создает. Покидая родные земли, человек часто испытывает чувство тоски, хотя возможность вернуться есть всегда. Солнце везде светит одинаково, но на родной земле оно однозначно теплее. </p>", "shortDescription": "Душевная драма, которая заставит зрителя задуматься о важных вопросах.", "min_price": 400, "max_price": 600, "link": "https://bileton.ru/events/kapka-kalitka-55578", "needCheck": true, "status": "accepted", "updateDate": 1640598617920, "start": 1635523200000, "end": 1641315600000, "createDate": 1627728390328, "inAccepted": true, "acceptDate": 1639767170436, "image": {"author": "Дима", "name": "a5cb89b183c02c303acfb2fe3936a9d0.jpeg", "realName": "IMG_3879.jpg", "source": "https://vk.com/albums-101354728"}, "photo": "https://pro.culture.ru/uploads/a5cb89b183c02c303acfb2fe3936a9d0.jpeg", "gallery": ["https://pro.culture.ru/uploads/59cc72e372d72a64fed3b8e410aac73a.jpeg", "https://pro.culture.ru/uploads/11facc42ce399c825d8fe8686b0d7e3d.jpeg", "https://pro.culture.ru/uploads/7d4508ec9e79c48567a933a1ccaca5ca.jpeg", "https://pro.culture.ru/uploads/7f62a1a226b64a28d36ad91b8b16cca1.jpeg"], "category": {"name": "Спектакли", "sysName": "spektakli"}, "time": {"start": "2021-10-29 16:00:00", "end": "2022-01-04 17:00:00"}}, {"id": 1246580, "name": "Спектакль «Молодые сердца»", "age": 16, "description": "<p> Эта веселая музыкальная комедия подкупает зрителя атмосферой молодого задора. Секрет прост: это история любви Сарби и Хайретдина, которая пронизана чистотой и верностью. Быстрые частушки, татарские лирические песни, а также поговорки, афоризмы и крылатые выражения находят свое достойное место в этой постановке. </p><p>События исторического масштаба – Первая мировая война и революции – проникают в сюжет опосредованно, через чувства и поступки героев. Главная тема этого лирического произведения – любовь. <br /></p><p></p>", "shortDescription": "Музыкальная драма с юмором.", "min_price": 500, "max_price": 700, "link": "https://bileton.ru/events/yash-y-r-kl-r-molodye-serdca-60362", "needCheck": true, "status": "accepted", "updateDate": 1640598429323, "start": 1633104000000, "end": 1643565600000, "createDate": 1627728182138, "inAccepted": true, "acceptDate": 1637037899199, "image": {"author": "Алсу", "name": "03bd0c3adb1a543e46d1dc61956e71dd.jpeg", "realName": "b2baae62da6491b7d57fa5a55fb68cd0.jpeg", "source": "https://vk.com/chelnyteatr"}, "photo": "https://pro.culture.ru/uploads/03bd0c3adb1a543e46d1dc61956e71dd.jpeg", "gallery": ["https://pro.culture.ru/uploads/f11b94ec207880061d658cfae3b1a21f.jpeg", "https://pro.culture.ru/uploads/76179a81d50b6ea096ddd13b6746e098.jpeg", "https://pro.culture.ru/uploads/ec545e995914a0c8c7b9841bfb619da0.jpeg", "https://pro.culture.ru/uploads/4121eb59a7aa505ca3ad80fae4cc27d2.jpeg"], "category": {"name": "Спектакли", "sysName": "spektakli"}, "time": {"start": "2021-10-01 16:00:00", "end": "2022-01-30 18:00:00"}}, {"id": 1119356, "name": "Спектакль «Номер с фруктами»", "age": 12, "description": "<p>Пятеро главных персонажей по очереди сходятся в пространстве одного гостиничного номера. Следуют основному закону комедии положений: больше трех не собираться. Место действия – гостиничный номер. Именно из-за того, что каждый что-то не знает о другом, его мыслях, мотивации поступков, и возникают комичные положения.</p><p>Двери то в номер, то в ванную, то в спальню периодически распахиваются, впускают все новые подробности, запутывают сюжет. Шесть дверей создают в постановке ощущение стремительно меняющегося пространства и времени. Оформление дверей выполнено в стиле брит-поп-арта с легким намеком на комиксы, что так же близко прологу из фильма «Четыре комнаты». </p>", "shortDescription": "Комедия положений.", "min_price": 250, "max_price": 600, "link": "https://bileton.ru/events/nomer-s-fruktami-60604", "needCheck": true, "status": "accepted", "updateDate": 1640598748472, "start": 1621782000000, "end": 1645290000000, "createDate": 1621325552170, "inAccepted": true, "acceptDate": 1639489785109, "image": {"author": "Д. Гапонов", "name": "05442f1f39de3e7781eb9a7e04bfae82.jpeg", "realName": "номер с фруктами.jpg", "source": "архив театра"}, "photo": "https://pro.culture.ru/uploads/05442f1f39de3e7781eb9a7e04bfae82.jpeg", "gallery": [], "category": {"name": "Спектакли", "sysName": "spektakli"}, "time": {"start": "2021-05-23 15:00:00", "end": "2022-02-19 17:00:00"}}, {"id": 1089530, "name": "Спектакль «Испытание судьбы»", "age": 12, "description": "<p>Человеческая судьба непредсказуема. Через лишения и потерю близких людей она испытывает на прочность. Главной героине Альфие, ставшей причиной разрыва отношений между Тагиром и Мунирой, предстоит достойно пройти через все испытания, посланные ей судьбой. Не сломят ли ее потеря любимого человека, людская зависть и злословие? Эта жизненная драма никого не оставит равнодушной.</p><p>На сцене – три разных по высоте женских манекена в ослепительно белых воздушных одеяниях, символизирующих чистоту помыслов и напоминающих о том, что главной ценностью человеческих отношений являются отнюдь не корысть и выгода, а добро, сердечность и порядочность. Так просто и в то же время философски передан жизненный путь главной героини Альфии, которая в первый раз появилась смешливой девчонкой с косичками. На ее долю выпали испытания и предательство, но, несмотря ни на что, она сумела сохранить чистоту и красоту своей души. Возможно ли счастье без любви и всегда ли она дается человеку в награду? И если любовь – награда, то почему зачастую приносит столько страданий? Можно ли играть с любовью и к чему приводит игра на чувствах другого? Какова цена безответной любви?</p>", "shortDescription": "Мелодрама.", "min_price": 500, "max_price": 700, "link": "https://bileton.ru/events/yazmysh-synavy-ispytanie-sudby-53549", "needCheck": true, "status": "accepted", "updateDate": 1640598417945, "start": 1620921600000, "end": 1641664800000, "createDate": 1619702957106, "inAccepted": true, "acceptDate": 1639749621946, "image": {"author": "Алсу", "name": "1a1579a20f129f735f62a09171e22e9a.jpeg", "realName": "DSC_3553.jpg", "source": "http://chelnyteatr.ru/news/news_184.html"}, "photo": "https://pro.culture.ru/uploads/1a1579a20f129f735f62a09171e22e9a.jpeg", "gallery": [], "category": {"name": "Спектакли", "sysName": "spektakli"}, "time": {"start": "2021-05-13 16:00:00", "end": "2022-01-08 18:00:00"}}, {"id": 1088777, "name": "Спектакль «Прощание с Агиделью»", "age": 12, "description": "<p> Однажды осенним вечером на берегу реки Агидель появляется одинокий старик. После долгих лет разлуки, предчувствуя свой скорый уход и желая быть похороненным в родной земле, он держит путь на свою малую родину, которую когда-то пришлось покинуть против своей воли вместе с односельчанами.</p><p>«Прощание с Агиделью» посвящено переселению жителей и снесению поселений при строительстве плотины через Каму в Набережных Челнах, при возведении инженерных сооружений Нижнекамской ГЭС. Эта участь коснулась жителей Татарстана, Башкортостана и Удмуртии.</p>", "shortDescription": "Ягсуф Шафиков. Драма.", "min_price": 400, "max_price": 600, "link": "https://bileton.ru/events/hush-agyydel-proschanie-s-agidelyu-60381", "needCheck": true, "status": "accepted", "updateDate": 1640598566318, "start": 1621177200000, "end": 1643132400000, "createDate": 1619694800417, "inAccepted": true, "acceptDate": 1637049339524, "image": {"author": "Алсу", "name": "7fda26bfabbd2ae3bfd4410493af6d5c.jpeg", "realName": "WSkCkJkSOA0.jpg", "source": "https://vk.com/album-101354728_267054664"}, "photo": "https://pro.culture.ru/uploads/7fda26bfabbd2ae3bfd4410493af6d5c.jpeg", "gallery": ["https://pro.culture.ru/uploads/57e2f27008580800f3cf57aec221c4ee.jpeg", "https://pro.culture.ru/uploads/94e5d21a23d64a87e3ea27d7dd44ebe0.jpeg", "https://pro.culture.ru/uploads/6f8d289b0782b1870e540130de1a0b89.jpeg", "https://pro.culture.ru/uploads/7571cd7863a640e1c1927da4cc4252ce.jpeg", "https://pro.culture.ru/uploads/ae0ed05ee20ff5086e598eeebeb1e7dc.jpeg", "https://pro.culture.ru/uploads/4e938ca45499442816ab58b7e48bbd61.jpeg", "https://pro.culture.ru/uploads/aff80626bb01fb2e16e418ea93eb2aab.jpeg"], "category": {"name": "Спектакли", "sysName": "spektakli"}, "time": {"start": "2021-05-16 15:00:00", "end": "2022-01-25 17:40:00"}}, {"id": 1088192, "name": "Спектакль «На кисельном берегу»", "age": 12, "description": "<p> На той стороне реки, далеко от проезжей части, расположена деревня Заречное – райский уголок. Здесь, казалось бы, все как положено: есть и школа, и клуб, и ферма, а жителей мало. Когда городские жители устало вздыхают и говорят: «Сейчас бы в деревню, там природа, тишина...», – они наверняка представляют именно Заречное. </p><p>У каждой деревни при въезде есть знаки с названием деревни, здесь тоже есть такой. Но для кого он тут? Сюда не ведет ни одна дорога. И жизнь в этой далекой деревне идет своим чередом, пока однажды не объявляется незваный гость...</p>", "shortDescription": "Лирическая комедия Ангизы Ишбулдиной.", "min_price": 400, "max_price": 600, "link": "https://bileton.ru/events/z-g-r-toman-artynda-na-kiselnom-beregu-60366", "status": "accepted", "updateDate": 1640598428917, "start": 1620403200000, "end": 1642789200000, "createDate": 1619686799573, "inAccepted": true, "acceptDate": 1640327537327, "image": {"author": "Алсу", "name": "03bb49e66433d1f9859935be7fef7eb1.jpeg", "realName": "rGaL3eJcK8g.jpg", "source": "https://vk.com/album-101354728_266630578"}, "photo": "https://pro.culture.ru/uploads/03bb49e66433d1f9859935be7fef7eb1.jpeg", "gallery": ["https://pro.culture.ru/uploads/b5d600daaf74cd68bbf070eae3562954.jpeg", "https://pro.culture.ru/uploads/4706038d45d87a454eef84b59f14eab4.jpeg", "https://pro.culture.ru/uploads/516483eab1889b9709269cba386eb0a8.jpeg", "https://pro.culture.ru/uploads/9308e36336e549a2f038e512d8e4c04f.jpeg", "https://pro.culture.ru/uploads/d9ee204f3a34713c6b0790796bb2c91b.jpeg", "https://pro.culture.ru/uploads/dd2ae205301aa5d306e4f48afe067d7c.jpeg", "https://pro.culture.ru/uploads/afc2b6425ceed77a8b99c519cc31f67f.jpeg"], "category": {"name": "Спектакли", "sysName": "spektakli"}, "time": {"start": "2021-05-07 16:00:00", "end": "2022-01-21 18:20:00"}}, {"id": 1087808, "name": "Спектакль «Свободная черта»", "age": 12, "description": "<p>Ильгиз Зайниев уже крепко закрепился в современной татарской драматургии как один из самых остросоциальных авторов. Его пьеса «Свободная черта», посвященная вопросам женитьбы, феминизма и другим, – тому подтверждение. </p><p>Зрителю откроется яркая, молодежная комедия с рэпом, современными шутками и многими другими интересными элементами. Зритель постарается найти ответы на самые актуальные вопросы молодежи: как все-таки встретить свою любовь? Умеют ли сегодняшние молодые люди любить по-настоящему? Правда ли, что в современном мире обесценилось не только это слово, но и само понятие? Как молодежь сегодня относится к браку? </p><p> </p>", "shortDescription": "Музыкальная комедия драматурга Ильгиза Зайниева.", "min_price": 500, "max_price": 700, "link": "https://bileton.ru/events/tuyga-nich-k-n-kala-svobodnaya-cherta-53554", "needCheck": true, "status": "accepted", "updateDate": 1640598418153, "start": 1633708800000, "end": 1643310000000, "createDate": 1619682762239, "inAccepted": true, "acceptDate": 1639749744873, "image": {"author": "Алсу", "name": "50d940009c0d670d13bf92ad280f2a24.jpeg", "realName": "26cde867eea18c284d9543ca94cf4634.jpeg", "source": "https://vk.com/album-101354728_275877049"}, "photo": "https://pro.culture.ru/uploads/50d940009c0d670d13bf92ad280f2a24.jpeg", "gallery": ["https://pro.culture.ru/uploads/cc0f88f07e8bcc1afc707985825b9e54.jpeg", "https://pro.culture.ru/uploads/6fcd3e8559cd0c30bbc987e2b3f69b80.jpeg", "https://pro.culture.ru/uploads/e1b2244fdb9bfe6da2a320b8c78572be.jpeg", "https://pro.culture.ru/uploads/48af7e1cf680dfaafb446e8b47fb4d4c.jpeg", "https://pro.culture.ru/uploads/1c09e5a628abbb380be4237fe20e485e.jpeg", "https://pro.culture.ru/uploads/13a2edd01a98511748311fb9968740ca.jpeg", "https://pro.culture.ru/uploads/8a0ec5610f260f2f82625886dc350e9d.jpeg", "https://pro.culture.ru/uploads/c1051c04a06d1d81b8da0f7c571dd642.jpeg"], "category": {"name": "Спектакли", "sysName": "spektakli"}, "time": {"start": "2021-10-08 16:00:00", "end": "2022-01-27 19:00:00"}}, {"id": 811438, "name": "Спектакль «Долгожитель»", "age": 6, "description": "<p>Сделано в СССР – сделано на совесть. Эту марку, как знак качества, держит и бугульминский театр, обращаясь к классикам советской комедии Б. Рацеру и В. Константинову. Пьеса о 70-х годах, когда свершались великие открытия не ради денег, а для пользы человечества. Герои комедии – люди с распахнутыми душами и беззлобным юмором. Сегодня таких как раз не хватает.</p><p>Молодой учитель Леонид влюбляется в случайную приезжую красавицу-студентку Юлю и хочет задержать ее в своей деревне. Но как? Наука геронтология и приятель Костя приходят на помощь. И внезапно в деревне объявляется новый веселый, неунывающий, любвеобильный долгожитель.</p><p>Простая и добрая история с необычным сюжетом окунет зрителей в неповторимую атмосферу времен СССР.</p>", "shortDescription": "Пьеса о 70-х годах прошлого столетия, когда люди были проще и наивнее, скромнее и добрее.", "min_price": 250, "max_price": 400, "link": "https://bileton.ru/events/dolgozhitel-58363", "status": "accepted", "updateDate": 1640598719805, "start": 1605970800000, "end": 1645034400000, "createDate": 1605175830840, "inAccepted": true, "acceptDate": 1639489807402, "image": {"author": "Д. Гапонов", "name": "380b6a38862971732ad3d84ec807ea97.jpeg", "realName": "c10c30a5af100e66d102898a88a9f74c.jpeg", "source": "архив театра"}, "photo": "https://pro.culture.ru/uploads/380b6a38862971732ad3d84ec807ea97.jpeg", "gallery": [], "category": {"name": "Спектакли", "sysName": "spektakli"}, "time": {"start": "2020-11-21 15:00:00", "end": "2022-02-16 18:00:00"}}]}