{"11400": [{"id": 1504484, "name": "Выставка «Мода в зеркале истории»", "age": 0, "description": "<p>Как давно женщины зачитываются модными журналами? Как менялась одежда жителя Михайловки в течение прошлого века? В чем щеголяли михайловские купцы и купчихи? Чем отличались наряды казаков от крестьянских? </p><p>Экспозиция представляет вниманию посетителей не только предметы одежды жителей Михайловки разных сословий конца XIX – начала XX века, но и нижнее белье, украшения, обувь и фотографии. Кратко представлены и те изменения, что происходили в женском облике в эпоху СССР.</p><p>В экспозиции представлены экспонаты, имеющие интересную историю, о чем обязательно расскажет сотрудник музея.</p>", "shortDescription": "Экспозиция посвящена трансформации облика жителя Михайловки XX века.", "min_price": 200, "max_price": 200, "link": "https://vmuzey.com/event/vystavka-moda-v-zerkale-istorii", "status": "accepted", "updateDate": 1639464833033, "start": 1638856800000, "end": 1640869200000, "createDate": 1638524989660, "inAccepted": true, "acceptDate": 1639135631178, "image": {"author": "Петухова А. И. ", "name": "ca9a7f8a5da738b4806cffc234fd01c4.jpeg", "realName": "IMG_8088.JPG", "source": "https://vmuzey.com/event/vystavka-moda-v-zerkale-istorii"}, "photo": "https://pro.culture.ru/uploads/ca9a7f8a5da738b4806cffc234fd01c4.jpeg", "gallery": ["https://pro.culture.ru/uploads/31d89ed15f16f35ee40abe7bafab39c1.jpeg", "https://pro.culture.ru/uploads/b55049bad2f54b952df5f9d992e15e68.jpeg", "https://pro.culture.ru/uploads/6f8fb7b1a20a4d5671862ad5d3cf73cb.jpeg", "https://pro.culture.ru/uploads/b87ca0876ef049dbac077e7d56591777.jpeg"], "category": {"name": "Выставки", "sysName": "vystavki"}, "time": {"start": "2021-12-07 06:00:00", "end": "2021-12-30 13:00:00"}}, {"id": 1500418, "name": "Экскурсия «Казак воюет, жена его дома горюет»", "age": 0, "description": "<p>В народе говорят: «Казак родится, чтобы на службе сгодиться». Недаром с колыбели казака учили быть не только рачительным хозяином, но и умелым воином. А пока казаки завоевывали славу и награды, казачки беспокоились о судьбе своих любимых да несли тяготы станичной жизни.</p><p> Как была организована жизнь казаков в административно-территориальном отношении? Как воспитывали детей в казачьих семьях? Сколько весит казачья шашка? Что такое рубель и как им пользоваться? Как казаки готовили кофе и с чем его подавали к столу? Посетители смогут узнать ответы на эти и многие другие вопросы о жизни донских казаков.</p>", "shortDescription": "Экскурсия познакомит посетителей с традиционным укладом жизни донских казаков.", "min_price": 150, "max_price": 150, "link": "https://vmuzey.com/event/ekskursiya-kazak-voyuet-zhena-ego-doma-goryuet", "status": "accepted", "updateDate": 1639387236893, "start": 1638424800000, "end": 1672491600000, "createDate": 1638437181558, "inAccepted": true, "acceptDate": 1639387237028, "image": {"author": "Шевченко Ольга Геннадиевна", "name": "781833e08df3804c59a074a4e8a292c8.jpeg", "realName": "dtC9AbrJLwM.jpg", "source": "https://www.instagram.com/p/CWfzG7hLRBL/"}, "photo": "https://pro.culture.ru/uploads/781833e08df3804c59a074a4e8a292c8.jpeg", "gallery": ["https://pro.culture.ru/uploads/fb22aded02a98cef5cf5699bcdc73b56.jpeg", "https://pro.culture.ru/uploads/aba963ac4db30a8d5ec90c6d4eab032f.jpeg", "https://pro.culture.ru/uploads/c291eed7b134bf32e5f84a566d8404d9.jpeg", "https://pro.culture.ru/uploads/f7e08db7a814d420cdb3a6288f1e0403.jpeg", "https://pro.culture.ru/uploads/28ccc10e5fc511be6aeebba4c64d12f5.jpeg"], "category": {"name": "Экскурсии", "sysName": "ekskursii"}, "time": {"start": "2021-12-02 06:00:00", "end": "2022-12-31 13:00:00"}}]}