{"12239": [{"id": 1529336, "name": "Творческий вечер «Мир прекрасен, мир широк!»", "age": 6, "description": "<p><span>Творческий вечер посвящен юбилею заслуженной артистки Республики Татарстан, ведущей актрисы Татарского государственного театра драмы и комедии имени Карима Тинчурина Зульфии Зариповой. </span></p> <p><span>Встреча проводится для студентов, молодежи и любителей татарского театра разного возраста. </span><span>Программа творческого вечера будет состоят из отрывков спектаклей театра Карима Тинчурина и татарских фильмов, где Зульфия Зарипова сыграла множество ролей. Также юбиляра поздравят коллеги.</span></p> <p><span>Зульфия Ахтямовна Зарипова родилась в 1967 году в Казани. Она окончила Выс­шее те­ат­раль­ное учи­ли­ще имени Михаила Щеп­ки­на (город Москва). С 1989 года служит в Татарском государственном театре драмы и комедии имени Карима Тинчурина. <b></b></span></p>", "shortDescription": "Встреча, посвященная 55-летию заслуженной артистки Республики Татарстан Зульфии Зариповой.", "min_price": 300, "max_price": 800, "link": "https://tickets.tinchurinteatr.ru/ru/event/1881", "status": "accepted", "updateDate": 1640598681841, "start": 1642692600000, "end": 1642699800000, "createDate": 1639397861823, "inAccepted": true, "acceptDate": 1640062336086, "image": {"author": "ГБУ \"Татарский государственный театр драмы и комедии имени Карима Тинчурина\"", "name": "69581d39ebee0133d0d0527770b46d2f.jpeg", "realName": "photo5303384184007539271.jpg", "source": "ГБУ \"Татарский государственный театр драмы и комедии имени Карима Тинчурина\""}, "photo": "https://pro.culture.ru/uploads/69581d39ebee0133d0d0527770b46d2f.jpeg", "gallery": [], "category": {"name": "Встречи", "sysName": "vstrechi"}, "time": {"start": "2022-01-20 15:30:00", "end": "2022-01-20 17:30:00"}}, {"id": 1455896, "name": "Спектакль «Ядэч! Исемдэ! Трагикомедия одной казанской семьи»", "age": 18, "description": "<p>Все родом из детства. Это волшебная страна. Там происходят чудеса, бывает очень больно и одновременно смешно, и многое непонятно. В детстве время течет совсем по-другому. В этой истории важно помнить, как в детской игре или забыть на мгновение и тогда выигрыш уйдет другому. Кому-то важно забыть для продолжения жизни, для других именно воспоминания становятся живительным глотком. Помнить – значит быть частью своего рода, культуры, обрести крылья для полета. Люди хотят и не могут путешествовать туда-обратно в картинах своей памяти, но все это возможно в театре.</p><p>Авторы пьесы – Айрат Бик-Булатов, Миляуша Гафурова, Эндже Дусаева, Йолдыз Миннулина. </p><p>Режиссер спектакля – Сардар Тагировский.</p><p>Художник – Анна Мария Купаж.</p><p>Композитор – Bakk-David Laszlo.</p>", "shortDescription": "Постановка про детство в Казани в 1980–1990-х годах.", "min_price": 300, "max_price": 1000, "link": "https://tickets.tinchurinteatr.ru/ru/event/1830", "needCheck": true, "status": "accepted", "updateDate": 1640638172821, "start": 1638459000000, "end": 1643391900000, "createDate": 1636976626559, "inAccepted": true, "acceptDate": 1637921166235, "image": {"author": "ГБУ \"Татарский государственный театр драмы и комедии имени Карима Тинчурина\"", "name": "7f0f328a842f3d0f5a2987f301b4cd35.jpeg", "realName": "DSCF3675.jpg", "source": "ГБУ \"Татарский государственный театр драмы и комедии имени Карима Тинчурина\""}, "photo": "https://pro.culture.ru/uploads/7f0f328a842f3d0f5a2987f301b4cd35.jpeg", "gallery": [], "category": {"name": "Спектакли", "sysName": "spektakli"}, "time": {"start": "2021-12-02 15:30:00", "end": "2022-01-28 17:45:00"}}, {"id": 1451367, "name": "Спектакль «Дивная птица»", "age": 6, "description": "<p>В татарских сказках побеждает не тот, кто сильный, а кто умом и смекалкой всех обхитрит. </p><p>Однажды братья зачитались в волшебной пещере, и с этого начались все их приключения. Эта сказка про то, что важно сдерживать данные обещания даже тогда, когда самому не хочется этого делать, про дружбу и любовь, смелость и любознательность. В ней есть все, что так дорого татарской культуре – книги, волшебные птицы, Дракон, Шурале, Су анасы. Это лирическая история о том, что каждый найдет свою дорогу и обретет счастье.</p> <p>Режиссер – <span> </span>Туфан Имамутдинов, сценограф – <span> </span>Туфан Имамутдинов, художник по костюмам – Алия Гайнуллина. </p>", "shortDescription": "История про птицу чудесную и двух братьев.", "min_price": 300, "max_price": 400, "link": "https://tinchurinteatr.ru/ru/shows/", "status": "accepted", "updateDate": 1640602938661, "start": 1640160000000, "end": 1640779800000, "createDate": 1636729792092, "inAccepted": true, "acceptDate": 1637148373393, "image": {"author": "ГБУ \"Татарский государственный театр драмы и комедии имени Карима Тинчурина\"", "name": "199340959a43fc770ebbae83c23e866f.jpeg", "realName": "прокультура_2.jpg", "source": "ГБУ \"Татарский государственный театр драмы и комедии имени Карима Тинчурина\""}, "photo": "https://pro.culture.ru/uploads/199340959a43fc770ebbae83c23e866f.jpeg", "gallery": [], "category": {"name": "Спектакли", "sysName": "spektakli"}, "time": {"start": "2021-12-22 08:00:00", "end": "2021-12-29 12:10:00"}}, {"id": 1386184, "name": "Опера «Тюляк»", "age": 0, "description": "<p>Эта постановка стала посвящением Жиганову и выдающемуся дирижеру Фуату Мансурову, который участвовал в исполнении всех опер композитора и заслужил его особое доверие.</p><p>Произведение зазвучало вновь после 50 лет забвения. Материал Жиганова был переосмыслен, постановка стала более лаконичной, в ней появилась новая сюжетная линия, где соприкасаются прошлое и настоящее. К симфоническим тембрам добавились инструменты народного оркестра Tatarica под управлением Рината Халитова. </p><p>В постановке принимают участие солисты, хор оперной студии Казанской консерватории и театр танца «Сайдаш». Режиссер-постановщик – выпускник Российского института театрального искусства ГИТИС Евгений Артамонов.</p>", "shortDescription": "КГК им. Н. Г. Жиганова возродил оперу на либретто Н. Исанбета.", "min_price": 300, "max_price": 500, "link": "https://tickets.tinchurinteatr.ru/ru/?id_event=1812", "needCheck": true, "status": "accepted", "updateDate": 1634816685825, "start": 1635780600000, "end": 1635789600000, "createDate": 1634047046216, "inAccepted": true, "acceptDate": 1634816685836, "image": {"author": " театр", "name": "9e8a57779c0bcdc8cc928337fa12b704.jpeg", "realName": "acc3a3a15830d387b212831c5065995c.jpeg", "source": "https://tickets.tinchurinteatr.ru/ru/?id_event=1812"}, "photo": "https://pro.culture.ru/uploads/9e8a57779c0bcdc8cc928337fa12b704.jpeg", "gallery": ["https://pro.culture.ru/uploads/893a8508df23476205ffbeae00c7eed3.jpeg", "https://pro.culture.ru/uploads/da2b1c409207230dfc0dda9f21e7ab83.jpeg", "https://pro.culture.ru/uploads/a78e39e0bfe34c3e16115d6e9c2aa232.jpeg", "https://pro.culture.ru/uploads/4159e16ea01fdedc3f2e196aba5aca96.jpeg", "https://pro.culture.ru/uploads/b448208a64569426b6434a0c57318742.jpeg"], "category": {"name": "Спектакли", "sysName": "spektakli"}, "time": {"start": "2021-11-01 15:30:00", "end": "2021-11-01 18:00:00"}}, {"id": 1344032, "name": "Спектакль «Сваты»", "age": 16, "description": "<p> Бог мечтал, чтобы Адам и Ева создали образцовую семью, основанную на Любви.Этого же хочет сваха Сара. Она желает объединить одинокие сердца, которые жаждут любви.Мать жениха Сафия тоже хочет, чтобы сын был счастлив. Но, она против той невесты, которую сосватала сваха. Однако.… Все улеглось. Свадьба началась. Все счастливы. Но…​</p><p>Автор: Сулейман Латыпов</p><p>Режиссер – постановщик: Азат Зарипов, Заслуженный артист Республики Татарстан</p><p>Художник – постановщик: Раиль Садриев, Народный артист Республики Татарстан</p><p>Продолжительность: 120 минут </p>", "shortDescription": "Комедия на татарском языке в двух действиях.", "min_price": 300, "max_price": 1000, "link": "https://bileton.ru/events/kodalar-kodachalar-gastroli-buinskogo-dram-teatra-53286", "status": "accepted", "updateDate": 1637691224467, "start": 1635084000000, "end": 1635272400000, "createDate": 1632302574235, "inAccepted": true, "acceptDate": 1633628000259, "image": {"author": "Буинский государственный драматический театр", "name": "8da37da76ebe2ac757d4fbb9df145e47.png", "realName": "719765314548883645bd77f884f49587.png", "source": "Буинский государственный драматический театр"}, "photo": "https://pro.culture.ru/uploads/8da37da76ebe2ac757d4fbb9df145e47.png", "gallery": ["https://pro.culture.ru/uploads/28cf863efae67eba5b32d30d42fa113d.png"], "category": {"name": "Спектакли", "sysName": "spektakli"}, "time": {"start": "2021-10-24 14:00:00", "end": "2021-10-26 18:20:00"}}, {"id": 1323102, "name": "Спектакль «Фатыйма»", "age": 12, "description": "<p>В спектакле «Фатыйма» описывается самоотверженный героический труд женщин-тружениц в годы Великой Отечественной войны, принявших на свои плечи тяготы жизни суровых военных лет и с честью выдержавших трудные испытания. Справиться с ними помогала, естественно, любовь – любовь к родной земле, второй половинке, родным, близким... <br />Автор: Мирсай Амир <br />Режиссер: Тимур Кулов <br />Возрастная категория: 12+ <br />Продолжительность: 2 часа 20 минут <br /><br />Фатыйма – Гульзада Камартдинова, заслуженная артистка РТ <br />Фарит – Вильнур Шайхутдинов <br />Шайхулла – Ринат Акберов <br />Маргуба – Амина Шарафутдинова <br />Халида – Лилия Газизуллина <br />Закир – Ильфир Султанов <br />Каюм – Булат Гараев <br />Галима – Гульназ Гизатуллина <br />Салима – Эльмира Семенова <br />Гайша – Наиля Имангулова<br />Хайри – Ирек Гайнетдинов <br />Газима – Айгуль Сагеева <br />Хадича – Рима Хамидуллина <br />Дильбар – Руфина Хаматдинова <br />Салиха – Камила Шарифзянова <br />Насима – Инзиля Фатхиева <br />Мадина – Наиля Имангулова <br />Туфан – Ильфат Самерханов</p>", "shortDescription": "По пьесе М. Амира «Песня жизни».", "min_price": 300, "max_price": 1000, "link": "https://bileton.ru/events/fatyyma-52995", "status": "accepted", "updateDate": 1632049273410, "start": 1632481200000, "end": 1635184200000, "createDate": 1631268241325, "inAccepted": true, "acceptDate": 1632049273414, "image": {"author": "Буинский государственный драматический театр", "name": "98428a234756192ba77d475df4fc078e.png", "realName": "519D9140-37A6-4CEA-9CF6-E27E03765470.png", "source": "Буинский государственный драматический театр"}, "photo": "https://pro.culture.ru/uploads/98428a234756192ba77d475df4fc078e.png", "gallery": ["https://pro.culture.ru/uploads/88954b34353b2302eb0c50774aedefdf.png", "https://pro.culture.ru/uploads/021513940586e7427f043bbd23ab58f7.png"], "category": {"name": "Спектакли", "sysName": "spektakli"}, "time": {"start": "2021-09-24 11:00:00", "end": "2021-10-25 17:50:00"}}, {"id": 1292407, "name": "Спектакль «Не покидай меня...»", "age": 12, "description": "<p> Пока Зуфар три года служил на морфлоте любимая девушка Наргиза ждала его возвращения. У парня большие планы на дальнейшую жизнь: стать батыром сабантуя, как покойный отец и создать свою семью с любимой Наргизой. Вскоре Зуфар становится батыром не только села, но и чемпионом России. Только вот беда поджидала его неподалеку.</p><p>Неудачно прыгнув воду, он ломает позвоночник, коварная разлучница помешает счастью с любимой. Судьба жестоко обошлась с парнем.Найдешь ли ты свою дорогу, парень, не потеряешь ли надежду? </p>", "shortDescription": "Мелодрама о превратностях судьбы.", "min_price": 250, "max_price": 500, "link": "https://bileton.ru/events/amanulla-tashlap-kitm-menzelinskiy-dram-teatr-52809", "status": "accepted", "updateDate": 1640093689376, "start": 1632326400000, "end": 1634751000000, "createDate": 1629896032166, "inAccepted": true, "acceptDate": 1634221502558, "image": {"author": "МЕНЗЕЛИНСКИЙ ГОСУДАРСТВЕННЫЙ ТАТАРСКИЙ ДРАМАТИЧЕСКИЙ ТЕАТР ИМ.САБИРА АМУТБАЕВА    ", "name": "a7bdb220954c20da324ad0063a234ad4.jpeg", "realName": "DSC_4510.JPG", "source": "МЕНЗЕЛИНСКИЙ ГОСУДАРСТВЕННЫЙ ТАТАРСКИЙ ДРАМАТИЧЕСКИЙ ТЕАТР ИМ.САБИРА АМУТБАЕВА    "}, "photo": "https://pro.culture.ru/uploads/a7bdb220954c20da324ad0063a234ad4.jpeg", "gallery": ["https://pro.culture.ru/uploads/b2ec4b0e9aee88f48cfd43f2266145dd.jpeg", "https://pro.culture.ru/uploads/e2b934c3fc5ae35cba72129b555dad77.jpeg", "https://pro.culture.ru/uploads/e9431eafd1e32e8b6c5bf9765b5b4f57.jpeg", "https://pro.culture.ru/uploads/f2ee1c9ca85ae472b4a17d5e5aa56b9a.jpeg"], "category": {"name": "Спектакли", "sysName": "spektakli"}, "time": {"start": "2021-09-22 16:00:00", "end": "2021-10-20 17:30:00"}}, {"id": 1258701, "name": "Спектакль «Ты моя единственная»", "age": 6, "description": "<p>Первая любовь Айнура спасает его от смерти. Алина тоже не может забыть свои чувства к нему. Но судьба продолжает посылать им все новые испытания. Алина и Айнур вновь встретятся лишь спустя время, после многих потерь. Стоит ли разрушать то счастье, созданное с другим, ради первой любви, оставшееся в далеком прошлом? Протянет ли руку слепой на оба глаза Айнур своей возлюбленной, чтобы она прыгнула в пропасть жизни вместе с ним? </p><p>Спектакль о чистой, светлой любви двух сердец, счастье которых разрушила война; о зависимости человеческой жизни от зловещей машины государства, которая неумолимо и бездушно перемалывает людские судьбы.</p>", "shortDescription": "Сюжет основан на реальных событиях.", "min_price": 300, "max_price": 1000, "link": "https://tickets.tinchurinteatr.ru/ru/?id_event=1705", "status": "accepted", "updateDate": 1640638191829, "start": 1635501600000, "end": 1642183200000, "createDate": 1628250505213, "inAccepted": true, "acceptDate": 1639214489967, "image": {"author": "Алик Сагатов", "name": "317888a3df2ee65f46f0203f7b746cd0.jpeg", "realName": "CA_L88563 (1).jpg", "source": "https://tickets.tinchurinteatr.ru/event/1656"}, "photo": "https://pro.culture.ru/uploads/317888a3df2ee65f46f0203f7b746cd0.jpeg", "gallery": ["https://pro.culture.ru/uploads/f42ee1c42bec7ff5d60238bdc5aa2443.jpeg", "https://pro.culture.ru/uploads/096728cc5d5e1f00cb5af43ffd018b70.jpeg", "https://pro.culture.ru/uploads/a234c37115a4430c19602abf84395f0c.jpeg", "https://pro.culture.ru/uploads/0c57866b00ff5305018212e82237fcb8.jpeg", "https://pro.culture.ru/uploads/7d4aec435a2af560be18b5894d81f1c4.jpeg"], "category": {"name": "Спектакли", "sysName": "spektakli"}, "time": {"start": "2021-10-29 10:00:00", "end": "2022-01-14 18:00:00"}}, {"id": 1248067, "name": "Спектакль «Folks. Сказки народов мира»", "age": 6, "description": "<p>Что общего между будущим финским писателем, начинающим итальянским фотографом и студентом-инженером из Германии? Что роднит индийского учителя йоги и молодую эко-активистку из Аргентины?</p><p>По сюжету спектакля, молодой студент-антрополог оказывается в международном языковом лагере, где знакомится с культурой братских народов. Они смотрят на звезды, играют в мяч и рассказывают истории – выдуманные и настоящие.</p><p>Это спектакль-воспоминание, спектакль-медитация о том, что границ не существует. О дружбе и о любви. О тех людях, которые остаются в нашей памяти навсегда.</p><p>Спектакль FOLKS создан на основе личного опыта участников. В процессе создания артисты знакомились с студентами из разных стран, изучали языки – финский, итальянский, испанский, немецкий, французский… Совершили экспедицию в марийские леса, где, в эпоху закрытых границ, смоделировали жизнь в международной коммуне.</p>", "shortDescription": "Это постановка-воспоминание, постановка-медитация о том, что границ не существует.", "min_price": 300, "max_price": 999, "link": "https://tickets.tinchurinteatr.ru/ru/?id_event=1745", "status": "accepted", "updateDate": 1630072746207, "start": 1631806200000, "end": 1631815200000, "createDate": 1627887216142, "inAccepted": true, "acceptDate": 1630300012906, "image": {"author": "Сагатов", "name": "925fa71f39216f78e6bdfa60dbab1220.jpeg", "realName": "2092f54e192828e5a26db917a1c86fc4.jpeg", "source": "https://tickets.tinchurinteatr.ru/"}, "photo": "https://pro.culture.ru/uploads/925fa71f39216f78e6bdfa60dbab1220.jpeg", "gallery": ["https://pro.culture.ru/uploads/080b90169099287aa111e0438101d710.jpeg"], "category": {"name": "Спектакли", "sysName": "spektakli"}, "time": {"start": "2021-09-16 15:30:00", "end": "2021-09-16 18:00:00"}}, {"id": 1228935, "name": "Спектакль «Город Брежнев»", "age": 0, "description": "<p><span style=\"font-style:normal;font-weight:400\">В драме, поставленной по роману – посвятившие себя работе родители и подростки, лишенные их внимания. Артур, получивший сравнительно «правильное» воспитание, однако не оставшийся в стороне от уличного влияния; Витальтолич, не нашедший своего предназначения в жизни; Маринмихална, вынужденная снять розовые очки – эти и другие герои заставят зрителя произвести «перестройку» самого себя.</span></p><p><span style=\"font-style:normal;font-weight:400\">\n\nСпектакль получился действительно очень многословным. Олег Кинзягулов не побоялся помимо ключевых диалогов вложить в уста героев внутренние монологи и авторский текст. Но это вовсе не повредило постановке. Общая атмосфера, музыка, декорации с самого начала настроили зрителя на размеренный, меланхолический лад. Практически все действие разворачивается на крыше многоэтажки, над которой нависают строительные краны с бетонными панелями. Технологически аскетичный и в то же время емкий и точный образ был создан художником Лейсан Хусаиновой. Это и каменные джунгли, и романтические, устремленные ввысь мечты подростков и опасное хождение по краю бездны.\n\n<br /></span></p>", "shortDescription": "Cчастливые 80-е годы страны под названием СССР.", "min_price": 300, "max_price": 998, "link": "https://tinchurinteatr.ru/ru/shows/", "status": "accepted", "updateDate": 1629471580068, "start": 1631892600000, "end": 1631901600000, "createDate": 1626698920134, "inAccepted": true, "acceptDate": 1629698282837, "image": {"author": "Рамис Назмиев", "name": "f743d6a2b8da42c47dd3c68c2cac197a.jpeg", "realName": "2Qlhcr-9UDI.jpg", "source": "https://www.culture.ru/institutes/21667/naberezhnochelninskii-gosudarstvennyi-tatarskii-dramaticheskii-teatr-imeni-ayaza-gilyazova"}, "photo": "https://pro.culture.ru/uploads/f743d6a2b8da42c47dd3c68c2cac197a.jpeg", "gallery": [], "category": {"name": "Спектакли", "sysName": "spektakli"}, "time": {"start": "2021-09-17 15:30:00", "end": "2021-09-17 18:00:00"}}, {"id": 1228380, "name": "Спектакль «Безумный никах, или Похищение жениха»", "age": 6, "description": "<p>Герои, желающие породниться, поклялись: «Если у одного родится дочь, а у другого – сын, поженим!» Но, к сожалению, у обоих рождаются сыновья. Таким образом уговор теряет свой смысл. Азват перед смертью (он был убежден, что покинет этот мир через три дня) вспомнил давнюю клятву и заявил о переходе этого обычая внукам. При невыполнении его последнего пожелания роду грозит несчастье. Ради деда решают устроить фиктивный никах и похитить жениха.</p><p> «Безумный никах» – постановка без какого-либо второго дна. Это просто забавная история. Старик Азват (Зуфар Харисов, который иногда начинает писклявым голосом изображать больного) сообщает сыну Бахету (Ирек Хафизов), что ему начал являться его друг Садри, умерший 20 лет назад. Когда-то они пообещали друг другу женить детей, но у обоих родились мальчики. Теперь дух друга предлагает соединить узами брака его внука и внучку Азвата, а тот должен выполнить уговор. К тому же герой чует, что умрет он через три дня.<br /></p><p></p>", "shortDescription": "Когда-то два друга Азват и Садри решили породниться и дали друг другу клятву.", "min_price": 300, "max_price": 1000, "link": "https://tickets.tinchurinteatr.ru/ru/?id_event=1764", "needCheck": true, "status": "accepted", "updateDate": 1640638194742, "start": 1633534200000, "end": 1642609800000, "createDate": 1626683248135, "inAccepted": true, "acceptDate": 1640163061824, "image": {"author": "Олег Сагатов", "name": "3556f9983e266de3a04a4f63a37023a1.jpeg", "realName": "DSC_2548-1623x1080.jpg", "source": "https://tickets.tinchurinteatr.ru/ru/?id_event=1698"}, "photo": "https://pro.culture.ru/uploads/3556f9983e266de3a04a4f63a37023a1.jpeg", "gallery": ["https://pro.culture.ru/uploads/8ee4f8732101a3d1d79bfaf0c2141fff.jpeg", "https://pro.culture.ru/uploads/1041e3053bc57097b1744e68c1f74083.jpeg", "https://pro.culture.ru/uploads/41e0742d50322d2bd37555eda7553a5a.jpeg", "https://pro.culture.ru/uploads/8129c3ee5b3bf5dd9f6ce1106f7e4da2.jpeg"], "category": {"name": "Спектакли", "sysName": "spektakli"}, "time": {"start": "2021-10-06 15:30:00", "end": "2022-01-19 16:30:00"}}, {"id": 1228318, "name": "Мастер-класс «За кулисами»", "age": 0, "description": "<p>Артисты театра проводят в игровой форме обучение для детей : сценическая речь, актерское мастерство. Знакомят с закулисной жизнью театра: секреты бутафории, грима и т.д</p><p>Созданы условия для отработки командного взаимодействия, для развития креативности и стремления к победе, совершенствования всестороннего развития творческих способностей детей средствами театрального искусства.<br /></p><p>Квест направлен на развивитие желания у детей преодолевать трудности; предоставляет возможность испытывать чувство успешности от совместного творческого процесса; развивать творческую самостоятельность в создании художественного образа, используя для этой цели игровые импровизации.<br /></p>", "shortDescription": "Занятие с артистами театра.", "min_price": 300, "link": "https://tickets.tinchurinteatr.ru/ru/?id_event=1739", "needCheck": true, "status": "accepted", "updateDate": 1640598598812, "start": 1633078800000, "end": 1640340000000, "createDate": 1626681750035, "inAccepted": true, "acceptDate": 1632925977917, "image": {"author": "А.МУХАМЕДШИНА", "name": "9b568d55ccdbaa769b716a61b17e8818.jpeg", "realName": "photo1624431474.jpeg", "source": "https://tinchurinteatr.ru/"}, "photo": "https://pro.culture.ru/uploads/9b568d55ccdbaa769b716a61b17e8818.jpeg", "gallery": [], "category": {"name": "Обучение", "sysName": "obuchenie"}, "time": {"start": "2021-10-01 09:00:00", "end": "2021-12-24 10:00:00"}}, {"id": 1228263, "name": "Программа «GO-Квест»", "age": 0, "description": "<p>Игра для детей, направленная на решение различных загадок театральной тематики. Проводится на разных площадках театра (фойе, музей театра и т. д.).</p><p>Детские квесты дают возможность ребенку оказаться в различных амплуа, благодаря чему развивается более творческая и разносторонняя личность. За небольшое время ребенок непрерывно проходит испытания, решает головоломки и ребусы, что положительно сказывается на развитии его умственных способностей: происходит развитие мышления и памяти, улучшение воображения, развиваются личностные качества, растет воля и мотивация к победе.<br /></p>", "shortDescription": "Игра для детей, направленная на решение различных загадок театральной тематики. ", "min_price": 300, "link": "https://tickets.tinchurinteatr.ru/ru/?id_event=1739", "status": "accepted", "updateDate": 1640598598391, "start": 1632474000000, "end": 1639735200000, "createDate": 1626680569721, "inAccepted": true, "acceptDate": 1632926026696, "image": {"author": "Сагатов А,", "name": "7dbd0c769c1203396ab7281e01200969.jpeg", "realName": "3W09cEcN-Ac.jpg", "source": "https://tickets.tinchurinteatr.ru"}, "photo": "https://pro.culture.ru/uploads/7dbd0c769c1203396ab7281e01200969.jpeg", "gallery": [], "category": {"name": "Прочие", "sysName": "prochie"}, "time": {"start": "2021-09-24 09:00:00", "end": "2021-12-17 10:00:00"}}, {"id": 1227117, "name": "Концерт «Шедевры татарской классической музыки»", "age": 6, "description": "<p>Камерный оркестр татарского государственного театра драмы и комедии им.К.Тинчурина под управлением дирижера Ильяса Камала представляет цикл концертов. Одно из основных тематических направлений – возрождение и популяризация произведений одного из основоположника музыки Салиха Сайдашева.</p><p>Музыкальное дарование Сайдашева проявилось рано. Первым инструментом, на котором он начал играть, была гармоника. Затем родственники приобрели для него<span> рояль</span>. Первым учителем его был народный музыкант загидулла Яруллин, а затем видные педагоги Казанского музыкального училища. Отец С. Сайдашева умер, так и не увидев сына. Салих воспитывался в семье сестры, муж которой Шигаб Ахмеров принадлежал к прогрессивным кругам татарской интеллигенции.</p>", "shortDescription": "В программе – произведения композиторов-классиков, а также современных татарских авторов.", "min_price": 300, "max_price": 500, "link": "https://tickets.tinchurinteatr.ru/ru/?id_event=1796", "status": "accepted", "updateDate": 1639560111531, "start": 1634461200000, "end": 1638702000000, "createDate": 1626443902777, "inAccepted": true, "acceptDate": 1633164221626, "image": {"author": "Театр", "name": "f8650a48dbb4d42cb38b46ed1939fca1.jpeg", "realName": "Cc2d1FvTqM8.jpg", "source": "https://tinchurinteatr.ru"}, "photo": "https://pro.culture.ru/uploads/f8650a48dbb4d42cb38b46ed1939fca1.jpeg", "gallery": [], "category": {"name": "Концерты", "sysName": "koncerty"}, "time": {"start": "2021-10-17 09:00:00", "end": "2021-12-05 11:00:00"}}, {"id": 1227075, "name": "Программа «Литературно-музыкальный вечер»", "age": 6, "description": "<p> Литературно-музыкальный вечер посвящен двум прекрасным видам искусства. Поэзия и музыка… Что появилось раньше? Что сильнее трогает человеческую душу? Что прекраснее? Что нужнее человеку? На эти вопросы вряд ли можно дать однозначный ответ. Ясно одно: человеку невозможно прожить без музыки и поэтического слова. Вечер способствует формированию культуры у молодежи на основе их приобщения к миру прекрасного, к миру музыки и поэзии.</p> <p>Оркестр театра под управлением главного дирижера театра, лауреата премии им.М.Джалиля Ильяса Камала исполнят произведения современных композиторов и талантливых татарских композиторов..Так же планируется знакомство с экспонатами музея, различные тематические выставки, а также встреча с артистами театра, приглашенными писателями, деятелями исскуства. </p><p>В настоящее время в Театральном музее работает несколько постоянных экспозиций,<span> в которой история мирового театра наглядно преподносится самому широкому зрителю. Несомненно, уникальной возможностью для зрителей является то, что здесь каждый может познакомиться с личными вещами одного из основателей театра – великого драматурга, актера и режиссера Карима Тинчурина. В музее часто проводятся тематические выставки, различные культурные мероприятия, связанные с жизнью театра.</span></p>", "shortDescription": "Посетителей ждут музыкальные номера, экскурсии и беседы с артистами театра и писателями.", "min_price": 200, "max_price": 298, "link": "https://tinchurinteatr.ru/", "status": "accepted", "updateDate": 1640598598605, "start": 1634741100000, "end": 1640196000000, "createDate": 1626442386107, "inAccepted": true, "acceptDate": 1629111750667, "image": {"author": "А.Мухамедшина", "name": "85f150e227ce5b51113ff516acbc2d4e.jpeg", "realName": "photo5375114467177771821.jpg", "source": "https://tinchurinteatr.ru/ru/"}, "photo": "https://pro.culture.ru/uploads/85f150e227ce5b51113ff516acbc2d4e.jpeg", "gallery": ["https://pro.culture.ru/uploads/2353f35a7e94ed924166c88067a9f48b.jpeg"], "category": {"name": "Встречи", "sysName": "vstrechi"}, "time": {"start": "2021-10-20 14:45:00", "end": "2021-12-22 18:00:00"}}, {"id": 1164374, "name": "Спектакль «И этот мир...»", "age": 18, "description": "<p>Поэт для татар больше чем поэт. Основа нашего национального сознания и нашей литературы в поэзии. Тукай, Дэрдемэнд, Джалиль, Х.Такташ, Х.Туфан… Мударрис Аглямов один из последних ярких представителей татарской поэзии. Его жизнь похожа на грустную комедию со своими драматическими поворотами и анекдотическими ситуациями. Человек, живший с прозвищами: Философ, бунтарь, Маленький Гигант, маргинал, Шурале, Экэ, дитя природы… Его жизнь – своеобразная Мударрисиада. Его путешествие через потери, боль, поэзию, любовь, остроумие, мечты, болезнь и надежду делают из него настоящего Экэ (старший) в современной татарской поэзии.</p>", "shortDescription": "Стихи М. Аглямова переносят зрителя в космос.", "min_price": 200, "max_price": 800, "link": "https://tickets.tinchurinteatr.ru/event/1711", "needCheck": true, "status": "accepted", "updateDate": 1640638191329, "start": 1625067000000, "end": 1638471600000, "createDate": 1623064721941, "inAccepted": true, "acceptDate": 1632926159985, "image": {"author": "Р.Назмиев", "name": "7b77bfcaf160c36fd5b040f6c50ab7f2.jpeg", "realName": "photo1625215652 (7).jpeg", "source": "https://tinchurinteatr.ru/"}, "photo": "https://pro.culture.ru/uploads/7b77bfcaf160c36fd5b040f6c50ab7f2.jpeg", "gallery": ["https://pro.culture.ru/uploads/97b387e31dfae662263fd6443a31246f.jpeg"], "category": {"name": "Спектакли", "sysName": "spektakli"}, "time": {"start": "2021-06-30 15:30:00", "end": "2021-12-02 19:00:00"}}, {"id": 1034047, "name": "Спектакль «Темный лес»", "age": 16, "description": "<p>Кто ты? Кто я? Кто они? Как ты поступишь, оставшись на стыке двух миров? Когда возникнет необходимость принять решение за собственную судьбу, судьбу близких и своего племени? Готов ли ты к этой ответственности? Сможешь ли построить «новый мир», отрекшись от собственной сути, от своих корней? Иль заблудишься в дебрях дремучего леса, готового тебя поглотить? Что в недрах того леса – гибель или спасение? </p><p>Пьеса «Темный лес» призывает к новому «прочтению» героев и мифов, что были, казалось, известны с самого раннего детства. Увидеть события, встроенные в жанр современной лиро-эпики и фэнтези, под другим углом. Это – неписаная история. Тем она и волнительна. Тем она и тревожна.</p><p>«В начале времен мы были созданы, чтобы оберегать друг друга, спасать при нависшей угрозе и беде. И было согласие в мире, и была гармония. А после мы направили свои силы друг против друга, и мир перевернулся, стал неузнаваем. Опасен. Сейчас ты стоишь перед страшным выбором. Находишься на стыке двух миров. У тебя есть возможность поступить иначе».</p>", "shortDescription": "События, встроенные в жанр современной лиро-эпики и фэнтези, под другим углом.", "min_price": 300, "max_price": 1000, "link": "https://tinchurinteatr.ru/ru/repertoire/%d0%ba%d0%b0%d1%80%d1%83%d1%80%d0%bc%d0%b0%d0%bd/", "needCheck": true, "status": "accepted", "updateDate": 1640598682839, "start": 1619710200000, "end": 1638900000000, "createDate": 1617629066729, "inAccepted": true, "acceptDate": 1632925445593, "image": {"author": "Алик Сагатов", "name": "5f0df75b0453eab6575da6c5e3531591.jpeg", "realName": "8954-b5025e220a52.jpg", "source": "https://tinchurinteatr.ru/ru/repertoire/%d0%ba%d0%b0%d1%80%d1%83%d1%80%d0%bc%d0%b0%d0%bd/"}, "photo": "https://pro.culture.ru/uploads/5f0df75b0453eab6575da6c5e3531591.jpeg", "gallery": ["https://pro.culture.ru/uploads/e7ccf766b1e321919b5ce3cd6011f423.jpeg", "https://pro.culture.ru/uploads/3a6493b3a63ac6edba790e4f6d656cc1.jpeg", "https://pro.culture.ru/uploads/7048ddf416d38e6320bdf09dfb48cf6d.jpeg"], "category": {"name": "Спектакли", "sysName": "spektakli"}, "time": {"start": "2021-04-29 15:30:00", "end": "2021-12-07 18:00:00"}}, {"id": 1026510, "name": "Спектакль «Как мотылек на пламя...»", "age": 12, "description": "<p>Мунавара, жаждущая любви и тепла, остается вместо своего мужа, ушедшего на войну, лесником. Молодая жена бережет лес, посаженный Сафаром, как зеницу ока. Однако народ даже не приближается к лесу, боясь, что безжалостный Сафар вернется и накажет их. </p><p>Однажды в скучной жизни Мунавары, которая прожила все четыре года одна в ожидании мужа, происходит неожиданная перемена. Главная героиня постановки, в сердце которой бушует буря любви, оказывается между двух огней. Что теперь делать? Ждать грубого и бесчувственного мужа или броситься в огонь, словно бабочка, со словами: «Лучше умереть, чем всю жизнь мерзнуть в холодных объятиях»?</p>", "shortDescription": "Романтическая постановка о женской душе и о том, как сладка и горька поздняя любовь.", "min_price": 300, "max_price": 1000, "link": "https://tickets.tinchurinteatr.ru/ru/event/1673", "status": "accepted", "updateDate": 1640638171875, "start": 1618587000000, "end": 1637258400000, "createDate": 1617281901604, "inAccepted": true, "acceptDate": 1633445204863, "image": {"author": "Алик Сагатов", "name": "1e18676c82f9179f15ad58e61e50947b.jpeg", "realName": "DSC_0780-1623x1080.jpg", "source": "https://tickets.tinchurinteatr.ru/event/1524"}, "photo": "https://pro.culture.ru/uploads/1e18676c82f9179f15ad58e61e50947b.jpeg", "gallery": ["https://pro.culture.ru/uploads/4d4c5eff3b713a9977ac2711ee146d3e.jpeg", "https://pro.culture.ru/uploads/246c9da01292548d7ee6d74c83801baf.jpeg"], "category": {"name": "Спектакли", "sysName": "spektakli"}, "time": {"start": "2021-04-16 15:30:00", "end": "2021-11-18 18:00:00"}}, {"id": 1025563, "name": "Спектакль «Ход»", "age": 18, "description": "<p>«Ход!»</p><p>В игре шахмат всё просто. Проиграешь – переставишь фигуры и начнёшь заново. А в жизни всё по-другому, назад пути нет. Здесь решается жизнь, нет деления на чёрный и белый. </p><p>Герой в моноспектакле «Ход!» в раннем возрасте встречается с глазу на глаз с действительностью. Боль в душе не даёт ему покоя. Появляется потребность добиться справедливости в этой жизни, что приводит его к решению стать прокурором и продолжать род знатной династии. В детективе монодраме рассказывается тёмная сторона жизни. Но суровый, беспощадный прокурор, в борьбе за справедливость, все равно добивается своего.</p>", "shortDescription": "История беспощадного прокурора, который всегда за справедливость.", "min_price": 300, "max_price": 1000, "link": "https://tickets.tinchurinteatr.ru/event/1645", "status": "accepted", "updateDate": 1640598680809, "start": 1618327800000, "end": 1639674000000, "createDate": 1617270674096, "inAccepted": true, "acceptDate": 1632897888574, "image": {"author": "Чингиз Абызов", "name": "7262746955a89cd95f1e1c4b167bb593.jpeg", "realName": "DSC09807.JPG", "source": "https://tinchurinteatr.ru/ru/repertoire/%d1%88%d0%b0%d1%85-%d0%bc%d0%b0%d1%82/"}, "photo": "https://pro.culture.ru/uploads/7262746955a89cd95f1e1c4b167bb593.jpeg", "gallery": [], "category": {"name": "Спектакли", "sysName": "spektakli"}, "time": {"start": "2021-04-13 15:30:00", "end": "2021-12-16 17:00:00"}}, {"id": 875647, "name": "Спектакль «Полиционер»", "age": 16, "description": "<p>Участковый милиционер по имени Идеал, пройдя переаттестацию, хочет стать сотрудником полиции. Хотя он и работает во внутренних органах уже давно (до пенсии осталось только год!), считается по показателям самым худшим участковым милиционером в своем отделе. У него нет ни одного протокола, ни одного раскрытого преступления. Ни одно дело не дошло до суда. А скоро переаттестация! Если в скором времени он не улучшит свои показатели, то все мечты идеала рухнутся…</p><p>Но как гласит народная мудрость: «не имей сто рублей, а имей сто друзей». В музыкальной комедии, где разоблачаются некоторые темные стороны общества, главному герою приходят на помощь односельчане, сослуживцы и, конечно же, родители.</p>", "shortDescription": "Действия происходят во времена переименования милиции в полицию.", "min_price": 300, "max_price": 1000, "link": "https://tickets.tinchurinteatr.ru/event/1613", "needCheck": true, "status": "accepted", "updateDate": 1640638168960, "start": 1609923600000, "end": 1639155600000, "createDate": 1608986053172, "inAccepted": true, "acceptDate": 1632925866411, "image": {"author": "Рамис Назмиев", "name": "488ef7be422aad065ba821762e069240.jpeg", "realName": "sxJst6mvge0.jpg", "source": "https://tickets.tinchurinteatr.ru/event/1400"}, "photo": "https://pro.culture.ru/uploads/488ef7be422aad065ba821762e069240.jpeg", "gallery": ["https://pro.culture.ru/uploads/9d4d223a37591a51a5d2f1607a2be623.jpeg", "https://pro.culture.ru/uploads/998c59ad6c8107a92841de6f537dcb18.jpeg", "https://pro.culture.ru/uploads/01bbcf9dd014c4a5e6fe48712b359208.jpeg", "https://pro.culture.ru/uploads/3f9fb3d3ba8491d4cba521fe3750b034.jpeg"], "category": {"name": "Спектакли", "sysName": "spektakli"}, "time": {"start": "2021-01-06 09:00:00", "end": "2021-12-10 17:00:00"}}, {"id": 875632, "name": "Спектакль «Мечтатель»", "age": 12, "description": "<p>На окраине деревни живет пожилая пара, мечтательный Гиззат бабай и его жена Шарифа. Живут хорошо, но за долгую семейную жизнь, они так и не научились понимать друг друга. Все меняется с приездом в деревню медсестры Йолдыз, которую Салим, молодой председатель сельсовета, решил поселить у них дома.</p><p>Спектакль заинтересует зрителей чередой трогательных и комических переплетений. Герои, а вместе с ними и зрители погрузятся в мир грез, научатся ценить свою жизнь, а самое главное, наполнять ее любовью. Эта красивая история приведет к самому неожиданному финалу и не оставит зрителей равнодушными. Никогда не поздно научиться мечтать!</p>", "shortDescription": "Зрители смогут помечтать вместе со актерами.", "min_price": 300, "max_price": 1000, "link": "https://tickets.tinchurinteatr.ru/ru/?id_event=1649", "status": "accepted", "updateDate": 1640598678974, "start": 1609837200000, "end": 1637341200000, "createDate": 1608985286533, "inAccepted": true, "acceptDate": 1633164117159, "image": {"author": "Алик Сагатов", "name": "c63f7807df1432b9ff5ecac0894e7a63.jpeg", "realName": "DSC_4459.jpg", "source": "https://tickets.tinchurinteatr.ru/event/1398"}, "photo": "https://pro.culture.ru/uploads/c63f7807df1432b9ff5ecac0894e7a63.jpeg", "gallery": ["https://pro.culture.ru/uploads/77b61714e955fe1cbdb36b1d21ab3192.jpeg", "https://pro.culture.ru/uploads/12654aa20dac1631f287140f2d002507.jpeg", "https://pro.culture.ru/uploads/09f317e275c77bb94034228f922dc389.jpeg"], "category": {"name": "Спектакли", "sysName": "spektakli"}, "time": {"start": "2021-01-05 09:00:00", "end": "2021-11-19 17:00:00"}}, {"id": 875619, "name": "Спектакль «Эх, яблоньки мои!»", "age": 6, "description": "<p>В деревне Яблоньки с большой надеждой ждут Президента! Им обещали, что он должен прибыть для торжественного открытия нового клуба. Это событие никого из местных жителей не оставляет равнодушным, поэтому они активно готовятся к празднику. Дни и ночи репетируют, повторяют танцы, разучивают песни на трех языках, даже свой фокусник объявился в деревне. Но вот проблема: кто должен первым выступить на этом ответственном мероприятии? Кто заслужил такую честь – деревенские ветераны, сельская молодежь или нежданные певцы из города?</p><p>Кто победит в этом творческом споре и появится ли Президент в день открытия нового клуба, вы сможете узнать, посмотрев музыкальную комедию «Эх, яблоньки мои!». В этом спектакле много доброго народного юмора, много знакомых песен и ярких танцев.</p><p>Спектакль адресован любой возрастной категории зрителей и рекомендован для просмотра всей семьей.</p>", "shortDescription": "В деревне Яблоньки с большой надеждой ждут президента.", "min_price": 300, "max_price": 1000, "link": "https://tickets.tinchurinteatr.ru/event/1617", "status": "accepted", "updateDate": 1640638168177, "start": 1609750800000, "end": 1639069200000, "createDate": 1608984550201, "inAccepted": true, "acceptDate": 1632925882076, "image": {"author": "Алик Сагатов", "name": "de985889b3f943e706608e36ebd901a0.jpeg", "realName": "DSC_75663.jpg", "source": "https://tinchurinteatr.ru/ru/"}, "photo": "https://pro.culture.ru/uploads/de985889b3f943e706608e36ebd901a0.jpeg", "gallery": ["https://pro.culture.ru/uploads/91bdbdae385b54112fb988ac87074098.jpeg", "https://pro.culture.ru/uploads/bb1989fec50bbdbc9b7cc4f55269ea90.jpeg", "https://pro.culture.ru/uploads/e6fdd78901914dbfd3bbc77c5cd018b8.jpeg"], "category": {"name": "Спектакли", "sysName": "spektakli"}, "time": {"start": "2021-01-04 09:00:00", "end": "2021-12-09 17:00:00"}}, {"id": 875601, "name": "Спектакль «Женихи»", "age": 6, "description": "<p>Накануне свадьбы молодые поссорились из-за пустяка. Для свадьбы приготовлено много угощений и приглашено много гостей! Из деревни спешат бабушка с дедушкой! (Правда, они еще не знакомы с женихом.) Что же делать теперь? У главной героини, пока гости и бабушка с дедушкой не уедут, нет другого выхода кроме того, как посадить вместо настоящего жениха парня своей подруги…</p><p>В этой искрометной комедии, где много музыки и танцев, через смешные и забавные истории рассказывается о серьезных вещах.</p><p>Премьера спектакля состоялась 15 декабря 2011 года.</p>", "shortDescription": "Постановка о семейных передрягах.", "min_price": 300, "max_price": 1000, "link": "https://tickets.tinchurinteatr.ru/event/1618", "status": "accepted", "updateDate": 1640638170933, "start": 1609682400000, "end": 1640455200000, "createDate": 1608983809201, "inAccepted": true, "acceptDate": 1636825579044, "image": {"author": "Алик Сагатов", "name": "cc7e3da051f2e0d4fa204db49f784ba0.jpeg", "realName": "IMG_3047.jpg", "source": "https://tickets.tinchurinteatr.ru/event/1395"}, "photo": "https://pro.culture.ru/uploads/cc7e3da051f2e0d4fa204db49f784ba0.jpeg", "gallery": ["https://pro.culture.ru/uploads/a38059d63c75e1341036ff4f92832680.jpeg", "https://pro.culture.ru/uploads/2f72dcc4e980c276968db82a452e7244.jpeg", "https://pro.culture.ru/uploads/8af651bf6c4cd6fbcaeecd709886beb6.jpeg"], "category": {"name": "Спектакли", "sysName": "spektakli"}, "time": {"start": "2021-01-03 14:00:00", "end": "2021-12-25 18:00:00"}}, {"id": 875555, "name": "Спектакль «Это так. Да нет, вот так»", "age": 12, "description": "<p>Несмотря на то, что пьеса «Это так! Да нет, вот так!» была написана много лет тому назад, она не теряет своей актуальности и по сей день. Комедия состоит из 4 отдельных частей, каждая из которых имеет свой сюжет: «Как зовут тебя?», «Мы разводимся – прощай!», «Проходит время», «Лунным вечером в парке». Однако всех их объединяет одно – тема семейных ценностей. Эта комедия, где много песен и танцев, пропитана тонким юмором. Спектакль рассказывает о таких вечных темах, как человечность, жизнь и любовь. В то же время через смешные и забавные истории напоминает о том, что сохранение целостности семьи – это обязанность каждого ее члена в отдельности.</p>", "shortDescription": "Спектакль рассказывает о таких вечных темах, как человечность, жизнь и любовь.", "min_price": 300, "max_price": 1000, "link": "https://tickets.tinchurinteatr.ru/event/1393", "needCheck": true, "status": "accepted", "updateDate": 1640638172241, "start": 1633015800000, "end": 1638554400000, "createDate": 1608981360689, "inAccepted": true, "acceptDate": 1632925937951, "image": {"author": "Алик Сагатов", "name": "243d96c57461393f8018f8a2a26c38bf.jpeg", "realName": "TuUxER54r0w.jpg", "source": "https://tickets.tinchurinteatr.ru/event/1393"}, "photo": "https://pro.culture.ru/uploads/243d96c57461393f8018f8a2a26c38bf.jpeg", "gallery": ["https://pro.culture.ru/uploads/d982d0551b4989ebbb56a549ae2edf3b.jpeg", "https://pro.culture.ru/uploads/ffe62337808cd208837b8410fab3df5b.jpeg", "https://pro.culture.ru/uploads/06939be4369b0b8c8cfcffa689f73e0c.jpeg", "https://pro.culture.ru/uploads/f18054f78e78c71d5a575cbbc9302c50.jpeg"], "category": {"name": "Спектакли", "sysName": "spektakli"}, "time": {"start": "2021-09-30 15:30:00", "end": "2021-12-03 18:00:00"}}, {"id": 712455, "name": "Спектакль «Угасшие звезды»", "age": 6, "description": "<p>Повседневная жизнь, традиции и обычаи, песни и танцы татарской деревни начала ХХ века стали далеки от обитателей мегаполиса века XXI. То, что вчера было нормой, сегодня стало экзотикой. Однако и сегодня история давно минувших дней не теряет своей актуальности, так как в ней отражена душа всего татарского народа...</p><p>1914 год. Судьбы простых крестьян уже предрешены. И только чистые сердца, которые ждут счастья и продолжают любить сильно, искренне, глубоко, побеждают даже саму смерть. </p><p></p><p>Премьера спектакля состоялась 12 апреля 2013 года.</p><p></p>", "shortDescription": "Время и события истории рушат человеческие жизни, и над всем тяготеет неизбежность и злой рок.", "min_price": 300, "max_price": 1000, "link": "https://tickets.tinchurinteatr.ru/event/1636", "status": "accepted", "updateDate": 1640638213319, "start": 1598715000000, "end": 1638986400000, "createDate": 1597836858700, "inAccepted": true, "acceptDate": 1632832488642, "image": {"author": "А.Сагатов", "name": "f1cde86360607a56fdacddb63b4441b5.jpeg", "realName": "Угасшие звезды(Карим Тинчурин) (4).jpg", "source": "https://tinchurinteatr.ru/ru/repertoire/page/4/"}, "photo": "https://pro.culture.ru/uploads/f1cde86360607a56fdacddb63b4441b5.jpeg", "gallery": ["https://pro.culture.ru/uploads/8cb0d1b322be7ea57ecbaebdb9eff2a7.jpeg", "https://pro.culture.ru/uploads/501c4b0fbbb771da33e0406e9ef15937.jpeg", "https://pro.culture.ru/uploads/aa08e8aac8da281e89eb1452a567ae7e.jpeg"], "category": {"name": "Спектакли", "sysName": "spektakli"}, "time": {"start": "2020-08-29 15:30:00", "end": "2021-12-08 18:00:00"}}, {"id": 712422, "name": "Спектакль «Я всю жизнь тебя жду»", "age": 16, "description": "<p>Судьба испытывает Адилю довольно часто: в раннем возрасте она теряет родителей, муж бросает, с работы сокращают... Когда единственная дочь выходит замуж и уезжает, она остается совсем одна. Что же теперь делать? Как продолжать жить? Но отчаиваться рано, ведь у нее есть друг детства – Гадель, который в любой сложной ситуации спешит протянуть руку помощи и безумно любит ее. </p><p>Эта необыкновенная история чистой и печальной любви простого библиотекаря и обычного лесника заставляет задуматься и улыбнуться.</p>", "shortDescription": "История одной любви длиною в жизнь.", "min_price": 300, "max_price": 1000, "link": "https://tickets.tinchurinteatr.ru/event/1665", "status": "accepted", "updateDate": 1640638190964, "start": 1598628600000, "end": 1640106000000, "createDate": 1597835689968, "inAccepted": true, "acceptDate": 1633074141137, "image": {"author": "Алик Сагатов", "name": "13bf7852bd1d696ef969e58d7ce3759c.jpeg", "realName": "DSC_7355.jpg", "source": "https://tinchurinteatr.ru/ru/repertoire/%d1%8f-%d0%b2%d1%81%d1%8e-%d0%b6%d0%b8%d0%b7%d0%bd%d1%8c-%d1%82%d0%b5%d0%b1%d1%8f-%d0%b6%d0%b4%d1%83/"}, "photo": "https://pro.culture.ru/uploads/13bf7852bd1d696ef969e58d7ce3759c.jpeg", "gallery": ["https://pro.culture.ru/uploads/140cb35d9b55d13066e013dca0834421.jpeg", "https://pro.culture.ru/uploads/62263e1c4378ad5fdebbe124f7fa9537.jpeg", "https://pro.culture.ru/uploads/026b1fe21f5e561564aeb35374e3d14d.jpeg"], "category": {"name": "Спектакли", "sysName": "spektakli"}, "time": {"start": "2020-08-28 15:30:00", "end": "2021-12-21 17:00:00"}}, {"id": 712392, "name": "Спектакль «Три аршина земли»", "age": 16, "description": "<p> С годами каждый оглядывается назад, и ничего не может удержать его от этого. Таков извечный закон!.. </p><p>После сороколетних скитаний Мирвали был вынужден вернуться в свое прошлое – родную деревню Карачурово. Но как его встретят односельчане? Ведь в молодости он совершил большую ошибку – несправедливо обошелся с ними и покинул ночью деревню. Простят ли его? Найдется ли три аршина земли для его жены Шамсигаян, чтобы исполнить ее последнее желание? Три аршина земли… Это мало или много?</p><p> Спектакль, поставленный по бессмертному произведению выдающегося писателя А. Гилязова, ищет ответы на многие философские вопросы, касающиеся человека, его счастья, а также смысла жизни.</p>", "shortDescription": "Нет ничего на свете глубже, богаче человеческой души.", "min_price": 300, "max_price": 1000, "link": "https://tickets.tinchurinteatr.ru/event/1680", "needCheck": true, "status": "accepted", "updateDate": 1640638211725, "start": 1598369400000, "end": 1640451600000, "createDate": 1597834420995, "inAccepted": true, "acceptDate": 1632897892960, "image": {"author": "Алик Сагатов", "name": "14e76b054e8aaefc07c85979b112ace2.jpeg", "realName": "Три аршина земли.JPG", "source": "https://tinchurinteatr.ru/ru/repertoire/%d3%a9%d1%87-%d0%b0%d1%80%d1%88%d1%8b%d0%bd-%d2%97%d0%b8%d1%80/"}, "photo": "https://pro.culture.ru/uploads/14e76b054e8aaefc07c85979b112ace2.jpeg", "gallery": ["https://pro.culture.ru/uploads/102cf17deaace66a6dc4a05ea6e0c2a8.jpeg", "https://pro.culture.ru/uploads/57cf809ba2f0b894215313b6e1d1573d.jpeg", "https://pro.culture.ru/uploads/dfa5384b84fa40016c1125f4ee207676.jpeg"], "category": {"name": "Спектакли", "sysName": "spektakli"}, "time": {"start": "2020-08-25 15:30:00", "end": "2021-12-25 17:00:00"}}, {"id": 712385, "name": "Спектакль «Сон»", "age": 12, "description": "<p>И нет на земле людей счастливее Клкны и Камиля. Потому что влюбленных ждут впереди совместные рассветы, светлые надежды, сладкие грезы... Однако солнце семейного счастья очень скоро затягивают черные тучи, поскольку тропинка, ведущая в страну счастья, привела их к краю пропасти. Кто виноват? В чем причина? Может, в том, что они – представители разных менталитетов? Или в несовпадении мировоззрений? Или в различии духовной составляющей? </p><p>В спектакле, где звучит живая музыка, идет активный поиск ответов на многие сложные вопросы, которые ставит жизнь.</p>", "shortDescription": "Два беззаветно любящих друг друга сердца соединяются.", "min_price": 300, "max_price": 1000, "link": "https://tickets.tinchurinteatr.ru/ru/?id_event=1639", "needCheck": true, "status": "accepted", "updateDate": 1640638193451, "start": 1599060600000, "end": 1638723600000, "createDate": 1597833956723, "inAccepted": true, "acceptDate": 1632925963578, "image": {"author": "Алик Сагатов", "name": "bf7530f532bb13aa2015dc6d23f88abd.jpeg", "realName": "IMG_3689.jpg", "source": "https://tinchurinteatr.ru/"}, "photo": "https://pro.culture.ru/uploads/bf7530f532bb13aa2015dc6d23f88abd.jpeg", "gallery": ["https://pro.culture.ru/uploads/97def24b32287c7a07dac069ac25b0b8.jpeg", "https://pro.culture.ru/uploads/72c9571ace4fdd9fd0fb13c5d2d9eddb.jpeg"], "category": {"name": "Спектакли", "sysName": "spektakli"}, "time": {"start": "2020-09-02 15:30:00", "end": "2021-12-05 17:00:00"}}, {"id": 689985, "name": "Спектакль «Лестница любви»", "age": 6, "description": "<p>Современный спектакль, поставленный в жанре всем известных и любимых советских кинокомедий, где идет противостояние хорошего с очень хорошим! И при этом в ней нет ничего придуманного, все взято от самой жизни. </p><p>Обычная история: любящие друг друга парень и девушка решили подать заявление в ЗАГС, но не предупредили об этом своих родителей, решив, что это необязательно. Новость становится известной всем, в том числе и их родителям. В связи с этим возникают различные комические ситуации и недоразумения, связанные с непростой историей, когда двое хотят быть рядом, а их близкие противятся этому, почти как в шекспировской драме «Ромео и Джульетта». К счастью, в этом спектакле все заканчивается по-другому, более чем благополучно. Влюбленные не только сами женятся, но и помогают соединиться другим влюбленным сердцам.</p><p> Спектакль, в котором очень много смешных ситуаций и простого народного юмора. Он даст возможность хоть на некоторое время забыть каждодневные проблемы и заботы, поможет поднять настроение и придаст оптимизма.</p>", "shortDescription": "Современная комедия о двух влюбленных.", "min_price": 300, "max_price": 700, "link": "https://tickets.tinchurinteatr.ru/ru/?id_event=1833", "status": "accepted", "updateDate": 1640598681412, "start": 1597507200000, "end": 1638878400000, "createDate": 1595506178280, "inAccepted": true, "acceptDate": 1637852177421, "image": {"author": "Алик Сагатов", "name": "e089da651a83d005caddf25e646e19bd.jpeg", "realName": "DSC_2098.JPG", "source": "https://tinchurinteatr.ru/ru/repertoire/%d0%bb%d0%b5%d1%81%d1%82%d0%bd%d0%b8%d1%86%d0%b0-%d0%bb%d1%8e%d0%b1%d0%b2%d0%b8/"}, "photo": "https://pro.culture.ru/uploads/e089da651a83d005caddf25e646e19bd.jpeg", "gallery": ["https://pro.culture.ru/uploads/fd4d8ad16a28898abc732ee99184cb15.jpeg", "https://pro.culture.ru/uploads/eecbf8423a42617d8c47f55fdc808237.jpeg"], "category": {"name": "Спектакли", "sysName": "spektakli"}, "time": {"start": "2020-08-15 16:00:00", "end": "2021-12-07 12:00:00"}}, {"id": 689949, "name": "Спектакль «Золотая осень»", "age": 6, "description": "<p> Природа человеческого бытия такова, что после светлой весны и жаркого лета люди не замечают, как наступает золотая осень... В заброшенном поселке лесозаготовителей, в единственном пригодном для жилья доме, доживают свой век старик и старуха. Без малого уже 50 лет они вместе. И собрались они справить свой юбилей в компании с одинокой почтальоншей. Но праздник любви превращается в праздник одиночества, которое объединяет всех трех персонажей этой пьесы. </p><p>О том, что такое осень жизни, поведают мастера сцены через откровенные монологи, наполняя их тонким юмором, традиционной народной лирикой. И самое главное – бесконечным оптимизмом и молодостью духа.</p>", "shortDescription": "Постановка посвящена пожилым людям.", "min_price": 300, "max_price": 1000, "link": "https://tickets.tinchurinteatr.ru/ru/?id_event=1889", "status": "accepted", "updateDate": 1640638190617, "start": 1597248000000, "end": 1640091600000, "createDate": 1595505221245, "inAccepted": true, "acceptDate": 1639205002098, "image": {"author": "Алик Сагатов", "name": "37a52f64a947c42cce87723e53ea9374.jpeg", "realName": "DSC_48221.jpg", "source": "https://tinchurinteatr.ru/ru/"}, "photo": "https://pro.culture.ru/uploads/37a52f64a947c42cce87723e53ea9374.jpeg", "gallery": ["https://pro.culture.ru/uploads/945ce70c25e5648b69c00e7035eff8a8.jpeg", "https://pro.culture.ru/uploads/e9ff03dbeb3681d230de2f9de77f70e2.jpeg", "https://pro.culture.ru/uploads/e664a7aee23faf553d9af664b712ec1f.jpeg", "https://pro.culture.ru/uploads/f46c2b171a27f1ee201120aa36ecd34b.jpeg"], "category": {"name": "Спектакли", "sysName": "spektakli"}, "time": {"start": "2020-08-12 16:00:00", "end": "2021-12-21 13:00:00"}}, {"id": 689932, "name": "Спектакль «Накануне свадьбы»", "age": 6, "description": "<p>Говорят, что друг – это не тот, кто прыгнет за тобой из окна, а тот, кто поймает тебя снизу. История, написанная Х. Вахитом, трогательна и проникновенна, как песня. Это история о дружбе и предательстве и, конечно же, о любви. </p><p>Накануне свадьбы с Адилей Рафаэль встречает своего лучшего друга Марата. Но, к несчастью обоих, Марат узнает в невесте друга свою первую любовь. Отношения внутри семьи постепенно накаляются, бросая героев в пучину страстей и неумолимо приближая их к неожиданной, парадоксальной развязке…</p>", "shortDescription": "Постановка посвящена проблеме выбора между дружбой и любовью.", "min_price": 300, "max_price": 1000, "link": "https://tinchurinteatr.ru/ru/shows/", "needCheck": true, "status": "accepted", "updateDate": 1640638171711, "start": 1596729600000, "end": 1640539800000, "createDate": 1595504804986, "inAccepted": true, "acceptDate": 1635318183818, "image": {"author": "Алик Сагатов", "name": "d41f71fcb02aa4bc913b0adf026f16ba.jpeg", "realName": "IMG_9577-1620x1080.jpg", "source": "https://tinchurinteatr.ru/"}, "photo": "https://pro.culture.ru/uploads/d41f71fcb02aa4bc913b0adf026f16ba.jpeg", "gallery": ["https://pro.culture.ru/uploads/db60873a044d4b8a9ee8b03d9615a495.jpeg", "https://pro.culture.ru/uploads/ec9ad25b584d71e9f77c0fb57feeb85e.jpeg"], "category": {"name": "Спектакли", "sysName": "spektakli"}, "time": {"start": "2020-08-06 16:00:00", "end": "2021-12-26 17:30:00"}}, {"id": 689924, "name": "Спектакль «Студенческий договор»", "age": 12, "description": "<p>Во время летних каникул студенты отправляются на заработки в деревню. Сроки поджимают – нужно сдать объект вовремя. Но что же делать, если у них каникулы, а значит, есть свобода и молодость. А свобода плюс молодость вроде бы и называется любовью. А там, где дело касается любви... Но друзья составляют студенческий договор, в котором запрещается общение с противоположным полом. Но какой бы выбор не сделали герои, что бы эти четверо не чудили, над всем стоит их дружба – разве это не замечательно? </p><p>Вы хотите поднять себе настроение? Тогда этот спектакль, безусловно, для вас!</p>", "shortDescription": "Постановка по пьесе Т. Миннуллина рассказывает о жизни четверых студентов на каникулах.", "min_price": 300, "max_price": 1000, "link": "https://tickets.tinchurinteatr.ru/event/1707", "needCheck": true, "status": "accepted", "updateDate": 1640638167571, "start": 1596643200000, "end": 1642010400000, "createDate": 1595504551884, "inAccepted": true, "acceptDate": 1637099251071, "image": {"author": "Алик Сагатов", "name": "66b6d1723af5e0df6ef7a597edce4b3e.jpeg", "realName": "DSC_9805.jpg", "source": "https://tinchurinteatr.ru/ru/repertoire/%d1%81%d1%82%d1%83%d0%b4%d0%b5%d0%bd%d1%87%d0%b5%d1%81%d0%ba%d0%b8%d0%b9-%d0%b4%d0%be%d0%b3%d0%be%d0%b2%d0%be%d1%80-%d0%bd%d0%b0%d1%88%d0%b8-%d0%b4%d0%bd%d0%b8/"}, "photo": "https://pro.culture.ru/uploads/66b6d1723af5e0df6ef7a597edce4b3e.jpeg", "gallery": ["https://pro.culture.ru/uploads/3b428cef4b1b597563894c11d7d073ec.jpeg", "https://pro.culture.ru/uploads/21309e4147914fc74e5cdf906c655c76.jpeg", "https://pro.culture.ru/uploads/df3f7bf555a9b60872230bb0b3a67d46.jpeg", "https://pro.culture.ru/uploads/2331e0f2d73e5891e392c01d7d7d31ff.jpeg", "https://pro.culture.ru/uploads/fe465eb822b69dd9bbc8c37c362a4485.jpeg"], "category": {"name": "Спектакли", "sysName": "spektakli"}, "time": {"start": "2020-08-05 16:00:00", "end": "2022-01-12 18:00:00"}}, {"id": 566984, "name": "Спектакль «Чулпан»", "age": 6, "description": "<p>Никогда не знаешь, где ждет тебя твоя судьба.</p><p>Когда Чулпан бросает любовь всей ее жизни, ей кажется, что судьба отвернулась от нее. После года одиночества, она наконец-то решается вернуться к жизни. Начинает принимать ухаживания безумно влюбленного в нее Ильдара. И кажется, что жизнь начинает налаживаться. Но как известно, рано или поздно первая любовь настигает каждого из нас. Для многих она превращается в основу основ будущих отношений, а иногда становится и настоящим камнем преткновения. Ведь у судьбы свои правила.</p>", "shortDescription": "История одной любви.", "min_price": 300, "max_price": 1000, "link": "https://tickets.tinchurinteatr.ru/event/1664", "needCheck": true, "status": "accepted", "updateDate": 1640638195344, "start": 1582126200000, "end": 1643133600000, "createDate": 1580380850547, "inAccepted": true, "acceptDate": 1637426734532, "image": {"author": "А.Сагатов", "name": "c09c2624bbff0a3b4306c9b4d33a3c93.jpeg", "realName": "IMG_6516.jpg", "source": "https://tickets.tinchurinteatr.ru/event/1664"}, "photo": "https://pro.culture.ru/uploads/c09c2624bbff0a3b4306c9b4d33a3c93.jpeg", "gallery": ["https://pro.culture.ru/uploads/b01539f28b5726640edcea922845b5ba.jpeg", "https://pro.culture.ru/uploads/2e0508332df2361e4d5804d0f40292be.jpeg"], "category": {"name": "Спектакли", "sysName": "spektakli"}, "time": {"start": "2020-02-19 15:30:00", "end": "2022-01-25 18:00:00"}}, {"id": 566815, "name": "Спектакль «В шаге от бездны»", "age": 12, "description": "<p>Человек, сам того не замечая, живет пустыми надеждами, тратит свою силу зря: стремится получить то, что ему не суждено. В итоге человек встает на путь греха, делает шаг в бездну. Все несчастья – результат поиска счастья. Однажды Мисхат берет из машины, попавшей в аварию, огромную дорожную сумку, внутри которой большая сумма денег. Что выберет Мисхат, оставшийся в такой сложной ситуации? Вернет деньги хозяину или, оставив себе, еще больше согрешит? Говорят, что осознанные и неосознанные ошибки, совершенные человеком, не сразу записываются в Книгу деяний. Ему дается время осмыслить свой грех и понять, что счастье – иметь рядом с собой дорогого, близкого, родного тебе человека! И этот спектакль, богатый на философские размышления, повествует именно об этом.</p>", "shortDescription": "Каждый рождается со своим счастьем.", "min_price": 300, "max_price": 1000, "link": "https://tinchurinteatr.ru/ru/shows/", "status": "accepted", "updateDate": 1640638192599, "start": 1633102200000, "end": 1638381600000, "createDate": 1580374243845, "inAccepted": true, "acceptDate": 1633078399080, "image": {"author": "А.Сагатов", "name": "de13805de25158e371496e3b01941d11.jpeg", "realName": "DSC_4874.JPG", "source": "https://tinchurinteatr.ru/"}, "photo": "https://pro.culture.ru/uploads/de13805de25158e371496e3b01941d11.jpeg", "gallery": ["https://pro.culture.ru/uploads/dd9b895bc22003103cc387735548008d.jpeg", "https://pro.culture.ru/uploads/01fe059d4c40c66fe95b815da2b15ecd.jpeg", "https://pro.culture.ru/uploads/0d2e121030c9535aef2ef8a0356998f9.jpeg"], "category": {"name": "Спектакли", "sysName": "spektakli"}, "time": {"start": "2021-10-01 15:30:00", "end": "2021-12-01 18:00:00"}}, {"id": 556682, "name": "Спектакль «Листопад»", "age": 6, "description": "<p>Четырнадцать лет труден для подростка, потому что им еще не хватает своего личного опыта. Особенно, если рядом нет матери и отца. В этот период и родителям очень не просто найти общий язык со своими детьми: с сыном или дочерью. </p><p>Непростая, казалась бы, история о девочке Фариде, сумевшей выстоять в своем первом столкновении с подлостью и предательством. Спектакль о сложном детстве превращается на глазах в повесть о любви и надежде.</p><p>Жизнь никогда не бывает простой, особенно когда тебе четырнадцать.<span> </span><br /></p><p> </p>", "shortDescription": "В мелодраме рассказывается о судьбе подростка.", "min_price": 300, "max_price": 1000, "link": "https://tickets.tinchurinteatr.ru/event/1659", "status": "accepted", "updateDate": 1640638210922, "start": 1620747000000, "end": 1635872400000, "createDate": 1579244853335, "inAccepted": true, "acceptDate": 1632925895910, "image": {"author": "Алик Сагатов", "name": "27d1889132c5f14e739709222a1d5e3d.jpeg", "realName": "IMG_77831.jpg", "source": "https://tickets.tinchurinteatr.ru/event/1565"}, "photo": "https://pro.culture.ru/uploads/27d1889132c5f14e739709222a1d5e3d.jpeg", "gallery": ["https://pro.culture.ru/uploads/fae443e70787152908751d69bd904c2f.jpeg", "https://pro.culture.ru/uploads/335d60d3212470ae4461738cea8ab343.jpeg", "https://pro.culture.ru/uploads/8547b97bb9d6a2c9cb6e97c971e1e726.jpeg", "https://pro.culture.ru/uploads/a596fa6f36450c07d62a7ad68bf23a2b.jpeg", "https://pro.culture.ru/uploads/66f768953b93e86f86b54e2ee562c386.jpeg"], "category": {"name": "Спектакли", "sysName": "spektakli"}, "time": {"start": "2021-05-11 15:30:00", "end": "2021-11-02 17:00:00"}}, {"id": 402850, "name": "Спектакль «Гора влюбленных»", "age": 6, "description": "<p>Великая Отечественная война 1941–1945 гг., как известно, стала самым кровопролитным и беспрецедентным по жестокости военным конфликтом в истории человечества. Для разгрома сильного и беспощадного врага потребовались огромные усилия, и конечный успех стоил странам-победительницам неисчислимых жертв. </p><p>История двух влюбленных, судьбы которых разрушила война. Мунира и Саид решают скрепить свою любовь клятвой в необыкновенном месте под названием «Гора влюбленных». Поможет ли таинственная гора им встретиться вновь... </p>", "shortDescription": "История любви на фоне Великой Отечественной войны.", "min_price": 300, "max_price": 1000, "link": "https://tickets.tinchurinteatr.ru/event/1671", "needCheck": true, "status": "accepted", "updateDate": 1640638189870, "start": 1557329400000, "end": 1639332000000, "createDate": 1555418696890, "inAccepted": true, "acceptDate": 1632897813751, "image": {"author": "А.Сагатов", "name": "5b81d0c28c9d25b95340e5350a59e6cb.jpeg", "realName": "IMG_3981.jpg", "source": "https://tinchurinteatr.ru/ru/repertoire/page/3/"}, "photo": "https://pro.culture.ru/uploads/5b81d0c28c9d25b95340e5350a59e6cb.jpeg", "gallery": ["https://pro.culture.ru/uploads/3652f077712ded688a0dde6356bd72c1.jpeg", "https://pro.culture.ru/uploads/3550f2106896f7e89508a44258c63725.jpeg", "https://pro.culture.ru/uploads/03da6b287c7ae1b260837ea3746cf902.jpeg", "https://pro.culture.ru/uploads/530430c0a5a7c4e70cfd242331ec8885.jpeg"], "category": {"name": "Спектакли", "sysName": "spektakli"}, "time": {"start": "2019-05-08 15:30:00", "end": "2021-12-12 18:00:00"}}, {"id": 150999, "name": "Спектакль «Первая любовь»", "age": 6, "description": "<p><span>Каждый человек в своей жизни сталкивается со этим сладким и мучительным первым чувством.</span></p> <p><span>Герои спектакля также не остались в стороне этой безумной любви. Страстно полюбив друг в друга, юноша и девушка решили пожениться. По этому поводу они собрали своих родителей вместе, чтобы познакомить их поближе. Но тут случается непредвиденное. Оказывается, что первой любовью отца юноши была мать девушки! В итоге, события набирают обороты и все выходит из под контроля. За всем происходящим безметяжно наблюдает, неожиданно появившийся, посланник любви. Он знает, что от судьбы не уйдешь, и что любовь для каждого написана на небесах…</span></p> <p><span>Возможно, эти смешные и забавные истории заставят вспомнить зрителей и свою первую любовь.</span></p>", "shortDescription": "Первая любовь – это таинственное, волшебное ощущение, знакомое каждому.", "min_price": 300, "max_price": 1000, "link": "https://tickets.tinchurinteatr.ru/event/1635", "status": "accepted", "updateDate": 1640638194247, "start": 1626881400000, "end": 1640196000000, "createDate": 1502271599823, "inAccepted": true, "acceptDate": 1633163599294, "image": {"author": "Алик сагатов", "name": "ee522e4bd954bf043d92616e960ca9f3.jpg", "realName": "DSC_0563.jpg", "source": "https://tinchurinteatr.ru/repertoire/%d0%bf%d0%b5%d1%80%d0%b2%d0%b0%d1%8f-%d0%bb%d1%8e%d0%b1%d0%be%d0%b2%d1%8c/"}, "photo": "https://pro.culture.ru/uploads/ee522e4bd954bf043d92616e960ca9f3.jpg", "gallery": ["https://pro.culture.ru/uploads/7b79f37ab921237a9fc7ed3191ed0caa.jpg", "https://pro.culture.ru/uploads/d5304f263af86407c7b60bb6cf7a5b73.jpg", "https://pro.culture.ru/uploads/de8914c34071dbd0ed3eef4efe72fc67.jpg"], "category": {"name": "Спектакли", "sysName": "spektakli"}, "time": {"start": "2021-07-21 15:30:00", "end": "2021-12-22 18:00:00"}}, {"id": 117839, "name": "Спектакль «Хотелось увидеть...»", "age": 6, "description": "<p>Бездетная пара берет на воспитание ребенка из детдома. Этот поступок всем нравится: дедушка и бабушка, и все родственники не могут нарадоваться новому члену семейства. Этот ребенок приносит в дом радость и счастье. Однако, когда Алмаз подрос, совсем случайно узнал о том, что был взят на воспитание из детдома. С этого дня он горит желанием увидеть своих настоящих родителей…</p><p> Кто мать – та, что рожавшая, или ради дитя своего ночей не спавшая?</p><p> На этот вопрос каждый ответит сам после просмотра этого спектакля.</p>", "shortDescription": "О благородном поступке семьи, которая приняла неродного ребенка.", "min_price": 300, "max_price": 1000, "link": "https://tickets.tinchurinteatr.ru/event/1708", "status": "accepted", "updateDate": 1640598683042, "start": 1618754400000, "end": 1643302800000, "createDate": 1491898664184, "inAccepted": true, "acceptDate": 1639206285616, "image": {"author": "Алик Сагатов", "name": "5f789e58032781a34a26ad92fd056f79.JPG", "realName": "DSC_4358.JPG", "source": "https://tinchurinteatr.ru/ru/repertoire/%d1%85%d0%be%d1%82%d0%b5%d0%bb%d0%be%d1%81%d1%8c-%d1%83%d0%b2%d0%b8%d0%b4%d0%b5%d1%82%d1%8c/"}, "photo": "https://pro.culture.ru/uploads/5f789e58032781a34a26ad92fd056f79.JPG", "gallery": [], "category": {"name": "Спектакли", "sysName": "spektakli"}, "time": {"start": "2021-04-18 14:00:00", "end": "2022-01-27 17:00:00"}}, {"id": 11636, "name": "Спектакль «Привередливый жених»", "age": 6, "description": "<p>Накануне свадьбы молодые поссорились из-за пустяка. Для мероприятия приготовлено много угощений, приглашено много гостей. Из деревни спешат бабушка с дедушкой. (Правда, они еще не знакомы с женихом.) Что же делать теперь? У главной героини, пока гости и бабушка с дедушкой не уедут, нет другого выхода, кроме как посадить вместо настоящего жениха парня своей подруги...</p><p>В этой искрометной комедии, где много музыки и танцев, через смешные и забавные истории рассказывается о серьезных вещах.</p><p></p><p></p><p>Премьера спектакля состоялась 3 июня 2014 года.</p><p></p>", "shortDescription": "Это новый водевиль на старую тему.", "min_price": 300, "max_price": 1000, "link": "https://tinchurinteatr.ru/ru/shows/", "status": "accepted", "updateDate": 1640638167937, "start": 1446645600000, "end": 1638639000000, "createDate": 1444289574552, "inAccepted": true, "acceptDate": 1635318059036, "image": {"author": "Алик Сагатов", "name": "87a5df8379f3c9ffe9c429e11a2d945a.jpg", "realName": "IMG_30211.jpg", "source": "https://tinchurinteatr.ru/ru/repertoire/%d0%bf%d1%80%d0%b8%d0%b2%d0%b5%d1%80%d0%b5%d0%b4%d0%bb%d0%b8%d0%b2%d1%8b%d0%b9-%d0%b6%d0%b5%d0%bd%d0%b8%d1%85/"}, "photo": "https://pro.culture.ru/uploads/87a5df8379f3c9ffe9c429e11a2d945a.jpg", "gallery": ["https://pro.culture.ru/uploads/f0313f40d481262bf3c9161bbe38fb98.jpg", "https://pro.culture.ru/uploads/02d3cb2c49597307f5db7e881a9d3f69.jpg", "https://pro.culture.ru/uploads/13990337f50cc5d325562a31c78a32b5.jpg", "https://pro.culture.ru/uploads/da07f8e79066d761288385c0ca25481c.jpg", "https://pro.culture.ru/uploads/aa813bbccbf9b1cf196104f4bd433f63.jpg", "https://pro.culture.ru/uploads/b61ab79f84890534329c6eaf1fb54a92.jpg", "https://pro.culture.ru/uploads/ccac230cb12457c80a0cb98b9bad9b6e.jpg", "https://pro.culture.ru/uploads/ffb0bcfce75720734d75ce55c4abf78a.jpg"], "category": {"name": "Спектакли", "sysName": "spektakli"}, "time": {"start": "2015-11-04 14:00:00", "end": "2021-12-04 17:30:00"}}]}