{"11473": [{"id": 1537377, "name": "Спектакль «Невероятные приключения в Школе монстров»", "age": 6, "description": "<p>«За экзамен по устрашающему пению и зловещему танцу ставлю вам зачет», – поприветствовал своих учеников директор Космической школы монстров злобный Доктор Хоррор.</p><p>Впервые на большой сцене Камышинского драматического театра – детский новогодний ужастик! С милыми «злодеями», смелыми героями и поучительной историей.</p><p>Как и в любой школе, в Школе монстров тоже есть свои отличники и двоечники. Вместо оценок – детские страхи, а в качестве экзамена для перевода в следующий класс – напугать самую смелую девочку, дочку космонавта, и получить последний, 100-й страх для запуска супермощного Монстра.</p><p>Планы у Школы грандиозные, но удастся ли им исполниться? Поможет ли им Дед Мороз со своим волшеством? Как пройдет новогодняя ночь на космической станции вблизи Марса? И что из себя представляет гигантский супермонстр Деймос?</p><p>Автор – Евгений Муравьев.<br />Композитор – Владимир Баскин.<br />Режиссер-постановщик – Павел Лаговский.</p>", "shortDescription": "На российской космической станции около планеты Марс произошло новогоднее чудо...", "min_price": 200, "max_price": 200, "link": "https://quicktickets.ru/kamyshin-dramteatr/e55", "status": "accepted", "updateDate": 1640088337955, "start": 1640415600000, "end": 1641369600000, "createDate": 1639595861981, "inAccepted": true, "acceptDate": 1640088338023, "image": {"author": "Камышинский драматический театр", "name": "3b46c211ba3618d20ce9bd2f849eb314.jpeg", "realName": "IMG-20211215-WA0014.jpg", "source": "https://teatrkd.ru/"}, "photo": "https://pro.culture.ru/uploads/3b46c211ba3618d20ce9bd2f849eb314.jpeg", "gallery": [], "category": {"name": "Спектакли", "sysName": "spektakli"}, "time": {"start": "2021-12-25 07:00:00", "end": "2022-01-05 08:00:00"}}, {"id": 1470959, "name": "Спектакль «Красавец мужчина»", "age": 12, "description": "<p>Он явился, ослепил здесь всех. Все девушки и женщины стали бредить им. Он нарасхват, за ним ухаживают до бесстыдства. Он – красавец! А у кого наружность хороша, у того и душа благородная – всегда! Всегда ли? И что скрывается за этой манящей красотой?</p><p>Спектакль Волгоградского музыкально-драматического Казачьего театра поставлен в рамках реализации гранта губернатора Волгоградской области для поддержки творческих проектов в сфере театрального искусства. <br /></p><p>Режиссер-постановщик – Павел Рукавицын. Главный режиссер – Владимир Тихонравов. </p>", "shortDescription": "Комедия в двух действиях по произведению А. Островского.", "min_price": 400, "max_price": 400, "link": "https://quicktickets.ru/kamyshin-dramteatr/s210", "status": "accepted", "updateDate": 1637822636123, "start": 1638266400000, "end": 1638274500000, "createDate": 1637484195848, "inAccepted": true, "acceptDate": 1637822640980, "image": {"author": "ГБУК \"Казачий театр\"", "name": "e1e7a34bb9ca1aa84db665b1c8ea200d.jpeg", "realName": "IMG_4233.JPG", "source": "https://kazachiy-theatre.ru"}, "photo": "https://pro.culture.ru/uploads/e1e7a34bb9ca1aa84db665b1c8ea200d.jpeg", "gallery": ["https://pro.culture.ru/uploads/f9254b67c09b44918f540fa9b12150c2.jpeg", "https://pro.culture.ru/uploads/b3baadd469abd5e712e373a359df527a.jpeg", "https://pro.culture.ru/uploads/27233d6bbe2daf98b0ebaf1cefe9c10c.jpeg"], "category": {"name": "Спектакли", "sysName": "spektakli"}, "time": {"start": "2021-11-30 10:00:00", "end": "2021-11-30 12:15:00"}}, {"id": 1445397, "name": "Спектакль «Аркадия»", "age": 16, "description": "<p>Здесь все логично сплетено, и серьезно осмыслено. В героев влюбляешься, несмотря на то, что они злые, коварные, глупые, умные, легкомысленные, непосредственные, тщеславные, упертые, нежные и даже молчаливые. Они такие разные и их столько много...</p><p>Кто-то расследует дела давно минуших дней, кто-то занимается обустройством красивого сада, а кто-то смотрит на звезды и открывает новые законы природы. Они живут в разных веках, но связаны одной судьбой.</p><p>Захватывает дух от того, что совсем скоро книжные герои оживут на сцене театра. Зрители услышат их красивую речь, в которой есть место тонкому литературному юмору и непонятным научным терминам.</p><p>Действие происходит в одной и той же комнате в английском загородном доме Сидли-парк в Дербишире попеременно в 1809–1812 годах и в 90-е годы XX века. Изыскания двух современных ученых, их отношения переплетаются с жизнями тех, кто обитал в этом же доме 180 годами ранее...</p><p><span>Режиссер-постановщик – Павел Лаговский.</span><br /></p><p> Художник-постановщик – Екатерина Журавлева.<br /></p>", "shortDescription": "Постановка-событие, которая перенесет зрителей в настоящую Англию.", "min_price": 300, "max_price": 300, "link": "https://quicktickets.ru/kamyshin-dramteatr/s228", "status": "accepted", "updateDate": 1639045337732, "start": 1637413200000, "end": 1639238400000, "createDate": 1636612330826, "inAccepted": true, "acceptDate": 1639045337784, "image": {"author": "Камышинский драмтический театр", "name": "50432fb91472e36b3c2a90e94c9196b1.jpeg", "realName": "IMG-20211110-WA0060.jpg", "source": "https://teatrkd.ru"}, "photo": "https://pro.culture.ru/uploads/50432fb91472e36b3c2a90e94c9196b1.jpeg", "gallery": ["https://pro.culture.ru/uploads/a763f4e02a7ed90ed6435e4cc7846711.jpeg", "https://pro.culture.ru/uploads/47120bf4f325ae87b58a0ea4ad770c8e.jpeg"], "category": {"name": "Спектакли", "sysName": "spektakli"}, "time": {"start": "2021-11-20 13:00:00", "end": "2021-12-11 16:00:00"}}, {"id": 1395439, "name": "Спектакль «Джек»", "age": 12, "description": "<p> В трудном подростковом возрасте, когда ребенок еще не способен принимать взвешенные решения, ему нужно дать возможность задуматься о глубоких вещах и взаимоотношениях. Дать почву для размышлений.</p><p>В постановке «Джек» разговаривают со зрителем по-взрослому на взрослые темы. Рассказывают без заигрываний о том, что значит быть настоящим человеком.</p><p>Люди любят жестокие игры: каждый хочет остаться в живых, но удается это, конечно, не каждому. Там, где крутятся большие деньги, правила нарушаются. И становится ясно, что забег ценою в жизнь – это не самое страшное. Гораздо страшнее предательство тех, кого любишь, подлость друзей, их трусость, малодушие, жестокость тех, от кого зависит твоя жизнь. </p>", "shortDescription": "Триллер в двух действиях.", "min_price": 300, "link": "https://quicktickets.ru/kamyshin-dramteatr/s194", "status": "accepted", "updateDate": 1638275325534, "start": 1636808400000, "end": 1637919300000, "createDate": 1634400299826, "inAccepted": true, "acceptDate": 1638275325584, "image": {"author": "МАУ \"Камышинский драматический театр\"", "name": "613e1b9a074f5edcee9d5e619f0794fa.jpeg", "realName": "джек 4.jpg", "source": "https://teatrkd.ru/"}, "photo": "https://pro.culture.ru/uploads/613e1b9a074f5edcee9d5e619f0794fa.jpeg", "gallery": ["https://pro.culture.ru/uploads/f86c8918a8fb1eb5ecfa7252e6256468.jpeg", "https://pro.culture.ru/uploads/fc698928e2498d2aef84f9aa05f5608a.jpeg", "https://pro.culture.ru/uploads/e01ea1d7ba939f1ed56e4371a907fd95.jpeg", "https://pro.culture.ru/uploads/485681c2fe2c4faafedcc5c27a9de572.jpeg", "https://pro.culture.ru/uploads/cf0a364488a5a2d05f233ce10572072d.jpeg"], "category": {"name": "Спектакли", "sysName": "spektakli"}, "time": {"start": "2021-11-13 13:00:00", "end": "2021-11-26 09:35:00"}}, {"id": 1395430, "name": "Спектакль «Снеговички»", "age": 0, "description": "<p> Эту удивительно мудрую пьесу написал Александр Веселов по мотивам румынской сказки, а поставил ее заслуженный артист Республики Крым Николай Бойко.</p><p> Трогательная история о приключениях двух снеговиков, которых слепили дети. Снеговичкам захотелось найти Солнышко, чтобы попросить его подольше не приходить: им очень не хотелось таять. Но, путешествуя по зимнему лесу, они встречали различных зверюшек и поняли, что Солнышко нужно всем, звери его очень ждут. </p><p>Снеговички решили пожертвовать собой: они пришли на опушку леса и попросили Солнышко появиться. Сами снежные герои растаяли, но пришла весна. Зазеленела травка, запели птички, вылезли из своих норок зверюшки. А на месте растаявших снеговичков выросли прекрасные цветы.</p><p> Сказка поможет взрослым наглядно рассказать детям о понятиях добра, любви, дружбы и самопожертвования.</p>", "shortDescription": "Добрая, красивая музыкальная cказка согреет душу и маленького, и взрослого зрителя.", "min_price": 180, "max_price": 180, "link": "https://quicktickets.ru/kamyshin-dramteatr/s208", "needCheck": true, "status": "accepted", "updateDate": 1640267903931, "start": 1637996400000, "end": 1642837800000, "createDate": 1634399813850, "inAccepted": true, "acceptDate": 1637913900107, "image": {"author": "МАУ \"Камышинский драматический театр\"", "name": "036e348313f3346b0d56b2149108949b.jpeg", "realName": "img_6923.jpg", "source": "https://teatrkd.ru/"}, "photo": "https://pro.culture.ru/uploads/036e348313f3346b0d56b2149108949b.jpeg", "gallery": ["https://pro.culture.ru/uploads/46eace878c7aa16933b35b814a63b34b.jpeg", "https://pro.culture.ru/uploads/8fdaf4432ceb30301656d0bf3afbc5ba.jpeg", "https://pro.culture.ru/uploads/3472551fd06175c9a31488708d68f33f.jpeg", "https://pro.culture.ru/uploads/a8ec9c06f5d180b5b99c6135e7290222.jpeg"], "category": {"name": "Спектакли", "sysName": "spektakli"}, "time": {"start": "2021-11-27 07:00:00", "end": "2022-01-22 07:50:00"}}, {"id": 1395425, "name": "Спектакль «Любовь по объявлению»", "age": 16, "description": "<p> Интерес к теме, затронутой в спектакле, не ослабевает, и сама тема никогда не устареет, потому что ее продиктовала жизнь.</p><p>История о встрече двух одиночеств и органичном пробуждении любви. Актуально? Да. Потому что любовь всегда современна. Как и современна режиссерская задумка спектакля с ее танцевальными вставками «настройщиков хорошего настроения», с ее комичными образами знакомых/соседей и сценическими декорациями, которые тоже «живут» и помогают событиям стремительно развиваться. <br />Кто-то хочет поразмышлять вместе с героями о чувствах? Этот спектакль непременно вызовет желание поделиться мыслями и нужными словами.</p><p>Спектакль поставил Александр Штендлер по известному киносценарию Виктора Мережко «Одинокая женщина желает познакомиться». </p>", "shortDescription": "Очень жизненная история в двух действиях.", "min_price": 300, "max_price": 300, "link": "https://quicktickets.ru/kamyshin-dramteatr/s197", "needCheck": true, "status": "accepted", "updateDate": 1640266740281, "start": 1637499600000, "end": 1643275800000, "createDate": 1634399165918, "inAccepted": true, "acceptDate": 1634632667376, "image": {"author": "МАУ \"Камышинский драматический театр\"", "name": "d0d62ad736ffc17138999a21f5450d89.png", "realName": "любовь по объявлению 10.png", "source": "https://teatrkd.ru/"}, "photo": "https://pro.culture.ru/uploads/d0d62ad736ffc17138999a21f5450d89.png", "gallery": ["https://pro.culture.ru/uploads/fd3cfe58954362a5607856755bbcefef.png", "https://pro.culture.ru/uploads/80f3a66aefb5c3ab3057fc748d6b4983.png", "https://pro.culture.ru/uploads/aaa8d02af8ca6a46aabf7295a834af24.png", "https://pro.culture.ru/uploads/13cc789780c672faaf86c49d866a401f.png"], "category": {"name": "Спектакли", "sysName": "spektakli"}, "time": {"start": "2021-11-21 13:00:00", "end": "2022-01-27 09:30:00"}}, {"id": 1389097, "name": "Спектакль «Афинские вечера»", "age": 16, "description": "<p> Живая и трогательная тема пьесы общепризнанного мастера семейно-бытовых комедий Петра Гладилина хотя бы одной из своих сторон, но коснулась каждой семьи.</p><p> Комедия построена на диссонансах: герои не слышат друг друга, но у каждого из них своя правда, она выглядит как философская притча, но в то же время в ней присутствует комедийная непринужденность и озорство, игра на чувствах добавляет постановке драматизма и тут же смешит своей изящной продуманностью.</p><p> Зрители испытают широкий диапазон переживаний, среди которых будут и смех от души, и неподдельный гнев, и слезы облегчения.</p><p> Режиссер-постановщик – Павел Лаговский.</p>", "shortDescription": "Правдоподобная, умная комедия, выстроенная по канонам психологического театра.", "min_price": 300, "max_price": 300, "link": "https://quicktickets.ru/kamyshin-dramteatr/s143", "status": "accepted", "updateDate": 1634632717178, "start": 1635598800000, "end": 1638025800000, "createDate": 1634133439164, "inAccepted": true, "acceptDate": 1634632717187, "image": {"author": "МАУ \"Камышинский драматический театр\"", "name": "ef711f0fced77f9b7ca8e6a1272cd975.jpeg", "realName": "DSC_0013.JPG", "source": "https://teatrkd.ru"}, "photo": "https://pro.culture.ru/uploads/ef711f0fced77f9b7ca8e6a1272cd975.jpeg", "gallery": ["https://pro.culture.ru/uploads/56a20fd278fd95e31b318824eb0eaec4.jpeg", "https://pro.culture.ru/uploads/37483f0d606c767a471cffb923906b03.jpeg", "https://pro.culture.ru/uploads/acfab14445fb47a363024b42400b617e.png", "https://pro.culture.ru/uploads/fd5bec0384fe8436dacd239ab42f8680.jpeg"], "category": {"name": "Спектакли", "sysName": "spektakli"}, "time": {"start": "2021-10-30 13:00:00", "end": "2021-11-27 15:10:00"}}, {"id": 1373814, "name": "Спектакль «Коммуналка»", "age": 16, "description": "<p>Комедия имеет уникальную литературную основу – малоизвестные произведения отечественных писателей начала XX века – Михаила Зощенко, Аркадия Аверченко и Надежды Тэффи.<br /></p><p>Как показывает этот острый и эксцентричный спектакль, хлесткая сатира 30-х годов прошлого века созвучна нашему времени. Едва ли не каждый узнает в героях «Коммуналки» своего соседа или приятеля, знакомую даму или сослуживца.<br />Постановка высмеивает хорошо известную сегодня страсть к «вещизму», олицетворенную в модном воротничке дамского платья; интриганство и пагубную силу обыкновенной бытовой сплетни, способной разрушить добрые человеческие отношения.<br /></p><p>Спектакль строится из ряда самостоятельных по сюжету картин, объединяемых общей идеей и музыкой, возвращающей зрителя к песням знаменитого Александра Вертинского из золотого фонда русского шансона; оригинальной сценографией и, конечно, особым эмоциональным тонусом – постановка полна молодой энергии, задора, темперамента.<br /></p><p>Режиссер-постановщик – Павел Лаговский.</p><p>Гастроли Волгоградского музыкально-драматического Казачьего театра.</p>", "shortDescription": "Спектакль, способный рассмешить любого. Даже того, кто уже давно разучился улыбаться.", "min_price": 400, "max_price": 400, "link": "https://quicktickets.ru/kamyshin-dramteatr/s173", "status": "accepted", "updateDate": 1633939822476, "start": 1634306400000, "end": 1634314800000, "createDate": 1633538068256, "inAccepted": true, "acceptDate": 1633939822482, "image": {"author": "Волгоградский Музыкально-Драматический Казачий театр", "name": "2d95f7cf5e51e49db3033acfca1edcca.jpeg", "realName": "e603b3a56a49c006ab388fd16a3ff7f8.jpg", "source": "https://kazachiy-theatre.ru/repertoire/kommunalka/"}, "photo": "https://pro.culture.ru/uploads/2d95f7cf5e51e49db3033acfca1edcca.jpeg", "gallery": ["https://pro.culture.ru/uploads/491eca000457221afcc859df3150bf4f.jpeg", "https://pro.culture.ru/uploads/cda045a7e3a0219642129c559ce930a9.jpeg", "https://pro.culture.ru/uploads/3de89602270a4d7e2e65abd27ce71b72.jpeg", "https://pro.culture.ru/uploads/7981b7f1b481f50b06f62af9cb45d27a.jpeg", "https://pro.culture.ru/uploads/b0ed29c7744ed43789669ca9b020c9f9.jpeg"], "category": {"name": "Спектакли", "sysName": "spektakli"}, "time": {"start": "2021-10-15 14:00:00", "end": "2021-10-15 16:20:00"}}, {"id": 1361607, "name": "Спектакль «Иван-царевич и Царевна-лягушка»", "age": 6, "description": "<p>В музыкальной сказке гармонично переплетаются архаика и актуальность, что делает ее интересной для юных зрителей и узнаваемой для их родителей. Язык народной сказки переложен автором пьесы Игорем Миногиным на современный лад. Режиссер Владимир Пряхин дополнил классические образы Бабы Яги и Кощея Бессмертного деталями, присущими XXI веку. Получилось забавно и злободневно.</p><p>Спектакль о поиске счастья и о длинном пути испытаний на пути к нему. О том, что один непродуманный поступок может отобрать счастье волей случая. За него нужно бороться, а поймав удачу за хвост, суметь сберечь.</p><p>Сказка «Иван-царевич и Царевна-лягушка» получилась музыкальной и густонаселенной персонажами. Она полна превращений, где каждый герой удивляет своим обликом и появлением на сцене.</p>", "shortDescription": "В некотором царстве, в некотором государстве жил-был царь-батюшка, и было у него трое сыновей…", "min_price": 200, "max_price": 200, "link": "https://quicktickets.ru/kamyshin-dramteatr/s177", "status": "accepted", "updateDate": 1633328726036, "start": 1635321600000, "end": 1635327000000, "createDate": 1633000906687, "inAccepted": true, "acceptDate": 1633328726088, "image": {"author": "БГРДТ им. А.В. Баталова", "name": "c3387220fa6af5031032d9ec7eb48c90.jpeg", "realName": "00018885.jpg", "source": "http://bugulmateatr.ru"}, "photo": "https://pro.culture.ru/uploads/c3387220fa6af5031032d9ec7eb48c90.jpeg", "gallery": ["https://pro.culture.ru/uploads/ea44d68be2b42e0110dc889a0239475d.jpeg", "https://pro.culture.ru/uploads/ae552f5d518b269ea4e12f955912bee3.jpeg", "https://pro.culture.ru/uploads/825f2f71f06eebe11b6e68e1cb6a03f0.jpeg", "https://pro.culture.ru/uploads/85d9834472959a0a421cb595ef9e45b4.jpeg"], "category": {"name": "Спектакли", "sysName": "spektakli"}, "time": {"start": "2021-10-27 08:00:00", "end": "2021-10-27 09:30:00"}}, {"id": 1361161, "name": "Спектакль «Долгожитель»", "age": 12, "description": "<p>Сделано в СССР – сделано на совесть. Марку, как Знак качества держит и Бугульминский театр, обращаясь к классикам советской комедии – Б. Рацеру и В. Константинову.<br />Пьеса о 70-х годах прошлого столетия, когда люди были проще и наивнее, скромнее и добрее. Когда свершались великие открытия не ради денег, а для пользы человечества. Герои комедии – люди с распахнутыми душами и беззлобным юмором. Сегодня таких не хватает.</p><p>Молодой учитель Леонид влюбляется в случайно приезжую красавицу-студентку Юлю. Хочет задержать ее в своей деревне. Но как? Наука геронтология и приятель Костя приходят на помощь. Внезапно в деревне объявляется новый обитатель. Веселый, неунывающий, любвеобильный долгожитель.</p><p>Простая и добрая история с необычным сюжетом окунет зрителей в неповторимую атмосферу времен СССР!</p>", "shortDescription": "Комедия в двух действиях. О простых людях и их необыкновенных жизненных приключениях.", "min_price": 300, "max_price": 350, "link": "https://quicktickets.ru/kamyshin-dramteatr/s176", "status": "accepted", "updateDate": 1633328737765, "start": 1635343200000, "end": 1635350400000, "createDate": 1632994674980, "inAccepted": true, "acceptDate": 1633328737778, "image": {"author": "БГРДТ им. А.В.Баталова", "name": "70a50b7b86681a108aa76ed8196a1c5a.jpeg", "realName": "Долгожитель 7.jpg", "source": "http://bugulmateatr.ru"}, "photo": "https://pro.culture.ru/uploads/70a50b7b86681a108aa76ed8196a1c5a.jpeg", "gallery": ["https://pro.culture.ru/uploads/39b3f7330ca18e039acbbbbc0f54091e.jpeg", "https://pro.culture.ru/uploads/c4ba72c648b4001ba558778fa949307d.jpeg", "https://pro.culture.ru/uploads/311d23c4cc876d31cc14b5c5ebdda39b.jpeg", "https://pro.culture.ru/uploads/c9e8664781e04372bdc5022bb657ca7c.jpeg"], "category": {"name": "Спектакли", "sysName": "spektakli"}, "time": {"start": "2021-10-27 14:00:00", "end": "2021-10-27 16:00:00"}}, {"id": 1361129, "name": "Спектакль «Голубцы по объявлению»", "age": 12, "description": "<p>Современная пьеса и очень актуальная тема. Как сохранить теплые, душевные отношения в браке, между мужем и женой, чтобы огонь любви не угасал, но продолжал светить. Пусть не ярко, как в молодости, но сохраняя чувства, неповторимые, уникальные, в красках и цвете.</p><p>Жена дает объявление о том, что отдаст мужа «в хорошие добрые руки». Какова реакция мужа? Нашлись ли желающие? Почему она это сделала? И к каким выводам пришли все участники то ли драмы, то ли комедии?</p><p>Это как в жизни: нет ни одной семьи, перед которой не стояли бы подобные проблемы.</p>", "shortDescription": "Комедия в двух действиях, А. Финк. До самого конца непонятно, чем закончится интрига.", "min_price": 300, "max_price": 350, "link": "https://quicktickets.ru/kamyshin-dramteatr/s175", "status": "accepted", "updateDate": 1633328742386, "start": 1635256800000, "end": 1635264000000, "createDate": 1632994082647, "inAccepted": true, "acceptDate": 1633328742398, "image": {"author": "БГРДТ им. А.В.Баталова ", "name": "2d08a4bef2f4aac43c7d43356eb6e45e.jpeg", "realName": "aa780f1fdd6308660cbb36309b42172d.jpeg", "source": "http://bugulmateatr.ru"}, "photo": "https://pro.culture.ru/uploads/2d08a4bef2f4aac43c7d43356eb6e45e.jpeg", "gallery": [], "category": {"name": "Спектакли", "sysName": "spektakli"}, "time": {"start": "2021-10-26 14:00:00", "end": "2021-10-26 16:00:00"}}, {"id": 1335661, "name": "Спектакль «Тридесятое царство»", "age": 0, "description": "<p> История о том, как тайное всегда становится явным, как добро побеждает зло, а любовь помогает преодолеть все невзгоды. Спектакль красивый и умный. Поставлен по мотивам русских народных сказок.</p><p> Художественное решение этой постановки особое – в спектакле зритель увидит симбиоз «живого» драматического театра и кукольного, в котором роли артистов и кукол органично переплетаются, раскрывая сказочную сюжетную линию.</p> <p> Спектакль демонстрирует великолепное мастерство владения куклами.</p><p>Автор режиссер-постановщик – Николай Бойко.</p>", "shortDescription": "Волшебная сказка Н. Бойко. На сцене – куклы и артисты живым планом.", "min_price": 180, "max_price": 180, "link": "https://quicktickets.ru/kamyshin-dramteatr/s206", "status": "accepted", "updateDate": 1634565521174, "start": 1633158000000, "end": 1636790100000, "createDate": 1631868263359, "inAccepted": true, "acceptDate": 1634565521178, "image": {"author": "Камышинский драматический театр", "name": "dcb156260ec8db471c10cfca87ee0b25.jpeg", "realName": "IMG_4415.JPG", "source": "https://teatrkd.ru"}, "photo": "https://pro.culture.ru/uploads/dcb156260ec8db471c10cfca87ee0b25.jpeg", "gallery": ["https://pro.culture.ru/uploads/70f33f7263954dbafc8b76ed08e11077.jpeg", "https://pro.culture.ru/uploads/bb4e6663a3422c9a7237b3ce53e69340.jpeg", "https://pro.culture.ru/uploads/89705cfefe4f94b226c62828931c82bb.jpeg", "https://pro.culture.ru/uploads/87a2ec72679471ec8de4d4b0ac98c934.jpeg"], "category": {"name": "Спектакли", "sysName": "spektakli"}, "time": {"start": "2021-10-02 07:00:00", "end": "2021-11-13 07:55:00"}}, {"id": 1335613, "name": "Спектакль «Сказка про веселого эльфа и злую колдунью»", "age": 6, "description": "<p> Ребята и взрослые увидят необыкновенную по красоте и доброте лесную историю, познакомятся с ее главными героями – доверчивым и веселым эльфом, хитрой колдуньей, забавным Котом и прелестными, такими разными по характеру, девочками. Красочные костюмы и декорации превращают сцену в волшебную страну. А сама сказка учит бороться со злом и побеждать его, быть честным, преданным другом.</p><p>Режиссер-постановщик – Яна Арзамасцева.<br /></p><p>Художник-постановщик – Валерий Мищенко.</p><p> Премьера состоялась 25 марта 2018 года.<br /></p>", "shortDescription": "Волшебная история в двух действиях. Сила сказки – в сотворении чуда.", "min_price": 200, "max_price": 200, "link": "https://quicktickets.ru/kamyshin-dramteatr/e29", "status": "accepted", "updateDate": 1640267436643, "start": 1633849200000, "end": 1642924800000, "createDate": 1631867310753, "inAccepted": true, "acceptDate": 1637913810530, "image": {"author": "Камышинский драматический театр", "name": "28518bdaab1f4d879ae03f03bb2c3468.jpeg", "realName": "IMG_7430.JPG", "source": "https://teatrkd.ru"}, "photo": "https://pro.culture.ru/uploads/28518bdaab1f4d879ae03f03bb2c3468.jpeg", "gallery": ["https://pro.culture.ru/uploads/a40a91b0dbd172758a2ea00dbf163a91.jpeg", "https://pro.culture.ru/uploads/58310ef0ced4f0a75fe37ce59459904f.jpeg", "https://pro.culture.ru/uploads/cd0181cb80d5bf879d183609c340e5f7.jpeg", "https://pro.culture.ru/uploads/98c6b48aaf61d9fa38cece31b3a475ef.jpeg", "https://pro.culture.ru/uploads/24dfc04b4fbf3bcf1b09eb375d5ffbde.jpeg"], "category": {"name": "Спектакли", "sysName": "spektakli"}, "time": {"start": "2021-10-10 07:00:00", "end": "2022-01-23 08:00:00"}}, {"id": 1335449, "name": "Спектакль «Малыш и Карлсон»", "age": 6, "description": "<p>Ах, этот знакомый голос!... «Спокойствие, только спокойствие!»</p><p>На сцену приземляется лучшее в мире привидение с мотором. Это же тот самый обаятельный и «в меру упитанный» Карлсон. Он опять шалит. Как это прелестно, мило, по-детски и для детей.</p><p>Посмеяться и получить мощный положительный заряд энергии – именно за этим приходят дети и взрослые на эту замечательную интерактивную сказку.</p><p></p><p>Семь лет на сцене театра! Три актерских состава!</p><p> Режиссер-постановщик – Евгений Бакин. Премьера состоялась 1 сентября 2014 года. <br /></p>", "shortDescription": "Музыкальная сказка. Пошалить вместе с Карлсоном – об этом мечтает каждый ребенок.", "min_price": 200, "max_price": 200, "link": "https://quicktickets.ru/kamyshin-dramteatr/s201", "needCheck": true, "status": "accepted", "updateDate": 1640267647859, "start": 1633244400000, "end": 1643529000000, "createDate": 1631864124683, "inAccepted": true, "acceptDate": 1634564569191, "image": {"author": "Камышинский драматический театр", "name": "5679d25374f9256eba9357c667d10401.jpeg", "realName": "IMG_3861.JPG", "source": "https://teatrkd.ru"}, "photo": "https://pro.culture.ru/uploads/5679d25374f9256eba9357c667d10401.jpeg", "gallery": ["https://pro.culture.ru/uploads/73c69c962e871ace36467d373b0ad5a6.jpeg", "https://pro.culture.ru/uploads/ae6f670e86d9156e9c40563910c6a440.jpeg", "https://pro.culture.ru/uploads/f586ade1024c9432b2794dbf558509b6.jpeg"], "category": {"name": "Спектакли", "sysName": "spektakli"}, "time": {"start": "2021-10-03 07:00:00", "end": "2022-01-30 07:50:00"}}, {"id": 1335327, "name": "Спектакль «Носорог и Жирафа»", "age": 0, "description": "<p> О светлой и трогательной дружбе низенького неуклюжего Носорога и высокой грациозной Жирафы, повстречавшихся в солнечной Африке, повествует эта «южная» история.</p><p> Несмотря на то, что сказка является спектаклем для самых маленьких, она отвечает на взрослые человеческие вопросы и несет высокую позитивную смысловую нагрузку. Вместе с маленькими зрителями герои сказки сделают очень важное открытие – быть одинаковыми совсем необязательно, чтобы испытать радость настоящей дружбы и настоящей любви.</p><p> А вот что герои придумали, чтобы подружиться, об этом узнаете, когда придете посмотреть африканскую сказку «Носорог и Жирафа» Х. Гюнтера в постановке режиссера Николая Бойко.</p>", "shortDescription": "Сказка о том, как важно быть самим собой!", "min_price": 180, "max_price": 180, "link": "https://quicktickets.ru/kamyshin-dramteatr/s207", "status": "accepted", "updateDate": 1634632759518, "start": 1633762800000, "end": 1637394000000, "createDate": 1631861412492, "inAccepted": true, "acceptDate": 1634632759531, "image": {"author": "Камышинский драматический театр", "name": "935995fb235be7e6aba82848eac95e08.jpeg", "realName": "IMG_0739.JPG.jpeg", "source": "teatrkd ru"}, "photo": "https://pro.culture.ru/uploads/935995fb235be7e6aba82848eac95e08.jpeg", "gallery": ["https://pro.culture.ru/uploads/1a0b3a7979306034ec6b5a6d3bcf219d.jpeg", "https://pro.culture.ru/uploads/45066341513cde0ae17f1e72afb352b2.jpeg"], "category": {"name": "Спектакли", "sysName": "spektakli"}, "time": {"start": "2021-10-09 07:00:00", "end": "2021-11-20 07:40:00"}}, {"id": 1335319, "name": "Спектакль «Красная Шапочка»", "age": 0, "description": "<p>Все дети знают сказку про Красную шапочку. Но эта сказка особенная. Представьте себе, что ее вам рассказывает мама. Да не просто рассказывает, а играет с вами. Маленькие зрители почувствуют себя героями хорошо им знакомой истории.</p><p>А еще в сказке есть новый интересный персонаж. Кто это? Увидите, когда попадете на сказку «Красная шапочка». В этом году сказка отмечает пятилетний юбилей. </p><p>Режиссер-постановщик – Николай Бойко.</p><p> Премьера состоялась – 9 апреля 2016 года.</p><p>Продолжительность спектакля – 30 минут.<br /></p>", "shortDescription": "Веселая интерпретация известной сказки.", "min_price": 180, "max_price": 180, "link": "https://quicktickets.ru/kamyshin-dramteatr/s235", "status": "accepted", "updateDate": 1638887562325, "start": 1634972400000, "end": 1639207800000, "createDate": 1631861141003, "inAccepted": true, "acceptDate": 1638887562430, "image": {"author": "Камышинский драматический театр", "name": "dcec37c1d3d914224278b10d50150d44.jpeg", "realName": "IMG_6766.JPG.jpeg", "source": "teatrkd.ru"}, "photo": "https://pro.culture.ru/uploads/dcec37c1d3d914224278b10d50150d44.jpeg", "gallery": ["https://pro.culture.ru/uploads/ca336fa1921e2cfc6c34237ee8a0f85a.jpeg", "https://pro.culture.ru/uploads/bdf6728d588c69d92b788bf3fb8846d9.jpeg", "https://pro.culture.ru/uploads/641c3db1c91e67d1ad960b09e59a97d6.jpeg"], "category": {"name": "Спектакли", "sysName": "spektakli"}, "time": {"start": "2021-10-23 07:00:00", "end": "2021-12-11 07:30:00"}}, {"id": 1334673, "name": "Спектакль «У нас не все дома»", "age": 12, "description": "<p>В современном мире каждая жизненная история как детектив. Неожиданный и непредсказуемый...</p><p>Комедия «У нас не все дома» – по-домашнему уютная и тематически современная. Эта детективная история заставит зрителя вместе с героями расследовать запутанную ситуацию, в которой присутствуют и юные отношения, и жизненные испытания. И только любовь, истинная христианская любовь, которая крушит все самые немыслимые стены, заставит улыбнуться и восхититься. А еще главная героиня, полная оптимизма и света. Ведь единственный способ возлюбить жизнь – это иронизировать над ней. </p><p>В этом современном психологическом детективе есть место смеху и большой трогательной доброте. Зная, как работает над каждой своей постановкой режиссер Евгений Бакин, можно смело отправляться на спектакль «У нас не все дома» в поисках той исключительной вселенной, той энергетики, которая по мере просмотра будет раскрываться в душе каждого зрителя.</p>", "shortDescription": "Комедийный детектив А. Мардань. Вселенная одной жизни.", "min_price": 350, "max_price": 350, "link": "https://quicktickets.ru/kamyshin-dramteatr/s168", "needCheck": true, "status": "accepted", "updateDate": 1640266222250, "start": 1635516000000, "end": 1643879400000, "createDate": 1631799174886, "inAccepted": true, "acceptDate": 1639062053235, "image": {"author": "Камышинский драматический театр", "name": "de1b363eb34aa9293db664450abeaa9b.jpeg", "realName": "65c625a1bf497e283b61ec1e0df6ec3f.jpeg", "source": "https://teatrkd.ru"}, "photo": "https://pro.culture.ru/uploads/de1b363eb34aa9293db664450abeaa9b.jpeg", "gallery": ["https://pro.culture.ru/uploads/b95d17f9db0281596801babaf88383bf.jpeg", "https://pro.culture.ru/uploads/fc7fa57ebd6790f2f3e52b9c00f510e8.jpeg", "https://pro.culture.ru/uploads/07407310042adca42d542a92d38cb2a8.jpeg"], "category": {"name": "Спектакли", "sysName": "spektakli"}, "time": {"start": "2021-10-29 14:00:00", "end": "2022-02-03 09:10:00"}}, {"id": 1334635, "name": "Спектакль «Ханума»", "age": 12, "description": "<p>Этот спектакль – милый сердцу зрителя долгожитель Камышинского драматического театра.<br /></p><p>Пьесу А. Цагатели ставят и ставили ранее множество театров по всей стране, что, хоть и косвенно, но является показателем ее успешности, во всяком случае заложенной в нее идеи и первоначального замысла, которые близки зрителю.<br /></p><p>На сцене много движения, много положительных эмоций и юмора, танцев.</p><p>В переплетении с интригами и перипетиями общая атмосфера спектакля становится неподражаемой! Именно такой ее и задумал режиссер-постановщик Евгений Бакин.</p><p>Вас восхитит раскрытие образа умной Ханумы, вы будете согласны с финалом, потому что ваши ожидания оправдаются.</p>", "shortDescription": "Музыкальная комедия, в которой прекрасно раскрыт неподражаемый грузинский менталитет.", "min_price": 300, "max_price": 300, "link": "https://quicktickets.ru/kamyshin-dramteatr/e9", "needCheck": true, "status": "accepted", "updateDate": 1640266564117, "start": 1634630400000, "end": 1645696800000, "createDate": 1631798490118, "inAccepted": true, "acceptDate": 1638796657402, "image": {"author": "Камышинский драматический театр", "name": "77db4d43b836d728d3d10fe11d630b3f.jpeg", "realName": "IMG_0604-1.JPG", "source": "https://teatrkd.ru"}, "photo": "https://pro.culture.ru/uploads/77db4d43b836d728d3d10fe11d630b3f.jpeg", "gallery": ["https://pro.culture.ru/uploads/bd1fe6f2b2142e691a344a1579f14470.jpeg", "https://pro.culture.ru/uploads/85e74da4493d8a51eb7426d70e04fdb0.jpeg", "https://pro.culture.ru/uploads/fed8875142e5fed75478353721d51e19.jpeg"], "category": {"name": "Спектакли", "sysName": "spektakli"}, "time": {"start": "2021-10-19 08:00:00", "end": "2022-02-24 10:00:00"}}, {"id": 1334605, "name": "Спектакль «Примадонны»", "age": 16, "description": "<p>Миллионы лишними не бывают – ради них можно рискнуть... и разыграть комедию. Энергичная, смелая, можно даже сказать, беспечная постановка, которая позволяет отвлечься от всего и просто от души посмеяться.</p><p>Конечно же, не обойдется без любви, которую сопровождают замысловатые события, стремительно влекущие зрителя к счастливому финалу. Жанр легкой комедии требует ежеминутного обострения ситуации, нагромождения трудностей до... шекспировских масштабов.</p><p>Хорошее непритязательное зрелище для добродушной публики, которая просто хочет отдохнуть! </p><p>Режиссер-постановщик – Александр Штендлер.</p>", "shortDescription": "Эксцентрическая комедия с переодеванием в двух действиях.", "min_price": 300, "max_price": 300, "link": "https://quicktickets.ru/kamyshin-dramteatr/e13", "status": "accepted", "updateDate": 1638796696912, "start": 1633870800000, "end": 1639646100000, "createDate": 1631797893384, "inAccepted": true, "acceptDate": 1638796696963, "image": {"author": "Камышинский драматический театр", "name": "bd8afdbc9bd589e2e42349143cdc2cd8.jpeg", "realName": "IMG_7947.JPG", "source": "https://teatrkd.ru"}, "photo": "https://pro.culture.ru/uploads/bd8afdbc9bd589e2e42349143cdc2cd8.jpeg", "gallery": ["https://pro.culture.ru/uploads/32b00c1f9b3804be7071b8fc0969e4b6.jpeg", "https://pro.culture.ru/uploads/7708712ae06ed544bf3ef38a61a49687.jpeg", "https://pro.culture.ru/uploads/b11f6f016705514a662debcb746632cc.jpeg", "https://pro.culture.ru/uploads/2a9b1150c332caa7bb0829bb6387e9ae.jpeg"], "category": {"name": "Спектакли", "sysName": "spektakli"}, "time": {"start": "2021-10-10 13:00:00", "end": "2021-12-16 09:15:00"}}, {"id": 1334579, "name": "Спектакль «Обыкновенное чудо»", "age": 12, "description": "<p>«Обыкновенное чудо» – это игра в сказку, без которой не может обойтись даже самое прагматичное, жестокое и суетное время. Здесь есть и захватывающая интрига, и лирические сцены, почти трагические обстоятельства, а рядом – курьезные ситуации, легкость волшебных превращений и глубина проживаемых героями чувств.</p><p>Главная цель спектакля – вдохновить зрителя и вернуть ему веру в любовь. Реальную и всемогущую. Вы будете сопереживать героям, смеяться вместе с ними, волноваться, и, главное, – верить каждому слову и каждому повороту сюжета!</p><p>«Эту пьесу я очень люблю, прикасаюсь… к ней с осторожностью и только в такие дни, когда чувствую себя человеком», – писал в своем дневнике Евгений Шварц. </p><p>«Этот спектакль – не игра с ассоциациями, а честная попытка поставить пьесу, которая неожиданно открылась для нас новыми смыслами», – говорит Наталья Старкова, режиссер-постановщик спектакля.</p>", "shortDescription": "Постановка по знаменитой пьесе Шварца.", "min_price": 300, "max_price": 300, "link": "https://quicktickets.ru/kamyshin-dramteatr/e10", "needCheck": true, "status": "accepted", "updateDate": 1640267345725, "start": 1633507200000, "end": 1645092900000, "createDate": 1631797396366, "inAccepted": true, "acceptDate": 1638796606900, "image": {"author": "Камышинский драматический театр", "name": "a5bdbff313bda86e30334170225f4e0b.jpeg", "realName": "IMG_8266.JPG", "source": "https://teatrkd.ru"}, "photo": "https://pro.culture.ru/uploads/a5bdbff313bda86e30334170225f4e0b.jpeg", "gallery": ["https://pro.culture.ru/uploads/7f4021a22ff65f970017d59483fe6f85.jpeg", "https://pro.culture.ru/uploads/497928a70337962c5ac5f35df005f184.jpeg", "https://pro.culture.ru/uploads/411a0ad232ac91e21c132d973e699f27.jpeg", "https://pro.culture.ru/uploads/db7d5fa3dc33f1d2b8e1680d5386c9c3.jpeg"], "category": {"name": "Спектакли", "sysName": "spektakli"}, "time": {"start": "2021-10-06 08:00:00", "end": "2022-02-17 10:15:00"}}, {"id": 1334347, "name": "Спектакль «Запретный плод»", "age": 12, "description": "<p>Спектакль «Запретный плод» затрагивает самые важные и трепетные струны души и оставляет в каждом проникновенную откровенность. Спектакль, которому невозможно не сопереживать.</p> <p>Разговор со зрителем о жизни еще не рожденных детей, отношениях мужчины и женщины, любви, самом сокровенном и главном в жизни. Такие вопросы не каждый день удается обсудить со своими детьми. Но если вместе с ними посмотреть пьесу «Запретный плод», то разговор на эту тему возникнет обязательно.</p> <p>Режиссер спектакля Евгений Александрович Бакин сумел донести до зрителей, что в моменты вспышек агрессии, гордыни человек готов покуситься на самое святое – жизнь своих неродившихся детей. Своеволие, высокомерие, эгоизм затмевают все. Это исходный ключ постановки.</p> <p><span>У</span>частие спектакля в <span>I</span> Московском международном театральном фестивале «Премия Джигарханяна» и полученная награда – специальный приз жюри за утверждение традиционных моральных ценностей – свидетельство <span> </span>того, насколько огромный вклад вносит пьеса в воспитание морально-нравственных качеств социума, в том числе подрастающего поколения.</p> <p> </p>", "shortDescription": "Постановка в двух действиях.", "min_price": 350, "max_price": 400, "link": "https://quicktickets.ru/kamyshin-dramteatr/e5", "status": "accepted", "updateDate": 1637866936149, "start": 1633683600000, "end": 1638543900000, "createDate": 1631794294293, "inAccepted": true, "acceptDate": 1637866936243, "image": {"author": "Камышинский драматический театр", "name": "c86664f87ae55db9fb899e3521001bc6.jpeg", "realName": "IMG_6626.JPG", "source": "https://teatrkd.ru"}, "photo": "https://pro.culture.ru/uploads/c86664f87ae55db9fb899e3521001bc6.jpeg", "gallery": ["https://pro.culture.ru/uploads/2cc62794101ed0ed75eed72969027875.jpeg", "https://pro.culture.ru/uploads/17a67d5f0c3f0208c3f64c67393566ed.jpeg", "https://pro.culture.ru/uploads/d8576cd74bf83983a1b7f278f3b0e7b7.jpeg", "https://pro.culture.ru/uploads/9613913556ba9e51062e2313eff79ccf.jpeg", "https://pro.culture.ru/uploads/88acab4a3406d71cfc10043e72975fed.jpeg"], "category": {"name": "Спектакли", "sysName": "spektakli"}, "time": {"start": "2021-10-08 09:00:00", "end": "2021-12-03 15:05:00"}}, {"id": 1334295, "name": "Танго-спектакль «За закрытыми дверями»", "age": 16, "description": "<p>Этот спектакль максимально акцентирует внимание зрителя на уникальности бытия человека. Вдохновленный глубокой философией пьесы, режиссер-постановщик Павел Лаговский профессионально и качественно показал во всей своей подлинности бесконечное одиночество, круговорот человеческих проступков. Удачно подобран и актерский состав: каждый герой раскрыт в полной мере, сильно и выразительно передано состояние не обретшей в том, другом мире, покоя и свободы души.<br />Философский подтекст присутствует в каждой детали аскетичных декораций. Цвет диванов, светотени в оформлении фона, острые и тяжелые предметы на сцене, даже неисправный дверной звонок – все несет глубокую смысловую и художественную нагрузку.</p><p>Вам понравится спектакль своей специфической драматичностью, накалом страстей и побуждением к размышлению.</p><p> Премьера спектакля состоялась 14.03.2020 г. <br /></p>", "shortDescription": "Квинтэссенция экзистенциализма и откровений.", "min_price": 300, "max_price": 300, "link": "https://quicktickets.ru/kamyshin-dramteatr/s163", "needCheck": true, "status": "accepted", "updateDate": 1640267045588, "start": 1633266000000, "end": 1643468400000, "createDate": 1631793567991, "inAccepted": true, "acceptDate": 1639561722659, "image": {"author": "Камышинский драматический театр", "name": "e1bb9321916c09fc4a432a5b5c11fde0.jpeg", "realName": "IMG_5925.JPG", "source": "https://teatrkd.ru"}, "photo": "https://pro.culture.ru/uploads/e1bb9321916c09fc4a432a5b5c11fde0.jpeg", "gallery": ["https://pro.culture.ru/uploads/f221ff2d81067201560e3671c4581634.jpeg", "https://pro.culture.ru/uploads/0edd475a41cb03fbcfef31229b4d9628.jpeg", "https://pro.culture.ru/uploads/7e3f159d4e4851570db052f3563c7681.jpeg", "https://pro.culture.ru/uploads/92f6e8d669355e963f79d2dca41d666a.jpeg", "https://pro.culture.ru/uploads/2e18e3d733dcf2b71e87b3aa5ecd7b4f.jpeg"], "category": {"name": "Спектакли", "sysName": "spektakli"}, "time": {"start": "2021-10-03 13:00:00", "end": "2022-01-29 15:00:00"}}, {"id": 1334090, "name": "Спектакль «Из путешествий Фауста»", "age": 16, "description": "<p> Художественное оформление спектакля, с точностью детализированные характеры героев великого Пушкина погружают зрителя в материал и дают мощный толчок для переосмысления жизни. Как у автора трагедий в свое время по-новому зазвучали давно забытые сюжеты, так и в спектакле «путешествия» по произведениям имеют новое режиссерское видение.</p><p>Сценический замысел открывает зрителю возможность «подсмотреть» ответы на самые острые и животрепещущие вопросы. Темные силы, человеческие страсти, смысл жизни – все находится в гармоничном переплетении, связующим звеном которого является он – Фауст! Ищущий, терзаемый мыслями, с пылающим сердцем...<br /><br />Не пропустите этот удивительный, захватывающий спектакль!</p><p>Режиссер-постановщик – Павел Лаговский. Премьера состоялась 5 декабря 2020 г. </p><p> </p>", "shortDescription": "Фантазии на тему «Маленьких трагедий».", "min_price": 300, "max_price": 300, "link": "https://quicktickets.ru/kamyshin-dramteatr/s230", "status": "accepted", "updateDate": 1638801568277, "start": 1632988800000, "end": 1639841700000, "createDate": 1631790442192, "inAccepted": true, "acceptDate": 1638801568360, "image": {"author": "Камышинский драматический театр", "name": "3aa2db6b480fc9b3b2da7154198371b7.jpeg", "realName": "IMG_9905.JPG", "source": "https://teatrkd.ru"}, "photo": "https://pro.culture.ru/uploads/3aa2db6b480fc9b3b2da7154198371b7.jpeg", "gallery": ["https://pro.culture.ru/uploads/ad2ad7765b647f1e6f86a9b6466b733e.jpeg", "https://pro.culture.ru/uploads/a83c607a890f4012677378fca56dc053.jpeg", "https://pro.culture.ru/uploads/9190fd4d55f96f98aa999606feda19dd.jpeg", "https://pro.culture.ru/uploads/91f2bd46ec0330012f4646cdd6f2e68d.jpeg", "https://pro.culture.ru/uploads/bb47463f03e33d9a87e6a7357a78f6eb.jpeg", "https://pro.culture.ru/uploads/b7d394d0b262e7d79c33a22d1dd28fc0.jpeg", "https://pro.culture.ru/uploads/d26aaeda9c42b9fb7ff57b6c27b4a3d1.jpeg", "https://pro.culture.ru/uploads/4b7eaccf7bb72e56f054b0f8454d6eca.jpeg"], "category": {"name": "Спектакли", "sysName": "spektakli"}, "time": {"start": "2021-09-30 08:00:00", "end": "2021-12-18 15:35:00"}}, {"id": 1334019, "name": "Спектакль «Дорогие мои бандитки»", "age": 16, "description": "<p> Невозможно оставить без внимания эту замечательную и необыкновенную историю. Такую близкую каждому своей безбашенностью и задором!</p><p>Вы просто влюбитесь в них – потрясающих и ярких главных героинь! И восхититесь актерской игрой, умело раскрывающей их человеческие ценности. Ирония + юмор – то, что нужно для отличного настроения и эстетического удовольствия!</p><p> </p><p>Представьте себе, как в банк входят четыре пожилые тетки с криком: «Лечь на пол! Это ограбление!» Страшно?.. Или смешно?.. Именно такую идею подала одна из героинь спектакля, недавно вернувшаяся из штатов. Финал спектакля совершенно неожиданный. Человеку, болеющему кризисом, московский драматург Д. Иванов и московский режиссер-постановщик спектакля А. Штендлер предлагают лечиться здоровым юмором, воспоминаниями о юности и музыкой. Всего этого вполне хватает в этой маленькой антикризисной комедии.</p> <p></p>", "shortDescription": "Игра в криминал в двух действиях. Здоровый юмор с неожиданным финалом.", "min_price": 350, "max_price": 350, "link": "https://quicktickets.ru/kamyshin-dramteatr/s227", "status": "accepted", "updateDate": 1638801690018, "start": 1633096800000, "end": 1639148400000, "createDate": 1631789009645, "inAccepted": true, "acceptDate": 1638801690267, "image": {"author": "Камышинский драматический  театр", "name": "1a2cbc12cac587fb54c49080e35acf56.jpeg", "realName": "IMG_9556.JPG", "source": "https://teatrkd.ru"}, "photo": "https://pro.culture.ru/uploads/1a2cbc12cac587fb54c49080e35acf56.jpeg", "gallery": ["https://pro.culture.ru/uploads/7b2dce7e8ba1388cb04c6a50e55e957c.jpeg", "https://pro.culture.ru/uploads/4eafa48a12bd61c624f854a2c39122b6.jpeg", "https://pro.culture.ru/uploads/c722c50dc74cba0c76a12d91b7507619.jpeg", "https://pro.culture.ru/uploads/dc6ec58659dd24e4c72b7f0222da5e13.jpeg", "https://pro.culture.ru/uploads/91b5c7dac39998304b2ba687f59d3d89.jpeg"], "category": {"name": "Спектакли", "sysName": "spektakli"}, "time": {"start": "2021-10-01 14:00:00", "end": "2021-12-10 15:00:00"}}, {"id": 1280037, "name": "Спектакль «С любимыми не расставайтесь»", "age": 12, "description": "<p>Знакомый сюжет с чередой жизненных ситуаций в новом режиссерском решении и неожиданном жанре. Спектакль заставит посмотреть на судьбы героев со стороны, услышать недосказанности, недоверие, эгоизм, улыбнуться и посмеяться над проблемами, а в конце вновь проникнуться верой в любовь.</p><p>Режиссер Дмитрий Матыкин представил пьесу Александра Володина не в бытовом ключе, спектакль увлекает гораздо выше. Туда, где все будут держать ответ, где царит самопожертвование во имя высшего чувства и желания добра любимому человеку.<br />Несмотря на перипетии судьбы, продолжаем любить; отталкивая, потом жалеем и не отпускаем.<br /></p><p>Спектакль полностью захватывает внимание и чувства зрителей и на максимуме эмоций открывает финальный эпизод.</p>", "shortDescription": "Они перестали верить в искренность своих первых чувств, самых светлых, истинных, верных...", "min_price": 300, "max_price": 300, "link": "https://quicktickets.ru/kamyshin-dramteatr/s231", "status": "accepted", "updateDate": 1638887508774, "start": 1634994000000, "end": 1639926000000, "createDate": 1629287393659, "inAccepted": true, "acceptDate": 1638887508963, "image": {"author": "Камышинский драматический театр", "name": "04289354d3cab7300d6978eefdc1ea6f.jpeg", "realName": "DSC_0025.JPG", "source": "https://teatrkd.ru"}, "photo": "https://pro.culture.ru/uploads/04289354d3cab7300d6978eefdc1ea6f.jpeg", "gallery": ["https://pro.culture.ru/uploads/a58cb979ae56380f7db96a0b659327c4.jpeg", "https://pro.culture.ru/uploads/81a481936093bceac107276d8286e8e4.jpeg", "https://pro.culture.ru/uploads/8c06555ea79588627aae4c88ce88ab70.jpeg", "https://pro.culture.ru/uploads/7fc5a356d8535c4ce67e25c68322418f.jpeg", "https://pro.culture.ru/uploads/cfac00784ea430b0e297a64a08fbdd97.jpeg", "https://pro.culture.ru/uploads/f2a01b60470f6fb48807657449636aa9.jpeg"], "category": {"name": "Спектакли", "sysName": "spektakli"}, "time": {"start": "2021-10-23 13:00:00", "end": "2021-12-19 15:00:00"}}, {"id": 1279920, "name": "Спектакль «Космические приключения Шурки и Мурки»", "age": 6, "description": "<p>В сказке свои злодеяния творит Кощей Бессмертный. По его приказу действуют огромные космические миньоны – они разрушают счастье главных героев, похищают Ивана и Марью на далекую планету. Но миньоны ничего не знают о дружбе! Преданные друзья главных героев Шурка и Мурка отправляются за ними, и в спектакле, по сказочной традиции, наступает счастливый конец истории.</p><p>Дети и взрослые вместе с героями сказки отправятся в космическое музыкальное путешествие!</p><p>Автор и режиссер-постановщик – Евгений Бакин.</p><p>Присоединяйтесь!</p>", "shortDescription": "Увлекательная и эффектная постановка с захватывающими космическими приключениями героев.", "min_price": 200, "max_price": 200, "link": "https://quicktickets.ru/kamyshin-dramteatr/e46", "status": "accepted", "updateDate": 1634555595086, "start": 1631430000000, "end": 1638086400000, "createDate": 1629285949465, "inAccepted": true, "acceptDate": 1634555616627, "image": {"author": "МАУ \"Камышинский драматический театр\"", "name": "209852f0660b95003f506e1615094895.jpeg", "realName": "IMG_2455.JPG", "source": "http://teatrkd.ru"}, "photo": "https://pro.culture.ru/uploads/209852f0660b95003f506e1615094895.jpeg", "gallery": ["https://pro.culture.ru/uploads/fa6b82fc933f7c2e54c68e7bb8a32580.jpeg", "https://pro.culture.ru/uploads/475cba07d5715b133cd1f498882ebae4.jpeg", "https://pro.culture.ru/uploads/e5896a249ffce4192d1da3b2373fac41.jpeg"], "category": {"name": "Спектакли", "sysName": "spektakli"}, "time": {"start": "2021-09-12 07:00:00", "end": "2021-11-28 08:00:00"}}, {"id": 1279860, "name": "Спектакль «Заяц и ВОЛКшебство»", "age": 0, "description": "<p>Праздничное открытие сезона в театре кукол «Калейдоскоп»!<br /></p><p> Смешной и добрый сказочный мир, наполненный чудесами и живой природой. Все животные здесь, как и положено в сказке, умеют говорить и наделены многими вполне человеческими чертами. Здесь появляются и исчезают уникальные вещи, а по следам трусливого зайчишки бродит грозный волк. Или не грозный? Или не волк?</p><p>Запутались? Тогда поспешите на кукольное представление, чтобы узнать, в чем же заключается секрет лесной сказки!</p><p> Автор – П. Морозов.</p><p>Приглашаются все желающие!</p>", "shortDescription": "Добродушная и загадочная сказка с секретом для самых маленьких ценителей театра!", "min_price": 200, "max_price": 200, "link": "https://quicktickets.ru/kamyshin-dramteatr/s205", "status": "accepted", "updateDate": 1634632754592, "start": 1631343600000, "end": 1636184820000, "createDate": 1629284925016, "inAccepted": true, "acceptDate": 1634632754605, "image": {"author": "Камышинский драматический театр", "name": "0d5903e119c0c58acabdca7a80c80f89.jpeg", "realName": "IMG_8530.JPG.jpeg", "source": "teatrkd.ru"}, "photo": "https://pro.culture.ru/uploads/0d5903e119c0c58acabdca7a80c80f89.jpeg", "gallery": ["https://pro.culture.ru/uploads/9ce8ae3ad252dfd8bdc374524819677b.jpeg", "https://pro.culture.ru/uploads/4321e54d42d49f63c27184ee5f3322f8.jpeg", "https://pro.culture.ru/uploads/14f74d643645c47a779aadc8a6d2c022.jpeg"], "category": {"name": "Спектакли", "sysName": "spektakli"}, "time": {"start": "2021-09-11 07:00:00", "end": "2021-11-06 07:47:00"}}, {"id": 1279815, "name": "Спектакль «Как лиса медведя обманывала...»", "age": 0, "description": "<p> Лисичка не может жить без хитрости и обмана. В ее плутовские сети попался добродушный, трудолюбивый Мишка, который и рыбу ловит, и малину собирает, и блины печет... А лисичка хитростью все себе присваивает, оставляя соседа с носом.</p><p> Поучительная сказка для маленьких и взрослых зрителей о том, что обманщики, как правило, попадаются на свою же удочку. Ведь Мишке с помощью зрительской поддержки удастся разоблачить Лисичку.</p><p> Сказка учит детей доброму юмору и ответственности за свои поступки.</p><p>Автор – М. Супонин.</p><p> </p>", "shortDescription": "Забавная сказка о добродушном медведе и его соседке, коварной лисе.", "min_price": 180, "max_price": 180, "link": "https://quicktickets.ru/kamyshin-dramteatr/s182", "status": "accepted", "updateDate": 1638785936386, "start": 1632553200000, "end": 1638604200000, "createDate": 1629284287377, "inAccepted": true, "acceptDate": 1638785936444, "image": {"author": "Камышинский драматический театр", "name": "44c8ba05951df9fa00cea6eca5e255e2.jpeg", "realName": "IMG_7236.JPG.jpeg", "source": "teatrkd.ru"}, "photo": "https://pro.culture.ru/uploads/44c8ba05951df9fa00cea6eca5e255e2.jpeg", "gallery": ["https://pro.culture.ru/uploads/0e8625f219936c82ceadae9e29cce77c.jpeg", "https://pro.culture.ru/uploads/9a516f28e2ffdd8bab565cddc2cca705.jpeg", "https://pro.culture.ru/uploads/2488e3fa09cefd0c4b984151b24f0a6c.jpeg"], "category": {"name": "Спектакли", "sysName": "spektakli"}, "time": {"start": "2021-09-25 07:00:00", "end": "2021-12-04 07:50:00"}}, {"id": 1279725, "name": "Спектакль «Сестрица моя Аленушка»", "age": 0, "description": "<p> Милая, добрая сказка, которая доносит до юных зрителей нигде не прописанную, но всем хорошо известную истину – старших нужно слушаться!</p><p>О трудолюбии и добродушии Аленушки, о смелости ее младшего братца, который попал под волшебные чары непослушания, о воспитании и заботе.<br /> Спекталь выполнен в русских народных традициях, что прослеживается и в сюжете, и в костюмах, и в музыкальном оформлении.</p> <p> По мотивам известной старинной сказки и поставил спектакль режиссер театра кукол Заслуженный артист республики Крым Николай Бойко.<br />Автор – В. Самочкина.</p>", "shortDescription": "Знакомая каждому ребенку сказка с волшебным действием.", "min_price": 180, "max_price": 180, "link": "https://quicktickets.ru/kamyshin-dramteatr/s141", "needCheck": true, "status": "accepted", "updateDate": 1633683128994, "start": 1632034800000, "end": 1635579300000, "createDate": 1629283031464, "inAccepted": true, "acceptDate": 1633683129002, "image": {"author": "Камышинский драматический театр", "name": "c846922c17abf7c243bb77ade3286522.jpeg", "realName": "IMG_3825.jpg", "source": "teatrkd.ru"}, "photo": "https://pro.culture.ru/uploads/c846922c17abf7c243bb77ade3286522.jpeg", "gallery": ["https://pro.culture.ru/uploads/a6111530bf8c0d8a6d46e1b59b4c6cfc.jpeg", "https://pro.culture.ru/uploads/26a5db5754cf16e09fd5dd7c3f396a37.jpeg", "https://pro.culture.ru/uploads/6f3305248fd974dfd214e45d57c28632.jpeg"], "category": {"name": "Спектакли", "sysName": "spektakli"}, "time": {"start": "2021-09-19 07:00:00", "end": "2021-10-30 07:35:00"}}, {"id": 1279673, "name": "Спектакль «Отдам мужа в хорошие руки»", "age": 16, "description": "<p>Интригующий, непредсказуемый, психологически выверенный, захватывающий – именно таким предстает перед зрителями спектакль «Отдам мужа в хорошие руки». История о семейных коллизиях и любви понравится своей нетипичностью и легкой иронией.</p><p> «Главней всего погода в доме». А что предпринять, если чувства остыли, некогда душевные отношения между супругами испортились? Драматург нашел удачный психологический ход. Интрига сохраняется до конца спектакля. <br /></p><p>Автор – А. Финк.</p><p>Режиссер-постановщик – Александр Штендлер.</p>", "shortDescription": "Яркая, легкая, остроумная и невероятно смешная комедия!", "min_price": 300, "max_price": 300, "link": "https://quicktickets.ru/kamyshin-dramteatr/s200", "needCheck": true, "status": "accepted", "updateDate": 1640267139753, "start": 1632056400000, "end": 1643552700000, "createDate": 1629282116068, "inAccepted": true, "acceptDate": 1634568211194, "image": {"author": "Камышинский драматический театр", "name": "4dd357dccf31f4acc18e582b45139884.jpeg", "realName": "IMG_0693.JPG.jpeg", "source": "teatrkd.ru"}, "photo": "https://pro.culture.ru/uploads/4dd357dccf31f4acc18e582b45139884.jpeg", "gallery": ["https://pro.culture.ru/uploads/39d14815730401d20f367cffbd52bc4c.jpeg", "https://pro.culture.ru/uploads/3b11576f5638724044b910310adfffc6.jpeg", "https://pro.culture.ru/uploads/502d3824e4c194f84082ad6a6860c786.jpeg", "https://pro.culture.ru/uploads/d67f00c45bbad8982b5035f3645bd897.jpeg"], "category": {"name": "Спектакли", "sysName": "spektakli"}, "time": {"start": "2021-09-19 13:00:00", "end": "2022-01-30 14:25:00"}}, {"id": 1276757, "name": "Спектакль «Дом под снос»", "age": 16, "description": "<p> Отношения отцов и детей, мужчины и женщины, одиночества, любви и возраста и извечного квартирного вопроса...<br /> Главные герои, оказавшиеся в непростой ситуации, не собираются с ней мириться – их стремления подтверждает общая атмосфера спектакля, полная горестной иронии и неистребимого оптимизма. Непредсказуемая развязка в этом романтически-бытовом сюжете никого не оставляет равнодушным.</p><p>Есть желание взглянуть на жизнь по-новому? Вам точно нужно попасть на спектакль «Дом под снос»! Тонкая, многогранная, удивляющая постановка, щедро дарящая яркие, светлые эмоции!</p><p>Автор – А. Крым.</p><p>Режиссер-постановщик – Яна Арзамасцева.</p><p> </p>", "shortDescription": "Удивительно трогательная постановка, поднимающая актуальные во все времена тему отцов и детей.", "min_price": 350, "max_price": 350, "link": "https://quicktickets.ru/kamyshin-dramteatr/e12", "needCheck": true, "status": "accepted", "updateDate": 1640266971131, "start": 1632492000000, "end": 1643382900000, "createDate": 1629187277176, "inAccepted": true, "acceptDate": 1634555214298, "image": {"author": "Камышинский драматический театр", "name": "9c2c2720f56973d80a7f0db49d96d646.jpeg", "realName": "3 (1).jpg", "source": "teatrkd.ru"}, "photo": "https://pro.culture.ru/uploads/9c2c2720f56973d80a7f0db49d96d646.jpeg", "gallery": ["https://pro.culture.ru/uploads/1d5ebf6b1d9cbd79603167e0c13705a9.jpeg", "https://pro.culture.ru/uploads/aa6e56074b5525818edb854ab10ee28a.jpeg", "https://pro.culture.ru/uploads/73fd0cd8dab1c10ecd4a6f59f1f1fd6e.jpeg", "https://pro.culture.ru/uploads/c23b24350d9e354008bf17167bc035c2.jpeg"], "category": {"name": "Спектакли", "sysName": "spektakli"}, "time": {"start": "2021-09-24 14:00:00", "end": "2022-01-28 15:15:00"}}, {"id": 1276743, "name": "Спектакль «Выходили бабки замуж»", "age": 16, "description": "<p>Четыре разных судьбы – четыре ярких жизни, каждая из которых трогает по-своему, по-особенному. По ним можно изучать современную историю страны.</p><p>И вдруг в привычном размеренном существовании появляется тот, кто внезапно становится центром всеобщего внимания и... цели! Для каждой дамы у главного героя находится доброе слово, желание помочь. Женщины, позабыв о возрасте, увидели в нем свою надежду и полны желания создать с ним новую, радостную жизнь.<br />Обаяние спектакля заключается в доброте, зажигательном юморе, легкой грусти от все быстрее пролетающих лет и в самоиронии, конечно же!</p> <p>Автор – Флорид Буляков<br />Режиссер-постановщик – Юрий Ардашев</p>", "shortDescription": "Супероптимистичная постановка с нотками лирической грусти.", "min_price": 300, "max_price": 300, "link": "https://quicktickets.ru/kamyshin-dramteatr/e44", "status": "accepted", "updateDate": 1631870660833, "start": 1632574800000, "end": 1635087000000, "createDate": 1629187062198, "inAccepted": true, "acceptDate": 1631870660841, "image": {"author": "Камышинский драматический театр", "name": "b2ba41927538468739538fbed05a83ba.jpeg", "realName": "1 (1).jpg", "source": "teatrkd.ru"}, "photo": "https://pro.culture.ru/uploads/b2ba41927538468739538fbed05a83ba.jpeg", "gallery": ["https://pro.culture.ru/uploads/db8bd0cdf680289de8e1a31ddd18c7be.jpeg", "https://pro.culture.ru/uploads/7c1d7115daae2a355d500c124ac9d8e0.jpeg", "https://pro.culture.ru/uploads/4b915fa29104b646828301730d28b262.jpeg", "https://pro.culture.ru/uploads/202f47c0f85178f8b3f663744b47c029.jpeg"], "category": {"name": "Спектакли", "sysName": "spektakli"}, "time": {"start": "2021-09-25 13:00:00", "end": "2021-10-24 14:50:00"}}, {"id": 1276718, "name": "Спектакль «Происшествие в лесной избушке»", "age": 6, "description": "<p> Не просто сказка, а смешная и удивительно добрая сказка от автора Андрея Лактюхова, которая живет на сцене Камышинского драматического театра почти 15 лет!</p><p> В этой сказке каждый персонаж заставляет смеяться и детей, и взрослых: озорные мыши, находчивая Хозяйка избушки, мудрый Кот. А справиться с неурядицами и научить героев жить ладно поможет добрый домовенок Кузя.</p><p>Только положительные эмоции. Искорки в глазах детей. Смешинки, песни, танцы и бесконечная доброта, которая всегда побеждает.</p><p>Присоединяйтесь!</p><p> </p>", "shortDescription": "Милая и добрая сказка про домовенка Кузю, хулиганистых мышей, важного Кота и недомовитую старушку.", "min_price": 200, "max_price": 200, "link": "https://quicktickets.ru/kamyshin-dramteatr/s233", "status": "accepted", "updateDate": 1638801641270, "start": 1632639600000, "end": 1639296000000, "createDate": 1629186652466, "inAccepted": true, "acceptDate": 1638801641444, "image": {"author": "Камышинский драматический театр", "name": "2884a67460707c227b441a89333c30aa.jpeg", "realName": "B3tW6hloRZI (1).jpg", "source": "teatrkd.ru"}, "photo": "https://pro.culture.ru/uploads/2884a67460707c227b441a89333c30aa.jpeg", "gallery": ["https://pro.culture.ru/uploads/bfda4835fad053698f1f7a7bb7c46b5d.jpeg", "https://pro.culture.ru/uploads/c8bd696f9117862231774ed69186fbd1.jpeg", "https://pro.culture.ru/uploads/207dd731f5519fcc9a9ee69e98e76ff0.jpeg", "https://pro.culture.ru/uploads/9bc6b7ca0d395f44d01cd34a38e389a1.jpeg"], "category": {"name": "Спектакли", "sysName": "spektakli"}, "time": {"start": "2021-09-26 07:00:00", "end": "2021-12-12 08:00:00"}}, {"id": 1276688, "name": "Спектакль «Бестселлер»", "age": 18, "description": "<p> В спектакле присутствуют самые характерные для «черного фильма» элементы: сюжетная запутанность с ощущением «потерянности во времени», уход героев в тень, подчеркивающий полное погружение в среду, не отягощенную моральными принципами, образ роковой, расчетливой женщины, страсть, предчувствие опасной неизбежности...<br /></p><p></p><p> Размеренное нагнетание напряжения, ощутимое от диалога к диалогу и фантасмагоричность сюжета усиливаются художественными средствами: высококонтрастный свет, джазовые импровизации – каждая деталь способствует созданию атмосферы подозрительности в предельной ее концентрации.</p><p>Автор – Карен Кавалерян.</p><p>Режиссер-постановщик – Павел Лаговский.</p><p>Художественное оформление – Гюльамиров Салават Алифенди Оглы.</p>", "shortDescription": "Необычное действо: тональные рамки классического нуара в переплетении с футуристической фантазией.", "min_price": 300, "max_price": 300, "link": "https://quicktickets.ru/kamyshin-dramteatr/e40", "status": "accepted", "updateDate": 1637914517356, "start": 1632661200000, "end": 1639322400000, "createDate": 1629186103591, "inAccepted": true, "acceptDate": 1637914517480, "image": {"author": "Камышинский драматический театр", "name": "f70d9c872f75a27823bd547fdd5dee12.jpeg", "realName": "DSC_0142.JPG.jpeg", "source": "teatrkd.ru"}, "photo": "https://pro.culture.ru/uploads/f70d9c872f75a27823bd547fdd5dee12.jpeg", "gallery": ["https://pro.culture.ru/uploads/39300420ddf616f9633bfd4158793eed.jpeg", "https://pro.culture.ru/uploads/2b7d6b37769fabbafeb58ac4db47be44.jpeg", "https://pro.culture.ru/uploads/ac7388fe1eade5e51d6414aeee848319.jpeg", "https://pro.culture.ru/uploads/1b130c31ea95ad04dfab45cd1058b46c.jpeg", "https://pro.culture.ru/uploads/6fd8cd85ff223b59f3b087a458965f68.jpeg"], "category": {"name": "Спектакли", "sysName": "spektakli"}, "time": {"start": "2021-09-26 13:00:00", "end": "2021-12-12 15:20:00"}}]}