{"12820": [{"id": 1380021, "name": "Спектакль «Укрощение строптивой»", "age": 12, "description": "<p>Пьеса начинается интродукцией, где спящего пьяного медника по имени Слай случайно видит лорд, возвращающийся с охоты. Он, с помощью своих слуг и бродячих актеров, разыгрывает Слая: проснувшись в господской постели, тот обнаруживает, что стал дворянином. Однако интродукция служит лишь вступлением к основной пьесе, история Слая обрывается и остается недосказанной.</p><p>Люченцио, воспитанный во Флоренции сын дворянина Виченцио, приезжает в Падую, где встречает двух сестер – Катарину и Бянку– и влюбляется в последнюю. Младшая Бьянка, в отличие от Катарины, скромна и обходительна. Строптивая же Катарина в перепалке с женихами сестры, молодящимся стариком Гремио и дворянином Гортензио, демонстрирует свой вздорный и лихой нрав. Отец девушек, Баптиста, объявляет женихам Бьянки, что пока он не выдаст старшую дочь, они не могут претендовать на руку младшей. Он решает запереть Бьянку и Катарину дома и нанять для них учителей.</p>", "shortDescription": "Музыкальная комедия в двух действиях.", "min_price": 400, "max_price": 700, "link": "http://www.teatr48.ru/hmwafisha.html#/event/2757", "needCheck": true, "status": "accepted", "updateDate": 1640627477597, "start": 1638025200000, "end": 1642959000000, "createDate": 1633783156041, "inAccepted": true, "acceptDate": 1638393359052, "image": {"author": "Театр ЛДТ", "name": "94beb4c1b94a83d6e6497bd2ede48bcf.jpeg", "realName": "5-taming-of-the-shrew-granger.jpg", "source": "Театр ЛДТ"}, "photo": "https://pro.culture.ru/uploads/94beb4c1b94a83d6e6497bd2ede48bcf.jpeg", "gallery": [], "category": {"name": "Спектакли", "sysName": "spektakli"}, "time": {"start": "2021-11-27 15:00:00", "end": "2022-01-23 17:30:00"}}, {"id": 1379771, "name": "Спектакль «Купола и ласточки»", "age": 12, "description": "<p><span>Комедия, созданная в 1871 году, по словам автора, «писана для знатоков, тут главное: московский быт и купеческий язык, доведенный до точки».</span></p> <p><span>Со слов режиссера театра «РАМС» Хунгуреев Евгений Кимович, театральные традиции того времени предполагали большую долю бытописания, длительные обыденные разговоры, тем более языком старого московского говора, который сейчас никто не использует. Чтоб не потерять интереса зрителя, возникла задача решить этот драматургический вопрос средствами современного динамичного театра. Движущаяся сценография, состоящая из старинных фотографий, продиктована пониманием – время действия – это старая Москва XIX века; место действия определено режиссером, как наше воображение «об этой старой Москве».</span></p>", "shortDescription": "Комедия по пьесе Александра Островского «Не все коту масленица».", "min_price": 300, "max_price": 500, "link": "http://www.teatr48.ru/hmwafisha.html#/event/2633", "status": "accepted", "updateDate": 1633932051323, "start": 1636558200000, "end": 1636565400000, "createDate": 1633768581139, "inAccepted": true, "acceptDate": 1633932051334, "image": {"author": "Театр Рамс", "name": "9b6d7145c2eb20489ca5d73b2a1d767c.jpeg", "realName": "iJCOiRoKbp8.jpg", "source": "Театр Рамс"}, "photo": "https://pro.culture.ru/uploads/9b6d7145c2eb20489ca5d73b2a1d767c.jpeg", "gallery": [], "category": {"name": "Спектакли", "sysName": "spektakli"}, "time": {"start": "2021-11-10 15:30:00", "end": "2021-11-10 17:30:00"}}, {"id": 1379763, "name": "Спектакль «Незнайка»", "age": 6, "description": "<p><span>В одном сказочном городе жили Рамсята. Рамсятами их называли потому, что они были очень маленькие. Каждый Рамсенок был ростом с небольшой Рамс! <span>В городе у них было очень красиво!..</span></span></p><p><span><span>Истории про Незнайку и веселые, и поучительные. Этот озорной забияка постоянно попадает в различные ситуации из-за своей несерьезности. Он учится рисовать портреты, писать стихи, играть на музыкальных инструментах, но все его затеи заканчиваются неудачно. Тем не менее, несмотря на все свои недостатки, герой сказки забавен. За него заступаются и его прощают, потому что в конце концов он понимает главное: чтобы что-то делать, надо что-то уметь, а с друзьями обязательно нужно быть честным. <br /></span></span></p> <p><span>Детский спектакль «Незнайка» по одноименной сказке Н.Носова в постановке режиссера из Санкт-Петербурга Виктора Чепрасова. Будет интересен детям и взрослым.</span><span></span></p>", "shortDescription": "Невероятная история, случившаяся в Цветочном городе, по рассказам Н. Носова.", "min_price": 250, "max_price": 250, "link": "http://www.teatr48.ru/hmwafisha.html#/event/2625", "status": "accepted", "updateDate": 1633932062766, "start": 1636617600000, "end": 1636620600000, "createDate": 1633768204922, "inAccepted": true, "acceptDate": 1633932062773, "image": {"author": "Театр РАМС", "name": "f67416e4b46c513854e37fb54917da58.jpeg", "realName": "9lM5fpJ4aZE.jpg", "source": "Театр Рамс"}, "photo": "https://pro.culture.ru/uploads/f67416e4b46c513854e37fb54917da58.jpeg", "gallery": [], "category": {"name": "Спектакли", "sysName": "spektakli"}, "time": {"start": "2021-11-11 08:00:00", "end": "2021-11-11 08:50:00"}}, {"id": 1379749, "name": "Спектакль «Чайка»", "age": 12, "description": "<p><span>Московские режиссеры Николай Захаров и Грета Шушчевичуте решают спектакль с большой степенью изобретательности в раскрытии образов героев. Неожиданные современные решения приковывают внимание к повороту жизни персонажей, делают их яркими, запоминающимися, понятными. Сценография устроена самая простая: большой стол и много стульев, которые в действии обращаются берегом озера, лесом, верандой дворянской усадьбы, театром Константина Треплева ... Поражает решение образа убитой птицы чайки, которую исполняет живая актриса. Чехов называл «Чайку» комедией, однако, во всем мире не утихают споры и разные мнения о жанре этой пьесы, исходя из глубины авторской трактовки. Московские режиссеры решили спектакль, как легкую эксцентрическую комедию, вызывающую много смеха, но в финале обращающую чувства зрителей к сентиментальным слезам.</span></p>", "shortDescription": "По одноименной пьесе А. П. Чехова. Комедия в одном действии.", "min_price": 300, "max_price": 500, "link": "http://www.teatr48.ru/hmwafisha.html#/event/2629", "status": "accepted", "updateDate": 1634046912677, "start": 1636644600000, "end": 1636648200000, "createDate": 1633767603487, "inAccepted": true, "acceptDate": 1634046912699, "image": {"author": "Театр РАМС", "name": "b72cf2396f5055c8eeab4e05f863f3b3.jpeg", "realName": "РАМС.jpg", "source": "Театр РАМС"}, "photo": "https://pro.culture.ru/uploads/b72cf2396f5055c8eeab4e05f863f3b3.jpeg", "gallery": [], "category": {"name": "Спектакли", "sysName": "spektakli"}, "time": {"start": "2021-11-11 15:30:00", "end": "2021-11-11 16:30:00"}}, {"id": 1303363, "name": "Спектакль «Доходное место»", "age": 12, "description": "<p> Эта пьеса о продажности человека, взяточничестве, карьеризме. Герои делают выбор – воплощать собственные идеалы, вылепливая из окружающих подобных себе идеалистов, но жить при этом не особо комфортно и бедно (образ Жадова), или беспринципно подмазываться к сильным мира сего, дабы урвать свой кусочек благ (Белогубов, Юлинька). Автор использует две сюжетные линии – контрастную выдачу замуж двух сестер за совершенно разных по помыслам и статусу людей, и судьбы двух женихов/мужей, по разному пробивающих себе дорогу. Все продается и покупается – невесты, работники, мысли… Весь человеческий «товарооборот» подробно отслеживается по этапам (подготовка приданого, заворачивание невесты/жениха в красивую обертку, сватовство, подача себя работодателю), детально расписана структура «экономических отношений» (поиск наиболее рентабельного жениха/невесты, выслуживание перед начальством), «товар» (девицы на выданье, работники) подан в наилучшем виде при помощи соответствующей «рекламной компании» (обновление гардероба, грубой лести и подхалимажа, некоторых денежных вложений). </p>", "shortDescription": "А. Н. Островский. Мелодраматическая комедия.", "min_price": 400, "max_price": 700, "link": "http://www.teatr48.ru/hmwafisha.html#/event/2529", "needCheck": true, "status": "accepted", "updateDate": 1633957532933, "start": 1634743800000, "end": 1636911000000, "createDate": 1630436385842, "inAccepted": true, "acceptDate": 1633957532942, "image": {"author": "Липецкий драматический театр", "name": "77def0bcb9f44704117db1379e892e39.jpeg", "realName": "AU9A2283.jpg", "source": "Липецкий драматический театр"}, "photo": "https://pro.culture.ru/uploads/77def0bcb9f44704117db1379e892e39.jpeg", "gallery": [], "category": {"name": "Спектакли", "sysName": "spektakli"}, "time": {"start": "2021-10-20 15:30:00", "end": "2021-11-14 17:30:00"}}, {"id": 1303350, "name": "Спектакль «Пижама на шестерых»", "age": 16, "description": "<p> Согласно Федеральному закону Российской Федерации от 23 февраля 2013 г. № 15-ФЗ «Об охране здоровья граждан от воздействия окружающего табачного дыма и последствий потребления табака», Администрация театра предупреждает зрителей о том, что во время спектакля, выполняя поставленные режиссером творческие задачи и ремарки автора, артисты курят на сцене или демонстрируют сцены курения. Помните, курение опасно для вашего здоровья!</p><p>Не знаете, как скрасить вечер? Хочется чего-то экстравагантного?</p><p>Предлагаем Вам последний писк в Европе – коктейль «Хорошее настроение».</p>", "shortDescription": "Комедия М. Камолетти. Игра в европейскую семью.", "min_price": 400, "max_price": 600, "link": "http://www.teatr48.ru/hmwafisha.html#/event/2517", "status": "accepted", "updateDate": 1633245904546, "start": 1634139000000, "end": 1634147100000, "createDate": 1630435184037, "inAccepted": true, "acceptDate": 1633245904554, "image": {"author": "\"Свободное пространство\"", "name": "b6f1ef8873d0ef6e4e2fcd6f1e8ce01c.jpeg", "realName": "os_02723.jpg", "source": "\"Свободное пространство\""}, "photo": "https://pro.culture.ru/uploads/b6f1ef8873d0ef6e4e2fcd6f1e8ce01c.jpeg", "gallery": [], "category": {"name": "Спектакли", "sysName": "spektakli"}, "time": {"start": "2021-10-13 15:30:00", "end": "2021-10-13 17:45:00"}}, {"id": 1280758, "name": "Спектакль «Бабий бунт»", "age": 12, "description": "<p>Народная музыкальная комедия по мотивам «Донских казаков» М.А.Шолохова. Казачий хутор. Казаки гуляют, первачем балуются, бабы домашность справляют. А тут...«С весны заявляется в хутор наша же хуторная Настя. Жила она где-то на шахтах, а тут взяла и приехала, черт ее за подол смыкнул ... Баб наших табунить будет, организацию промеж них заколачивать. Женисполком, навроде...» Раньше ведь какой порядок был: «Баба моя! Чего хочу, то и делаю! Она ж как лошадь – не бьешь, не везет!» А тут выходит: что ж, баба-человек, что ли?\" И закипает на хуторе бабий бунт: «Нас теперь как ветра в поле ни за что не удержать! Бабы вырвались на волю, чтоб от страху не дрожать!»</p><p>Ушли бабы из хутора. Свою бабскую артель организовали. А казаки свою, «мужчинскую» коммуну завели. Всю домашность совместным скопом вести задумали. Ох, что из этого вышло!.. Только как не крути, а плохо казакам без баб, да и бабам без своих казачков-тоска. «Простите, бабы! Вернитесь в хутор!» Потому как... «Без тебя, как без Дона я Не могу ни дышать и ни жить!»</p>", "shortDescription": "Музыкальная комедия в двух действиях по «Донским рассказам» М. А. Шолохова.", "min_price": 400, "max_price": 500, "link": "http://www.teatr48.ru/hmwafisha.html#/event/2749", "needCheck": true, "status": "accepted", "updateDate": 1640627275886, "start": 1635692400000, "end": 1642354200000, "createDate": 1629310070355, "inAccepted": true, "acceptDate": 1634236627263, "image": {"author": "Липецкий драматический театр", "name": "6875ee4f9ac0e1b6e74a896c7b078ec6.jpeg", "realName": "593e505f59483.JPG", "source": "Липецкий драматический театр"}, "photo": "https://pro.culture.ru/uploads/6875ee4f9ac0e1b6e74a896c7b078ec6.jpeg", "gallery": ["https://pro.culture.ru/uploads/5d2d9a11f46556e84441afa4ad626e80.jpeg", "https://pro.culture.ru/uploads/db051e0d0c1cb9a85d63349ab92935b9.jpeg", "https://pro.culture.ru/uploads/5c33def60717da5dcff9e5069db649bf.jpeg"], "category": {"name": "Спектакли", "sysName": "spektakli"}, "time": {"start": "2021-10-31 15:00:00", "end": "2022-01-16 17:30:00"}}, {"id": 1280754, "name": "Спектакль «Вечера на хуторе»", "age": 16, "description": "<p>Идейный смысл «Вечеров на хуторе» определяется народно-демократическими взглядами Гоголя. Отражая народные представления и собственные мечты о справедливых и разумных социальных отношениях, об идеальном человеке, прекрасном физически и нравственно, Гоголь в «Вечерах» возвышает добро над злом, великодушие над корыстолюбием, гуманизм над эгоизмом, отвагу над трусостью, энергию над ленью и праздностью, благородство над низменностью и подлостью, одухотворенную любовь над грубой чувственностью.</p><p>Писатель убеждает своих читателей, что власть денег губительна, счастье достигается не преступлением, а добром, человеческие, земные силы побеждают дьявольские ...</p><p>«Мы создали на сцене удивительный мир, в котором соединились вместе элементы кукольного площадного театра, вертепа, рисованного мультфильма, комикса. Словом, раскрасили и без того яркие, сочные образы героев повести еще более выпуклыми и гротесковыми красками.</p><p>Наш зритель с головой окунется в игровую стихию гоголевского хутора, с его щедровками – колядками, гаданиями и ряжеными, с самобытным юмором и дивными, мелодичными украинскими песнями» (Алексей Истомин).</p><p></p>", "shortDescription": "Музыкальная комедия в двух действиях.", "min_price": 300, "link": "http://www.teatr48.ru/hmwafisha.html#/event/2488", "status": "accepted", "updateDate": 1633527775698, "start": 1632322800000, "end": 1640885400000, "createDate": 1629309573458, "inAccepted": true, "acceptDate": 1633527775704, "image": {"author": "Липецкий драматический театр", "name": "201f2fa2e3500a9e452909c5774b2e9d.jpeg", "realName": "5a2828398cc7e.JPG", "source": "Липецкий драматический театр"}, "photo": "https://pro.culture.ru/uploads/201f2fa2e3500a9e452909c5774b2e9d.jpeg", "gallery": ["https://pro.culture.ru/uploads/d92841d2139021035ef7da6dece51de2.jpeg", "https://pro.culture.ru/uploads/87f1539ece22e21b0c12317128e37723.jpeg", "https://pro.culture.ru/uploads/0361bb7149c85c24d2c6399a4aca79c7.jpeg", "https://pro.culture.ru/uploads/4d08f00e4495becf238565736fa27564.jpeg"], "category": {"name": "Спектакли", "sysName": "spektakli"}, "time": {"start": "2021-09-22 15:00:00", "end": "2021-12-30 17:30:00"}}, {"id": 1280745, "name": "Спектакль «Верую!»", "age": 12, "description": "<p>Василий Макарович Шукшин – один из выдающихся творческих деятелей XX века. Талантливый режиссер, актер и писатель с русской душой и сердцем. Он удивительно человечно изображает деревенский быт, при этом не упуская темы нравственности общества того времени.</p><p>Герои Шукшина – обыкновенные провинциальные люди 60-70-х годов прошлого века. Большинство из них наделены житейской мудростью, доверчивы, открыты и наблюдательны. Старшему поколению герои Шукшина напомнят характеры родителей, близких родственников или соседей. </p><p>В рассказах сплелись проблемы и противоречия века: любовь и ненависть, жалость и сочувствие, разрушающая душу меркантильность и стремление прикоснуться к тайнам природы, трагическая безвыходность и светлая печаль.</p><p>Спектакль «Верую!» дает нам возможность почувствовать себя частью великой нации. </p>", "shortDescription": "Комедия по рассказам В. М. Шукшина.", "min_price": 300, "max_price": 500, "link": "http://www.teatr48.ru/hmwafisha.html#/event/2493", "needCheck": true, "status": "accepted", "updateDate": 1634236807935, "start": 1633186800000, "end": 1633195800000, "createDate": 1629308988490, "inAccepted": true, "acceptDate": 1634236807941, "image": {"author": "Липецкий драматический театр", "name": "6c5754f08cd6cde89abbbc3e954ecdce.jpeg", "realName": "5aeb52e903c8f.jpg", "source": "Липецкий драматический театр"}, "photo": "https://pro.culture.ru/uploads/6c5754f08cd6cde89abbbc3e954ecdce.jpeg", "gallery": ["https://pro.culture.ru/uploads/69cb61b02c27d15b02540531de48aa74.jpeg", "https://pro.culture.ru/uploads/2787f8541c277c057a4c62eb43e19d88.jpeg", "https://pro.culture.ru/uploads/12ff16f3d36b6c85a03e53f8e55aa780.jpeg"], "category": {"name": "Спектакли", "sysName": "spektakli"}, "time": {"start": "2021-10-02 15:00:00", "end": "2021-10-02 17:30:00"}}, {"id": 1280575, "name": "Спектакль «Одолжите тенора»", "age": 16, "description": "<p>Действие разворачивается в Америке 30-х годов. Певца Макса никто не воспринимает всерьез: ни любимая девушка, ни директор театра Сондерс. Все словно околдованы знаменитым тенором Тито Мерелли. И вот стараниями директора театра Мерелли приезжает на гастроли вместе со своей женой Марией. Все билеты проданы. Но перед самым концертом звезда не может петь. Директор в панике, он слезно умоляет Макса выдать себя за знаменитого тенора. А речь идет ни много ни мало об опере Верди «Отелло». К счастью, публика не замечает подвоха. Всем кажется, что положение спасено. Но все только начинается … </p><p>Жанр пьесы переводчик Михаил Барский определил как комедию в стиле оперы-буффа («шуточная опера»). Зрителей ждет подвижность действия, пародия, яркая, живая жанровая музыка и великолепная игра актеров.</p>", "shortDescription": "Комедия в стиле оперы-буффа по пьесе Кена Людвига (перевод Михаила Барского).", "min_price": 400, "max_price": 500, "link": "http://www.teatr48.ru/hmwafisha.html#/event/2488", "status": "accepted", "updateDate": 1633527762540, "start": 1633186800000, "end": 1640278800000, "createDate": 1629296415895, "inAccepted": true, "acceptDate": 1633527762547, "image": {"author": "Липецкий драматический театр", "name": "df9943fd392a87e9558d3576eb41fc8e.jpeg", "realName": "DSC_8922_1.JPG", "source": "Липецкий драматический театр"}, "photo": "https://pro.culture.ru/uploads/df9943fd392a87e9558d3576eb41fc8e.jpeg", "gallery": ["https://pro.culture.ru/uploads/ace43bfdbe1af2dc338a41c53c989412.jpeg", "https://pro.culture.ru/uploads/c0d81c9c461e2565b347ec8c2783d9e6.jpeg"], "category": {"name": "Спектакли", "sysName": "spektakli"}, "time": {"start": "2021-10-02 15:00:00", "end": "2021-12-23 17:00:00"}}, {"id": 1111670, "name": "Спектакль «Дамских дел мастер»", "age": 12, "description": "<p>Музыкальная комедия М. Старицкого «За двумя зайцами» на музыку Вадима Ильина и Владлена Лукашова затрагивает темы, актуальные и в наши дни. Люди любят выдавать себя за тех, кем они не являются, как это делает главный герой – сын цирюльника. Свирид Петрович Голохвастый, незадачливый владелец собственной цирюльни, модник и вертопрах, обанкротившись, решает поправить свои дела выгодной женитьбой. Случайно он узнает, что за неказистую Проню Прокоповну родители дают солидное приданое. Сватаясь к Проне, Голохвастый одновременно волочится за красавицей Галей. В итоге за двумя зайцами погонишься …</p>", "shortDescription": "Музыкальная комедия в двух действиях. Музыка В. Ильина и В. Лукашова. Либретто Д. Шевцова.", "min_price": 400, "max_price": 600, "link": "http://www.teatr48.ru/hmwafisha.html#/event/2525", "needCheck": true, "status": "accepted", "updateDate": 1633957645110, "start": 1622300400000, "end": 1636809000000, "createDate": 1620979101267, "inAccepted": true, "acceptDate": 1633957645117, "image": {"author": "Александр Козин", "name": "85d0cb1a3cf1b0f9752c8eebe53c4c5b.jpeg", "realName": "DSC_5371_1.JPG", "source": "http://www.teatr48.ru/repertoire/damskix-del-master.html"}, "photo": "https://pro.culture.ru/uploads/85d0cb1a3cf1b0f9752c8eebe53c4c5b.jpeg", "gallery": ["https://pro.culture.ru/uploads/2652f6ba99f7af7fe93db6561ef9a31b.jpeg", "https://pro.culture.ru/uploads/8282e01966a51c8f787bc89862f88603.jpeg", "https://pro.culture.ru/uploads/bfb0f71c97f46a7e8788166ea2671380.jpeg"], "category": {"name": "Спектакли", "sysName": "spektakli"}, "time": {"start": "2021-05-29 15:00:00", "end": "2021-11-13 13:10:00"}}, {"id": 589811, "name": "Спектакль «Как боги»", "age": 16, "description": "<p>Трагическая комедия. Сюжет произведения – как в анекдоте. </p><p>Специалист по этикету Вера Николаевна и ее муж, дипломат в отставке, Леонид Иванович принимают в свою семью начинающего бизнесмена Артема Бударина, которого необходимо обучить хорошим манерам. Но уроки воспитания молодого человека влекут за собой ряд последствий, которые приходится распутывать всей семье...</p><p>Рядовой сюжет имеет захватывающую развязку. Героев спектакля ждут большие испытания, шокирующие открытия и неожиданные повороты судьбы.</p>", "shortDescription": "Мелодрама по пьесе Юрия Полякова в двух действиях.", "min_price": 300, "max_price": 500, "link": "http://www.teatr48.ru/hmwafisha.html#/event/2745", "status": "accepted", "updateDate": 1640627201994, "start": 1584802800000, "end": 1642267800000, "createDate": 1582716381062, "inAccepted": true, "acceptDate": 1638393480021, "image": {"author": "Александр Козин", "name": "362e88c451d59a4126b8c234d9331c2d.jpeg", "realName": "как боги 11.JPG", "source": "http://www.teatr48.ru/repertoire/kak-bogi.html"}, "photo": "https://pro.culture.ru/uploads/362e88c451d59a4126b8c234d9331c2d.jpeg", "gallery": ["https://pro.culture.ru/uploads/9f72c8081809d6d42b061e4d36b5f341.jpeg"], "category": {"name": "Спектакли", "sysName": "spektakli"}, "time": {"start": "2020-03-21 15:00:00", "end": "2022-01-15 17:30:00"}}, {"id": 352001, "name": "Спектакль «Эзоп. Лиса и виноград»", "age": 16, "description": "<p>Пьеса Гильерме Фигейреду «Лиса и виноград» – трактовка жизнеописания древнегреческого баснописца Эзопа, жившего в VI веке до н. э. Действие происходит в Древней Греции, на Самосе, в V веке до н. э. Эзопа, уродливого раба, один взгляд на которого вызывал слезы и отвращение, покупает философ Ксанф. Эзоп не только услаждает ум хозяина забавными баснями и историями, но и помогает ему выпутаться из нескольких неприятных ситуаций, грозящих Ксанфу позором. </p><p>Жена Ксанфа Клея привыкает к внешности Эзопа, а глубокий ум, остроумие и оригинальность выгодно отличают его от Ксанфа. Сочувствуя Эзопу, Клея в отсутствие мужа предлагает ему бежать, но Эзоп не хочет жить под постоянным страхом быть пойманным, ибо это не свобода...</p>", "shortDescription": "Голодная лиса пробралась в сад и на высокой ветке увидела сочную гроздь винограда...", "min_price": 300, "max_price": 400, "link": "http://www.teatr48.ru/hmwafisha.html#/event/2601", "status": "accepted", "updateDate": 1633958321988, "start": 1549206000000, "end": 1637251800000, "createDate": 1548231412570, "inAccepted": true, "acceptDate": 1633958321996, "image": {"author": "МУ \"Липецкий драматический театр\"", "name": "f3238697f40f3906a2a7908e9d9e39f5.jpg", "realName": "69.jpg", "source": "http://www.teatr48.ru/repertoire/lisa-i-vinograd.html"}, "photo": "https://pro.culture.ru/uploads/f3238697f40f3906a2a7908e9d9e39f5.jpg", "gallery": ["https://pro.culture.ru/uploads/8e84ec91a7ae7c2ff6f7003ddb1db231.jpg", "https://pro.culture.ru/uploads/07ff65a816264740e40c53fc2c0ba6c8.jpg", "https://pro.culture.ru/uploads/67c985c30d11f57ec016a68fc9f1f901.jpg"], "category": {"name": "Спектакли", "sysName": "spektakli"}, "time": {"start": "2019-02-03 15:00:00", "end": "2021-11-18 16:10:00"}}, {"id": 162973, "name": "Спектакль «Братишки»", "age": 16, "description": "<p>Все счастливые семьи похожи друг на друга. Каждая несчастливая семья несчастлива по-своему. Если применимо это высказывание Л. Н. Толстого к семье Облонских и Карениных, то применимо оно и ко всем прочим семьям, даже к английским.</p><p>Состоятельная и благополучная семья Кервудов желают одного – пополнить свою семью, взяв на попечение ребенка из приюта. И именно сегодня, уже через 55 минут, их посетит некая миссис Поттер, которая и вынесет окончательный приговор – «быть или не быть».</p><p>Но собеседование с дамой из агентства по усыновлению – не самое страшное, что ожидает их в этот день. Если бы все было так просто, действие бы не состоялось. Ведь семья – это не только жена, но и родители, бабушки с дедушками, и, конечно же, сестры и братья. Том Кервуд обладал недостатком – младшими братьями. От них, а точнее от их адекватности, зависит счастье этой маленькой семьи.</p>", "shortDescription": "Рэй и Майкл Куни. Британская комедия в двух действиях.", "min_price": 300, "max_price": 500, "link": "http://www.teatr48.ru/hmwafisha.html#/event/2513", "status": "accepted", "updateDate": 1632122549304, "start": 1511103600000, "end": 1633886400000, "createDate": 1506420128181, "inAccepted": true, "acceptDate": 1632122549321, "image": {"author": "Александр Козин", "name": "44c1cb11ccb165360d1afc1b4facdaee.JPG", "realName": "брат3.JPG", "source": "http://www.teatr48.ru/repertoire/bratishki.html"}, "photo": "https://pro.culture.ru/uploads/44c1cb11ccb165360d1afc1b4facdaee.JPG", "gallery": ["https://pro.culture.ru/uploads/1e62187f6806aa3ff2c1d7a72bbfd6ac.JPG", "https://pro.culture.ru/uploads/c2ff8251f623386b5fc1aafc9df644cb.JPG"], "category": {"name": "Спектакли", "sysName": "spektakli"}, "time": {"start": "2017-11-19 15:00:00", "end": "2021-10-10 17:20:00"}}, {"id": 139528, "name": "Спектакль «Кармен иначе»", "age": 18, "description": "<p><span>«Кармен» – одно из ярчайших произведений мировой литературы. </span><span>История Кармен разворачивается в 2000-е годы на Балканах.</span></p><p><span>Тореадор – главный герой и одновременно рассказчик истории, произошедшей с ним во время военных действий. Хозе – солдат НАТО – встречает в небольшом городке девушку, которая, несмотря на свой юный возраст, уже пережила все ужасы войны, с ее семьей расправились американцы, а солдаты-миротворцы надругались над ней. Это страдающая, ненавидящая мужчин, женщина. Все меняет встреча Кармен с Хозе, которому было неважно, сколько она стоит. Его заинтересовала сама Кармен, ее внутренний мир, это оказался единственный порядочный мужчина в жизни цыганки. Поэтому, в отличие от классической героини Проспера Мериме, которая не любит никого и ничего, кроме собственной свободы, эта женщина по-настоящему впервые любит Хозе. </span></p>", "shortDescription": "Спектакль по произведению П. Мериме.", "min_price": 300, "max_price": 500, "link": "http://www.teatr48.ru/hmwafisha.html#/event/2484", "needCheck": true, "status": "accepted", "updateDate": 1631796506479, "start": 1510498800000, "end": 1639849500000, "createDate": 1497192577917, "inAccepted": true, "acceptDate": 1631796506489, "image": {"author": "Александр Козин", "name": "834b3f8b2540aeb026c9ebee664a6d52.JPG", "realName": "1.JPG", "source": "http://www.teatr48.ru/repertoire/karmen-inache.html"}, "photo": "https://pro.culture.ru/uploads/834b3f8b2540aeb026c9ebee664a6d52.JPG", "gallery": ["https://pro.culture.ru/uploads/4f2a00af12377ac89cae5069bfdfb110.JPG", "https://pro.culture.ru/uploads/1c259ccaaa1a1fd43f1ae4aab0f6f1d7.JPG", "https://pro.culture.ru/uploads/671a90196ec4eaf491f3d9f59fc882ec.JPG"], "category": {"name": "Спектакли", "sysName": "spektakli"}, "time": {"start": "2017-11-12 15:00:00", "end": "2021-12-18 17:45:00"}}, {"id": 131845, "name": "Спектакль «Хрустальная сказка»", "age": 0, "description": "<p><span><span>Добрая история о бедной Золушке и ее светлых мечтах, которым, как и полагается в любой сказке, суждено сбыться. Золушка мечтает поехать на бал и встретиться с принцем. Но злая мачеха думает по-другому: на бал отправятся ее «очаровательные» дочки, а замарашка будет работать и эта работа никогда не прекратится. Но в волшебной сказке существуют не только злые герои, но и добрые. Фея помогает Золушке поехать на бал в карете из... тыквы. Яркий мир, полный юмора, волшебства и лирики будет интересен, как самому маленькому, так и взрослому зрителю.</span></span></p>", "shortDescription": "Фантазия театра по сказке «Золушка» Ш. Перро.", "min_price": 300, "max_price": 300, "link": "http://www.teatr48.ru/hmwafisha.html#/event/2701", "status": "accepted", "updateDate": 1640626747289, "start": 1496304000000, "end": 1641373500000, "createDate": 1494947391672, "inAccepted": true, "acceptDate": 1638364462421, "image": {"author": "Липецкий драматический театр", "name": "424ca06fd52afb5c984b8e65a2863bea.JPG", "realName": "1.JPG", "source": "Липецкий драматический театр"}, "photo": "https://pro.culture.ru/uploads/424ca06fd52afb5c984b8e65a2863bea.JPG", "gallery": ["https://pro.culture.ru/uploads/bc05771728ed62f68c871cdd27dd70b5.JPG", "https://pro.culture.ru/uploads/a63ddc93deee6bb4bb6d5c8134d3b8bf.JPG", "https://pro.culture.ru/uploads/57e9f060b6bc3d1a519fbc24bc194786.jpg", "https://pro.culture.ru/uploads/209d43a3d28ed53c1aab76fd67b18df3.JPG", "https://pro.culture.ru/uploads/df7bbb77c90ffb8a9607f6d82df9fbf8.JPG", "https://pro.culture.ru/uploads/4d219d8340a9cf0dc18aa702daa468d0.JPG"], "category": {"name": "Спектакли", "sysName": "spektakli"}, "time": {"start": "2017-06-01 08:00:00", "end": "2022-01-05 09:05:00"}}, {"id": 129112, "name": "Спектакль «Примадонны»", "age": 16, "description": "<p>Вслед за Реем Куни в репертуаре российских театров новый кумир – бродвейский драматург Кен Людвиг. Его пьесу «Примадонны» поставил сначала МХТ, а вслед за главным театром страны подтянулись и остальные. </p><p>Два молодых безработных актера узнают, что престарелая миллионерша разыскивает потерявшихся в детстве племянниц, дабы завещать им свои миллионы. Провалившись на гастролях в провинциальном городке, актеры переодеваются в пестрые женские наряды из театрального гардероба и отправляются на штурм. Вскоре на горизонте появляются две девушки, которым мошенники мечтают объясниться в любви (среди них – настоящая племянница миллионерши).</p>", "shortDescription": "Комедия в двух действиях.", "min_price": 300, "max_price": 500, "link": "http://www.teatr48.ru/hmwafisha.html#/event/2737", "needCheck": true, "status": "accepted", "updateDate": 1640626960054, "start": 1569913200000, "end": 1641663000000, "createDate": 1494439960447, "inAccepted": true, "acceptDate": 1638455789537, "image": {"author": "Александр Козин", "name": "d9edee41cc84f20ea1ddf5ceb2520659.jpg", "realName": "58d1733a4b5f1.jpg", "source": "http://www.teatr48.ru/repertoire/primadonnyi.html"}, "photo": "https://pro.culture.ru/uploads/d9edee41cc84f20ea1ddf5ceb2520659.jpg", "gallery": ["https://pro.culture.ru/uploads/75d73de0213a78581585f14a2daa1939.jpg", "https://pro.culture.ru/uploads/208b87ec0b3610aeaf933dbd8581136b.jpg", "https://pro.culture.ru/uploads/6af09aa214d650dd18370aa8995b40a4.jpg"], "category": {"name": "Спектакли", "sysName": "spektakli"}, "time": {"start": "2019-10-01 07:00:00", "end": "2022-01-08 17:30:00"}}, {"id": 126177, "name": "Спектакль «Ханума»", "age": 12, "description": "<p>Действие происходит в конце ХIХ века в Тифлисе, где соперничают две свахи – Ханума и Кабато. Старый князь Вано Пантиашвили, промотавший все, что можно и что нельзя, ищет богатую невесту. Ханума подыскала ему не слишком молодую, но кандидатура Кабато куда больше устраивает князя. Дочь купца из Авлабара Микича Котрянца Сона молода и прекрасна. Но Сона любит своего учителя – племянника Вано Котэ Пантиашвили.</p><p>Тут-то Ханума берется за дело. Поменяв невест местами, она уговаривает Вано жениться на Гулико. Тем временем мимо дома князя в фаэтоне проезжает юная красавица Сона, но Ханума выдает ее за Гулико. Князь очарован и без колебаний подписывает брачный договор.</p>", "shortDescription": "Музыкальная комедия в двух действиях по произведению Г. Канчели и А. Цагарели.", "min_price": 300, "max_price": 500, "link": "http://www.teatr48.ru/hmwafisha.html#/event/2549", "needCheck": true, "status": "accepted", "updateDate": 1633958148309, "start": 1507388400000, "end": 1636047000000, "createDate": 1493662043524, "inAccepted": true, "acceptDate": 1633958148317, "image": {"author": "Липецкий драматический театр ", "name": "30a2be23058d15ca8f62f09a0b5b0909.jpeg", "realName": "52f0cf4a54729.JPG", "source": "http://www.teatr48.ru/repertoire/xanuma.html"}, "photo": "https://pro.culture.ru/uploads/30a2be23058d15ca8f62f09a0b5b0909.jpeg", "gallery": ["https://pro.culture.ru/uploads/5360adc2749aed38d8f906efda8f6498.jpeg"], "category": {"name": "Спектакли", "sysName": "spektakli"}, "time": {"start": "2017-10-07 15:00:00", "end": "2021-11-04 17:30:00"}}, {"id": 126176, "name": "Спектакль «Сотворившая чудо»", "age": 12, "description": "<p><span>На основе исторического факта драматург создал трогательную и пронзительную пьесу – о взаимоотношениях, уважении Учителя и Ученика, о борьбе за пробуждение разума и воскрешение человеческой души.</span></p><p><span>В прекрасной старинной семье Келлеров растет дочь Хелен. Она родилась нормальным здоровым ребенком в городе Таксамбия, штат Алабама. В возрасте 19 месяцев после острого воспаления мозга и желудка Елена лишилась зрения и слуха, что для такого маленького ребенка означало и немоту. Девочка потеряла способность слышать и видеть. Родители в растерянности, а между тем Элен растет непослушной и капризной.</span></p><p><span>Через много лет после знакомства с главной героиней Марк Твен имел основания сказать: «В XIX веке было два по-настоящему великих человека – Наполеон и Хелен Келлер».</span></p><p><span>Драматические ситуации, нередко переходящие в комедийные, делают историю семьи увлекательной.</span></p>", "shortDescription": "Реальная история в двух действиях.", "min_price": 300, "max_price": 500, "link": "http://www.teatr48.ru/hmwafisha.html#/event/2537", "needCheck": true, "status": "accepted", "updateDate": 1633957701737, "start": 1507723200000, "end": 1637429400000, "createDate": 1493661417411, "inAccepted": true, "acceptDate": 1633957702561, "image": {"author": "Александр Козин", "name": "d15d4abff1907847fa17e393b0b15b75.JPG", "realName": "5374f9950ae36.JPG", "source": "http://www.teatr48.ru/repertoire/sotvorivshaya-chudo.html"}, "photo": "https://pro.culture.ru/uploads/d15d4abff1907847fa17e393b0b15b75.JPG", "gallery": ["https://pro.culture.ru/uploads/2600af7dbccaa3a9846db2045b605331.JPG", "https://pro.culture.ru/uploads/a12b3a7e80f60cb71c004c04a4859285.JPG"], "category": {"name": "Спектакли", "sysName": "spektakli"}, "time": {"start": "2017-10-11 12:00:00", "end": "2021-11-20 17:30:00"}}, {"id": 124965, "name": "Спектакль «Мужской стриптиз»", "age": 16, "description": "<p>В центре зрительского внимания – пятеро сталеваров, потерявших работу и поставивших на себе клеймо неудачника. Когда-то они были лучшими друзьями, а теперь грызутся друг с другом из-за вакансии в бюро занятости.</p><p><span>Но! За дело берется мама Изи, тетя Роза. Кстати, в прошлом неплохая танцовщица. А еще тут реклама мужского стриптиза, попавшаяся на глаза одному из друзей, переворачивает жизнь парней.</span></p><p><span>Мужчины с неуемной энергией хватаются за нелегкую затею сделать собственное стрип-шоу. Что из этого получилось? Увидите. </span></p>", "shortDescription": "Антидепрессивная комедия в двух действиях.", "min_price": 400, "max_price": 700, "link": "http://www.teatr48.ru/hmwafisha.html#/event/2741", "needCheck": true, "status": "accepted", "updateDate": 1640627122679, "start": 1510848000000, "end": 1643307300000, "createDate": 1493238829567, "inAccepted": true, "acceptDate": 1638393121502, "image": {"author": "Липецкий драматический театр", "name": "10b59a35f497efef5b7163b3e3effc4b.jpeg", "realName": "740e78e3e3f31875a6c665401c785cca.jpg", "source": "Липецкий драматический театр"}, "photo": "https://pro.culture.ru/uploads/10b59a35f497efef5b7163b3e3effc4b.jpeg", "gallery": ["https://pro.culture.ru/uploads/6bad98e944400f101b91068ae4cdd841.jpeg"], "category": {"name": "Спектакли", "sysName": "spektakli"}, "time": {"start": "2017-11-16 16:00:00", "end": "2022-01-27 18:15:00"}}]}