{"11546": [{"id": 1393080, "name": "Бал «Кружится вальса вихрь шумный»", "age": 12, "description": "<p>Накануне всеми любимого и самого волшебного праздника Нового года Дом культуры «Юность» проведет тематический новогодний бал. Здесь каждый сможет сбросить усталость от будничной суеты и погрузиться в мир музыки и танцев пушкинских времен. </p><p>Участникам данного мероприятия будет предложено пройти мастер-класс по исполнению движений из мазурки и вальса. На протяжении всей программы гостей будут сопровождать ведущие в образах Татьяны и Евгения Онегина, которые проведут различные конкурсы, эстафеты и вручат активным участникам вечера призы за лучший костюм и образ пушкинской эпохи.</p>", "shortDescription": "Тематическая новогодняя программа с ведущими в ролях литературных персонажей.", "min_price": 500, "link": "https://www.mos.ru/afisha/event/137277257/", "status": "accepted", "updateDate": 1635001622681, "start": 1640448000000, "end": 1640455200000, "createDate": 1634285609177, "inAccepted": true, "acceptDate": 1635001622691, "image": {"author": "Макурин Юрий Игоревич", "name": "ee912bda59ae818a0535f0a7e703fd37.jpeg", "realName": "330564(3).jpg", "source": "http://unost.msk.ru/"}, "photo": "https://pro.culture.ru/uploads/ee912bda59ae818a0535f0a7e703fd37.jpeg", "gallery": [], "category": {"name": "Праздники", "sysName": "prazdniki"}, "time": {"start": "2021-12-25 16:00:00", "end": "2021-12-25 18:00:00"}}, {"id": 1375289, "name": "Мастер-класс «Цветочная композиция»", "age": 12, "description": "<p><span>На мастер-классе участники познакомятся<span> </span>с новым материалом – фоамираном, который завоевал популярность в мире рукоделия. Прекрасные качества материала позволяют выполнять из него кукол, цветы, украшения, сувениры, панно и многое другое. Гости мастер-класса смогут сделать «Розы» и собрать их в красивую композицию.</span></p> <p><span>Цель мастер-класса: <span><span> </span>развитие творческой активности и самореализации личности, формирование основ художественной культуры через декоративно-прикладное искусство.</span></span></p><p><span><span>Приглашаются все желающие!</span></span></p>", "shortDescription": "Мастер-класс по изготовлению роз из фоамирана.", "min_price": 500, "link": "https://www.mos.ru/afisha/event/137231257/", "status": "accepted", "updateDate": 1633615236717, "start": 1640422800000, "end": 1640430000000, "createDate": 1633599036453, "inAccepted": true, "acceptDate": 1633615236749, "image": {"author": "Маркова Т.Н.", "name": "d2a5b66394ce1ce016784e7ba1a16937.jpeg", "realName": "20210805_110521.jpg", "source": "http://unost.msk.ru/"}, "photo": "https://pro.culture.ru/uploads/d2a5b66394ce1ce016784e7ba1a16937.jpeg", "gallery": [], "category": {"name": "Обучение", "sysName": "obuchenie"}, "time": {"start": "2021-12-25 09:00:00", "end": "2021-12-25 11:00:00"}}, {"id": 1361341, "name": "Мастер-класс «Мак из фоамирана»", "age": 12, "description": "<p>Участники смогут научиться легко и быстро делать цветок мака, который не отличить от настоящего. Затем из этого цветка можно будет сделать брошь, которую можно как подарить, так и носить в повседневной жизни. </p><p>Для этого не потребуется прилагать много усилий – сделать красивый цветок сможет каждый. Этот небольшой сувенир, сделанный своими руками, может стать отличным подарком для друзей или родных. Каждый участник сможет попробовать себя в роли творца, в руках которого будут рождаться прекрасные цветы.</p>", "shortDescription": "Изготовление основы для броши.", "min_price": 500, "link": "https://www.mos.ru/afisha/event/138981257/", "status": "accepted", "updateDate": 1633511894031, "start": 1636891200000, "end": 1636898400000, "createDate": 1632997334428, "inAccepted": true, "acceptDate": 1633511894061, "image": {"author": "Макурин Ю.И.", "name": "d3347ec652915d088b378ef2f5bf4593.jpeg", "realName": "mak.jpg", "source": "http://unost.msk.ru/"}, "photo": "https://pro.culture.ru/uploads/d3347ec652915d088b378ef2f5bf4593.jpeg", "gallery": [], "category": {"name": "Обучение", "sysName": "obuchenie"}, "time": {"start": "2021-11-14 12:00:00", "end": "2021-11-14 14:00:00"}}, {"id": 1346488, "name": "Мастер-класс «Колокольчики»", "age": 12, "description": "<p>На мастер-классе вы научитесь делать колокольчики, начиная с бутонов, заканчивая раскрывшимися цветами из фоамирана. Собирать из готовых цветков веточки, из которых потом можно сделать небольшие картины 15х20 см. Эту картину можно будет повесить как украшение интерьера, или просто подарить. Этот небольшой сувенир, сделанный своими руками может стать отличным подарком для друзей или родных. Сувенир сделанный своими руками всегда ценен. Цель мастер-класса: развитие творческой активности и самореализации личности, формирование основ художественной культуры через декоративно-прикладное искусство. Каждый участник сможет попробовать себя в роли творца, в руках которого будут рождаться прекрасные цветы. Подарок сделаный своими руками – это всегда ценно и дорого для близких.</p>", "shortDescription": "Изготовление цветка из фоамирана.", "min_price": 500, "link": "https://www.mos.ru/afisha/event/138950257/", "status": "accepted", "updateDate": 1636480405161, "start": 1633867200000, "end": 1633874400000, "createDate": 1632382938444, "inAccepted": true, "acceptDate": 1636480405171, "image": {"author": "Макурин Ю. И. ", "name": "4b1cee3e2786d7a9413087dbf6520a5d.jpeg", "realName": "kolokol.jpg", "source": "http://unost.msk.ru/"}, "photo": "https://pro.culture.ru/uploads/4b1cee3e2786d7a9413087dbf6520a5d.jpeg", "gallery": [], "category": {"name": "Обучение", "sysName": "obuchenie"}, "time": {"start": "2021-10-10 12:00:00", "end": "2021-10-10 14:00:00"}}, {"id": 1318062, "name": "Новогодняя дискотека", "age": 12, "description": "<p> Накануне всеми любимого и самого волшебного праздника Нового года «Дом культуры»Юность\" проводит зажигательную диско программу. Здесь каждый сможет сбросить усталость от будничной суеты и погрузиться в мир музыки, зажигательных ритмов и танца. На протяжении всей программы гостей будут сопровождать ведущие в образах Деда Мороза и Снегурочки, которые проведут различные конкурсы, эстафеты и вручат активным участником<br /> данного события призы. Наши дорогие гости смогут не только поиграть с нашими сказочными героями, но и вдоволь потанцевать. Каждый гость сможет ощутить себя участником театрализованного мероприятия, опытные ведущие включат в игру всех присутствующих, никто не останется в стороне. Веселые игры, конкурсы, иногда даже эстафеты помогут почувствовать приближение праздника. </p>", "shortDescription": "Танцевальный вечер.", "min_price": 500, "link": "https://www.mos.ru/afisha/event/143771257/", "status": "accepted", "updateDate": 1631256762639, "start": 1640358000000, "end": 1640365200000, "createDate": 1631089392068, "inAccepted": true, "acceptDate": 1631283643033, "image": {"author": "Макурин Ю.И.", "name": "8c2a0ac5bc25858be95e93d4594eb700.jpeg", "realName": "63740522e00139e3a9290084b415e2db.jpeg", "source": "http://unost.msk.ru/"}, "photo": "https://pro.culture.ru/uploads/8c2a0ac5bc25858be95e93d4594eb700.jpeg", "gallery": [], "category": {"name": "Прочие", "sysName": "prochie"}, "time": {"start": "2021-12-24 15:00:00", "end": "2021-12-24 17:00:00"}}, {"id": 1318036, "name": "Тренинг стрессоустойчивости", "age": 12, "description": "<p> В нашем мире огромное количество проблем и сложностей и ощущать на себе воздействие стресса человек начинает с раннего возраста. Стресс накапливается и может превратиться во вполне реальное заболевание, а учитывая темп современной жизни не переживать от новостей и срочных дел очень трудно. Не каждый может похвастаться тем, что он спокойно принимает все сложности и проблемы, что способен тут же забыть, что на него накричали в магазине или поликлиннике, улыбнуться тому, кто наступил на ногу в тренспорте. На тренинге мы научимся стойко принимать все сложности судьбы, не обращать внимания на хамов и самое главное успокаиваться, когда нервы на пределе. <br /> Быть стрессоустойчивым может каждый, нужно только понять, как таким стать и жизнь сразу же заиграет новыми красками. </p>", "shortDescription": "Посетители смогут научиться противостоять стрессам.", "min_price": 500, "link": "https://www.mos.ru/afisha/event/143823257/", "status": "accepted", "updateDate": 1631256677863, "start": 1637247600000, "end": 1637251200000, "createDate": 1631089058123, "inAccepted": true, "acceptDate": 1631283671730, "image": {"author": "Макурин Ю.И.", "name": "ce1792c952f0956a55fe7959dd8c637b.jpeg", "realName": "f7977c1affddc96281c0463951e0e6a0.jpeg", "source": "http://unost.msk.ru/"}, "photo": "https://pro.culture.ru/uploads/ce1792c952f0956a55fe7959dd8c637b.jpeg", "gallery": [], "category": {"name": "Обучение", "sysName": "obuchenie"}, "time": {"start": "2021-11-18 15:00:00", "end": "2021-11-18 16:00:00"}}, {"id": 1316716, "name": "Концерт «Новый год на пороге»", "age": 12, "description": "<p> Накануне всеми любимого и самого волшебного праздника Нового года «Дом культуры»Юность\" проводит зажигательную диско программу. Здесь каждый сможет сбросить усталость от будничной суеты и погрузиться в мир музыки, зажигательных ритмов и танца. На протяжении все программы гостей будут сопровождать ведущие в образах Деда Мороза и Снегурочки, которые проведут различные конкурсы, эстафеты и вручат активным участником данного события призы. Наши дорогие гости смогут не только поиграть с нашими сказочными героями, но и вдоволь потанцевать. </p>", "shortDescription": "Новогодняя дискотека с Дедом Морозом и Снегурочкой.", "min_price": 500, "link": "https://www.mos.ru/afisha/event/152793257/", "status": "accepted", "updateDate": 1631283245388, "start": 1640534400000, "end": 1640541600000, "createDate": 1631022646061, "inAccepted": true, "acceptDate": 1631283663563, "image": {"author": "Макурин Ю.И.", "name": "482eb614c6895f12d87c002cef821550.jpeg", "realName": "noviigod(24).jpg", "source": "http://unost.msk.ru/"}, "photo": "https://pro.culture.ru/uploads/482eb614c6895f12d87c002cef821550.jpeg", "gallery": [], "category": {"name": "Концерты", "sysName": "koncerty"}, "time": {"start": "2021-12-26 16:00:00", "end": "2021-12-26 18:00:00"}}, {"id": 1274389, "name": "Встреча «Ярмарка знаний»", "age": 12, "description": "<p>Участники этой интеллектуальной игры на протяжении нескольких разноплановых раундов смогут показать свои знания отвечая на вопросы ведущих. Короткие интересные и познавательные задания из областей: искусства, литературы, кино и пр., позволят игрокам усовершенствовать и развить свой интеллект, расширить горизонт своих собственных знаний и, просто, с пользой провести время. В финал выйдет только одна команда, которая и получит главный приз, остальные, кому повезет меньше получат памятные сувениры.</p>", "shortDescription": "Увлекательная игра для подростков, в которой можно будет проверить свои знания в различных областях.", "min_price": 500, "link": "https://www.mos.ru/afisha/event/137194257/", "status": "accepted", "updateDate": 1633526250853, "start": 1636030800000, "end": 1636034400000, "createDate": 1629100679520, "inAccepted": true, "acceptDate": 1633526250866, "image": {"author": "Макурин Ю.И. ", "name": "07cb06e53fbe5c78193584130f062507.jpeg", "realName": "Yarmarkaznanii_denisov(5).jpg", "source": "https://www.mos.ru/afisha/event/137194257/"}, "photo": "https://pro.culture.ru/uploads/07cb06e53fbe5c78193584130f062507.jpeg", "gallery": [], "category": {"name": "Прочие", "sysName": "prochie"}, "time": {"start": "2021-11-04 13:00:00", "end": "2021-11-04 14:00:00"}}, {"id": 1271105, "name": "Квест «Пушкиниана»", "age": 12, "description": "<p>Участников ждет увлекательное путешествие в сказочный и приключенческий мир Александра Сергеевича Пушкина. Квест состоит из заданий основанных не только на знании творчества Александра Сергеевича Пушкина, но и на произведениях классиков русской литературы XVIII-XX веков. </p> <p>Ключевую роль в игровом процессе играет решение головоломок и задач, которые участники данного мероприятия смогут выполнить, проявив не только знания, но и смекалку, находчивость и творческие навыки.</p><p>К участию приглашаются все желающие.</p>", "shortDescription": "Квест «Пушкиниана».", "min_price": 500, "link": "https://www.mos.ru/afisha/event/137309257/", "status": "accepted", "updateDate": 1629270342491, "start": 1634979600000, "end": 1634983200000, "createDate": 1628841770516, "inAccepted": true, "acceptDate": 1629276397410, "image": {"author": "Макурин Ю.И.", "name": "b74f5d0e892f1b7674848767041a7b9c.jpeg", "realName": "gl(199218)(22).jpg", "source": "http://unost.msk.ru/"}, "photo": "https://pro.culture.ru/uploads/b74f5d0e892f1b7674848767041a7b9c.jpeg", "gallery": [], "category": {"name": "Прочие", "sysName": "prochie"}, "time": {"start": "2021-10-23 09:00:00", "end": "2021-10-23 10:00:00"}}, {"id": 1271023, "name": "Мастер-класс «Цветок «Хлопок»", "age": 12, "description": "<p>На мастер-классе участники познакомятся с новым материалом –фоамираном, который завоевал популярность в мире рукоделия. Прекрасные качества материала позволяют выполнять из него кукол, цветы, украшения, сувениры, панно и многое другое. На данном мероприятии будет предложено создать цветки «Лагурус» и «Хлопок».</p> <p>Цель мастер-класса: развитие творческой активности и самореализации личности, формирование основ художественной культуры через декоративно-прикладное искусство.</p><p>На занятие приглашаются все желающие.</p>", "shortDescription": "Мастер-класс по работе с фоамираном и развитию творческой активности и самореализации личности.", "min_price": 500, "link": "https://www.mos.ru/afisha/event/137244257/", "status": "accepted", "updateDate": 1629270186420, "start": 1639818000000, "end": 1639825200000, "createDate": 1628840835479, "inAccepted": true, "acceptDate": 1629276440112, "image": {"author": "Макурин Ю.И.", "name": "7b4e0c8224554ebec9f15b6939d0d5ea.jpeg", "realName": "c4761313e07a4ec859d8d8bf76971b85.jpeg", "source": "http://unost.msk.ru/"}, "photo": "https://pro.culture.ru/uploads/7b4e0c8224554ebec9f15b6939d0d5ea.jpeg", "gallery": [], "category": {"name": "Обучение", "sysName": "obuchenie"}, "time": {"start": "2021-12-18 09:00:00", "end": "2021-12-18 11:00:00"}}]}