{"12622": [{"id": 1538249, "name": "Выставка «Истоки Рождества»", "age": 0, "description": "<p>Один из великих дней в христианском мире – Рождество Христово. Это самый загадочный и волшебный, самый ожидаемый праздник. Он имеет давнюю историю, накопил богатые традиции, которые превращают его в особое ритуальное торжество, полное таинств. Праздник имеет и еще один смысл для современных людей – рождение Христа в каждом сердце.</p> <p>На выставке представлены елочные игрушки 1950–1980-х годов и ель, украшенная Вифлеемской звездой, гирляндами, серпантином и игрушками из ваты. В выставочном зале размещены открытки и фотографии советского периода. Посетители познакомятся с творческими работами мастерицы В. В. Козловой, с зимними пейзажами местных художников и детскими тематическими рисунками.</p>", "shortDescription": "Подборка материалов, которая познакомит с историей Рождества.", "min_price": 5, "max_price": 10, "link": "https://kursk.kassir.ru/muzey/oboyanskiy-kraevedcheskiy-muzey/tematicheskaya-vyistavka-istoki-rojdestva_2022-01-11", "status": "accepted", "updateDate": 1640190083895, "start": 1641880800000, "end": 1643463000000, "createDate": 1639639817466, "inAccepted": true, "acceptDate": 1640190084018, "image": {"author": "Козлова В.В.", "name": "3fc33ab6e7fbb447b3d1e4f0bc6900f1.jpeg", "realName": "IMG-20211215-WA0019.jpg", "source": "Из фондов Обоянского краеведческого музея"}, "photo": "https://pro.culture.ru/uploads/3fc33ab6e7fbb447b3d1e4f0bc6900f1.jpeg", "gallery": ["https://pro.culture.ru/uploads/712a34477e2b1d3b79b522207b575efd.jpeg"], "category": {"name": "Выставки", "sysName": "vystavki"}, "time": {"start": "2022-01-11 06:00:00", "end": "2022-01-29 13:30:00"}}, {"id": 1470174, "name": "Выставка «Чудеса в новогоднюю ночь»", "age": 0, "description": "<p>Обоянский краеведческий музей приглашает гостей посетить новогоднюю экспозицию. Новый год – долгожданный праздник для многих, год за годом радующий подарками, хорошим настроением. И взрослые, и дети любят торжественное, наполненное легкими нотками волшебства и сказки событие и начинают подготовку к празднику. На прилавках магазинов появляются яркие новогодние игрушки, серебристая мишура и гирлянды. В каждом доме, в учреждениях спешат установить нарядную елку. Праздничные атрибуты давно стали привычными. </p><p>Посетители познакомятся с историей новогодней игрушки и традицией устанавливать и украшать праздничное дерево. Экспозиция представит игрушки, которыми украшали новогодние елки в советский период, а также новогодние современные игрушки из ваты. </p>", "shortDescription": "Экспозиция знакомит с историей новогодней игрушки и традициями празднования Нового года.", "min_price": 5, "max_price": 10, "link": "https://kursk.kassir.ru/muzey/oboyanskiy-kraevedcheskiy-muzey/tematicheskaya-vyistavka-chudesa-v-novogodnyuyu-noch_2021-12-01", "status": "accepted", "updateDate": 1639658774441, "start": 1638338400000, "end": 1640959200000, "createDate": 1637398218748, "inAccepted": true, "acceptDate": 1639485836014, "image": {"author": "Юрьева О.Н.", "name": "80043ef9097390172b2a24ccff013e0e.jpeg", "realName": "20211120_102824.jpg", "source": "Из фондов Обоянского краеведческого музея"}, "photo": "https://pro.culture.ru/uploads/80043ef9097390172b2a24ccff013e0e.jpeg", "gallery": ["https://pro.culture.ru/uploads/2fb09a727b8c5295097614d3d25ffa6f.jpeg", "https://pro.culture.ru/uploads/2bbb0849f46fdb863f4b41574a9d0b94.jpeg"], "category": {"name": "Выставки", "sysName": "vystavki"}, "time": {"start": "2021-12-01 06:00:00", "end": "2021-12-31 14:00:00"}}, {"id": 1394394, "name": "Экскурсия по основной экспозиции Обоянского краеведческого музея", "age": 0, "description": "<p>В экспозиционных залах раскрывается многовековая история района: вначале как крепости, защищавшей Московское княжество от набегов татаро-монгол, затем как торгового центра на пути из Москвы в Харьков. Экспозиция освещает масштабные исторические события обоянского края. Посетителей ждет увлекательный рассказ об археологических находках на обоянской земле, о возникновении крепости и развитии города от XVII до середины XX века. </p><p>Обзорная тематическая экскурсия рассчитана на посетителей от 7 лет. Необходима предварительная запись с расчетом на экскурсионную группу от 5 человек.</p> <p> </p><p></p>", "shortDescription": "Экспозиция охватывает период от каменного века до середины XX века.", "min_price": 10, "max_price": 20, "link": "https://kursk.kassir.ru/muzey/oboyanskiy-kraevedcheskiy-muzey/obzornaya-tematicheskaya-ekskursiya-oboyanskogo-kraevedcheskogo-muzeya_2021-10-14", "status": "accepted", "updateDate": 1635150294456, "start": 1634707800000, "end": 1640872800000, "createDate": 1634305118438, "inAccepted": true, "acceptDate": 1635150294491, "image": {"author": "Лифенцева О.А.", "name": "176bbaf89a5930f84f2b622a1e2b26fe.jpeg", "realName": "Для прокультуры.JPG", "source": "Из фондов Обоянского краеведческого музея"}, "photo": "https://pro.culture.ru/uploads/176bbaf89a5930f84f2b622a1e2b26fe.jpeg", "gallery": ["https://pro.culture.ru/uploads/5c15d5c0881c573190c4891d181db460.jpeg", "https://pro.culture.ru/uploads/44f3359ea31900982b0d9fc1ee30f847.jpeg", "https://pro.culture.ru/uploads/dfbfcf4830b8be3dc65d69bcf09b70a2.jpeg"], "category": {"name": "Экскурсии", "sysName": "ekskursii"}, "time": {"start": "2021-10-20 05:30:00", "end": "2021-12-30 14:00:00"}}]}