{"11997": [{"id": 1506990, "name": "Спектакль «Сережа»", "age": 16, "description": "<p>В основе спектакля – роман Льва Толстого «Анна Каренина», а также «Жизнь и судьба» Василия Гроссмана и специально для этой постановки написанный Львом Рубинштейном текст «Вопросы». </p><p> По признанию режиссера, ему хотелось сделать «Анну Каренину» как очередной бунинский «Солнечный удар» – быстро, нежно и страшно. Но спектакль «Сережа» – это не «Анна Каренина». Это спектакль по мотивам великого романа. Там нет ни Левина, ни Кити, ни Стивы Облонского, нет сенокоса, кваса и потной рубахи и нет потрясающей сцены, когда Каренин пришел к адвокату и, может быть, впервые испытал унижение. Нет сцены скачек, падения Вронского и смерти Фру-Фру, да и паровозика, в общем-то, тоже нет... Разве что игрушечный, маленький. </p><p>Одним словом, это все похоже на Толстого, но меньше, короче. Как бы фрагмент. А Сережа – это сын Анны Карениной, мальчик восьми лет, который и стоит в центре этого «Солнечного удара», когда все смешалось – не только в доме Облонских, но и вообще.</p>", "shortDescription": "Постановка Дмитрия Крымова.", "min_price": 750, "max_price": 3500, "link": "https://spa.profticket.ru/customer/54/shows/170", "status": "accepted", "updateDate": 1640195995864, "start": 1641312000000, "end": 1641409200000, "createDate": 1638617217462, "inAccepted": true, "acceptDate": 1638860209437, "image": {"author": "Ольга Митигус", "name": "fc1822ee305af6e263b50ca11eee1c59.jpeg", "realName": "серёжа.jpg", "source": "mxat.ru"}, "photo": "https://pro.culture.ru/uploads/fc1822ee305af6e263b50ca11eee1c59.jpeg", "gallery": ["https://pro.culture.ru/uploads/c2b510c669d4b71515ce46bf48c64b3c.jpeg", "https://pro.culture.ru/uploads/670e4d565634e08fdd5919094bce4b9b.jpeg", "https://pro.culture.ru/uploads/08c625ab6bc74f1e5973ad6b4dacb8c8.jpeg", "https://pro.culture.ru/uploads/fe4d44e9d1db71e661a41011fb7ebeef.jpeg", "https://pro.culture.ru/uploads/2a335bc672e72293045b97e99a2a734a.jpeg", "https://pro.culture.ru/uploads/5b5fe67aeda9634d343722ef6802623e.jpeg", "https://pro.culture.ru/uploads/6d955d7a40e7d7dec3a94953dbb1426b.jpeg", "https://pro.culture.ru/uploads/0e3d9e9b396116ee50b57610e65251fa.jpeg"], "category": {"name": "Спектакли", "sysName": "spektakli"}, "time": {"start": "2022-01-04 16:00:00", "end": "2022-01-05 19:00:00"}}, {"id": 1434469, "name": "Спектакль «Семь жизней Немировича-Данченко»", "age": 12, "description": "<p>Эта литературно-музыкальная композиция, посвященная жизни и судьбе одного из основателей Художественного театра, была поставлена его внуком Василием Немировичем-Данченко и его женой, доцентом кафедры фортепиано МГУК Анжеликой Немирович-Данченко. </p><p>Реальные факты биографии Владимира Немировича-Данченко были воссозданы авторами на основе переписки режиссера с Константином Станиславским, Антоном Чеховым и Максимом Горьким, а также уникальных документов, до недавнего времени неизвестных широкой публике.</p>", "shortDescription": "Постановка-концерт в двух частях по письмам Владимира Немировича-Данченко.", "min_price": 700, "link": "https://spa.profticket.ru/customer/54/shows/87", "needCheck": true, "status": "accepted", "updateDate": 1638707261796, "start": 1640448000000, "end": 1640457000000, "createDate": 1636199002701, "inAccepted": true, "acceptDate": 1637936681581, "image": {"author": "Екатерина Цветкова", "name": "88c2c6f9da7579a87acdd943ec366342.jpeg", "realName": "Семь жизней1.jpeg", "source": "mxat.ru"}, "photo": "https://pro.culture.ru/uploads/88c2c6f9da7579a87acdd943ec366342.jpeg", "gallery": ["https://pro.culture.ru/uploads/b7f41bd804c1d6d6301173903b7eeac6.jpeg", "https://pro.culture.ru/uploads/c357fd91c10754658415eb9ef9406675.jpeg", "https://pro.culture.ru/uploads/13d407ad1930bbecb41e70ff4ed75fa2.jpeg"], "category": {"name": "Спектакли", "sysName": "spektakli"}, "time": {"start": "2021-12-25 16:00:00", "end": "2021-12-25 18:30:00"}}, {"id": 1432782, "name": "Спектакль «Человек из рыбы»", "age": 18, "description": "<p>Юрий Бутусов, один из лидеров отечественной режиссуры, крайне редко обращается к современной драматургии, ему более интересен творческий диалог с Шекспиром, Чеховым, Брехтом… Тем любопытнее, что для новой постановки в Художественном театре, где уже шли его «Гамлет» и «Иванов», он выбрал пьесу автора сегодняшнего дня – драматурга Аси Волошиной. Диалог стал буквальным: по словам Аси, катализатором в долгой работе над пьесой «Человек из рыбы» стал спектакль Юрия Бутусова «Бег».</p><p> Действие «Человека из рыбы» происходит в нынешние дни в Петербурге, в квартире на Караванной. Такая топография не случайна: о снеге на Караванной мечтают в изгнании герои «Бега». По мнению Аси, булгаковский снег на Караванной – «великая метафора любви к родине, от которой уже, может быть, ничего не осталось, кроме этой нашей любви и тоски».</p>", "shortDescription": "Постановка современной пьесы.", "min_price": 700, "max_price": 3000, "link": "https://spa.profticket.ru/customer/54/shows/169", "needCheck": true, "status": "accepted", "updateDate": 1638707343585, "start": 1639238400000, "end": 1643572800000, "createDate": 1635962168385, "inAccepted": true, "acceptDate": 1638553553705, "image": {"author": "Екатерина Цветкова", "name": "0f1db45c3ca227a1a9599f85324cd823.jpeg", "realName": "Человек из рыбы.jpg", "source": "mxat.ru"}, "photo": "https://pro.culture.ru/uploads/0f1db45c3ca227a1a9599f85324cd823.jpeg", "gallery": ["https://pro.culture.ru/uploads/812a451cd7f55e552ff6ea5cbca97a0f.jpeg", "https://pro.culture.ru/uploads/4e01c16d426f22fc53cc6c9e8b21dde6.jpeg", "https://pro.culture.ru/uploads/2f6e2899b40e3e1d0942982afff32634.jpeg", "https://pro.culture.ru/uploads/2265399a0813361d5c6009c55e868186.jpeg", "https://pro.culture.ru/uploads/1df5c011750e2063ba82330899ff8656.jpeg", "https://pro.culture.ru/uploads/2df30ba96e5aba8c5bfa2d1c586d4f2c.jpeg", "https://pro.culture.ru/uploads/c7dff3784a1ff6f9d98a99e4214e43db.jpeg", "https://pro.culture.ru/uploads/5a1218a833ac844b606cf30013770b05.jpeg"], "category": {"name": "Спектакли", "sysName": "spektakli"}, "time": {"start": "2021-12-11 16:00:00", "end": "2022-01-30 20:00:00"}}, {"id": 1373976, "name": "Спектакль «Очень-очень-очень темная материя»", "age": 16, "description": "<p>Конец XIX века, Дания, Копенгаген. Всемирно известный писатель Ганс Христиан Андерсен держит в заточении на чердаке своего дома конголезскую пигмейку Марджори. Это она, страдая в плену, пишет за него сказки с грустным концом, над которыми плачут читатели...</p><p>Такой сюжет мог придумать только Мартин Макдонах, ирландский драматург и режиссер, лауреат премии «Оскар», чьи кровавые пьесы, от которых по коже идет мороз, неизменно оборачиваются гимном гуманизму.</p><p>Постановка создана молодым режиссером Евгением Закировым (он же и автор перевода пьесы, которая впервые ставится в России) в рамках «Лаборатории режиссерских дебютов» – совместного проекта МХТ и фестиваля «Уроки режиссуры» Биеннале театрального искусства. Жанр спектакля режиссер определил как «нереальный замес».</p>", "shortDescription": "Постановка по черной комедии Мартина Макдонаха.", "min_price": 1000, "link": "https://spa.profticket.ru/customer/54/shows/229", "status": "accepted", "updateDate": 1638860417926, "start": 1636041600000, "end": 1642267800000, "createDate": 1633547946647, "inAccepted": true, "acceptDate": 1638860418112, "image": {"author": "Ольга Швецова", "name": "87dbc99f8dba1690278a51e7d7381be1.jpeg", "realName": "2.jpg", "source": "mxat.ru"}, "photo": "https://pro.culture.ru/uploads/87dbc99f8dba1690278a51e7d7381be1.jpeg", "gallery": ["https://pro.culture.ru/uploads/fa4e9a3ef6bc43366ad5d55b34a19788.jpeg", "https://pro.culture.ru/uploads/e6ef322325071e6ad5ae2500d7f331d0.jpeg", "https://pro.culture.ru/uploads/396438d607c05adb67ea4a9f36f6b41d.jpeg", "https://pro.culture.ru/uploads/68269ed28188ed07848e1c8812866fb1.jpeg", "https://pro.culture.ru/uploads/d1c7508e1340590b87e5b2d5f80ccfee.jpeg", "https://pro.culture.ru/uploads/d8dd1ac5df198ce611a436f123371f32.jpeg"], "category": {"name": "Спектакли", "sysName": "spektakli"}, "time": {"start": "2021-11-04 16:00:00", "end": "2022-01-15 17:30:00"}}, {"id": 1365254, "name": "Спектакль «Вальпургиева ночь, или Шаги командора»", "age": 18, "description": "<p> Весь мир – театр. А может быть, весь мир – сумасшедший дом, а люди в нем – пациенты?<br /></p><p>Действие пьесы Венедикта Ерофеева «Вальпургиева ночь, или Шаги командора» разворачивается в психиатрической больнице. Обитатели ее третьей палаты с виду обычные изгои и маргиналы, на деле же – обаятельные чудаки и мудрецы, подкупающие своей спонтанностью и непосредственностью. Чем вызван их уход из социума? Отвержением общества, которое не принимало инаковость, или это сознательный выбор – отказ от принятых норм в пользу юродства, дарующего внутреннюю свободу? Третья палата лечебницы напоминает древнегреческий полис, государство в государстве – здесь ведутся споры не на жизнь, а на смерть и решаются сложнейшие мировые вопросы.<br /></p><p>Вергилием в этом странном, немного пугающем, но очень живом мире выступает Лев Гуревич, странствующий поэт и философ, который измеряет время расстоянием от летнего солнцеворота, а расстояние – шириной Босфора. В этом герое, существующем на задворках мира, угадывается, конечно, и сам Венедикт Ерофеев.<br /></p><p>«Вальпургиева ночь, или Шаги командора» – спектакль одновременно смешной и горький, лихой, лиричный, удивительно созвучный времени и вселяющий надежду.<br /> </p>", "shortDescription": "Трагикомедия по пьесе Венедикта Ерофеева.", "min_price": 750, "max_price": 3500, "link": "https://spa.profticket.ru/customer/54/shows/227", "status": "accepted", "updateDate": 1640099208429, "start": 1638028800000, "end": 1642878000000, "createDate": 1633177851949, "inAccepted": true, "acceptDate": 1640099208441, "image": {"author": "Олег Черноус", "name": "0e71c66a2bc9972ee9b46b8164afc940.jpeg", "realName": "8.jpg", "source": "mxat.ru"}, "photo": "https://pro.culture.ru/uploads/0e71c66a2bc9972ee9b46b8164afc940.jpeg", "gallery": ["https://pro.culture.ru/uploads/6324caf7cd448c5ef2327b1a6e9c0bb0.jpeg", "https://pro.culture.ru/uploads/c664ef7ba2ed63536ab86d3e82f74a24.jpeg", "https://pro.culture.ru/uploads/fb0aed6628d80d577d022c4ad4bd5e84.jpeg", "https://pro.culture.ru/uploads/dff9dd4f876a391ac46088e396ea0705.jpeg", "https://pro.culture.ru/uploads/80cbf9b7e719b980af40bded61a054c7.jpeg", "https://pro.culture.ru/uploads/03ee56941744ca503eca5d88c495dc5e.jpeg", "https://pro.culture.ru/uploads/59ed0ff8fe7150b0a4f600e76df9b1ba.jpeg", "https://pro.culture.ru/uploads/6d3eee4b094b178efe1a44d9c5b6bcb5.jpeg"], "category": {"name": "Спектакли", "sysName": "spektakli"}, "time": {"start": "2021-11-27 16:00:00", "end": "2022-01-22 19:00:00"}}, {"id": 1365189, "name": "Спектакль «Сахарный немец»", "age": 16, "description": "<p>Художественный театр обращается к прозе Сергея Клычкова (1889–1937) – писателя и поэта, в чьем творчестве реализм переплетен с мистикой народного быта. Его можно назвать основателем магического реализма, где главным критерием служит использование фантастики, растворенной в повседневности настолько, что и сама она становится в высшей степени реальной. Роман «Сахарный немец» написан им в 1925 г. и основан на пережитых им событиях 1916-го.</p><p>Главный герой романа – Миколай Митрич Зайцев, в просторечии Зайчик – человек, поцелованный Богом, поэт. Воспитанный «полем за околицей и Чертухинским лесом», он живет в своем полусказочном мире, где и леший, и святой, и черт существуют очень естественно. Попадая на войну, видя весь ее ужас, он пытается совместить для себя два этих мира – собственный, где сон и явь, сказка и быт равноправны, и реальный.</p><p>«Сахарный немец» – история падения человека, который был рожден для спасения, но сам свершает грех и гибнет, как гибнет и вся крестьянская Русь.</p>", "shortDescription": "Постановка о Первой мировой войне по фантасмагорическому роману Сергея Клычкова.", "min_price": 750, "max_price": 1500, "link": "https://spa.profticket.ru/customer/54/shows/191", "needCheck": true, "status": "accepted", "updateDate": 1638252562624, "start": 1635868800000, "end": 1638555300000, "createDate": 1633174002266, "inAccepted": true, "acceptDate": 1635961034145, "image": {"author": "Александр Иванишин", "name": "3dea95bdcfe5dfb3db937f96913ec70e.jpeg", "realName": "Немец1.jpeg", "source": "mxat.ru"}, "photo": "https://pro.culture.ru/uploads/3dea95bdcfe5dfb3db937f96913ec70e.jpeg", "gallery": ["https://pro.culture.ru/uploads/31de017c3c164ee97ecee0e62a67dc14.jpeg", "https://pro.culture.ru/uploads/f89739a9f8f85982659d34b3f200e96d.jpeg", "https://pro.culture.ru/uploads/24126fe4c082e5c3035a1ef1bc712eef.jpeg"], "category": {"name": "Спектакли", "sysName": "spektakli"}, "time": {"start": "2021-11-02 16:00:00", "end": "2021-12-03 18:15:00"}}, {"id": 1310724, "name": "Спектакль «Враки, или Завещание барона Мюнхгаузена»", "age": 18, "description": "<p> Фантастический сюжет пьесы, написанной при участии Константина Хабенского, основывается на реальных событиях из жизни Карла Фридриха Иеронима фон Мюнхгаузена, рассказах Р. Э. Распе и других авторов, посвящавших свои произведения приключениям барона из Боденвердера.</p><p>Виктор Крамер, режиссер и художник, работает в острых, ярких, контрастных театральных жанрах, его кредо – стихия свободы, игры и буффонады. Достаточно вспомнить легендарное «сНежное шоу», созданное в соавторстве с Вячеславом Полуниным, спектакли театра «Фарсы», постановки в Teatro alla Scala, в Большом и Мариинском театрах, представления к 300-летию Санкт-Петербурга. </p><p>Главной темой спектакля станет история о незнающей преград человеческой фантазии, способной преобразовать мир, дать свободу и счастье. </p>", "shortDescription": "Зрелищная постановка Виктора Крамера по собственной пьесе.", "min_price": 1000, "max_price": 5000, "link": "https://spa.profticket.ru/customer/54/shows/225", "status": "accepted", "updateDate": 1640195995985, "start": 1634400000000, "end": 1643311800000, "createDate": 1630762388479, "inAccepted": true, "acceptDate": 1638777399848, "image": {"author": "Александр Иванишин", "name": "202dfaa4ce223b9ef525872557efc25b.jpeg", "realName": "31.jpg", "source": "mxat.ru"}, "photo": "https://pro.culture.ru/uploads/202dfaa4ce223b9ef525872557efc25b.jpeg", "gallery": ["https://pro.culture.ru/uploads/beb7b5447b237d870219bdbbd315939a.jpeg", "https://pro.culture.ru/uploads/7e41b27665ccb2dc7d16f4be1caa6252.jpeg", "https://pro.culture.ru/uploads/f9b9e50e846671f90bc141727ba01fd5.jpeg", "https://pro.culture.ru/uploads/c8996d3c3945f108f2e34c31aea176c6.jpeg", "https://pro.culture.ru/uploads/c179dc3fe9e4ada0d2d3993e24489c4e.jpeg", "https://pro.culture.ru/uploads/db48a56ae2bda5773473be0f88f79ecb.jpeg", "https://pro.culture.ru/uploads/c3979c09f0455a0add5df50cdab2b87d.jpeg", "https://pro.culture.ru/uploads/2bf4e9ca84596e9f8e240cb96279607f.jpeg"], "category": {"name": "Спектакли", "sysName": "spektakli"}, "time": {"start": "2021-10-16 16:00:00", "end": "2022-01-27 19:30:00"}}, {"id": 1310661, "name": "Спектакль «Моя жизнь»", "age": 16, "description": "<p> В 2020 году Московский Художественный театр имени А. П. Чехова объявил о начале нового проекта – «Лаборатории режиссерских дебютов», проводимой совместно с фестивалем «Уроки режиссуры» в рамках «Биеннале театрального искусства». К участию были приглашены молодые режиссеры – дипломники и выпускники театральных вузов, которым по итогам конкурса предоставлялся шанс поставить спектакль на Новой сцене МХТ с артистами Художественного театра. Первый результат лаборатории – спектакль «Моя жизнь» по повести А. П. Чехова в постановке Сергея Тонышева, выпускника ГИТИСа 2021 года.</p><p>Главный герой «Моей жизни», дворянин Мисаил Полознев, пытается найти свое место в жизни. В поисках ответа на вопрос, в чем смысл и счастье пребывания человека на земле, он порывает с семьей и становится простым маляром. </p>", "shortDescription": "Драма по повести А. П. Чехова.", "min_price": 1000, "link": "https://spa.profticket.ru/customer/54/shows/226", "needCheck": true, "status": "accepted", "updateDate": 1638707325640, "start": 1633276800000, "end": 1642528800000, "createDate": 1630757137917, "inAccepted": true, "acceptDate": 1638553506821, "image": {"author": "Александр Иванишин", "name": "942080d4a63e246ebd0a3e262aef7f22.jpeg", "realName": "17_.jpg", "source": "mxat.ru"}, "photo": "https://pro.culture.ru/uploads/942080d4a63e246ebd0a3e262aef7f22.jpeg", "gallery": ["https://pro.culture.ru/uploads/0c050d6133572d51d41313f2581f5542.jpeg", "https://pro.culture.ru/uploads/bdd9a8a71513531cf5bbcd9da585a57a.jpeg", "https://pro.culture.ru/uploads/2ed6cf75c1234d669da3a5fab7f2685c.jpeg", "https://pro.culture.ru/uploads/96d17148c0ba9a6b088a93dd5d91e822.jpeg", "https://pro.culture.ru/uploads/34c8732284c862c2d3a2e8863f546b11.jpeg", "https://pro.culture.ru/uploads/8e9a0ecfbf3eee1b7a3edbb81150093e.jpeg", "https://pro.culture.ru/uploads/436f95b451a5bc6108ffb46d818c9cd8.jpeg", "https://pro.culture.ru/uploads/794ad54f23748dc579a19b2732106601.jpeg", "https://pro.culture.ru/uploads/efe253abf301028007fc7ab40d214dc9.jpeg"], "category": {"name": "Спектакли", "sysName": "spektakli"}, "time": {"start": "2021-10-03 16:00:00", "end": "2022-01-18 18:00:00"}}, {"id": 1310600, "name": "Спектакль «Дуэль»", "age": 16, "description": "<p>Случайные люди, объединенные только временем и пространством. Все они сейчас вне дома. Они на Кавказе. Никто из них не знает друг о друге настоящей правды. Почти все в состоянии конфликта. Кто-то пытается просто жить. Кто-то ищет смысл в своем существовании. Постоянная дуэль с самим собой или друг с другом… Может ли их что-нибудь объединить или каждый должен найти свой путь в одиночку?</p> <p>Премьера спектакля состоялась весной 2010 года на Малой сцене Художественного театра, а осенью того же года постановка была удостоена двух наград VIII Международного театрального форума «Золотой витязь»: золотым дипломом «За лучшую режиссерскую работу и инсценировку прозы А. П. Чехова» был награжден Антон Яковлев, а обладателем серебряного диплома стал исполнитель одной из главных ролей – заслуженный артист РФ Валерий Трошин.</p>", "shortDescription": "Драма в двух действиях по повести А. П. Чехова.", "min_price": 1500, "max_price": 2500, "link": "https://spa.profticket.ru/customer/54/shows/23", "status": "accepted", "updateDate": 1638707129094, "start": 1634626800000, "end": 1642528800000, "createDate": 1630753660417, "inAccepted": true, "acceptDate": 1638556501519, "image": {"author": "Екатерина Цветкова", "name": "6b3bdb0d13b02f37238611a60385dc1d.jpeg", "realName": "Дуэль1.jpeg", "source": "mxat.ru"}, "photo": "https://pro.culture.ru/uploads/6b3bdb0d13b02f37238611a60385dc1d.jpeg", "gallery": ["https://pro.culture.ru/uploads/969aa65c1754db3819684b5dee65f7f0.jpeg", "https://pro.culture.ru/uploads/4841bd32ad4650dd3bc7e41bc316f501.jpeg", "https://pro.culture.ru/uploads/759a6a92fcb771a4a4007f8c78ef84ff.jpeg", "https://pro.culture.ru/uploads/4f83888f894c6c1a7ecf98a56045db1f.jpeg", "https://pro.culture.ru/uploads/ca553ef5389127aa0547ae7f8e3e9062.jpeg", "https://pro.culture.ru/uploads/be42c2c4126504850c74c9ad5bd08aa3.jpeg"], "category": {"name": "Спектакли", "sysName": "spektakli"}, "time": {"start": "2021-10-19 07:00:00", "end": "2022-01-18 18:00:00"}}, {"id": 1298094, "name": "Спектакль «Твой образ милый и далекий»", "age": 12, "description": "<p>Антон Павлович Чехов, будучи убежденным холостяком, говорил друзьям, что его будущая жена должна быть как луна, которая являлась бы на его небе не каждый день. Желание исполнилось – судьба подарила ему встречу с актрисой Художественного театра Ольгой Книппер. Она жила в Москве, полностью посвящая себя сцене, он – по состоянию здоровья – в Ялте. Женитьба ничего не изменила, встречи были редки, но эта любовь давала тяжело больному писателю силы жить и творить (для Ольги Книппер-Чеховой и МХТ им были созданы пьесы «Три сестры» и «Вишневый сад»). Они часто писали друг другу, и эти письма остались отражением последних шести лет жизни Чехова, времени первых триумфов Художественного театра, истории любви мужчины и женщины, которым не суждено быть рядом.</p><p>Спектакль «Твой образ милый и далекий...» основан на переписке Антона Павловича и Ольги Леонардовны. Супружескую чету Чеховых играют Василий и Анжелика Немирович-Данченко – артисты, музыканты, потомки одного из основателей МХТ.</p>", "shortDescription": "Диалог в двух частях по письмам Антона Чехова и Ольги Книппер.", "min_price": 500, "link": "https://spa.profticket.ru/customer/54/shows/95", "status": "accepted", "updateDate": 1638252561866, "start": 1635004800000, "end": 1635012600000, "createDate": 1630157282730, "inAccepted": true, "acceptDate": 1634129193000, "image": {"author": "Екатерина Цветкова", "name": "06b21d334915e3a619fcdabfd9676714.jpeg", "realName": "Твой образ1.jpg", "source": "mxat.ru"}, "photo": "https://pro.culture.ru/uploads/06b21d334915e3a619fcdabfd9676714.jpeg", "gallery": ["https://pro.culture.ru/uploads/be239aad5a441dc8b6fa2b9cd9c4b801.jpeg", "https://pro.culture.ru/uploads/655917bff7ba01d3fe0ffb254e8f6ad3.jpeg", "https://pro.culture.ru/uploads/a3c09d5c8842cc2235d1df2aa425c170.jpeg", "https://pro.culture.ru/uploads/14240eadf9bc760e82721ff5af41d9da.jpeg", "https://pro.culture.ru/uploads/5c0ae5a61a4d2df7faa4b24782e69a19.jpeg", "https://pro.culture.ru/uploads/05fcf9dbd908e1cd6b5c0b37e77dc617.jpeg"], "category": {"name": "Спектакли", "sysName": "spektakli"}, "time": {"start": "2021-10-23 16:00:00", "end": "2021-10-23 18:10:00"}}, {"id": 1249767, "name": "Спектакль «Губернатор»", "age": 18, "description": "<p>Рассказ «Губернатор» – отклик писателя-символиста на убийство эсером Каляевым московского генерал-губернатора, великого князя Сергея Александровича. По объему смыслов, сгущенности повествования это не рассказ даже, а экзистенциальный микророман. Главный герой, градоначальник, отдавший приказ о расстреле толпы бастующих рабочих, переосмысляет произошедшее и предчувствует собственную смерть.</p><p>Но революция – лишь фон спектакля, в центре его – частная история человека, ведущего тяжелый, мучительный диалог с самим собой, с собственной совестью, живущего в постоянном ожидании смерти. В результате именно этот фон – сокрушительная, иррациональная, неумолимая сила и убивает его. Трагедия разрушения человека-должности, следующего логике приказа, логике власти, высвобождает в губернаторе человека как личность, во всей ее беззащитности и одиночестве перед лицом смерти.</p><p>Художник спектакля – Александр Шишкин, постоянный соавтор Андрея Могучего. Художник по костюмам – Сергей Илларионов. В музыкальном оформлении «Губернатора» использованы отрывки из нескольких произведений Олега Каравайчука, а также из «Симфонии гудков» Арсения Аврамова.<br /></p>", "shortDescription": "Постановка по рассказу Леонида Андреева.", "min_price": 3000, "max_price": 4500, "link": "https://bdt.spb.ru/спектакли/губернатор/", "status": "accepted", "updateDate": 1640641957641, "start": 1632240000000, "end": 1640454600000, "createDate": 1627913056782, "inAccepted": true, "acceptDate": 1636377979513, "image": {"author": "Стас Левшин ", "name": "ef63ce7228b7732f34b9f8c8517d0cb2.jpeg", "realName": "Губернатор-1.JPG", "source": "bdt.spb.ru"}, "photo": "https://pro.culture.ru/uploads/ef63ce7228b7732f34b9f8c8517d0cb2.jpeg", "gallery": ["https://pro.culture.ru/uploads/7602e98fd1f2c3f88a00be8b00d0947b.jpeg", "https://pro.culture.ru/uploads/6f18c54185ebcbbd6f2e666c51f0298d.jpeg", "https://pro.culture.ru/uploads/3e3d749163898a3c787ed354dfe0fd99.jpeg", "https://pro.culture.ru/uploads/402a7ed11308b6b05c34065556b28d63.jpeg", "https://pro.culture.ru/uploads/7cecb2a758aadf80ea31f1068bfe3726.jpeg", "https://pro.culture.ru/uploads/f6a64a9cb354002f2033f60076591d22.jpeg", "https://pro.culture.ru/uploads/7e33f20718b0f4a7d34847c9a1c98727.jpeg", "https://pro.culture.ru/uploads/61f83d9070f9f0e45cf37074947a7308.jpeg", "https://pro.culture.ru/uploads/8559e771fe95c51ab608e13d211fc1e3.jpeg"], "category": {"name": "Спектакли", "sysName": "spektakli"}, "time": {"start": "2021-09-21 16:00:00", "end": "2021-12-25 17:50:00"}}, {"id": 1243908, "name": "Спектакль «Шинель»", "age": 12, "description": "<p>Петербургская повесть Николая Гоголя – трогательная история о любви к вещи. Нищий одинокий мелкий чиновник шьет себе новую шинель вместо прохудившейся старой, и это, казалось бы, дежурное мероприятие превращается для него в событие, которое изменяет навсегда его жизнь и в конечном итоге убивает героя. </p><p>Режиссер Антон Коваленко сделал из «Шинели» рассказ религиозного звучания о мытарствах человеческой души в плену мучительной здешней жизни, души, мечтающей о неземном бытии.</p><p> Главную роль (Акакия Акакиевича Башмачкина) сыграл один из лучших исполнителей гоголевского репертуара – народный артист РФ Авангард Леонтьев.</p>", "shortDescription": "Постановка в одном действии по повести Николая Гоголя.", "min_price": 1000, "link": "https://spa.profticket.ru/customer/54/shows/105", "needCheck": true, "status": "accepted", "updateDate": 1638707035802, "start": 1632240000000, "end": 1642613400000, "createDate": 1627588559906, "inAccepted": true, "acceptDate": 1638555970855, "image": {"author": "Екатерина Цветкова", "name": "98b73307f11fef55caa23139dfcdc440.jpeg", "realName": "Шинель.jpg", "source": "mxat.ru"}, "photo": "https://pro.culture.ru/uploads/98b73307f11fef55caa23139dfcdc440.jpeg", "gallery": ["https://pro.culture.ru/uploads/a6b8ccf5a1a6e88306aabcc29f1b7997.jpeg", "https://pro.culture.ru/uploads/056ba99f24d7bb318cf18259ac4176da.jpeg", "https://pro.culture.ru/uploads/187a9230c08a3b3760b4610f3a29ba74.jpeg"], "category": {"name": "Спектакли", "sysName": "spektakli"}, "time": {"start": "2021-09-21 16:00:00", "end": "2022-01-19 17:30:00"}}, {"id": 1243895, "name": "Спектакль «Мальва»", "age": 16, "description": "<p> Клочок земли, окруженный водой. Трое мужчин и одна женщина. Можно все, так как Бог ушел. </p><p>Это история о дисгармоничной природе человека на фоне гармоничной природы – парадоксальным образом райские пейзажи становятся фоном, на котором рушатся судьбы. Рвутся все человеческие связи: между мужчиной и женщиной, отцом и сыном, друзьями. </p><p>Главная героиня истории Мальва – роковая красавица, потерявшая интерес ко всему. Имитируя жизнь, она пытается от нее защититься. Все исчезает со своей скоростью отмирания. Витальность покидает этот мир. Природа в этот час особенно прекрасна. </p>", "shortDescription": "Постановка Данила Чащина по одноименному рассказу Максима Горького.", "min_price": 1000, "link": "https://spa.profticket.ru/customer/54/shows/155", "needCheck": true, "status": "accepted", "updateDate": 1638707096801, "start": 1632585600000, "end": 1642957200000, "createDate": 1627587822022, "inAccepted": true, "acceptDate": 1638555992958, "image": {"author": "Екатерина Цветкова", "name": "7695fa3cd0227009f6a90dc41e6f4015.jpeg", "realName": "Мальва1.jpg", "source": "mxat.ru"}, "photo": "https://pro.culture.ru/uploads/7695fa3cd0227009f6a90dc41e6f4015.jpeg", "gallery": ["https://pro.culture.ru/uploads/37388c2d7f0445ae9068e65aafd48905.jpeg", "https://pro.culture.ru/uploads/427fe25650bd7f09d0a8bc6b0faf17ed.jpeg", "https://pro.culture.ru/uploads/87b1e3d9395c800d74c9b36f0a6b8e1e.jpeg", "https://pro.culture.ru/uploads/7d4fe41f97e7eb6b28378e49aae51db9.jpeg", "https://pro.culture.ru/uploads/4e1d845b88bf938deb76e38447bff689.jpeg", "https://pro.culture.ru/uploads/2e6e3fef45c80d697a5a30fb5defb2ee.jpeg"], "category": {"name": "Спектакли", "sysName": "spektakli"}, "time": {"start": "2021-09-25 16:00:00", "end": "2022-01-23 17:00:00"}}, {"id": 1243875, "name": "Спектакль «Ювенильное море»", "age": 16, "description": "<p> Годы первой советской пятилетки. В отдаленном мясосовхозе «Доброе начало» в голодной обезвоженной степи живут люди, истово верящие, что смогут переделать мир, создать новое солнце, вольтовой дугой прожечь землю и добраться до погребенных вод – ювенильного моря. Как и Андрей Платонов, его герои – люди эпохи, воспевавшей труд ради труда, времени, когда место Бога считалось вакантным. </p><p> Повесть Андрея Платонова «Ювенильное море», написанную в начале 1930-х, но запрещенную цензурой и увидевшую свет только в 1986-м, часто называют пародией на производственный роман. По мнению режиссера Натальи Назаровой, прозу Платонова можно причислить к фантастическому реализму наравне с произведениями Гоголя или Маркеса. Поэтому и сценическая версия «Ювенильного моря» получается временами страшной, временами веселой и очень абсурдной сказкой. Это спектакль о том, как люди впадают в великие коллективные иллюзии и как эти иллюзии приводят к катастрофам. При этом по жанру новый мхатовский спектакль – комедия. <br /></p>", "shortDescription": "Постановка Натальи Назаровой по мотивам повести Андрея Платонова.", "min_price": 750, "max_price": 1500, "link": "https://spa.profticket.ru/customer/54/shows/211", "needCheck": true, "status": "accepted", "updateDate": 1638707301885, "start": 1631808000000, "end": 1639252800000, "createDate": 1627586160549, "inAccepted": true, "acceptDate": 1635959279426, "image": {"author": "Александр Иванишин", "name": "ae24eb442e92087d7bc4d33ae23612e1.jpeg", "realName": "Ювенильное1.jpeg", "source": "mxat.ru"}, "photo": "https://pro.culture.ru/uploads/ae24eb442e92087d7bc4d33ae23612e1.jpeg", "gallery": ["https://pro.culture.ru/uploads/fae65b1859eac2715631600a9abe690d.jpeg", "https://pro.culture.ru/uploads/dc50774fac8d9f26f292384097b2db60.jpeg", "https://pro.culture.ru/uploads/bd8ea192324b6b9e5ab5593f00463eef.jpeg", "https://pro.culture.ru/uploads/96ad362dd561e2c82363447a9aa2c89b.jpeg", "https://pro.culture.ru/uploads/4a137cc9d4b4f187db32fc90e4b991d4.jpeg", "https://pro.culture.ru/uploads/795a5c561379df6a405f09e5ec3a7723.jpeg", "https://pro.culture.ru/uploads/65a7d16cd4d8e6ecb249f3f9c98976f9.jpeg"], "category": {"name": "Спектакли", "sysName": "spektakli"}, "time": {"start": "2021-09-16 16:00:00", "end": "2021-12-11 20:00:00"}}, {"id": 1243862, "name": "Спектакль «Правда – хорошо, а счастье лучше»", "age": 16, "description": "<p>«Правда – хорошо, а счастье лучше» – пьеса с интересной сценической судьбой, и все-таки она не так часто встречается в репертуаре русского театра, как другие пьесы Александра Николаевича Островского. Сюжет ее вполне типичен для этого драматурга.</p><p>Наследница большого капитала Поликсена влюблена в бедного юношу Платона, чьи честность и принципиальность не только мешают карьере, но и восстанавливают против него всю семью богатой невесты. Главу семьи – Мавру Тарасовну, бабушку Поликсены, – играет легендарная Ольга Яковлева. </p><p>Режиссер Александр Огарев определил жанр спектакля как «новеллы из русской жизни на фоне диорамы».</p>", "shortDescription": "Постановка Александра Огарева по хрестоматийной пьесе Александра Островского.", "min_price": 1000, "max_price": 1500, "link": "https://spa.profticket.ru/customer/54/shows/125/", "needCheck": true, "status": "accepted", "updateDate": 1638707111858, "start": 1632672000000, "end": 1641582000000, "createDate": 1627584636876, "inAccepted": true, "acceptDate": 1638556063412, "image": {"author": "Екатерина Цветкова", "name": "8206eedf6019d7015445002aa8ee752b.jpeg", "realName": "Правда1.jpg", "source": "mxat.ru"}, "photo": "https://pro.culture.ru/uploads/8206eedf6019d7015445002aa8ee752b.jpeg", "gallery": ["https://pro.culture.ru/uploads/e5f2b8ddeb19d458586f5c03dae76adb.jpeg", "https://pro.culture.ru/uploads/ea952ba2cdf729b0cc58cc006688168d.jpeg", "https://pro.culture.ru/uploads/de35449a4d96bdbb21bbc41030eebc9f.jpeg", "https://pro.culture.ru/uploads/7f9b8f6791eedd4380e7013862319789.jpeg", "https://pro.culture.ru/uploads/c8c94f1fba249fa4a0ca9a3c901e33c6.jpeg", "https://pro.culture.ru/uploads/dea6856da7c1ba321f3234944762799f.jpeg", "https://pro.culture.ru/uploads/c84c5ad2e7a2881317b1e4318152106f.jpeg"], "category": {"name": "Спектакли", "sysName": "spektakli"}, "time": {"start": "2021-09-26 16:00:00", "end": "2022-01-07 19:00:00"}}, {"id": 1243822, "name": "Спектакль «Месяц в деревне»", "age": 16, "description": "<p>Пьеса Ивана Тургенева о любовном многоугольнике в «дворянском гнезде» Ислаевых (замужняя женщина, хозяйка дома, в которую безответно влюблен друг семьи, увлечена заезжим студентом, вскружившим голову не только ей, но и ее юной воспитаннице) написана 170 лет назад и претерпела множество интерпретаций. В нынешней версии авторский текст существенно перемонтирован и сокращен, но «тургеневское кружево», «тургеневская вязь» никуда не исчезли. </p><p>По мнению режиссера Егора Перегудова, это история про людей, которые не позволили себе совершить поступок. Все сохраняют представление о самих себе как о прекрасных людях, но счастливы ли они в этом? Может быть, нужно позволить себе совершить что-то немыслимое, чтобы понять, что такое настоящее счастье...</p><p>Сценограф Владимир Арефьев предложил для спектакля смелые, даже радикальные декорации: зрители действительно попадут в деревню, с ее атмосферой, живыми фактурами и ароматами.</p>", "shortDescription": "Постановка Егора Перегудова по пьесе Ивана Тургенева.", "min_price": 500, "max_price": 3500, "link": "https://spa.profticket.ru/customer/54/shows/212", "needCheck": true, "status": "accepted", "updateDate": 1638707372823, "start": 1631462400000, "end": 1642794300000, "createDate": 1627580464501, "inAccepted": true, "acceptDate": 1638555498114, "image": {"author": "Александр Иванишин", "name": "cefae279f34896758c04e9e6eb726998.jpeg", "realName": "Месяц1.jpeg", "source": "mxat.ru"}, "photo": "https://pro.culture.ru/uploads/cefae279f34896758c04e9e6eb726998.jpeg", "gallery": ["https://pro.culture.ru/uploads/958255efbb73ea483b2b5ff83724fc4b.jpeg", "https://pro.culture.ru/uploads/dfc759f5170c4725b93bfc04b7fe2e1e.jpeg", "https://pro.culture.ru/uploads/057d86f029fb4a14603c49fb2ddd7083.jpeg", "https://pro.culture.ru/uploads/3931983d4766d814811ca648cd1b1ee1.jpeg", "https://pro.culture.ru/uploads/ffd663542f27b3589abae6fdf5da9282.jpeg", "https://pro.culture.ru/uploads/fd2bc7b70bc53c06f53b71a1ac61de89.jpeg"], "category": {"name": "Спектакли", "sysName": "spektakli"}, "time": {"start": "2021-09-12 16:00:00", "end": "2022-01-21 19:45:00"}}, {"id": 1243804, "name": "Спектакль «Лес»", "age": 16, "description": "<p>Действие хрестоматийной комедии режиссер перенес из XIX века в 70-е годы ХХ столетия. В интерьере дома Гурмыжской легко узнается квартира партийного работника: здесь и радиола, и фотообои, и песня о Беловежской пуще в исполнении детского хора. Алексис Буланов в исполнении Юрия Чурсина предстает субтильным юношей, демонстративно качающим мышцы, это он – будущий хозяин усадьбы, способный все прибрать к рукам, втереться в доверие и войти в чужую душу, как к себе домой. </p><p>Помещица Гурмыжская (ее играет Наталья Тенякова) и смешна, и трогательна в своем припозднившемся чувстве к молодому человеку. А артисты Счастливцев и Несчастливцев в исполнении Авангарда Леонтьева и Дмитрия Назарова участвуют во всех комедийных ситуациях, но не выходят из «Леса» победителями: театральные подмостки и жизнь по Серебренникову не имеют ничего общего.</p>", "shortDescription": "Постановка Кирилла Серебренникова по комедии Александра Островского.", "min_price": 500, "max_price": 3500, "link": "https://spa.profticket.ru/customer/54/shows/40", "needCheck": true, "status": "accepted", "updateDate": 1639235104842, "start": 1632585600000, "end": 1642275000000, "createDate": 1627578341498, "inAccepted": true, "acceptDate": 1638555600924, "image": {"author": "Екатерина Цветкова", "name": "a7867963261bb2fbafb6fb4aad34f3ef.jpeg", "realName": "Лес1.jpg", "source": "mxat.ru"}, "photo": "https://pro.culture.ru/uploads/a7867963261bb2fbafb6fb4aad34f3ef.jpeg", "gallery": ["https://pro.culture.ru/uploads/a0ef05981252a029db4cbf66e0c2c90e.jpeg", "https://pro.culture.ru/uploads/6205776d3da58a05bf399f490de181a3.jpeg", "https://pro.culture.ru/uploads/3fad20695a8d57a81f1eb6c435843f17.jpeg"], "category": {"name": "Спектакли", "sysName": "spektakli"}, "time": {"start": "2021-09-25 16:00:00", "end": "2022-01-15 19:30:00"}}, {"id": 1243794, "name": "Спектакль «Заговор чувств»", "age": 16, "description": "<p>Постановка по произведениям Юрия Олеши продолжает репертуарную линию МХТ под руководством Сергея Женовача: возвращение на сцену пьес знаковых для истории Художественного театра авторов. Олеша – один из них. На «Заговор чувств» МХАТ претендовал в год создания пьесы (1929), но в итоге уступил ее Театру Вахтангова. Потом были и две вариации «Трех толстяков», шедшие на мхатовской сцене много лет, и недописанная автором драма «Смерть Занда», к созданию которой он приступил по заказу Художественного театра, и многие десятилетия, в которые имя Олеши не появлялось в афишах. </p><p>Завлит МХАТ Павел Марков, прилагавший немалые усилия для сближения автора и театра, сравнивал Юрия Олешу с мудрым и наивным волшебником. Таков и один из героев «Заговора чувств» Иван Бабичев, человек, верящий во всесильность чувств и страстей, противостоящий энтузиазму строителей нового мира, где общественное благо важнее частного. Его антипод – родной брат Андрей, директор треста пищевой промышленности, грезящий созданием нового сорта колбасы. Между ними – молодой человек Николай Кавалеров, снедаемый теми самыми чувствами и страстями: честолюбием, завистью, ревностью, безответной любовью к девушке, любимой Иваном и любящей Андрея...</p>", "shortDescription": "Постановка Сергея Женовача по одноименной пьесе и роману «Зависть» Юрия Олеши.", "min_price": 600, "max_price": 3500, "link": "https://spa.profticket.ru/customer/54/shows/215", "needCheck": true, "status": "accepted", "updateDate": 1638706928200, "start": 1631980800000, "end": 1641754800000, "createDate": 1627577351450, "inAccepted": true, "acceptDate": 1638556022924, "image": {"author": "Александр Иванишин", "name": "92b6de71a4d6cd7808d9b0ed42d0e60f.jpeg", "realName": "Заговор1.jpeg", "source": "mxat.ru"}, "photo": "https://pro.culture.ru/uploads/92b6de71a4d6cd7808d9b0ed42d0e60f.jpeg", "gallery": ["https://pro.culture.ru/uploads/063acaea437ff513d67a6919ca312511.jpeg", "https://pro.culture.ru/uploads/ed93baf26f01e03240469f8ff11b39fb.jpeg", "https://pro.culture.ru/uploads/e2671b267fead5f0a8b5662833348897.jpeg", "https://pro.culture.ru/uploads/65a3db0226021e529af82e6d88eefcc1.jpeg", "https://pro.culture.ru/uploads/a0d54ed2280e30f691e630c3ff16976b.jpeg"], "category": {"name": "Спектакли", "sysName": "spektakli"}, "time": {"start": "2021-09-18 16:00:00", "end": "2022-01-09 19:00:00"}}, {"id": 1243776, "name": "Спектакль «Мефисто»", "age": 16, "description": "<p> Режиссер Адольф Шапиро представит на сцене театра спектакль, созданный по мотивам знаменитого романа писателя Клауса Манна «Мефистофель», повествующего о взаимоотношениях власти и творческой личности. </p><p>Это история жизни талантливого артиста, режиссера и театрального деятеля в условиях тоталитарного государства. Прототипом главного героя романа был великий немецкий актер Густаф Грюндгенс, который в годы Третьего рейха сотрудничал с нацистами, был директором Государственного театра гитлеровской Германии. </p>", "shortDescription": "История одной карьеры. Постановка Адольфа Шапиро по роману Клауса Манна.", "min_price": 500, "max_price": 3500, "link": "https://spa.profticket.ru/customer/54/shows/44", "needCheck": true, "status": "accepted", "updateDate": 1638707060695, "start": 1631721600000, "end": 1642964400000, "createDate": 1627575968689, "inAccepted": true, "acceptDate": 1638555571558, "image": {"author": "Екатерина Цветкова", "name": "ac69f9c8aa65c9f2d488bf6f697028a8.jpeg", "realName": "Мефисто1.jpg", "source": "mxat.ru"}, "photo": "https://pro.culture.ru/uploads/ac69f9c8aa65c9f2d488bf6f697028a8.jpeg", "gallery": ["https://pro.culture.ru/uploads/d025f5eab6b88f5476289bef7006ccf7.jpeg", "https://pro.culture.ru/uploads/7e8bb4a73fbcf72860c99f8f72e8715d.jpeg", "https://pro.culture.ru/uploads/5a08258c3be5af71f77b6b674eca7b83.jpeg", "https://pro.culture.ru/uploads/6e86d9ce3d30688dfec13f48c14ac67e.jpeg", "https://pro.culture.ru/uploads/b75ff1ef94216ce86603c593ea377ef1.jpeg", "https://pro.culture.ru/uploads/3630b5d4b1aa38e17fddca067be37552.jpeg"], "category": {"name": "Спектакли", "sysName": "spektakli"}, "time": {"start": "2021-09-15 16:00:00", "end": "2022-01-23 19:00:00"}}, {"id": 1243762, "name": "Спектакль «Бег»", "age": 18, "description": "<p>15 мая 2019 года, в день рождения Михаила Булгакова, в Художественном театре впервые был сыгран «Бег». Никогда ранее эта пьеса о разгроме Белой армии и трагедии эмиграции не ставилась здесь, хотя была написана специально для МХАТа в 1928 году. Запрещенная цензурой, она увидела свет рампы только во времена оттепели и не на мхатовской сцене. </p><p>Этот спектакль – второе обращение Сергея Женовача к драматургии Булгакова в Художественном театре. На протяжении десяти лет здесь шла его «Белая гвардия», где рушился мир, но за кремовыми шторами еще горел абажур, наряжали елку, а «Бег» был только предчувствием...</p><p>В основу сюжета пьесы Булгакова легли воспоминания об эмиграции его второй жены Любови Белозерской, бежавшей от Гражданской войны в Константинополь, а также мемуары белого генерала Якова Слащева, руководившего в 1919–1920 годах обороной Крыма.</p>", "shortDescription": "Постановка в двух действиях по одноименной пьесе Михаила Булгакова.", "min_price": 500, "max_price": 5000, "link": "https://spa.profticket.ru/customer/54/shows/182/#", "needCheck": true, "status": "accepted", "updateDate": 1638706939317, "start": 1631203200000, "end": 1642703400000, "createDate": 1627574173708, "inAccepted": true, "acceptDate": 1638556567604, "image": {"author": "Александр Иванишин", "name": "e569c8d56bd7a358d1b54b4489ac348f.jpeg", "realName": "6431da6d2786a1e35bda977eea9c7591.jpeg", "source": "mxat.ru"}, "photo": "https://pro.culture.ru/uploads/e569c8d56bd7a358d1b54b4489ac348f.jpeg", "gallery": ["https://pro.culture.ru/uploads/590e9fabd665f6f2bad5f9f12b221501.jpeg", "https://pro.culture.ru/uploads/d8db6421855d168c1284a2f6b7616161.jpeg", "https://pro.culture.ru/uploads/9ba550d07bc4311723de3941b70e314a.jpeg", "https://pro.culture.ru/uploads/f2075930eaa5abf2f735a960c5baa905.jpeg", "https://pro.culture.ru/uploads/d03a6c96d865dbb9ae7060dd34e7096b.jpeg", "https://pro.culture.ru/uploads/2b8c6d10840ded49702f1ea86d2083e8.jpeg"], "category": {"name": "Спектакли", "sysName": "spektakli"}, "time": {"start": "2021-09-09 16:00:00", "end": "2022-01-20 18:30:00"}}, {"id": 1243658, "name": "Спектакль «В окопах Сталинграда»", "age": 16, "description": "<p>Виктору Некрасову было немногим более 30, когда он стал участником битвы за Сталинград. Рядом были его сверстники, обычные молодые ребята, но именно им предстояло определить ход войны, ее перелом. В 1946 году выходит в свет повесть писателя «В окопах Сталинграда» – одна из первых книг о войне, написанных участником боевых действий. Именно с этого произведения, с окопной правды об обороне Сталинграда началось целое литературное направление, названное впоследствии лейтенантской прозой. </p><p> Этот спектакль не про войну, а про людей на войне. Про то, как в аду выплавляются сверхлюди, как из лейтенанта Керженцева и его сверстников, в мирное время заурядных, а то и неудачливых, получаются боги войны. </p>", "shortDescription": "Постановка по одноименной повести Виктора Некрасова.", "min_price": 500, "max_price": 3000, "link": "https://spa.profticket.ru/customer/54/shows/205/#", "needCheck": true, "status": "accepted", "updateDate": 1633109104357, "start": 1630684800000, "end": 1636132800000, "createDate": 1627570006838, "inAccepted": true, "acceptDate": 1633109104555, "image": {"author": "Александр Иванишин", "name": "9ce65e9fec9f8b86471efa572b5bb88d.jpeg", "realName": "2e11cf7ac953e4ba3c35391032600fe2.jpeg", "source": "mxat.ru"}, "photo": "https://pro.culture.ru/uploads/9ce65e9fec9f8b86471efa572b5bb88d.jpeg", "gallery": ["https://pro.culture.ru/uploads/750e4dd9105ac690d245fb190b8030bf.jpeg", "https://pro.culture.ru/uploads/28bb4c72c1ec02d3eec2491b61927fdc.jpeg", "https://pro.culture.ru/uploads/1de8f35d109a5a420ea9a10d07cec8fd.jpeg", "https://pro.culture.ru/uploads/fc7589889607976cbd1f0fc09615f4f7.jpeg", "https://pro.culture.ru/uploads/d813eec6c781001004df0ef5e918c059.jpeg"], "category": {"name": "Спектакли", "sysName": "spektakli"}, "time": {"start": "2021-09-03 16:00:00", "end": "2021-11-05 17:20:00"}}, {"id": 1239008, "name": "Спектакль «Телефон доверия»", "age": 16, "description": "<p>В службу «Телефон доверия» в провинциальном городке обращаются те, кто нуждается в психологической помощи, а в ответ они слышат, на что бы они ни жаловались, одни и те же слова: «Да разве это проблемы?!». Но однажды сотрудник службы задумывается о реальной помощи одинокому человеку.</p><p>«Телефон доверия» – история о людском одиночестве среди толпы, спасти от которого очень просто – достаточно не быть равнодушным. Действие этой постановки происходит под Новый год, когда все ждут чуда, и оно иногда происходит.</p>", "shortDescription": "Лирическая комедия Максима Чертанова.", "min_price": 1000, "max_price": 2000, "link": "https://spa.profticket.ru/customer/54/shows/113", "status": "accepted", "updateDate": 1638707355428, "start": 1633017600000, "end": 1642872600000, "createDate": 1627385697384, "inAccepted": true, "acceptDate": 1638553627975, "image": {"author": "Екатерина Цветкова", "name": "930cd7b0c80e6aec75789c579e1ef621.jpeg", "realName": "Телефон1.jpeg", "source": "mxat.ru"}, "photo": "https://pro.culture.ru/uploads/930cd7b0c80e6aec75789c579e1ef621.jpeg", "gallery": ["https://pro.culture.ru/uploads/1089d76b3896e8ccc246ed9fd18a008f.jpeg", "https://pro.culture.ru/uploads/74b3ec504b966b029ff66fcc557e2302.jpeg", "https://pro.culture.ru/uploads/31a4449d3b60c444806a43d95afb791b.jpeg", "https://pro.culture.ru/uploads/7a63f763886f6e010b4fd4b2d3bcf92c.jpeg", "https://pro.culture.ru/uploads/38060367e49c01b637d029e6d4360b5f.jpeg"], "category": {"name": "Спектакли", "sysName": "spektakli"}, "time": {"start": "2021-09-30 16:00:00", "end": "2022-01-22 17:30:00"}}, {"id": 1230010, "name": "Спектакль «XX век. Бал»", "age": 18, "description": "<p>Жанр своего нового спектакля именитый режиссер и балетмейстер Алла Сигалова определила как «отражения памяти в двух частях с прологом, музыкой и танцевальными этюдами». </p><p>Этюды на знаковые темы XX века складываются в хронологию столетия – от чеховского «Вишневого сада» до празднования Миллениума, через революции, войны, «оттепель», полет Гагарина, Олимпиаду-80, рынок и малиновые пиджаки 90-х... Меняются поколения и мода, но вновь и вновь люди встречаются и расстаются – Лара и Живаго, Айседора Дункан и Есенин, Маяковский и Вероника Полонская, герои Чехова, Вертинского, Шпаликова, Вампилова, Тарковского...</p><p>Этот спектакль по либретто Аллы Сигаловой и Константина Эрнста – жест любви и уважения тем людям, той музыке, тому времени. Тому веку, в котором мы родились.</p>", "shortDescription": "Пластическая постановка Аллы Сигаловой.", "min_price": 350, "max_price": 3500, "link": "https://spa.profticket.ru/customer/54/shows/173", "needCheck": true, "status": "accepted", "updateDate": 1638707145439, "start": 1635436800000, "end": 1641492900000, "createDate": 1626779566508, "inAccepted": true, "acceptDate": 1638556537470, "image": {"author": "Екатерина Цветкова", "name": "d3a10c0d4e81649a7f3393ccef16fceb.jpeg", "realName": "20 век1.jpeg", "source": "mxat.ru"}, "photo": "https://pro.culture.ru/uploads/d3a10c0d4e81649a7f3393ccef16fceb.jpeg", "gallery": ["https://pro.culture.ru/uploads/fbbedc4510e8e7b118901e23dd751904.jpeg", "https://pro.culture.ru/uploads/9db7b5fa4d6f19f57967edb14ee16924.jpeg", "https://pro.culture.ru/uploads/05428e968edc760a76c8e89627d76a33.jpeg", "https://pro.culture.ru/uploads/603789169b108e6a368418dcabaff046.jpeg", "https://pro.culture.ru/uploads/a768a0219020f48ed242ecad67fc1af2.jpeg", "https://pro.culture.ru/uploads/8f54b1ac39e8639adbd5e0430cf38843.jpeg"], "category": {"name": "Спектакли", "sysName": "spektakli"}, "time": {"start": "2021-10-28 16:00:00", "end": "2022-01-06 18:15:00"}}, {"id": 882234, "name": "Спектакль «Звезда вашего периода»", "age": 16, "description": "<p>Вдохновленная фильмами о дивах великого кинематографа прошлых лет («Бульвар Сансет» Билли Уайлдера, «Весна» Григория Александрова), когда величие звезды сопоставлялось со значимостью ролей и с ее человеческим масштабом, Рената Литвинова сочинила спектакль про постсоветскую актрису со всем ее прошлым и воображаемым будущим.</p><p>Это будет триллер и пронзительная драма одновременно. Это история про вечные поиски любви, про актуальность, про то, что у всех своя скорость старения, про служение своей единственной музе (ее нельзя предавать, иначе она отомстит) и про личность, которая оправдывает всю прожитую жизнь и про которую скажут: «Она была великой звездой вашего периода».</p>", "shortDescription": "Постановка Ренаты Литвиновой о забытой звезде кино.", "min_price": 1000, "max_price": 5000, "link": "https://spa.profticket.ru/customer/54/shows/216", "status": "accepted", "updateDate": 1640195996333, "start": 1614182400000, "end": 1643049000000, "createDate": 1609963270615, "inAccepted": true, "acceptDate": 1638777176319, "image": {"author": "Александр Иванишин", "name": "3d3bb9d2ecd8f0a5b7c2790cd526a276.jpeg", "realName": "7.jpg", "source": "mxat.ru"}, "photo": "https://pro.culture.ru/uploads/3d3bb9d2ecd8f0a5b7c2790cd526a276.jpeg", "gallery": ["https://pro.culture.ru/uploads/0a65cbbe1dc8ce168f24c721c32371b9.jpeg", "https://pro.culture.ru/uploads/2d2fa52658d0dc39d997b3bfa8ec38ba.jpeg", "https://pro.culture.ru/uploads/b91e1f14ded78a0544f4c635cc802852.jpeg"], "category": {"name": "Спектакли", "sysName": "spektakli"}, "time": {"start": "2021-02-24 16:00:00", "end": "2022-01-24 18:30:00"}}]}