{"11468": [{"id": 1455992, "name": "Спектакль «Невольницы»", "age": 12, "description": "<p>«Невольницы» – это история неравного брака «со счастливым концом». Что предпочтет молодая жена – верность «невольницы» или запретную любовь, искренность помыслов или мнимую добропорядочность? Непредсказуемая природа женских чувств может привести к чему угодно. </p><p>У Александра Островского много пьес о положении женщины. «Невольницы» – не самая известная из них. В то же время критики сравнивали этот текст с графическим рисунком или с шахматным этюдом. В самом деле, здесь все не сводится к простому «Для того, чтобы жена не изменяла мужу, следует ей дать полную свободу». Молодежный театр предлагает зрителям оценить свою трактовку изящной комедии великого русского драматурга. </p>", "shortDescription": "Постановка по пьесе Александра Островского.", "min_price": 470, "max_price": 600, "link": "http://molod-theatre.ru/afisha/#/buy/4118", "status": "accepted", "updateDate": 1637568202421, "start": 1639753200000, "end": 1639929600000, "createDate": 1636977638387, "inAccepted": true, "acceptDate": 1637568207346, "image": {"author": "Людмила Терехова", "name": "f90cf4b860fa1f8e26f9bec23b16e03f.jpeg", "realName": "Эскиз.jpg", "source": "http://molod-theatre.ru/"}, "photo": "https://pro.culture.ru/uploads/f90cf4b860fa1f8e26f9bec23b16e03f.jpeg", "gallery": [], "category": {"name": "Спектакли", "sysName": "spektakli"}, "time": {"start": "2021-12-17 15:00:00", "end": "2021-12-19 16:00:00"}}, {"id": 1339810, "name": "Спектакль «Воскресение»", "age": 16, "description": "<p>Волгоградский молодежный театр представляет театральную версию последнего романа Льва Николаевича Толстого «Воскресение», заставляющего обратиться к личной совести и личной ответственности каждого. Инсценировку к спектаклю сделал режиссер-постановщик Вадим Кривошеев. Кому стоит посмотреть этот спектакль? Подросткам, чьи жизненные принципы только устанавливаются. Взрослым, которые знают (или пока не знают) цену ошибок. Всем тем, кто остро чувствует несправедливость мира. Ну и, наконец, ценителям творчества великого русского классика.</p>", "shortDescription": "Драма по одноименному роману Льва Толстого.", "min_price": 470, "max_price": 600, "link": "http://molod-theatre.ru/afisha/#/events/2021/10", "status": "accepted", "updateDate": 1636379038353, "start": 1634310000000, "end": 1639324800000, "createDate": 1632145605211, "inAccepted": true, "acceptDate": 1636379038518, "image": {"author": "Фёдор Новиков", "name": "edbe6a043e99c04915c4aff20a3582b0.jpeg", "realName": "Эскиз.jpg", "source": "http://molod-theatre.ru/"}, "photo": "https://pro.culture.ru/uploads/edbe6a043e99c04915c4aff20a3582b0.jpeg", "gallery": [], "category": {"name": "Спектакли", "sysName": "spektakli"}, "time": {"start": "2021-10-15 15:00:00", "end": "2021-12-12 16:00:00"}}, {"id": 1271609, "name": "Спектакль «Лис Peace»", "age": 12, "description": "<p> Сказку, притчу, невероятную историю о дружбе мальчика и лиса играет один актер – Иван Писоцкий (номинант премии «Золотой софит 2019» за лучшую мужскую роль). Помогают ему в рассказе о том, как «их было двое, но не двое – они были одним», различные предметы: реальные, объемные, теплые.</p> <p> Это сюжет про неделимость и взаимное отражение, понимание себя через другого, сверхважная тема для подростков, которых, возможно, не задевает или, напротив, слишком ранит другая трагическая история о дружбе мальчика и Лиса, всем известный «Маленький принц». </p>", "shortDescription": "Камерная история о взрослении, любви в самом широком смысле слова и об ответственности за другого.", "min_price": 400, "max_price": 400, "link": "http://molod-theatre.ru/afisha/", "needCheck": true, "status": "accepted", "updateDate": 1631099698510, "start": 1631887200000, "end": 1631969100000, "createDate": 1628849966951, "inAccepted": true, "acceptDate": 1631099700684, "image": {"author": "Егор Лавров", "name": "f5756a1a3cd2bd864b665ad4888e3f83.jpeg", "realName": "Лис.jpg", "source": "http://www.lispeace.ru/"}, "photo": "https://pro.culture.ru/uploads/f5756a1a3cd2bd864b665ad4888e3f83.jpeg", "gallery": [], "category": {"name": "Спектакли", "sysName": "spektakli"}, "time": {"start": "2021-09-17 14:00:00", "end": "2021-09-18 12:45:00"}}, {"id": 1177740, "name": "Спектакль «Пигмалион, или Укрощение строптивого»", "age": 12, "description": "<p>Можно ли изменить человека до неузнаваемости? Стоит ли совершать этот эксперимент, заранее не предполагая, во что он выльется и насколько сложными окажутся проблемы изменившегося человека? В основе пьесы «Пигмалион» Бернарда Шоу, написанной в 1912 году, лежит греческий миф о скульпторе Пигмалионе, создавшем столь прекрасную статую девушки, что влюбился в нее сам. Секрет популярности пьесы не только в романтическом сюжете, но и в блестящем юморе, тонкой иронии автора над условностями светского общества и глубокой философии. В интерпретации Молодежного театра пьеса имеет второе название, подчеркивающее определенный смысловой ракурс пьесы – «Укрощение строптивого». </p>", "shortDescription": "Лирическая комедия по пьесе Бернарда Шоу.", "min_price": 470, "max_price": 600, "link": "http://molod-theatre.ru/afisha/#/events/2021/10", "needCheck": true, "status": "accepted", "updateDate": 1636379332191, "start": 1624978800000, "end": 1640710800000, "createDate": 1623766516811, "inAccepted": true, "acceptDate": 1636379332345, "image": {"author": "Юлия Дьякова", "name": "87aa6bc8302f2209ddb75731aaf89c8e.jpeg", "realName": "5.jpg", "source": "http://molod-theatre.ru/premera-pigmaliona/"}, "photo": "https://pro.culture.ru/uploads/87aa6bc8302f2209ddb75731aaf89c8e.jpeg", "gallery": [], "category": {"name": "Спектакли", "sysName": "spektakli"}, "time": {"start": "2021-06-29 15:00:00", "end": "2021-12-28 17:00:00"}}, {"id": 822035, "name": "Спектакль «Моя парижанка»", "age": 12, "description": "<p> «Моя парижанка» – это история о любви с точки зрения мужчины, который ищет свою единственную и неповторимую. И так как это комедия, то все события подаются в юмористическом ключе, но при этом нет ни одной шутки ниже пояса. </p><p>Как отметил режиссер-постановщик спектакля Владимир Бондаренко, это спектакль про то, что есть настоящая любовь, что за нее надо бороться – это истина на все времена, совсем не зазорно напомнить ее еще раз в форме классической лирической комедии.</p><p>Действие спектакля происходит в Париже во второй половине ХХ века, поэтому художник-постановщик Дмитрий Сарвин стилизовал декорации под парижскую гостиную того времени. Костюмы также стилизованы под тогдашнюю моду, а в музыкальную дорожку спектакля вошли популярные композиции французских исполнителей: Джо Дассена, Мирей Матье, Далиды. </p>", "shortDescription": "Лирическая комедия по пьесе Робера Ламуре.", "min_price": 370, "max_price": 490, "link": "http://molod-theatre.ru/afisha/#/buy/3884", "needCheck": true, "status": "accepted", "updateDate": 1636379213674, "start": 1607094000000, "end": 1640106000000, "createDate": 1605789159215, "inAccepted": true, "acceptDate": 1636379213835, "image": {"author": "Юлия Дьякова", "name": "1605c1ffa2490ca0b0c0d6d47b9aaecc.jpeg", "realName": "Моя парижанка11.jpg", "source": "http://molod-theatre.ru/moya-parizhanka/"}, "photo": "https://pro.culture.ru/uploads/1605c1ffa2490ca0b0c0d6d47b9aaecc.jpeg", "gallery": [], "category": {"name": "Спектакли", "sysName": "spektakli"}, "time": {"start": "2020-12-04 15:00:00", "end": "2021-12-21 17:00:00"}}, {"id": 805316, "name": "Спектакль «Скандал»", "age": 12, "description": "<p>Джон Бойнтон Пристли – один из лучших, самых прозрачных, классических драматургов ХХ столетия. В его пьесах всегда есть и глубокое исследование человеческих взаимоотношений, и щемящая нота от наблюдения несовершенств бренного существования, и тонкий чисто английский юмор. </p><p>В спектакле «Скандал» Волгоградский молодежный театр вместе с автором весело и с изрядной долей эксцентрики касается извечных вопросов человеческого бытия: насколько важно оставаться самим собой, на какие уступки обществу можно пойти, не растеряв внутренней свободы, как важно пронести в себе детское ощущение радости от жизни, можно ли решиться на локальный бунт против холодного и табуированного общественного мнения ради личного счастья.</p>", "shortDescription": "Происшествие в английском стиле по пьесе «Скандальное происшествие с мистером Кэттлом и миссис Мун».", "min_price": 370, "max_price": 490, "link": "http://molod-theatre.ru/afisha/#/events/2021/10", "needCheck": true, "status": "accepted", "updateDate": 1635929199431, "start": 1605884400000, "end": 1640365200000, "createDate": 1604925123450, "inAccepted": true, "acceptDate": 1635929199900, "image": {"author": "Пвел Лащёнов", "name": "8a5875ca299c704ae35737033a29f5db.jpeg", "realName": "Скандал7.jpg", "source": "http://molod-theatre.ru/skandal/"}, "photo": "https://pro.culture.ru/uploads/8a5875ca299c704ae35737033a29f5db.jpeg", "gallery": ["https://pro.culture.ru/uploads/a1442c4d0ec09d5a18f7e82d89358616.jpeg", "https://pro.culture.ru/uploads/a45ca671095361cfa389c61efd729706.jpeg", "https://pro.culture.ru/uploads/923ec036b257fba667241bdf1db59f22.jpeg"], "category": {"name": "Спектакли", "sysName": "spektakli"}, "time": {"start": "2020-11-20 15:00:00", "end": "2021-12-24 17:00:00"}}, {"id": 531733, "name": "Спектакль «Снежная королева»", "age": 6, "description": "<p>Бессмертная сказка великого Андерсена предстает в новой динамичной редакции. История дружбы, самоотверженности, человечности воплощается в ярких костюмах и декорациях с эксклюзивным музыкальным оформлением – для спектакля специально было написано несколько песен, которые исполнят артисты театра. </p><p>Роуд-муви Герды в поисках Кая будет сопровождаться видеопроекциями, анимационный ряд для которых специально создали для этого спектакля. Заряд доброты и оптимизма от рождественской сказки получат и дети, и их родители.</p>", "shortDescription": "Постановка в одном действии по сказке Ганса Христиана Андерсена.", "min_price": 350, "max_price": 350, "link": "http://molod-theatre.ru/afisha/#/events/2021/12", "status": "accepted", "updateDate": 1636624336781, "start": 1576850400000, "end": 1640516400000, "createDate": 1575551485215, "inAccepted": true, "acceptDate": 1636624336984, "image": {"author": "Павел Лащёнов", "name": "59c3090fd06b5ca2297303cc2ee6d62d.jpeg", "realName": "DSC_2020.JPG", "source": "http://molod-theatre.ru/snezhnaya-koroleva2/"}, "photo": "https://pro.culture.ru/uploads/59c3090fd06b5ca2297303cc2ee6d62d.jpeg", "gallery": [], "category": {"name": "Спектакли", "sysName": "spektakli"}, "time": {"start": "2019-12-20 14:00:00", "end": "2021-12-26 11:00:00"}}, {"id": 479909, "name": "Спектакль «Сганарель, или Мнимый рогоносец»", "age": 12, "description": "<p>Французского мужчину по имени Сганарель съедает жуткая ревность, по накалу страсти схожая с переживаниями Отелло. Но наряду со жгучей ревностью он испытывает и чувство страха. Он боится свою жену и быть побитым ее любовником. Если таковой в действительности существует. Но как в этом разобраться, когда все факты так противоречивы... Что делать? Вот такой извечный вопрос выносит на повестку дня бедный Сганарель. </p><p>Образ этого беспокойного француза подспудно знаком многим мужчинам, ведь всех без исключения порой одолевали сомнения.</p>", "shortDescription": "Комедия-фарс по пьесе Мольера.", "min_price": 370, "max_price": 490, "link": "http://molod-theatre.ru/afisha/#/events/2021/11", "needCheck": true, "status": "accepted", "updateDate": 1636379374720, "start": 1570806000000, "end": 1640794200000, "createDate": 1569416894123, "inAccepted": true, "acceptDate": 1636379374832, "image": {"author": "Павел Лащёнов", "name": "1c05e2460c9bbcc7e206da581198ba42.jpeg", "realName": "Сганарель1.jpg", "source": "http://molod-theatre.ru/sganarel-ili-mnimyiy-rogonosets/"}, "photo": "https://pro.culture.ru/uploads/1c05e2460c9bbcc7e206da581198ba42.jpeg", "gallery": [], "category": {"name": "Спектакли", "sysName": "spektakli"}, "time": {"start": "2019-10-11 15:00:00", "end": "2021-12-29 16:10:00"}}, {"id": 413030, "name": "Спектакль «Чайка»", "age": 12, "description": "<p> Чеховская «Чайка» – это многоголосица чувств, любви, надежд и разочарований. В интерпретации Волгоградского молодежного театра «Чайка» – это театр в театре. Начиная с сорванной постановки Треплева и заканчивая чеховским финалом.</p><p> По словам художника-постановщика спектакля Кирилла Мартынова, отправной точкой для создания сценографии послужила дачная сцена, которую организует Треплев в первом акте пьесы, так как театр – это способ существования чеховских героев, которые постоянно находятся на сцене. </p>", "shortDescription": "Постановка в двух действиях по пьесе А. П. Чехова.", "min_price": 370, "max_price": 490, "link": "http://molod-theatre.ru/afisha/#/event/3904", "needCheck": true, "status": "accepted", "updateDate": 1636379184336, "start": 1558105200000, "end": 1640194200000, "createDate": 1557129873678, "inAccepted": true, "acceptDate": 1636379184499, "image": {"author": "Павел Лащёнов", "name": "6fc2d60eb7156b47d945054f9e646e2b.jpeg", "realName": "15.jpg", "source": "http://molod-theatre.ru/chayka/"}, "photo": "https://pro.culture.ru/uploads/6fc2d60eb7156b47d945054f9e646e2b.jpeg", "gallery": [], "category": {"name": "Спектакли", "sysName": "spektakli"}, "time": {"start": "2019-05-17 15:00:00", "end": "2021-12-22 17:30:00"}}, {"id": 332174, "name": "Спектакль «Солдат Иван Чонкин»", "age": 12, "description": "<p> Необычайные приключения русского Швейка Вани Чонкина. Владимир Войнович писал злую сатиру на советскую власть, однако сейчас было бы глупо целить во власть, которой почти уже тридцать лет как нет. В версии Волгоградского молодежного театра Чонкин – это некий архетип советского народного героя.</p><p> В спектакле роман-анекдот превращен в веселый лубок, где за искрометным юмором стоят серьезные размышления о чокиных и нюрках, руками которых ковалась победа в Великой Отечественной войне и восстанавливалась послевоенная страна.</p>", "shortDescription": "Комедия по роману-анекдоту «Жизнь и необычайные приключения солдата Ивана Чонкина».", "min_price": 370, "max_price": 490, "link": "http://molod-theatre.ru/afisha/#/events/2021/11", "status": "accepted", "updateDate": 1633500103810, "start": 1544626800000, "end": 1637775000000, "createDate": 1543923127154, "inAccepted": true, "acceptDate": 1633500103822, "image": {"author": "Павел Лащёнов", "name": "96bbc89e84b707034d3abd9323ef4943.jpg", "realName": "Чонкин19.jpg", "source": "http://molod-theatre.ru/soldat-ivan-chonkin/"}, "photo": "https://pro.culture.ru/uploads/96bbc89e84b707034d3abd9323ef4943.jpg", "gallery": [], "category": {"name": "Спектакли", "sysName": "spektakli"}, "time": {"start": "2018-12-12 15:00:00", "end": "2021-11-24 17:30:00"}}, {"id": 222489, "name": "Спектакль «Свидригайлов»", "age": 12, "description": "<p>Молодежный театр представляет главную премьеру <span>XII</span> театрального сезона – впервые на волгоградской сцене поставлен спектакль «Свидригайлов» по одному из самых знаменитых романов в истории. Для постановки были приглашены выдающиеся режиссер Адгур Кове, заслуженный артист России, и художник Кирилл Мартынов. Это те люди, которые создали самый загадочный и один из лучших спектаклей Волгоградского молодежного театра – «Пиковую даму», билеты на которую раскупаются заранее уже несколько сезонов. Инсценировку для «Свидригайлова» на основе текста Федора Достоевского создал Адгур Кове – получилось ярко и неожиданно.</p> <p>Свидригайлова, самого противоречивого героя самого противоречивого классика русской литературы, играет художественный руководитель Волгоградского молодежного театра – заслуженный артист РФ Владимир Бондаренко, впервые исполняющий роль на сцене молодежного театра.</p>", "shortDescription": "По мотивам романа Ф. М. Достоевского «Преступление и наказание».", "min_price": 370, "max_price": 490, "link": "http://molod-theatre.ru/afisha/#/buy/3880", "needCheck": true, "status": "accepted", "updateDate": 1633255872894, "start": 1523545200000, "end": 1637422200000, "createDate": 1519999295168, "inAccepted": true, "acceptDate": 1633255873045, "image": {"author": "Юрий Гончаров", "name": "7cd9984d809577e08cef085710d902aa.jpg", "realName": "Свидригайлов_фото.jpg", "source": "http://molod-theatre.ru/svidrigaylov/"}, "photo": "https://pro.culture.ru/uploads/7cd9984d809577e08cef085710d902aa.jpg", "gallery": [], "category": {"name": "Спектакли", "sysName": "spektakli"}, "time": {"start": "2018-04-12 15:00:00", "end": "2021-11-20 15:30:00"}}, {"id": 209166, "name": "Спектакль «Синий платочек»", "age": 12, "description": "<p>«Синий платочек» – это трогательная история, происходящая в военные годы, в которой Катаев показал безумную жажду любить и быть любимым, жажду жизни в то время, когда человек понимает – завтра он и его близкие могут умереть. Но темы смерти там нет – герои мечтают, влюбляются, ищут свои вторые половинки.</p><p>Художник-постановщик спектакля «Синий платочек» Кирилл Пискунов придумал образ войны – это двигающаяся стена, которая может героев давить или отпускать. Сценография в премьере очень лаконичная – разные места действия обозначены несколькими предметами. Военное обмундирование и атрибуты (форма, знаки отличия, рация, кружки, фляжки и т. д.) настоящие.</p>", "shortDescription": "Постановка по пьесе Валентина Катаева.", "min_price": 370, "max_price": 510, "link": "http://molod-theatre.ru/afisha/", "status": "accepted", "updateDate": 1633255295882, "start": 1518793200000, "end": 1636737300000, "createDate": 1517479455568, "inAccepted": true, "acceptDate": 1633255295993, "image": {"author": "Павел Лащёнов", "name": "efef664d9df0f4f7af970a5bb165bbbe.jpg", "realName": "23.jpg", "source": "http://molod-theatre.ru/siniy-platochek/"}, "photo": "https://pro.culture.ru/uploads/efef664d9df0f4f7af970a5bb165bbbe.jpg", "gallery": [], "category": {"name": "Спектакли", "sysName": "spektakli"}, "time": {"start": "2018-02-16 15:00:00", "end": "2021-11-12 17:15:00"}}, {"id": 186465, "name": "Спектакль «Двенадцатая ночь»", "age": 12, "description": "<p>Волгоградский молодежный театр впервые ставит Шекспира! Вместе с театром открывать Шекспира будет питерский режиссер Евгений Зимин – в его обширном послужном списке пьес великого драматурга пока не значилось. Тем интереснее будет обоюдное открытие! </p><p>Зрителям будет предложена маскарадно-курортная версия знаменитой пьесы Шекспира. Однако при всей легкости история не будет совсем уж бессмысленной: в спектакле можно будет увидеть, как маски, личины, которые на себя надевают люди, мешают нашему счастью. Ведь вся цепь забавных ситуаций в пьесе случается из-за того, что Виола выдает себя за другого человека, а разрешается вся эта путаница только после того, как она снимает свою личину. </p><p>Для постановки был взят перевод Давида Самойлова: по словам режиссера-постановщика, этот перевод очень разговорный, доступный и в то же время поэтичный, отчего получился очень игровой текст.</p>", "shortDescription": "Спектакль по одноименной пьесе У. Шекспира.", "min_price": 370, "max_price": 490, "link": "http://molod-theatre.ru/afisha/#/events/2021/11", "needCheck": true, "status": "accepted", "updateDate": 1636379408083, "start": 1512658800000, "end": 1638293400000, "createDate": 1511772210490, "inAccepted": true, "acceptDate": 1636379408255, "image": {"author": "Павле Лащёнов", "name": "f1e91737e12d07bb7476e0bf03f9b027.JPG", "realName": "DSC_8636.JPG", "source": "http://molod-theatre.ru/dvenadtsataya-noch-ili-kak-pozhelaete/"}, "photo": "https://pro.culture.ru/uploads/f1e91737e12d07bb7476e0bf03f9b027.JPG", "gallery": [], "category": {"name": "Спектакли", "sysName": "spektakli"}, "time": {"start": "2017-12-07 15:00:00", "end": "2021-11-30 17:30:00"}}, {"id": 136958, "name": "Спектакль «Бумажный патефон»", "age": 12, "description": "<p>Даже в самые непростые времена, даже когда всё в жизни складывается против тебя, любовь, словно трава под снегом, пробьётся к солнцу и озарит всё вокруг своим ярким светом. Спектакль о том, как важно верить в своё счастье, приближать его и уметь быть счастливым вопреки всему. </p><p>Только-только отгремела война. Страна восстанавливается после тяжелой битвы. Живется трудно и скудно. Он курсант, она работает в школе. Судьба сводит их, чтобы подарить любовь...</p><p>По словам режиссёра-постановщика спектакля, заслуженного артиста РФ Владимира Бондаренко, э<span>то классическая мелодрама, которая близка и понятна любому человеку. Это не интеллектуальный театр, а история о любви для семейного просмотра – её можно смотреть с мамой, мужем, детьми. Хорошая и душевная история без всякого выпендрёжа. </span></p>", "shortDescription": "Мелодрама по пьесе Александра Червинского «Счастье моё».", "min_price": 370, "max_price": 490, "link": "http://molod-theatre.ru/afisha/#/events/2021/10", "needCheck": true, "status": "accepted", "updateDate": 1635929116160, "start": 1509030000000, "end": 1638633600000, "createDate": 1496235152377, "inAccepted": true, "acceptDate": 1635929116452, "image": {"author": "Павле Лащёнов", "name": "1205a4935d06af6cb894bb06318bdb6e.jpg", "realName": "1.jpg", "source": "http://molod-theatre.ru/bumazhnyiy-patefon2/"}, "photo": "https://pro.culture.ru/uploads/1205a4935d06af6cb894bb06318bdb6e.jpg", "gallery": [], "category": {"name": "Спектакли", "sysName": "spektakli"}, "time": {"start": "2017-10-26 15:00:00", "end": "2021-12-04 16:00:00"}}, {"id": 99534, "name": "Спектакль «Тройкасемеркатуз, или Пиковая дама»", "age": 16, "description": "<p>Режиссера Адгура Кове захватила версия Николая Коляды, особенно трактовка главного персонажа – Германна. У Пушкина – это обрусевший немец, а у Коляды – процесс обрусения только начинается, Германн плохо говорит по-русски. Такой взгляд немца, человека европейского воспитания, на ситуацию, происходящую в чужой для него стране, где он мало что понимает, начиная с языка и заканчивая ментальностью, вследствие чего ощущает себя абсолютным изгоем. Как кажется авторам спектакля, это все не противоречит замыслу Пушкина, у которого Германн тоже изгой, Коляда просто развил эту тему, довел ее до логического конца.<br /></p>", "shortDescription": "По пьесе Н. Коляды, у которого трактовка Германна сильно отличается от пушкинской.", "min_price": 350, "max_price": 470, "link": "http://molod-theatre.ru/afisha", "status": "accepted", "updateDate": 1631886616255, "start": 1507453200000, "end": 1635091200000, "createDate": 1487075046684, "inAccepted": true, "acceptDate": 1631886616266, "image": {"author": "Павле Лащёнов", "name": "f26760b5176e6a51c72678f4a450fe5c.jpg", "realName": "DSC_8184.jpg", "source": "http://molod-theatre.ru/spectacli/"}, "photo": "https://pro.culture.ru/uploads/f26760b5176e6a51c72678f4a450fe5c.jpg", "gallery": [], "category": {"name": "Спектакли", "sysName": "spektakli"}, "time": {"start": "2017-10-08 09:00:00", "end": "2021-10-24 16:00:00"}}, {"id": 91453, "name": "Спектакль «У войны не женское лицо»", "age": 16, "description": "<p><span>В основу спектакля легли уникальные документальные рассказы женщин, чья молодость прошла на войне. </span><span>Воспоминания – это не страстный или бесстрастный пересказ исчезнувшей реальности, а новое рождение прошлого, когда время поворачивает вспять. Чтобы человек так ясно увидел себя сверху – с неба, и снизу – с земли. Прошел путь вверх и путь вниз – от ангела к зверю.</span></p><p><span>Женский взгляд на действительность военного времени – пронзительная и щемящая нота спектакля. Театр, вслед за автором, пытается задать вопрос: «Сколько человека в человеке, и как этого человека в себе защитить?».</span></p><p><span>Защитить человека можно только любовью. Потому что любовь – сильнее смерти. Об этом спектакль «У войны не женское лицо».</span></p>", "shortDescription": "Постановка по книге нобелевского лауреата Светланы Алексиевич.", "min_price": 370, "max_price": 490, "link": "http://molod-theatre.ru/afisha/#/events/2021/11", "status": "accepted", "updateDate": 1633500122999, "start": 1511013600000, "end": 1637338200000, "createDate": 1484738410402, "inAccepted": true, "acceptDate": 1633500123271, "image": {"author": "Павел Лащёнов", "name": "1a284e681e77da5d77cbbcad8a63eba7.jpg", "realName": "Война2.jpg", "source": "http://molod-theatre.ru/u-voynyi-ne-zhenskoe-litso/"}, "photo": "https://pro.culture.ru/uploads/1a284e681e77da5d77cbbcad8a63eba7.jpg", "gallery": [], "category": {"name": "Спектакли", "sysName": "spektakli"}, "time": {"start": "2017-11-18 14:00:00", "end": "2021-11-19 16:10:00"}}, {"id": 80538, "name": "Спектакль «Любовь со взломом»", "age": 12, "description": "<p>Зрители увидят новую трактовку знаменитой фразы «Вор должен сидеть в тюрьме». Вин Морреаль-младший считает, что вор должен… влюбиться. С чисто американской приверженностью к хэппи-энду автор пьесы проведет к нему своих героев через множество забавных ситуаций, заставив проявить все свое остроумие, изворотливость и находчивость.</p> <p>Пьеса милая, легкая, смешная, так что вечер хорошего настроения зрителям в театре обеспечен. Обязательно всегда нужно верить, что настоящая любовь существует, только не стоит забывать, что по иронии судьбы большое чувство может прийти, когда ты этого вообще не ждешь, отчего перестроиться на ходу и понять суть происходящего бывает очень сложно. И каким бы ни был прагматичным мир, место для романтических отношений в жизни нормальных людей есть и всегда должно быть.</p>", "shortDescription": "Романтическая комедия по пьесе Вина Морреаля-младшего «Кража со взломом».", "min_price": 370, "max_price": 490, "link": "http://molod-theatre.ru/afisha/#/events/2021/11", "needCheck": true, "status": "accepted", "updateDate": 1636379263904, "start": 1514300400000, "end": 1640278800000, "createDate": 1480509830088, "inAccepted": true, "acceptDate": 1636379264043, "image": {"author": "Павел Лащёнов", "name": "427e5cd4b7cf824ad4abebfa0475267e.JPG", "realName": "DSC_4039.JPG", "source": "http://molod-theatre.ru/lyubov-so-vzlomom/"}, "photo": "https://pro.culture.ru/uploads/427e5cd4b7cf824ad4abebfa0475267e.JPG", "gallery": [], "category": {"name": "Спектакли", "sysName": "spektakli"}, "time": {"start": "2017-12-26 15:00:00", "end": "2021-12-23 17:00:00"}}, {"id": 80525, "name": "Спектакль «Чудики»", "age": 12, "description": "<p>Спектакль «Чудики» поставлен по рассказам Василия Шукшина «Микроскоп», «Брат мой...», «Степка», «Верую!» и «Упорный» (в инсценировке Владимира Еремина), однако представляет из себя не пять разных историй, а одну – за основу взят рассказ «Брат мой...», в который удачно вкраплены сюжетные линии других шукшинских сюжетов.</p> <p>В чем чудаковатость русского человека? Он пытается изобрести вечный двигатель, чтобы стало хорошо сразу всему человечеству, он точно знает, что такой двигатель невозможен, но все равно пытается его создать. Авторы «Чудиков» постарались сделать мир, основанный на рассказах Шукшина. Мир не исторический, не 1966, допустим, год, а современный взгляд на деревню, как она за это время изменилась. Это не осовременивание, это условное восприятие старины. В спектакле слегка преломляется реалистичность, но остается суть русской деревни.</p>", "shortDescription": "О противоречивой русской душе, которую авторы пытаются исследовать.", "min_price": 370, "max_price": 490, "link": "http://molod-theatre.ru/afisha/#/events/2021/11", "status": "accepted", "updateDate": 1636378899520, "start": 1509721200000, "end": 1639070100000, "createDate": 1480509027710, "inAccepted": true, "acceptDate": 1636378899716, "image": {"author": "Алексей Копаев", "name": "156f89d799f6c5860457f4784821fc71.jpeg", "realName": "Чудики6.jpg", "source": "http://molod-theatre.ru/chudiki/"}, "photo": "https://pro.culture.ru/uploads/156f89d799f6c5860457f4784821fc71.jpeg", "gallery": [], "category": {"name": "Спектакли", "sysName": "spektakli"}, "time": {"start": "2017-11-03 15:00:00", "end": "2021-12-09 17:15:00"}}, {"id": 80485, "name": "Спектакль «Жизнь в вопросах и восклицаниях»", "age": 12, "description": "<p><span>Рассказы Антона Павловича Чехова «Шуточка», «Жених», «Неудача», «Пропащее дело», «Выигрышный билет», «Перед свадьбой» и «Злой мальчик» объединены режиссером и автором инсценировки спектакля «Жизнь в вопросах и восклицаниях» Вадимом Кривошеевым и художником-постановщиком Михаилом Викторовым в одну удивительную историю любви: от первых признаний и надежд до любви зрелой, проверенной годами. </span></p><p><span></span><span>Спектакль искренний и честный, безумно веселый и немного грустный, авторами бережно сохранена энергетика рассказов великого мастера.</span></p>", "shortDescription": "Постановка по рассказам Антона Чехова.", "min_price": 370, "max_price": 490, "link": "http://molod-theatre.ru/afisha/#/events/2021/11", "needCheck": true, "status": "accepted", "updateDate": 1635929059116, "start": 1511618400000, "end": 1638552600000, "createDate": 1480506832732, "inAccepted": true, "acceptDate": 1635929059237, "image": {"author": "Павел Лащёнов", "name": "75ee90f5b2693f520a67f10342ee92b6.jpg", "realName": "3.jpg", "source": "http://molod-theatre.ru/zhizn-v-voprosah-i-vosklitsaniyah-2/"}, "photo": "https://pro.culture.ru/uploads/75ee90f5b2693f520a67f10342ee92b6.jpg", "gallery": [], "category": {"name": "Спектакли", "sysName": "spektakli"}, "time": {"start": "2017-11-25 14:00:00", "end": "2021-12-03 17:30:00"}}, {"id": 15948, "name": "Спектакль «Банкрот»", "age": 12, "description": "<p><span>Купеческое сонное Замоскворечье середины позапрошлого века и нынешние интернет-времена: казалось бы, что может быть общего? Но замените «антриган», «антересан», «проминаж» туповатых купеческих дочек на «аффтар жжет» или «я пацталом», и кто смотрит на нас из зазеркалья? А если вспомнить, что во времена Островского купюра многим заменила икону, что нувориши, разбогатевшие безмерно и стремительно, плодились, словно грибы после дождя, что чиновник был бесподобно нагл и жаден, то современность покажется просто калькой той эпохи. Дорогой зритель, посмотри на эти типы и социальные явления, посмейся вместе с нами, а потом оглянись вокруг.</span><br /></p>", "shortDescription": "Человеческая комедия в двух действиях по пьесе А. Н. Островского «Свои люди – сочтемся!».", "min_price": 370, "max_price": 490, "link": "http://molod-theatre.ru/afisha/#/events/2021/11", "needCheck": true, "status": "accepted", "updateDate": 1636378832420, "start": 1513247400000, "end": 1638984600000, "createDate": 1446546694515, "inAccepted": true, "acceptDate": 1636378832851, "image": {"author": "Павел Лащёнов", "name": "184ed632aa733d020bd57ddffccbffe4.jpg", "realName": "7.jpg", "source": "http://molod-theatre.ru/bankrot/"}, "photo": "https://pro.culture.ru/uploads/184ed632aa733d020bd57ddffccbffe4.jpg", "gallery": [], "category": {"name": "Спектакли", "sysName": "spektakli"}, "time": {"start": "2017-12-14 10:30:00", "end": "2021-12-08 17:30:00"}}]}