{"12131": [{"id": 1518136, "name": "Экскурсионный маршрут «Тютчевы на службе отечеству»", "age": 12, "description": "<p>В программу экскурсионного маршрута входят:<br /></p><ol><li> Знакомство с мемориальной частью школы Марии Федоровны Бирилевой (урожденной Тютчевой): учебный класс в стиле XIX века, комната земского учителя, мемориальная комната основателя музея Владимира Даниловича Гамолина.</li><li> Экскурсия «Все могут действенная вера и непреклонная любовь…», посвященная взаимоотношениям семьи Тютчевых с Домом Романовых.</li><li> Просмотр фрагментов фильма Игоря Золотусского «Сияющий фонтан».</li><li> Обзор выставочного проекта «Портретная галерея Тютчевых».</li></ol><p>Маршрут рассчитан на организованные группы посетителей от десяти человек.</p><p>Необходимо согласовать дату и время экскурсии по телефону: +7 (48334) 93671, почте: ovstug-museum@yandex.ru.</p><p>Возможно предоставление транспорта из Брянска и Жуковку.</p>", "shortDescription": "Посещение отреставрированного здания школы Марии Федоровны Бирилевой (урожденной Тютчевой).", "min_price": 400, "max_price": 700, "link": "https://vmuzey.com/event/ekskursionnyy-marshrut-tyutchevy-na-sluzhbe-otechestvu", "needCheck": true, "status": "accepted", "updateDate": 1640264790359, "start": 1641880800000, "end": 1651240800000, "createDate": 1638967445105, "inAccepted": true, "acceptDate": 1639980275203, "image": {"author": "Новикова О.А.", "name": "57d44a8a6b10f3af30fc0912ad43b4b6.jpeg", "realName": "IMG_0888.JPG", "source": "Архив ГАУК \"Государственный мемориальный историко-литературный музей-заповедник Ф.И. Тютчева \"Овстуг\""}, "photo": "https://pro.culture.ru/uploads/57d44a8a6b10f3af30fc0912ad43b4b6.jpeg", "gallery": [], "category": {"name": "Экскурсии", "sysName": "ekskursii"}, "time": {"start": "2022-01-11 06:00:00", "end": "2022-04-29 14:00:00"}}, {"id": 1463407, "name": "Интерактивная экскурсия «Рождество в доме Тютчевых»", "age": 12, "description": "<p>Музей-заповедник приглашает посетить усадьбу великого русского поэта в новогодние и рождественские праздники. Участники экскурсии в дворянской усадьбе попадут в атмосферу старинного Рождества XIX века, где их ждет знакомство с рождественскими песнями, колядками, старинными гаданиями, музыкальными инструментами, которые сопровождали колядующих. </p><p>В завершение прогулки гости примут участие в мастер-классе по изготовлению памятного сувенира «Рождественский ангел».</p><p>Экскурсия рассчитана на организованные группы посетителей.</p>", "shortDescription": "Дворянская усадьба подарит участникам ощущение перемещения во времени.", "min_price": 600, "max_price": 1000, "link": "https://vmuzey.com/event/interaktivnaya-ekskursiya-rozhdestvo-v-dome-tyutchevyh", "status": "accepted", "updateDate": 1637658414015, "start": 1639548000000, "end": 1642683600000, "createDate": 1637165733023, "inAccepted": true, "acceptDate": 1637658417969, "image": {"author": "Новикова Ольга", "name": "8405f07339aad6c277ad1be62e4e81e7.jpeg", "realName": "874f036f0bf3eec4d3b67d314b290f92.jpg", "source": "Архив ГАУК \"Государственный мемориальный историко-литературный музей-заповедник Ф.И. Тютчева \"Овстуг\""}, "photo": "https://pro.culture.ru/uploads/8405f07339aad6c277ad1be62e4e81e7.jpeg", "gallery": [], "category": {"name": "Экскурсии", "sysName": "ekskursii"}, "time": {"start": "2021-12-15 06:00:00", "end": "2022-01-20 13:00:00"}}, {"id": 1432446, "name": "Экскурсия «Любовь, любовь–гласит преданье...»", "age": 16, "description": "<p>Экскурсия проводится в основной экспозиции музея, раскрывающей основные события биографии поэта. Ее главной темой является тема любви в жизни и творчестве Тютчева. Посетители узнают не только литературоведческие особенности его любовной лирики, но и познакомятся с биографиями и основными событиями жизни любимых женщин поэта.<br /></p><p>Экскурсия рассчитана на организованные группы. Для удобства посетителей в стоимость экскурсии включены транспортные расходы (музей-заповедник предоставляет комфортабельный автобус для проезда экскурсантов в село Овстуг).</p>", "shortDescription": "Любовная лирика в творчестве Федора Ивановича Тютчева.", "min_price": 600, "max_price": 1000, "link": "https://vmuzey.com/event/ekskursiya-lyubov-lyubov-glasit-predane", "status": "accepted", "updateDate": 1638277676104, "start": 1637312400000, "end": 1640433600000, "createDate": 1635943404519, "inAccepted": true, "acceptDate": 1636637476508, "image": {"author": "Новикова О.А.", "name": "8146a61d4bed3cd78f18c152fcf7abf9.jpeg", "realName": "овстуг.jpg", "source": "Архив ГАУК \"Государственный мемориальный историко-литературный музей-заповедник Ф.И. Тютчева \"Овстуг\""}, "photo": "https://pro.culture.ru/uploads/8146a61d4bed3cd78f18c152fcf7abf9.jpeg", "gallery": [], "category": {"name": "Экскурсии", "sysName": "ekskursii"}, "time": {"start": "2021-11-19 09:00:00", "end": "2021-12-25 12:00:00"}}, {"id": 1410857, "name": "Экскурсия «Все могут действенная вера и непреклонная любовь»", "age": 16, "description": "<p>Музей приглашает посетителей усадьбы на познавательную экскурсию, которая раскрывает<span> </span>взаимоотношения Федора Тютчева и членов<span> </span>его семьи<span> </span>с Домом Романовых.</p> <p>Во время экскурсии посетители узнают<span> </span>исторические факты, подтверждающие утверждение Тютчева – дипломата и политика о том, что самодержавие и православие – основа государственности России.</p> <p>Гости услышат<span> </span>стихотворения Ф. И. Тютчев патриотической направленности, выдержки из личной переписки с членами царской семьи и его публицистического наследия.</p>", "shortDescription": "Экскурсанты услышат рассказ о тесной связи Ф. И. Тютчева и его семьи с правящей династией.", "min_price": 300, "link": "https://vmuzey.com/event/vse-mozhet-deystvennaya-vera-i-nepreklonnaya-lyubov", "status": "accepted", "updateDate": 1636285143735, "start": 1636441200000, "end": 1640869200000, "createDate": 1634999921487, "inAccepted": true, "acceptDate": 1636285144025, "image": {"author": "О. А. Новикова ", "name": "67d2bb84b8443c664e360ed0637239f2.jpeg", "realName": "IMG_9523.JPG", "source": "ГАУК \"ГОсудартсвенный семориальный историко-литературный музей-заповедник Ф. И. Тютчева \"Овстуг\""}, "photo": "https://pro.culture.ru/uploads/67d2bb84b8443c664e360ed0637239f2.jpeg", "gallery": [], "category": {"name": "Экскурсии", "sysName": "ekskursii"}, "time": {"start": "2021-11-09 07:00:00", "end": "2021-12-30 13:00:00"}}, {"id": 1407478, "name": "Интерактивная программа «Воскресный день в усадьбе Тютчевых»", "age": 12, "description": "<p>Сотрудники музея приглашают провести воскресный день в родовой в усадьбе Тютчевых – живописнейшем уголке Брянской области.</p><p>Гости услышат интересный рассказ о любовной лирике в творчестве великого русского поэта и дипломата, посетят этнографический зал краеведческого музея, в здании которого в конце ХIX и в начале XX века располагалась волостная управа села Овстуг.</p><p>Посетители мероприятия примут участие в мастер-классе «Письмо из дворянской усадьбы». Гости сочинят послания родным, друзьям или самим себе письменными принадлежностями, соответствующими 19 веку – гусиным пером и чернилами. <br /></p><p></p>", "shortDescription": "Гости узнают о творчестве поэта, посетят краеведческий музей, примут участие в мастер-классе.", "min_price": 370, "max_price": 500, "link": "https://vmuzey.com/event/vyhodnoy-den-v-usadbe-tyutchevyh", "status": "accepted", "updateDate": 1638795196459, "start": 1637478000000, "end": 1640523600000, "createDate": 1634830226861, "inAccepted": true, "acceptDate": 1638795196536, "image": {"author": "Новикова О. А. ", "name": "fa5640446e3e16541cf583b5119e3459.jpeg", "realName": "IMG_20201002_112529.jpg", "source": "Архив ГАУК \"Государственный мемориальный историко-литературный музей-заповедник Ф. И. Тютчева \"Овстуг\""}, "photo": "https://pro.culture.ru/uploads/fa5640446e3e16541cf583b5119e3459.jpeg", "gallery": [], "category": {"name": "Встречи", "sysName": "vstrechi"}, "time": {"start": "2021-11-21 07:00:00", "end": "2021-12-26 13:00:00"}}, {"id": 1394383, "name": "Выставка «Жизнь и творчество Ф. И. Тютчева»", "age": 16, "description": "<p>Тютчевская усадьба на живописном берегу реки, тенистые аллеи парка, классическая архитектура господского дома и пруд с уединенной беседкой на островке.</p><p>Здесь – малая родина великого русского поэта-дипломата Ф. И. Тютчева.</p><p>Музей-заповедник приглашает посетить эти красивейшие места Брянской области и самостоятельно ознакомиться с постоянной экспозицией дома-музея поэта, который хоть и восстановлен в XX веке, но удивительным образом передает атмосферу дворянской усадьбы, увлечения и быт членов семьи Тютчевых.</p>", "shortDescription": "Прогулка по усадебному парку и самостоятельное ознакомление с экспозицией дома-музея поэта.", "min_price": 70, "max_price": 150, "link": "https://vmuzey.com/event/vystavka-zhizn-tvorchestvo-f-i-tyutcheva", "status": "accepted", "updateDate": 1634802506544, "start": 1634968800000, "end": 1640959200000, "createDate": 1634304860032, "inAccepted": true, "acceptDate": 1634802506551, "image": {"author": "Новикова О. А,", "name": "03f77c565e361eb6efc953ef70a27cbe.jpeg", "realName": "IMG_9518.JPG", "source": "Архив ГАУК \"Государственный мемориальный историко-литературный музей-заповедник Ф. И. Тютчева \"Овстуг\""}, "photo": "https://pro.culture.ru/uploads/03f77c565e361eb6efc953ef70a27cbe.jpeg", "gallery": [], "category": {"name": "Выставки", "sysName": "vystavki"}, "time": {"start": "2021-10-23 06:00:00", "end": "2021-12-31 14:00:00"}}, {"id": 1393667, "name": "Интерактивное занятие «Письмо из дворянской усадьбы»", "age": 12, "description": "<p>Музей предлагает для своих посетителей новое интерактивное занятие «Письмо из дворянской усадьбы».</p><p>Участие в занятии позволит познакомиться с традициями написания светских и деловых писем в XIX веке, узнать интересные факты и особенности любовной переписки, получить практические навыки составления посланий. Участники интерактива cмогут написать послания родным, друзьям или самим себе письменными принадлежностями, соответствующими эпохе – гусиным пером и чернилами.</p><p>Письмо из Овстуга станет большим сюрпризом для получателя и прекрасным сувениром на память.</p>", "shortDescription": "Написание письма в стиле XIX века.", "min_price": 200, "link": "https://vmuzey.com/event/interaktivnoe-zanyatie-pismo-iz-dvoryanskoy-usadby", "needCheck": true, "status": "new", "updateDate": 1638101621826, "start": 1634972400000, "end": 1640419200000, "createDate": 1634294036078, "inAccepted": true, "acceptDate": 1636284235543, "image": {"author": "Новикова О. А.", "name": "5f84d13489dfa40a37ea04afe72cc9f2.jpeg", "realName": "стол.jpg", "source": "Архив ГАУК \"Государственный мемориальный историко-литературный музей-заповедник Ф. И. Тютчева \"Овстуг\""}, "photo": "https://pro.culture.ru/uploads/5f84d13489dfa40a37ea04afe72cc9f2.jpeg", "gallery": [], "category": {"name": "Встречи", "sysName": "vstrechi"}, "time": {"start": "2021-10-23 07:00:00", "end": "2021-12-25 08:00:00"}}, {"id": 1386146, "name": "Экскурсия «Хозяйственный быт дворянской усадьбы»", "age": 12, "description": "<p>Новый пешеходный маршрут разработан для популяризации объектов, входящих в комплекс музея-заповедника. Это еще одна возможность побывать в Тютчевском Овстуге и пополнить свои знания новыми фактами и сведениями из истории старинной дворянской усадьбы. </p><p>Во время экскурсии гости смогут узнать историю основных объектов комплекса музея-заповедника: дом-музей Ф. И. Тютчева, школу М. Ф. Бирилевой, горку Параскевы, здание волостной управы села Овстуг. Итоговой точкой маршрута является посещение водяной мельницы.</p><p> </p>", "shortDescription": "Посетители пройдут по территории усадьбы, которой в разное время владели семьи российских дворян.", "min_price": 100, "link": "https://vmuzey.com/event/ekskursiya-hozyaystvennyy-byt-dvoryanskoy-usadby", "needCheck": true, "status": "new", "updateDate": 1638104306418, "start": 1634976000000, "end": 1640437200000, "createDate": 1634046460594, "inAccepted": true, "acceptDate": 1636283306041, "image": {"author": "Новикова О.А.", "name": "cfa260396fe83454ceb7d38fd9f38578.jpeg", "realName": "IMG_2513.jpg", "source": "Архив ГАУК \"Государственный мемориальный историко-литературный музей-заповедник Ф.И. Тютчева \"Овстуг\""}, "photo": "https://pro.culture.ru/uploads/cfa260396fe83454ceb7d38fd9f38578.jpeg", "gallery": [], "category": {"name": "Экскурсии", "sysName": "ekskursii"}, "time": {"start": "2021-10-23 08:00:00", "end": "2021-12-25 13:00:00"}}]}