{"12731": [{"id": 1463920, "name": "Бенефис актрисы Ларисы Ломакиной", "age": 12, "description": "<p><span>Творческий вечер артистки Оренбургского театра кукол Ларисы Ломакиной пройдет в антураже шекспировской комедии «Сон в летнюю ночь». Едва переступив порог театра, зритель станет участником театрализованной интермедии, происходящей в <span>«прозрачном сумраке летней ночи». Руководить всем действом в фойе будет проказливый лесной дух Пак. </span></span></p> <p><span>Программа вечера представляет собой калейдоскоп фрагментов спектаклей разных лет, в которых артистка наиболее ярко проявила свой исполнительский талант, а также комических сценок коллег по цеху, поздравлений друзей и официальных гостей. </span></p><p></p>", "shortDescription": "Артистка отметит свой юбилей на сцене театра кукол.", "min_price": 350, "link": "https://teatr-kukol.ru/afisha-na-fevral.html", "status": "accepted", "updateDate": 1637677198691, "start": 1639141200000, "end": 1639146600000, "createDate": 1637214374941, "inAccepted": true, "acceptDate": 1637677203290, "image": {"author": "Дарья Косилова", "name": "bf08e56cd7fe73031411700fda3173fe.jpeg", "realName": "лал.JPG", "source": "ГАУК \"ОГОТК\""}, "photo": "https://pro.culture.ru/uploads/bf08e56cd7fe73031411700fda3173fe.jpeg", "gallery": [], "category": {"name": "Спектакли", "sysName": "spektakli"}, "time": {"start": "2021-12-10 13:00:00", "end": "2021-12-10 14:30:00"}}, {"id": 1463878, "name": "Спектакль «Саломея»", "age": 16, "description": "<p>Для многих российских театров большая честь украсить свой репертуар спектаклем в постановке выдающегося белорусского режиссера Олега Жюгжды. </p><p>Одноактная трагедия «Саломея» великого эстета и провокатора Оскара Уайльда написана в 1891 году. Прошло более сотни лет и до сих пор зрелищность, эмоциональная насыщенность, сокрушительность этого произведения будоражат умы современников. Постановщика спектакля волновала проблема подмены понятий у современной молодежи: любовь – одержимость, власть – вседозволенность, вера – религия. Спектакль Оренбургского театра кукол – увлекательное путешествие в мир человеческих страстей и театральных фантазий Олега Жюгжды, Оскара Уайльда и театра кукол.</p><p><span>Спектакль – участник IX Международного фестиваля театров кукол «Оренбургский арбузник», <span>52-й Международного фестиваля кукольных театров PIF (Pupteatra Internacia Festivalo),<span>Международного фестиваля «КукАрт», <span>VI Международного фестиваля театров кукол «Чаепитие в Мытищах».</span></span></span></span><br /></p><p></p>", "shortDescription": "Постановка выдающегося белорусского режиссера Олега Жюгжды.", "min_price": 350, "link": "https://teatr-kukol.ru/afisha-na-fevral.html", "status": "accepted", "updateDate": 1637677390235, "start": 1639747800000, "end": 1639750800000, "createDate": 1637213373170, "inAccepted": true, "acceptDate": 1637677395683, "image": {"author": "Дарья Косилова", "name": "fc1e62c61b637c812d9ebe873f4cc716.jpeg", "realName": "DSC_1164.jpg", "source": "ГАУК \"ОГОТК\""}, "photo": "https://pro.culture.ru/uploads/fc1e62c61b637c812d9ebe873f4cc716.jpeg", "gallery": [], "category": {"name": "Спектакли", "sysName": "spektakli"}, "time": {"start": "2021-12-17 13:30:00", "end": "2021-12-17 14:20:00"}}, {"id": 1462400, "name": "Спектакль «Небольшая история»", "age": 12, "description": "<p>На земле всегда бушевали войны, а Вторая мировая война навсегда оставила след в сердцах многих поколений. Спектакль – это взгляд на войну и судьбы людей через историю жителей маленького германского города в сороковые годы прошлого века.</p><p>В кабинете, полном книг, Смерть ждет Душу, чтобы отдать ей книгу ее жизни. И вместе с ней они вспоминают ее жизнь, дорогих людей и книги, которые она воровала, познавая в них мир и силу слова, способную уничтожать и в то же время созидать, возрождать, преобразовывать мир вокруг.</p>", "shortDescription": "Это рассказ о взрослении детей в мире лжи, тихих ужасах войны, величии и низости человеческого духа.", "min_price": 400, "link": "https://teatr-kukol.ru/nebolshaya-istoriya.html", "status": "accepted", "updateDate": 1640171883506, "start": 1638619200000, "end": 1643461800000, "createDate": 1637148701449, "inAccepted": true, "acceptDate": 1637674287347, "image": {"author": "Дарья Косилова", "name": "5f93305fc5aae5be2ce2a70668f82547.jpeg", "realName": "DSC_8651.jpg", "source": "ГАУК \"ОГОТК\""}, "photo": "https://pro.culture.ru/uploads/5f93305fc5aae5be2ce2a70668f82547.jpeg", "gallery": [], "category": {"name": "Спектакли", "sysName": "spektakli"}, "time": {"start": "2021-12-04 12:00:00", "end": "2022-01-29 13:10:00"}}, {"id": 1298120, "name": "Спектакль «Тень»", "age": 16, "description": "<p></p><p>Пьеса написана Евгением Шварцем по мотивам сказки Ганса Христиана Андерсена, эта история о том, как Тень Ученого покинула своего хозяина и зажила самостоятельной жизнью. С приходом к власти Тени «первыми людьми» стали продажный журналист Цезарь Борджиа, казнокрады министры и прочий безнравственный и алчный сброд, готовый уничтожить каждого, кто угрожает их сытой жизни.</p><p>Театр атакует зрителя всем арсеналом сценических средств – великолепные куклы, виртуозное исполнение музыкальных и пластических номеров, щедрая россыпь режиссерских и актерских находок. История о предательстве и дружбе с острым гротесковым сюжетом полна искрометного юмора, афоризмов и крылатых фраз.</p>", "shortDescription": "Сказка для взрослых в двух действиях.", "min_price": 350, "link": "https://teatr-kukol.ru/", "status": "accepted", "updateDate": 1630226541758, "start": 1634304600000, "end": 1634311800000, "createDate": 1630159228096, "inAccepted": true, "acceptDate": 1630553077103, "image": {"author": "Дарья Косилова", "name": "0a63254b7203e8784a1ab27bcb2afbe6.jpeg", "realName": "DSC_6653.jpg", "source": "Оренбургский государственный областной театр кукол"}, "photo": "https://pro.culture.ru/uploads/0a63254b7203e8784a1ab27bcb2afbe6.jpeg", "gallery": ["https://pro.culture.ru/uploads/d2cf2787e13d1e5f2434d3378b44a69b.jpeg", "https://pro.culture.ru/uploads/d05a8b6ffb1dd9b04ff26c46ef8a364f.jpeg", "https://pro.culture.ru/uploads/7511f6ec18f85464b170ed2d2a7e2667.jpeg", "https://pro.culture.ru/uploads/2fdfbb0deb7ab7b68cf983a2fc5246cf.jpeg", "https://pro.culture.ru/uploads/b599c1d8d6e4f916676392764dc55e15.jpeg", "https://pro.culture.ru/uploads/52742923dd587df61ffc73a3fb36f0a6.jpeg", "https://pro.culture.ru/uploads/c59bf53bf3c073ecfc1e933fddbdf69d.jpeg"], "category": {"name": "Спектакли", "sysName": "spektakli"}, "time": {"start": "2021-10-15 13:30:00", "end": "2021-10-15 15:30:00"}}, {"id": 1232745, "name": "Спектакль «Али-Баба и сорок разбойников»", "age": 6, "description": "<p>Эта постановка – полтора часа чудес, смеха, музыки и танцев. Яркий, по-восточному солнечный спектакль полон шуток, красок, песен и плясок персидского базара. </p><p>Мудрый Мустафа поведает историю о бедном, но очень добром, находчивом и веселом юноше Али-Бабе, которому однажды посчастливилось обнаружить пещеру с сокровищами. В правдивом рассказе Мустафы во всей красе предстанет завистливый Касым, грозный атаман Хасан и его свирепые разбойники. И, как бывает в сказке, богатство само находит доброго человека. Надо лишь вовремя оказаться в нужном месте и сказать: «Сезам, откройся!».</p><p></p>", "shortDescription": "Современная версия восточной сказки написана С. Никитиным и В. Берковским на стихи В. Смехова.", "min_price": 300, "link": "https://teatr-kukol.ru/ali-baba-i-sorok-razbojnikov.html", "needCheck": true, "status": "new", "updateDate": 1637211932326, "start": 1631426400000, "end": 1639305900000, "createDate": 1626942306811, "inAccepted": true, "acceptDate": 1633078550260, "image": {"author": "Дарья Косилова", "name": "d9e4dee1ea9a355f48d8ee403d751235.jpeg", "realName": "DSC_8300.jpg", "source": "Оренбургский государственный областной театр кукол"}, "photo": "https://pro.culture.ru/uploads/d9e4dee1ea9a355f48d8ee403d751235.jpeg", "gallery": ["https://pro.culture.ru/uploads/dd5e79eefb304146d6e49fb63d13c463.jpeg", "https://pro.culture.ru/uploads/0b83aa9d1564ba5cc5b52274664ea560.jpeg"], "category": {"name": "Спектакли", "sysName": "spektakli"}, "time": {"start": "2021-09-12 06:00:00", "end": "2021-12-12 10:45:00"}}, {"id": 1111954, "name": "Спектакль «Зойкина квартира»", "age": 16, "description": "<p>Спектакль Оренбургского театра кукол приурочен к двум юбилейным датам: 130 лет со дня рождения Михаила Булгакова и 95 лет со дня первого показа спектакля в Студии Евгения Вахтангова. Ранее «Зойкина квартира» не ставилась на сцене театров кукол.</p><p>На оренбургских подмостках некогда опальную пьесу поставил заслуженный артист России Вадим Смирнов. В создании спектакля также принимают участие Сергей Тараканов (художник-постановщик, член Союза театральных деятелей, член Московского Союза художников России, персональный член UNIMA (Союз кукольников)), Сергей Тишков (балетмейстер, заслуженный артист России), Виктор Расовский (композитор, музыкант, джазмен). </p><p> В новом прочтении пьеса Булгакова определяется как трагифарс и станет историей нравственного выбора и побега человека из реальности в мечту. </p>", "shortDescription": "Постановка по пьесе Михаила Булгакова.", "min_price": 400, "link": "http://www.teatr-kukol.ru/", "needCheck": true, "status": "accepted", "updateDate": 1632897748622, "start": 1622208600000, "end": 1637332200000, "createDate": 1620982752599, "inAccepted": true, "acceptDate": 1632897748824, "image": {"author": "Дарья Косилова", "name": "7ee29487087bbc96f68bc411aa289ca1.jpeg", "realName": "DSC_5994.jpg", "source": "Оренбургский государственный областной театр кукол"}, "photo": "https://pro.culture.ru/uploads/7ee29487087bbc96f68bc411aa289ca1.jpeg", "gallery": ["https://pro.culture.ru/uploads/6e9dea378ae1c58ea4df91eebdba4564.jpeg", "https://pro.culture.ru/uploads/2086bec806025f108878bf55b4ee03c9.jpeg", "https://pro.culture.ru/uploads/f53e1bfdc2bcb88c08edddd2bce9c034.jpeg", "https://pro.culture.ru/uploads/ec633b246f20880cedc3edad4f597e4c.jpeg", "https://pro.culture.ru/uploads/46c27a556f973775fc5b7ecf79769880.jpeg", "https://pro.culture.ru/uploads/1c2d20f0893d3070d11dc085d66d35f0.jpeg", "https://pro.culture.ru/uploads/51d325c53cc2fbd5dc069da7c5720830.jpeg", "https://pro.culture.ru/uploads/5629dcfec73dee87b407aa33cb5d9d0f.jpeg"], "category": {"name": "Спектакли", "sysName": "spektakli"}, "time": {"start": "2021-05-28 13:30:00", "end": "2021-11-19 14:30:00"}}, {"id": 1087417, "name": "Спектакль «Мертвые души»", "age": 12, "description": "<p>В основе спектакля – пьеса Михаила Булгакова, написанная по мотивам поэмы Николая Гоголя «Мертвые души». Жанр постановки определен театром как фантасмагория. Здесь переплетаются реальность хорошо узнаваемой российской действительности и мистическая поэтика двух гениальных литераторов. На сцене – суд над Чичиковым. Кто виноват: Чичиков, затеявший махинацию, или общество, порождающее Чичиковых? </p><p>У этого спектакля для молодежи и взрослых сложилась счастливая гастрольная судьба. В рамках регионального культурно-просветительского проекта «Живые театральные уроки» его смогли увидеть многие жители оренбургской глубинки. Кроме того, постановка неоднократно была включена в программу международных фестивалей в Москве, Самаре, Новосибирске, Беларуси, Армении. </p>", "shortDescription": "Постановка по пьесе М. Булгакова.", "min_price": 350, "link": "http://www.teatr-kukol.ru", "status": "accepted", "updateDate": 1630248614509, "start": 1620999000000, "end": 1635519000000, "createDate": 1619678291314, "inAccepted": true, "acceptDate": 1630552926863, "image": {"author": "Дарья Косилова", "name": "15afe22c0449ff0ac0f6aefe95b4924a.jpeg", "realName": "DSC_8956.jpg", "source": "ГАУК \"ОГОТК\""}, "photo": "https://pro.culture.ru/uploads/15afe22c0449ff0ac0f6aefe95b4924a.jpeg", "gallery": ["https://pro.culture.ru/uploads/e3e8944577a6ca79f599b21794406fe1.jpeg", "https://pro.culture.ru/uploads/477bbf7b6b4a5ad2df1b4ce69d9e700b.jpeg", "https://pro.culture.ru/uploads/09c1876e2c80dce032f06bb7c49f4778.jpeg"], "category": {"name": "Спектакли", "sysName": "spektakli"}, "time": {"start": "2021-05-14 13:30:00", "end": "2021-10-29 14:50:00"}}]}