{"12146": [{"id": 1476199, "name": "Спектакль «Королевский бутерброд»", "age": 6, "description": "<p>В долгожданную новогоднюю пору юных владимирцев ожидает яркая и озорная пластическая история про бодрого и принципиального Короля, обожающего здоровый образ жизни; его заботливую Королеву; их симпатичную дипломатичную Молочницу и про королевскую высокопоставленную Корову, поставляющую к королевскому двору прекрасное сливочное масло. Правда, – поставляющую иногда, по особо выдающимся случаям и по особой высочайшей просьбе... </p><p> В сюжет спектакля войдут еще несколько знакомых с детства многим поколениям россиян замечательных детских английских стишков и песенок в блистательных переводах Самуила Яковлевича Маршака («Дом, который построил Джек», «Из чего же сделаны наши мальчишки?» и др.).</p>", "shortDescription": "Музыкальная клоунада.", "min_price": 400, "max_price": 500, "link": "https://vladimir.kassy.ru/events/teatr/2-1370/", "status": "accepted", "updateDate": 1639677109930, "start": 1640073600000, "end": 1641556800000, "createDate": 1637658983175, "inAccepted": true, "acceptDate": 1639677109989, "image": {"author": "Игнатова Светлана", "name": "e6b17dbe52246a9ac1d4c70fb322d3ab.jpeg", "realName": "1425671_922519914510462_4279343764933530854_n.jpg", "source": "http://dramavladimir.ru/"}, "photo": "https://pro.culture.ru/uploads/e6b17dbe52246a9ac1d4c70fb322d3ab.jpeg", "gallery": [], "category": {"name": "Спектакли", "sysName": "spektakli"}, "time": {"start": "2021-12-21 08:00:00", "end": "2022-01-07 12:00:00"}}, {"id": 1429193, "name": "Спектакль «Не воспетая встреча»", "age": 12, "description": "<p>«Это любовь» – как часто произносит такое легкомысленная персона и как редко можно услышать это – нет, вовсе не от циника – от честного человека, бережно распоряжающегося своими чувствами. Любовь – нечто большее, чем сладостные конвульсии, пробуждающие в человеке вдохновение, убивающие в нем внутреннего критика. Это зависимость, отрадная зависимость от своих истинно человеческих чувств, двигающих нас на порой нечеловеческие свершения. Для Анны Ахматовой любовь стала надежным спутником на всем ее нелегком жизненном пути, мерно ступая по которому, она не отрекалась от своих чувств к любимым людям, и составлявшим ее жизнь, ее творчество, цвет ее лица и свет ее души. В спектакле прозвучат лучшие лирические стихи великой поэтессы.</p>", "shortDescription": "Лирическая постановка.", "min_price": 400, "max_price": 500, "link": "https://vladimir.kassy.ru/events/teatr/2-1357/", "status": "accepted", "updateDate": 1636453122863, "start": 1642777200000, "end": 1642874400000, "createDate": 1635772805223, "inAccepted": true, "acceptDate": 1636453122874, "image": {"author": "Светлана Игнатова", "name": "a31e452bf43d6de950cc710d785c4ae2.jpeg", "realName": "1425671_922519914510462_4279343764933530854_n.jpg", "source": "http://dramavladimir.ru/"}, "photo": "https://pro.culture.ru/uploads/a31e452bf43d6de950cc710d785c4ae2.jpeg", "gallery": [], "category": {"name": "Спектакли", "sysName": "spektakli"}, "time": {"start": "2022-01-21 15:00:00", "end": "2022-01-22 18:00:00"}}, {"id": 1235348, "name": "Спектакль «Преступление и наказание»", "age": 16, "description": "<p>Спектакль по мотивам известного произведения Достоевского поставлен режиссером Владимиром Кузнецовым с самым молодым актерским составом театра и посвящен теме трагического самопознания.</p><p>Классическое «тварь ли я дрожащая – или право имею?» в понимании Родиона Раскольникова, которого в этом спектакле играет Михаил Бабаев, приобретает новые оттенки. Этот Раскольников уже окончательно заворожен и зомбирован «наполеоновским комплексом», синдромом «сверхчеловека». Все страшные перипетии, приведшие его к убийству старухи-процентщицы, остались позади. Перед зрителями – яростные психологические дуэли: Раскольникова и хитрого, коварно-прозорливого следователя Порфирия Петровича, Раскольникова и благородной до полного самоотречения Сонечки Мармеладовой. </p><p>Чье влияние мощней? Кто выведет заблудшую душу к свету и искуплению?</p>", "shortDescription": "Сценическая версия одноименного романа Достоевского.", "min_price": 400, "max_price": 500, "link": "https://vladimir.kassy.ru/events/teatr/2-1265/", "needCheck": true, "status": "accepted", "updateDate": 1634548570696, "start": 1632927600000, "end": 1637863200000, "createDate": 1627068919333, "inAccepted": true, "acceptDate": 1634548570960, "image": {"author": "Светлана Игнатова", "name": "e589d9f0ca1daa65fd759706e610aa0c.jpeg", "realName": "prestyplenie_01.JPG", "source": "dramavladimir.ru"}, "photo": "https://pro.culture.ru/uploads/e589d9f0ca1daa65fd759706e610aa0c.jpeg", "gallery": [], "category": {"name": "Спектакли", "sysName": "spektakli"}, "time": {"start": "2021-09-29 15:00:00", "end": "2021-11-25 18:00:00"}}, {"id": 1235345, "name": "Спектакль «Праздник был!»", "age": 16, "description": "<p>В начале 60-х на отечественном литературном горизонте вспыхнула яркая звезда – Василий Шукшин. Свет ее не утратил своей мощности и по сегодняшний день. Это удивительно, ведь главные герои большинства его рассказов – деревенские люди: трактористы, шоферы, счетоводы, бригадиры, председатели колхозов, рядовые колхозники. Шукшина привлекали непохожесть людей, их ершистость и предельная обостренность чувства собственного достоинства.</p><p>Постановка режиссера Владимира Кузнецова – попытка создания интерактивного спектакля. Зрителя ожидает так называемый эффект присутствия, даже соучастия в событиях четырех жизнеутверждающих шукшинских рассказов – «Артист Федор Грай», «Сапожки», «Мой зять украл машину» и «Беспалый», где юмор причудливо переплетается с грустью, а гнев – с нежностью, где, пережив горечь потерь, обид и разочарований, герои понимают: а ведь праздник-то был!</p>", "shortDescription": "Остроумный творческий эксперимент Владимира Кузнецова.", "min_price": 400, "max_price": 400, "link": "https://vladimir.kassy.ru/events/teatr/2-1264/", "status": "new", "updateDate": 1637659093696, "start": 1632841200000, "end": 1641232800000, "createDate": 1627068732271, "inAccepted": true, "acceptDate": 1637146139272, "image": {"author": "Светлана ИГнатова", "name": "0c5cdfb967773d61fcaabf8bfef74a81.jpeg", "realName": "IMG_6129.jpg", "source": "dramavladimir.ru"}, "photo": "https://pro.culture.ru/uploads/0c5cdfb967773d61fcaabf8bfef74a81.jpeg", "gallery": ["https://pro.culture.ru/uploads/3fbb826d9e3a10c2ce4842f4c4e7de6f.jpeg", "https://pro.culture.ru/uploads/a6f60d2602a27dba2cccf617d71d10f5.jpeg", "https://pro.culture.ru/uploads/68793d79a2dd6fd894ee30160c31d2f0.jpeg", "https://pro.culture.ru/uploads/3bf50c8c407befc3c8b7c49c5ac5c3fd.jpeg", "https://pro.culture.ru/uploads/68f8cb5c950bc297297d50ab4b7a3284.jpeg"], "category": {"name": "Спектакли", "sysName": "spektakli"}, "time": {"start": "2021-09-28 15:00:00", "end": "2022-01-03 18:00:00"}}, {"id": 1235343, "name": "Спектакль «Жизнь прекрасна!»", "age": 16, "description": "<p>Как известно, у Антона Павловича Чехова было более 40 псевдонимов, когда он начинал писать свои первые рассказы. Взаимоотношения между мужчиной и женщиной всегда интересовали писателя. В одном из произведений, на основе которых создан спектакль, Чехов писал: «Когда у тебя в кармане загораются спички, то радуйся и благодари небо, что у тебя в кармане не пороховой погреб. Когда к тебе на дачу приезжают бедные родственники, то не бледней, а, торжествуя, восклицай: «Хорошо, что это не городовые!» </p><p>Постановка создана заслуженным артистом Эстонии Владимиром Лаптевым по ранним произведениям Антоши Чехонте.</p><p> Спектакль посвящен великому итальянскому кинорежиссеру Федерико Феллини. <br /></p>", "shortDescription": "Комические сценки из жизни.", "min_price": 400, "max_price": 500, "link": "https://vladimir.kassy.ru/events/teatr/2-1263/", "needCheck": true, "status": "new", "updateDate": 1638256621191, "start": 1628953200000, "end": 1641578400000, "createDate": 1627068453163, "inAccepted": true, "acceptDate": 1637143789639, "image": {"author": "Светлана Игнатова", "name": "aaf42cfa588e53eb0a406738125c98af.jpeg", "realName": "Zhizn_1_09.JPG", "source": "dramavladimir.ru"}, "photo": "https://pro.culture.ru/uploads/aaf42cfa588e53eb0a406738125c98af.jpeg", "gallery": ["https://pro.culture.ru/uploads/48ac755bb4d500638038aa778ba9919a.jpeg", "https://pro.culture.ru/uploads/eb142eeaa3dc22c3583dd6c3eb7cc6d6.jpeg", "https://pro.culture.ru/uploads/708661bbc6e6769bb3a5492a6766c95a.jpeg", "https://pro.culture.ru/uploads/d54770392416780d43eed9c6ef1fee83.jpeg", "https://pro.culture.ru/uploads/f19eea2f3495378c42c71c1d172829cd.jpeg", "https://pro.culture.ru/uploads/e6dbf0e9362f748caf5a2e50865be635.jpeg"], "category": {"name": "Спектакли", "sysName": "spektakli"}, "time": {"start": "2021-08-14 15:00:00", "end": "2022-01-07 18:00:00"}}, {"id": 1235341, "name": "Спектакль «Собачье сердце»", "age": 16, "description": "<p>Спектакль по повести М. А. Булгакова.</p><p>Ничего общего с фильмом! В этом зритель убеждается в первые пять минут спектакля. И оторваться невозможно. По-настоящему булгаковская история о странном профессоре, поставившем опыт на чудесной собаке, превратив ее в чудовище – человека. Очень современные, но в то же время фантасмагоричные персонажи.</p><p>Режиссер Владимир Кузнецов поставил историю, наполненную юмором, и этот спектакль стал одним из самых востребованных в театре, купить билет на него почти невозможно.</p>", "shortDescription": "Чудовищная история в двух действиях.", "min_price": 400, "max_price": 500, "link": "https://vladimir.kassy.ru/events/teatr/2-1259/", "needCheck": true, "status": "new", "updateDate": 1637659929118, "start": 1631718000000, "end": 1642701600000, "createDate": 1627068143934, "inAccepted": true, "acceptDate": 1637143307266, "image": {"author": "Светлана Игнатова", "name": "189ef1d3cfc731d74c3511b7f7d76b48.jpeg", "realName": "собачье сердце.jpg", "source": "dramavladimir.ru"}, "photo": "https://pro.culture.ru/uploads/189ef1d3cfc731d74c3511b7f7d76b48.jpeg", "gallery": ["https://pro.culture.ru/uploads/a123585b9145e0e59a9a8ee968ed37d7.jpeg", "https://pro.culture.ru/uploads/582917aa7062586494c342c961a1fcaa.jpeg", "https://pro.culture.ru/uploads/31839d5b68a8f5a098977c9bf4e7634c.jpeg", "https://pro.culture.ru/uploads/092b4075523131233971acefbf843c1b.jpeg"], "category": {"name": "Спектакли", "sysName": "spektakli"}, "time": {"start": "2021-09-15 15:00:00", "end": "2022-01-20 18:00:00"}}, {"id": 1235340, "name": "Спектакль «Ангельчик»", "age": 16, "description": "<p>«Бедные люди» – первое опубликованное произведение Достоевского (1846 г.). Написанный в непривычном для отечественной литературы того времени эпистолярном жанре, роман принес автору славу и благосклонное внимание прогрессивной критики.</p><p>«Бедные люди» – это история любви. А любовь истинная – всегда жертвенная. Сюжет, оживающий в переписке, способен завораживать и потрясать концентрацией событий, накалом страстей. А спектакль Любови Гордеевой еще и интригует неординарностью формы.</p><p>Читатель знакомится с интимной перепиской двух людей – немолодого бедного чиновника Макара Девушкина и его дальней родственницы, 17-летней сироты Вареньки Доброселовой, которые удивительно зримо оживают со своими непростыми судьбами, материализуясь благодаря очень индивидуальной манере изъясняться, исповедальности их писем и Варенькиного дневника: от внешности до особенностей характера, темперамента, сокровенных мыслей. Практически готовая пьеса!</p>", "shortDescription": "Постановка по мотивам романа «Бедные люди» Ф. М. Достоевского.", "min_price": 400, "max_price": 500, "link": "https://vladimir.kassy.ru/events/teatr/2-1254/", "needCheck": true, "status": "new", "updateDate": 1637659989055, "start": 1631286000000, "end": 1642960800000, "createDate": 1627067901103, "inAccepted": true, "acceptDate": 1630064597099, "image": {"author": "Светлана Игнатова", "name": "b4424bde926453c23709f2eb5bfc132b.jpeg", "realName": "angelchik_1_02.JPG", "source": "dramavladimir.ru"}, "photo": "https://pro.culture.ru/uploads/b4424bde926453c23709f2eb5bfc132b.jpeg", "gallery": ["https://pro.culture.ru/uploads/d7376cc317571b7236435c3639b5859c.jpeg", "https://pro.culture.ru/uploads/ec3e75ea3e645cd8866856900a1eac3d.jpeg"], "category": {"name": "Спектакли", "sysName": "spektakli"}, "time": {"start": "2021-09-10 15:00:00", "end": "2022-01-23 18:00:00"}}, {"id": 1235337, "name": "Спектакль «Скрипка Ротшильда»", "age": 16, "description": "<p>Не всякий режиссер способен работать с прозой. У Владимира Кузнецова к этому особое пристрастие и, бесспорно, талант. Его выбор рассказа «позднего» А. П. Чехова удачен и логичен, поскольку сегодня даже самые не склонные к философии слои населения готовы размышлять не о бренности, а о смысле и эфемерности человеческой жизни!</p><p>Название рассказа – интригующий капкан. Потому что его главный герой – отнюдь не знаменитый миллионер, как многие ожидают. Наоборот – им оказался живущий в захудалом городке нищий гробовщик Яков Иванов по прозвищу Бронза. Мрачнейшая личность, зацикленная главным образом на подсчете убытков. Они в его жизни явно преобладают. Городок сплошь заселен стариками, но те почему-то умирают крайне редко и неохотно. Так что бизнес Бронзы не процветает. У Якова есть жена Марфа, которая за полвека совместной жизни стала для него чем-то вроде привычной мебели. И есть скрипка...</p>", "shortDescription": "Трагикомедия по рассказу Чехова.", "min_price": 400, "max_price": 500, "link": "https://vladimir.kassy.ru/events/teatr/2-1266/", "status": "new", "updateDate": 1637143872736, "start": 1632063600000, "end": 1639677600000, "createDate": 1627067634008, "inAccepted": true, "acceptDate": 1634638622355, "image": {"author": "Светлана Игнатова", "name": "c5cc4d98303fd239fc38ead224d00839.jpeg", "realName": "Skripkat_1_03.JPG", "source": "dramavladimir.ru"}, "photo": "https://pro.culture.ru/uploads/c5cc4d98303fd239fc38ead224d00839.jpeg", "gallery": ["https://pro.culture.ru/uploads/88987e53023041f56f36029cc8645450.jpeg", "https://pro.culture.ru/uploads/b443e554f040aa07a499717a12cef315.jpeg", "https://pro.culture.ru/uploads/debb60955097a9256af4c386112c5cee.jpeg", "https://pro.culture.ru/uploads/cf05720f71fb3d9b5ee86491c4850bdf.jpeg", "https://pro.culture.ru/uploads/e0fe6ed550003dc5a7d9385943837ca0.jpeg", "https://pro.culture.ru/uploads/18c5348e01c4425af8e2e38f78e6e25f.jpeg", "https://pro.culture.ru/uploads/17341b6458192afcbb1f4f3f91c04dfe.jpeg", "https://pro.culture.ru/uploads/6a75162978202e62bd656ff87e753fc7.jpeg", "https://pro.culture.ru/uploads/c61abb90f045f82bdf4ca78d2df61141.jpeg"], "category": {"name": "Спектакли", "sysName": "spektakli"}, "time": {"start": "2021-09-19 15:00:00", "end": "2021-12-16 18:00:00"}}, {"id": 875308, "name": "Спектакль «Морфий»", "age": 16, "description": "<p>Ранние рассказы, написанные молодым уездным врачом Михаилом Булгаковым буквально с натуры, потрясают безжалостной конкретностью, телесностью, достоверностью. Он использует дневниково-последовательное, документальное описание истории болезни – наркотической зависимости, начавшейся для доктора Полякова совершенно невинно и случайно, – эмоционально, доверительно изложенное самим врачом-пациентом вперемешку с описанием житейских мелочей, радостей, неудач, любовных переживаний.</p><p>Театр вовлекает зрителя в подробное исследование распада человеческой личности, человеческого сознания, гибели человеческого духа. История рокового недуга доктора Полякова – повод рассмотреть явление мирового масштаба. Человек, который не в силах противостоять жизни, предпочитает уйти в мир иллюзий.</p>", "shortDescription": "По мотивам рассказов Михаила Булгакова.", "min_price": 400, "max_price": 500, "link": "https://vladimir.kassy.ru/events/teatr/2-1278/", "status": "accepted", "updateDate": 1629482764320, "start": 1611500400000, "end": 1639068000000, "createDate": 1608967415273, "inAccepted": true, "acceptDate": 1630064609526, "image": {"author": "Шалухина Т.А.", "name": "acb6972d68952647c008497c8791b63d.jpeg", "realName": "b7e59ab099ea05f948cd1caf36a566b9_w2048_h2048.jpg", "source": "https://dramavladimir.ru/"}, "photo": "https://pro.culture.ru/uploads/acb6972d68952647c008497c8791b63d.jpeg", "gallery": [], "category": {"name": "Спектакли", "sysName": "spektakli"}, "time": {"start": "2021-01-24 15:00:00", "end": "2021-12-09 16:40:00"}}, {"id": 869464, "name": "Спектакль «Вредные советы»", "age": 6, "description": "<p>Вредные советы – прививка от глупости и самое лучшее в мире лекарство от непослушания. Постановка для послушных и непослушных детей, а также их родителей. </p><p>Раньше ученые считали, что вредные советы можно смотреть только непослушным детям, которые все делают наоборот. Услышит такой ребенок вредный совет, сделает по-другому, а получится как раз правильно. Но недавно ученые догадались, что послушным детям вредные советы тоже нужны. Оказывается, на послушного ребенка вредный совет действует как прививка. А если в прививке много музыки, стихов, смеха и хорошего настроения, она никому не повредит.</p><p>Режиссер-постановщик – Владимир Кузнецов.</p>", "shortDescription": "Постановка для всей семьи.", "min_price": 400, "max_price": 500, "link": "https://vladimir.kassy.ru/events/teatr/2-1326/", "status": "accepted", "updateDate": 1640005962482, "start": 1609578000000, "end": 1641481200000, "createDate": 1608633313699, "inAccepted": true, "acceptDate": 1637251482745, "image": {"author": "Светлана ", "name": "c2bb754cd580b375ebb5e4b10c2574f7.jpeg", "realName": "_DSC0149.jpg", "source": "https://dramavladimir.ru/"}, "photo": "https://pro.culture.ru/uploads/c2bb754cd580b375ebb5e4b10c2574f7.jpeg", "gallery": [], "category": {"name": "Спектакли", "sysName": "spektakli"}, "time": {"start": "2021-01-02 09:00:00", "end": "2022-01-06 15:00:00"}}, {"id": 844367, "name": "Спектакль «Руки, которые не нужны»", "age": 16, "description": "<p>Поэтический спектакль «Руки, которые не нужны» – история, которая представляет собой исповедь души любящей женщины и «большого» поэта.</p><p>Образ, созданный Анной Лузгиной, образ, созданный Ариадной Брунер, сценография, пластика – как-то все само собой сложилось воедино: трогательно-органично и трагично. Чувствуется личное – надлом и боль. Такое по-настоящему цветаевское. Такое пронзительное как стрела. Такое сложное как вселенная.</p><p>Тема странничества, бесприютности, бездомности жизни, несовершенства мира раскрывается в спектакле через символические детали.</p>", "shortDescription": "Обреченный роман в декорациях старой готической Праги.", "min_price": 500, "max_price": 500, "link": "https://vladimir.kassy.ru/events/teatr/2-1289/", "needCheck": true, "status": "new", "updateDate": 1637659491530, "start": 1608217200000, "end": 1641657000000, "createDate": 1607072243434, "inAccepted": true, "acceptDate": 1637146232970, "image": {"author": "Игнатова С.Б.", "name": "e3727578aa991f9565d13df90af11502.jpeg", "realName": "5ee2dcca7e9ce1272d41860300538482_w2048_h2048.jpg", "source": "https://dramavladimir.ru/"}, "photo": "https://pro.culture.ru/uploads/e3727578aa991f9565d13df90af11502.jpeg", "gallery": [], "category": {"name": "Спектакли", "sysName": "spektakli"}, "time": {"start": "2020-12-17 15:00:00", "end": "2022-01-08 15:50:00"}}, {"id": 843088, "name": "Спектакль «Тайна старого дома»", "age": 16, "description": "<p>Возникновению этого спектакля предшествовал совсем недавний успешный писательский дебют психолога Ольги Гуниной, увенчанный изданием двух сборников рассказов и новелл. Талантливый московский режиссер Юлия Беляева с энтузиазмом взялась за инсценировку, связав разрозненные сюжеты рассказов общей историей большой, когда-то дружной семьи некой сегодняшней параллелью с чеховскими сестрами Прозоровыми – Ольгой, Машей и Ириной.</p><p>Живущие вдали друг от друга замужние сестры приезжают в старый отчий дом, чтобы попрощаться с ним перед продажей... И тут их посещают ностальгические воспоминания детства, юности, увлекательные, порой забавные семейные легенды и мистические истории...</p><p>В сюжет инсценировки вошли рассказы «Шурочка», «Терраска», «Тревога», «Отражение», «Новогодний запах серебристого ландыша», «Тайна старого дома».</p>", "shortDescription": "Психологический этюд.", "min_price": 400, "max_price": 500, "link": "https://vladimir.kassy.ru/shows/teatr/2-148/", "needCheck": true, "status": "new", "updateDate": 1637147776880, "start": 1607526000000, "end": 1641399600000, "createDate": 1606999882357, "inAccepted": true, "acceptDate": 1630309768524, "image": {"author": "Строгова Е.Ю.", "name": "80a880f4fa0c53973c69c8951a35ad92.jpeg", "realName": "d59deeb18dec0682925f716e4184d6ec_w2048_h2048 (1).jpg", "source": "https://dramavladimir.ru/"}, "photo": "https://pro.culture.ru/uploads/80a880f4fa0c53973c69c8951a35ad92.jpeg", "gallery": [], "category": {"name": "Спектакли", "sysName": "spektakli"}, "time": {"start": "2020-12-09 15:00:00", "end": "2022-01-05 16:20:00"}}, {"id": 13023, "name": "Спектакль «Ромео и Джульетта»", "age": 16, "description": "<p>В партер «Глобуса» под открытым небом всего за пенни мог попасть самый простой люд, на представлении стоял гомон, нередко возникали потасовки, торговцы разносили еду и выпивку. На сцене без занавеса, без сложных декораций, перед лицом грубой, нетерпеливой публики расцветало подлинное актерское мастерство – умение мгновенно захватить внимание многотысячной толпы и держать ее в напряжении до финала спектакля. </p><p> Веронская история любви и смерти в прочтении Искандэра Сакаева обнаруживает кровное родство с аскетичным и жестким театром времен Шекспира. В лаконичной декорации разворачивается острая, бескомпромиссная история о невозможности любви в том мире, что окружает юных Ромео и Джульетту.</p><p>Режиссер-постановщик спектакля Искандэр Сакаев − известный современный российский театральный режиссер, преподаватель биомеханики В. Мейерхольда, обладатель множества театральных наград, ученик и ассистент легендарных Валерия Фокина, Теодороса Терзопулоса, Кристиана Люпы.</p>", "shortDescription": "Игра любви и смерти по пьесе Уильяма Шекспира.", "min_price": 100, "max_price": 250, "link": "http://www.uldramteatr.ru/repertuar/mainstage/", "needCheck": true, "status": "accepted", "updateDate": 1637331387439, "start": 1510671600000, "end": 1640189400000, "createDate": 1445328162256, "inAccepted": true, "acceptDate": 1637331387580, "image": {"author": "Павел Шалагин", "name": "c6bc5f80eaa76bf13a30bf11fda896b2.JPG", "realName": "ShP_0277111.JPG", "source": "Из архива театра"}, "photo": "https://pro.culture.ru/uploads/c6bc5f80eaa76bf13a30bf11fda896b2.JPG", "gallery": [], "category": {"name": "Спектакли", "sysName": "spektakli"}, "time": {"start": "2017-11-14 15:00:00", "end": "2021-12-22 16:10:00"}}]}