{"11989": [{"id": 1344742, "name": "Спектакль «Дали и испанская королева из Казани»", "age": 18, "description": "<p> Судьба Сальвадора Дали и его русской жены Галы переосмысливается на сцене театра в воображении одного из персонажей пьесы – режиссера, вынашивающего замысел фильма о жизненных и творческих коллизиях гения. Зрителей ждет история о легендарном художнике с персонажами, окружавшими Дали в юности и в зрелости, такими как друг Дали поэт Федерико Гарсия Лорка, режиссер Луис Бунюэль, первый муж Галы поэт Поль Элюар, певица Аманда Лир, а также другими реальными и вымышленными людьми. </p><p>Эксцентричность испанского мастера и экстравагантность его поступков подчеркивается искрометным юмором и оригинальными режиссерскими находками, характерными для спектаклей Сергея Проханова, а динамичность действия и неординарность художника усиливается за счет использования видеоинсталляций и декораций, созданных при участии «русского Дали» Никаса Сафронова. </p>", "shortDescription": "Эпическая драма о жизни и любви великого художника Сальвадора Дали.", "min_price": 400, "max_price": 1400, "link": "http://www.lunatheatre.ru/shows/8#modal", "status": "accepted", "updateDate": 1640641996289, "start": 1634400000000, "end": 1634409000000, "createDate": 1632311527908, "inAccepted": true, "acceptDate": 1636480572117, "image": {"author": "Анна Темнышова", "name": "9a406327ce4058b0c0c95c7ab81ba497.jpeg", "realName": "DSC01205.jpg", "source": "https://disk.yandex.ru/d/0mkdBddStZwe7w"}, "photo": "https://pro.culture.ru/uploads/9a406327ce4058b0c0c95c7ab81ba497.jpeg", "gallery": ["https://pro.culture.ru/uploads/992c2efe826de69ca8c2e8265d71306e.jpeg", "https://pro.culture.ru/uploads/8cda441c27d499e3594527c2f87b5e36.jpeg", "https://pro.culture.ru/uploads/9f94a4e5584d0088fcfe85f7bc6185d4.jpeg"], "category": {"name": "Спектакли", "sysName": "spektakli"}, "time": {"start": "2021-10-16 16:00:00", "end": "2021-10-16 18:30:00"}}, {"id": 1334834, "name": "Спектакль «Матри-Архат»", "age": 18, "description": "<p>Спектакль в жанре реалистической фантастики в честь 25-летнего юбилея театра.</p><p>В недалеком будущем женщины и мужчины живут порознь. Это, естественно, становится источником новых больших проблем в обществе. Слабый пол проявляет свою сильную сторону – они счастливы в своей общине и лишь иногда похищают мужчин для продолжения рода. Мужчины же, напротив, тоскуют и желают лишь одного – вернуть своих женщин. Что может исправить сложившуюся ситуацию? Конечно же, любовь.</p><p>«Посмотрите, что происходит вокруг, – говорит режиссер, – во всем мире продолжается борьба между мужчинами и женщинами за положение в обществе. Постоянно возникают какие-то скандалы, связанные с харрассментом и другими оскорблениями. Я решил в пику этому поставить спектакль о любви. Женщины в пьесе сбегают от мужчин на остров Матри в параллельном мире, а мужчины оказываются на острове Архат. В итоге выясняется, что они друг без друга не могут. В постановке я также затронул тему взаимоотношений России и Украины. Мне хотелось донести мысль о том, что от сложившейся ситуации всем только хуже. Жизнь все равно короче, чем мы думаем». </p>", "shortDescription": "Постановка посвящена отношениям между мужчинами и женщинами в современном мире.", "min_price": 300, "max_price": 2200, "link": "http://www.lunatheatre.ru/shows/37#modal", "status": "accepted", "updateDate": 1640642104260, "start": 1633190400000, "end": 1633201200000, "createDate": 1631803214996, "inAccepted": true, "acceptDate": 1632301765640, "image": {"author": "Наталия Киселёва", "name": "838bee00972308a450c0a015339bf319.jpeg", "realName": "M-3000 (1).jpg", "source": "http://www.lunatheatre.ru/shows/37"}, "photo": "https://pro.culture.ru/uploads/838bee00972308a450c0a015339bf319.jpeg", "gallery": [], "category": {"name": "Спектакли", "sysName": "spektakli"}, "time": {"start": "2021-10-02 16:00:00", "end": "2021-10-02 19:00:00"}}, {"id": 1334779, "name": "Спектакль «Маки»", "age": 18, "description": "<p> Авторский спектакль Сергея Проханова о шахматном поединке века: матче за звание чемпиона мира между величайшими шахматистами – кубинцем Хосе Раулем Капабланкой и Александром Алехиным. </p><p> </p><p>Постановка в жанре исторической драмы представляет собой синтез различных театральных приемов. Сергей Проханов разыгрывает шахматные партии, в которых герои то движутся в ритме обжигающей сальсы и искрящегося, словно шампанское, французского шансона, то бьются о «голые скалы» музыки Шуберта и погружаются в мистические музыкальные миры Бориса Гребенщикова и Сергея Курехина. В оригинальной и по-своему уникальной театральной истории этапы знаменитой «дуэли» филигранно переплетаются с биографическими фактами и любовной лирикой.</p><p>Элегантный и обаятельный жизнелюб Капабланка шел по жизни легко и светло, словно танцуя. Русскому дворянину Александру Алехину пришлось пройти через многие испытания, но он всегда верил в победу.</p><p>Они были противоположностями – как Моцарт и Сальери. Но одно объединяло их. Век этих двух великих шахматистов оказался ярким, но быстротечным, подобно жизни нежных алых цветков мака.</p> <p></p>", "shortDescription": "Постановка повествует об известном шахматном матче.", "min_price": 400, "max_price": 2500, "link": "http://www.lunatheatre.ru/shows/74", "status": "accepted", "updateDate": 1640641947665, "start": 1633881600000, "end": 1635361200000, "createDate": 1631801717373, "inAccepted": true, "acceptDate": 1632301775371, "image": {"author": "Наталия Киселёва", "name": "16603e5723aad939db4b6e5dc500b77d.jpeg", "realName": "Маки Алехин Капабланка.jpg", "source": "http://www.lunatheatre.ru/shows/74"}, "photo": "https://pro.culture.ru/uploads/16603e5723aad939db4b6e5dc500b77d.jpeg", "gallery": ["https://pro.culture.ru/uploads/190f03e5157edcb316e5c2d2947b7c74.jpeg", "https://pro.culture.ru/uploads/0bac4e8007c595173d19802f83838590.jpeg", "https://pro.culture.ru/uploads/4c3aeec1c303337aa316228ac9d9d587.jpeg", "https://pro.culture.ru/uploads/d64915c421738ae385620ca46d06b906.jpeg"], "category": {"name": "Спектакли", "sysName": "spektakli"}, "time": {"start": "2021-10-10 16:00:00", "end": "2021-10-27 19:00:00"}}, {"id": 1334533, "name": "Спектакль «Наш 9-й «Б»", "age": 12, "description": "<p>Литературно-музыкальная композиция о Великой Отечественной войне в исполнении юных воспитанников детского театрального центра-студии «Маленькая луна».<br /></p><p>Постановка рассказывает о героизме мальчишек и девчонок 40-х годов прошлого столетия, судьбы которых оборвала война. Они дружили, влюблялись, строили планы, но с тревожным голосом Левитана прервалась их счастливая юность. И они ушли на фронт, чтобы ценой своей жизни подарить потомкам светлое и прекрасное будущее, такое, о котором мечтали сами, но так и не обрели.</p><p>Автор и режиссер-постановщик – Елена Лазурина. Сценография – Константин Розанов. Художник по костюмам – Анастасия Проханова. Художник по свету – Руслан Зинатуллин. Балетмейстер – Екатерина Партугимова. Музыкальное оформление – Игорь Заворотний. Педагог по вокалу – Анастасия Савицкая.</p><p>Продолжительность – 1 час 10 минут (без антракта).</p><p>Зал «Маленькая луна».</p><p></p><p></p><p> </p>", "shortDescription": "Постановка посвящена войне 1941–1945 гг.", "min_price": 500, "max_price": 500, "link": "http://www.lunatheatre.ru/shows/41", "status": "accepted", "updateDate": 1632301836566, "start": 1632567600000, "end": 1632573000000, "createDate": 1631796711624, "inAccepted": true, "acceptDate": 1632301836573, "image": {"author": "Наталья Киселёва", "name": "cabc5bdab6291a2d04b24bdb78e70567.jpeg", "realName": "Наш_9Б_ПК_01.jpg", "source": "http://www.lunatheatre.ru/shows/41 "}, "photo": "https://pro.culture.ru/uploads/cabc5bdab6291a2d04b24bdb78e70567.jpeg", "gallery": [], "category": {"name": "Спектакли", "sysName": "spektakli"}, "time": {"start": "2021-09-25 11:00:00", "end": "2021-09-25 12:30:00"}}, {"id": 1271312, "name": "Спектакль «Антракт»", "age": 16, "description": "<p> Трагикомедия, открывающая зрителям мир закулисной жизни театра.</p><p> В провинциальный город после долгих лет возвращается известный московский режиссер Павел Богомолов, чтобы вновь встретиться с теми, с кем он начинал свой путь в театре. Здесь остались его друзья, любимые женщины, и ему как воздух необходим «антракт», чтобы переосмыслить свою жизнь, подумать о будущем и разобраться в себе. Знакомая ситуация? Каждому необходимо иногда остановиться, вдохнуть свежего воздуха, новых ощущений для того, чтобы идти дальше. <br /></p>", "shortDescription": "Герой возвращается на родину, чтобы разобраться в себе и своей жизни.", "min_price": 500, "max_price": 500, "link": "https://www.ticketland.ru/teatry/teatr-luny/antrakt/20210929_1900-3592959/", "status": "accepted", "updateDate": 1640641948400, "start": 1632931200000, "end": 1632936600000, "createDate": 1628844558216, "inAccepted": true, "acceptDate": 1629277908654, "image": {"author": "ГБУК г. Москвы \"Московский театр \"Театр Луны\"", "name": "72267d0ff23995c8b117a214734a384e.jpeg", "realName": "Антракт.jpg", "source": "http://www.lunatheatre.ru/shows/18"}, "photo": "https://pro.culture.ru/uploads/72267d0ff23995c8b117a214734a384e.jpeg", "gallery": [], "category": {"name": "Спектакли", "sysName": "spektakli"}, "time": {"start": "2021-09-29 16:00:00", "end": "2021-09-29 17:30:00"}}, {"id": 1271267, "name": "Спектакль «Старый новый Фауст»", "age": 16, "description": "<p>Бороться за жизнь и отдать ее за…. За девушку, которую погубил.</p><p>Гениальная импровизация на тему «Фауст» цепляет сильно. Легенд о докторе Фаусте множество. Все они различны и обветшали с веками. Поэтому во втором тысячелетии родилась новая история. Пора уже. </p><p>Каков Фауст сегодняшнего времени? Все тот же? К чему приводят разочарования и насколько они оправданы? Чем может удивить современный Фауст вечного Мефистофеля? Кто победит в самом важном пари – дьявол или человек?</p><p>Мистический колорит, ощущение присутствия загадочной, магнетической, искушающей силы… Спектакль – яркое, красочное шоу, которое дает ответ на вопрос о сущности человеческой жизни. Жизнь – это любовь, и только после любви может прийти смерть, потому что без любви смерть абсурдна…</p><p>В спектакле – одно действие, но оно заставляет забыть обо всем. И Мефистофель удивляет: «Всякий спор бесплоден, как, впрочем, и каждый плод бесспорен».</p>", "shortDescription": "Театральные импровизации на тему произведений К. Марло, И. Гете и Т. Манна.", "min_price": 400, "max_price": 500, "link": "https://www.ticketland.ru/search/performance/?text=%D0%A1%D1%82%D0%B0%D1%80%D1%8B%D0%B9%20%D0%BD%D0%BE%D0%B2%D1%8B%D0%B9%20%D0%A4%D0%B0%D1%83%D1%81%D1%82", "status": "accepted", "updateDate": 1640642073726, "start": 1631721600000, "end": 1631728800000, "createDate": 1628844119624, "inAccepted": true, "acceptDate": 1629277920939, "image": {"author": "ГБУК г. Москвы \"Московский театр \"Театр Луны\"", "name": "84825819fc85d25930e14121fd6b4ff7.jpeg", "realName": "Старый новый Фауст.jpg", "source": "http://www.lunatheatre.ru/shows/9"}, "photo": "https://pro.culture.ru/uploads/84825819fc85d25930e14121fd6b4ff7.jpeg", "gallery": [], "category": {"name": "Спектакли", "sysName": "spektakli"}, "time": {"start": "2021-09-15 16:00:00", "end": "2021-09-15 18:00:00"}}, {"id": 1270965, "name": "Спектакль «Королева»", "age": 16, "description": "<p>Действие спектакля происходит в начале XIV века во Франции на фоне заката династии Капетингов. Париж и вся страна оказались под властью Маргариты Бургундской, движимой низменными страстями и пороками. Тайны, преступления, любовь и страсть соединили жизни людей из разных сословий – их судьбы переплелись в один кровавый клубок. Режиссер Дарья Попова на примере главной героини, королевы Маргариты Бургундской, исследует природу женщины, получившей безграничную власть.</p><p>По ходу действия трансформирующаяся декорация переносит зрителей то в королевские покои Лувра, то в мрачные залы Нельской башни, то в зловонные таверны и на шумные улицы Парижа. Пластические и танцевальные номера, автором которых является сама режиссер, представляют собой стилизацию средневековых танцев. </p><p>Для постановки сценических боев были приглашены профессиональный каскадер Юрий Сысоев, а также известный дуэт Олега и Виктора Мазуренко – блестящих постановщиков фехтования на мечах и шпагах. Костюмы и украшения были разработаны сценографом и художником по костюмам Светланой Литвиновой с учетом их исторической достоверности. В спектакле звучит аутентичная музыка западноевропейского Средневековья в сочетании с современными авторскими композициями и аранжировками.</p><p> </p>", "shortDescription": "Средневековый боевик по мотивам пьесы Александра Дюма (отца) «Нельская башня».", "min_price": 500, "max_price": 5000, "link": "https://www.ticketland.ru/teatry/teatr-luny/koroleva/20210916_1900-3673314/", "status": "accepted", "updateDate": 1640642053712, "start": 1631808000000, "end": 1631818800000, "createDate": 1628840126368, "inAccepted": true, "acceptDate": 1629289797196, "image": {"author": "ГБУК г. Москвы \"Московский театр \"Театр Луны\"", "name": "61c255a3f6f6c40583c9afe466158ecd.jpeg", "realName": "e3zj5dekcn4.jpg", "source": "http://www.lunatheatre.ru/shows/54"}, "photo": "https://pro.culture.ru/uploads/61c255a3f6f6c40583c9afe466158ecd.jpeg", "gallery": [], "category": {"name": "Спектакли", "sysName": "spektakli"}, "time": {"start": "2021-09-16 16:00:00", "end": "2021-09-16 19:00:00"}}, {"id": 1270956, "name": "Спектакль «Дориан Грей»", "age": 16, "description": "<p> Зрители увидят оригинальную версию романа «Портрет Дориана Грея» и письма-исповеди De profundis («Тюремная исповедь») Оскара Уайльда. Это драма о разрушении личности, неспособной любить. История падения и страдания человеческой души. Остаться молодым, но потерять человечность или взрослеть природно и оставаться человеком? Каждый постоянно делает выбор. Именно от того, как человек поступает в различных ситуациях, зависит его судьба. </p><p> В завершение спектакля всех зрителей ждет сюрприз – что увидят они в огромном зеркале на сцене? <br /></p>", "shortDescription": "Драма, наполненная символами и пророчествами.", "min_price": 200, "max_price": 1800, "link": "https://www.ticketland.ru/teatry/teatr-luny/dorian-grey/20210912_1900-2716774/", "status": "accepted", "updateDate": 1640642089568, "start": 1631462400000, "end": 1631473200000, "createDate": 1628839984942, "inAccepted": true, "acceptDate": 1629277939774, "image": {"author": "ГБУК г. Москвы \"Московский театр \"театр Луны\"", "name": "73670da1eb59a0af296760b33a45cb9e.jpeg", "realName": "Дориан Грей.jpg", "source": "http://www.lunatheatre.ru/shows/17"}, "photo": "https://pro.culture.ru/uploads/73670da1eb59a0af296760b33a45cb9e.jpeg", "gallery": [], "category": {"name": "Спектакли", "sysName": "spektakli"}, "time": {"start": "2021-09-12 16:00:00", "end": "2021-09-12 19:00:00"}}, {"id": 1270950, "name": "Спектакль «Рубиновый вторник»", "age": 16, "description": "<p> «До свидания, рубиновый вторник! Не спрашивай, зачем нужна свобода. Живи и знай, что у выигрыша есть своя цена – это потеря», – слова из композиции The Rolling Stones.<br /></p><p> В строго упорядоченный, замкнутый мир психиатрической больницы врывается бунтарь Макмерфи, и его появление меняет судьбы людей, с которыми он сталкивается. Но сколь бы ни было велико стремление разорвать оковы – свобода оказывается только лишь неосуществимой мечтой, заставляющей вечно стремиться к недосягаемому, как в полете… над гнездом кукушки. </p>", "shortDescription": "Притча в стиле ритм & блюз по роману Кена Кизи «Полет над гнездом кукушки».", "min_price": 200, "max_price": 1200, "link": "https://www.ticketland.ru/teatry/teatr-luny/rybinovii-vtornik/20210918_1900-3673135/", "status": "accepted", "updateDate": 1640641955096, "start": 1631980800000, "end": 1631995200000, "createDate": 1628839894763, "inAccepted": true, "acceptDate": 1629277942292, "image": {"author": "ГБУК г. Москвы \"Московский театр \"Театр Луны\"", "name": "7ab7eab27be4e532cf1fafea76728c35.jpeg", "realName": "Рубиновый вторник.jpg", "source": "http://www.lunatheatre.ru/shows/16"}, "photo": "https://pro.culture.ru/uploads/7ab7eab27be4e532cf1fafea76728c35.jpeg", "gallery": [], "category": {"name": "Спектакли", "sysName": "spektakli"}, "time": {"start": "2021-09-18 16:00:00", "end": "2021-09-18 20:00:00"}}, {"id": 1270941, "name": "Спектакль «Таис сияющая»", "age": 16, "description": "<p> </p><p> Видения Александра Македонского между двумя битвами.<br /></p><p>Легендарный спектакль «Театра Луны» рассказывает об Александре Великом, который создал самую большую империю, и она была верна ему. Его боготворили женщины, две великие царицы были его женами. Его учителем был сам Аристотель. Мистическая власть над миром сделала его по-настоящему великим. Но была женщина, перед которой он склонял голову – богиня добра и любви, гетера из Белого города – Таис. Она спускается с небесного Белого города на землю, чтобы предотвратить кровавую войну между Александром Великим и его злейшим врагом – царем Дарием. </p>", "shortDescription": "Зачем Таис Сияющая вводит Александра в сомнения? Почему она против войны? Какие у нее цели?", "min_price": 200, "max_price": 1000, "link": "https://www.ticketland.ru/teatry/teatr-luny/tais-siyaushhaya/", "status": "accepted", "updateDate": 1640641954089, "start": 1633017600000, "end": 1633028400000, "createDate": 1628839819876, "inAccepted": true, "acceptDate": 1629289800069, "image": {"author": "ГБУК г. Москвы \"Московский театр \"Театр Луны\"", "name": "0e3d6d34b571b4b6f0869fe09a92ee3b.jpeg", "realName": "sy6k7qvun4w.jpg", "source": "http://www.lunatheatre.ru/shows/13"}, "photo": "https://pro.culture.ru/uploads/0e3d6d34b571b4b6f0869fe09a92ee3b.jpeg", "gallery": [], "category": {"name": "Спектакли", "sysName": "spektakli"}, "time": {"start": "2021-09-30 16:00:00", "end": "2021-09-30 19:00:00"}}, {"id": 1270111, "name": "Спектакль «Лиромания»", "age": 16, "description": "<p> Новая версия полностью отличается от традиционной трактовки этого сюжета. Эмоциональная насыщенность сценического полотна вновь и вновь возвращает к вечным темам любви и измены, зависти и предательства, которые удивительным образом переплелись в фантастическом мире наваждений и грез. И в который раз возникает неразрешенный веками вопрос: ну почему враждой на любовь, предательством на верность отвечают собственные дети? Всю глубину истории зритель сможет увидеть и почувствовать в театре.</p><p>История повествует о короле и трех его дочерях, которые жадно делят оставшееся им по наследству королевство. Это размышления на темы любви, измен, зависти, предательства. Здесь живут настоящие эмоции, кипят неугомонные шекспировские страсти.</p><p></p><p> Спектакль – потрясающий диалог мыслей классика, автора современного прочтения, актеров и зрителей. <br /></p>", "shortDescription": "Панорама жизни средневекового короля по мотивам старинных легенд и трагедии Шекспира «Король Лир».", "min_price": 200, "max_price": 1000, "link": "https://www.ticketland.ru/teatry/teatr-luny/liromaniya/", "status": "accepted", "updateDate": 1640641958373, "start": 1632499200000, "end": 1632510000000, "createDate": 1628780746153, "inAccepted": true, "acceptDate": 1629986160084, "image": {"author": "ГБУК г. Москвы \"Московский театр \"Театр Луны\"", "name": "395a6d0dd8436e56a4ca142b8b0a8982.jpeg", "realName": "oorgswj8rsa.jpg", "source": "http://www.lunatheatre.ru/shows/7"}, "photo": "https://pro.culture.ru/uploads/395a6d0dd8436e56a4ca142b8b0a8982.jpeg", "gallery": [], "category": {"name": "Спектакли", "sysName": "spektakli"}, "time": {"start": "2021-09-24 16:00:00", "end": "2021-09-24 19:00:00"}}]}