{"12510": [{"id": 1536283, "name": "Спектакль «Mouse story. Мышиная история»", "age": 6, "description": "<p>В одной уютной сыроварне живет семья серых мышей: мама, папа и их сын. Все у них было прекрасно: теплый дом, воспитанный сын и много-много сыра. И голубая мечта – победить в конкурсе и получить главный приз – «Хрустальный сыр». </p><p>С приходом новых жильцов безмятежная жизнь в сыроварне заканчивается, приготовления к конкурсу забываются и начинается самая настоящая мышиная возня. Между родителями вспыхивает непримиримая вражда, а между детьми – дружба! Они решили никогда не расставаться, чего бы им это ни стоило.</p><p>Но к сожалению, неприязнь родителей мешает дружбе детей, за помощью они обращаются к коту. И Великий Кот превращает их в серых, потом в белых мышей, потом решает помирить их родителей… Ведь Кот не только домашний и простой, он Великий Кот. Таким образом, дружба победила, и мыши решают вместе выступить в конкурсе.</p>", "shortDescription": "Эта прекрасная и трогательная история о дружбе и любви, побеждающих любые преграды!", "min_price": 300, "max_price": 300, "link": "https://bashdram.ru/repertoire?s_m=2022-01", "status": "accepted", "updateDate": 1640090103227, "start": 1646031600000, "end": 1646035200000, "createDate": 1639567549573, "inAccepted": true, "acceptDate": 1640090103272, "image": {"author": "Роман Шумнов", "name": "779ff702194193202b6ee3b984d8aabb.jpeg", "realName": "zZ1q3tL1X4U.jpg", "source": "архив театра"}, "photo": "https://pro.culture.ru/uploads/779ff702194193202b6ee3b984d8aabb.jpeg", "gallery": ["https://pro.culture.ru/uploads/00a2fdddcaa2270ac954bdbbfcb5f487.jpeg"], "category": {"name": "Спектакли", "sysName": "spektakli"}, "time": {"start": "2022-02-28 07:00:00", "end": "2022-02-28 08:00:00"}}, {"id": 1517952, "name": "Спектакль «Мираликундия. Таинственный гиппопотам»", "age": 6, "description": "<p>В одно солнечное утро красивый и ловкий Львенок понял, что у него нет настоящего друга. Ну разве неуклюжий и толстенький Бегемотик может быть настоящим другом? Конечно же, нет! Самым настоящим другом может стать только таинственный гиппопотам! И вот Львенок вместе с Бегемотиком отправляется по своей солнечной и цветущей стране Мираликундии на поиски самого верного, самого настоящего друга. Много разных приключений пришлось ему испытать. И всегда на помощь ему приходил Бегемотик… А когда зверята вернулись домой, мудрый Жираф объяснил им, что бегемот и гиппопотам – это одно и то же. И вовсе не обязательно далеко ходить в поисках настоящей дружбы. Посмотрите вокруг – верный друг где-то рядом.</p>", "shortDescription": "В прекрасной стране Мираликундии живет много удивительных зверей.", "min_price": 300, "max_price": 300, "link": "https://bashdram.ru/repertoire?s_m=2021-12", "status": "accepted", "updateDate": 1639643873122, "start": 1640070000000, "end": 1640073600000, "createDate": 1638965708417, "inAccepted": true, "acceptDate": 1639643873231, "image": {"author": "Руслан Юлтаев", "name": "3f89f7023f774138631e7b4e6fbbbab1.jpeg", "realName": "FIFgl7UBpac.jpg", "source": "архив театра"}, "photo": "https://pro.culture.ru/uploads/3f89f7023f774138631e7b4e6fbbbab1.jpeg", "gallery": ["https://pro.culture.ru/uploads/863a4c981124744f48649cbfe3773ebb.jpeg", "https://pro.culture.ru/uploads/48307027a3512e2c521916109f64a9c0.jpeg"], "category": {"name": "Спектакли", "sysName": "spektakli"}, "time": {"start": "2021-12-21 07:00:00", "end": "2021-12-21 08:00:00"}}, {"id": 1488278, "name": "Театрализованное представление", "age": 6, "description": "<p> Вашему вниманию представляется увлекательный театрализованный концерт с участием всего коллектива. Атмосферу праздника зрители почувствуют уже с порога. Молодежь бросает вызов старшему поколению – кто должен играть в главных ролях, у кого поклонников больше, кому громче всего аплодируют зрители? </p><p>Все это выяснится в творческой дуэли старшего поколения и молодежи театра, которые готовы подарить зрителям незабываемые впечатления и хорошее настроение. Также вы можете увидеть отрывки из известных спектаклей.</p>", "shortDescription": "Творческое состязание.", "min_price": 200, "max_price": 500, "link": "https://bashdram.ru/repertoire?s_m=2021-12", "status": "accepted", "updateDate": 1638972032050, "start": 1639832400000, "end": 1639839600000, "createDate": 1638163200563, "inAccepted": true, "acceptDate": 1638972032066, "image": {"author": "Роман Шумнов", "name": "974ce6d0f759044358ecfae27f867a14.jpeg", "realName": "пп.jpeg", "source": "Архив театра"}, "photo": "https://pro.culture.ru/uploads/974ce6d0f759044358ecfae27f867a14.jpeg", "gallery": ["https://pro.culture.ru/uploads/3b2941de2809b06f233927fd3d279204.jpeg"], "category": {"name": "Концерты", "sysName": "koncerty"}, "time": {"start": "2021-12-18 13:00:00", "end": "2021-12-18 15:00:00"}}, {"id": 1488255, "name": "Спектакль «Вечер»", "age": 12, "description": "<p><span>В опустевшей деревне<span> </span>живут трое одиноких стариков. Из<span> </span>последних сил тянут домашнее хозяйство. У каждого из них когда-то была семья, но как это часто сейчас бывает, остались они под старость лет одни во всей своей опустевшей деревне, забытые своими детьми. Вот так и живут они, занимаются хозяйством, тратят на свои нехитрые нужды маленькую пенсию, слушают радио и ждут хоть какой-нибудь весточки от своих, ссорятся, мирятся, смеются и плачут, совершают порой нелепые поступки. Судьба каждого из них сложилась по-разному, нелегко и неоднозначно. Но каждый по-своему задается вечными вопросами: для чего жили, зачем, что состоялось в этой жизни, и что могло быть… </span></p>", "shortDescription": "Вечер наступает для каждого. Но только человек, как существо разумное, может оценить и понять его.", "min_price": 500, "max_price": 500, "link": "http://bash.bashdram.ru/repertoire?s_m=2021-12", "status": "accepted", "updateDate": 1640095205431, "start": 1641996000000, "end": 1642003200000, "createDate": 1638161829235, "inAccepted": true, "acceptDate": 1640095205651, "image": {"author": "Руслан Юлтаев", "name": "c85454d9382334bc088bf5a0581f1b9f.jpeg", "realName": "0cd49dbf-9266-4fed-af2a-c4aa63ef5bdb.jpg", "source": "архив театра"}, "photo": "https://pro.culture.ru/uploads/c85454d9382334bc088bf5a0581f1b9f.jpeg", "gallery": ["https://pro.culture.ru/uploads/2675e1195205dbaa977b5750331d6628.jpeg", "https://pro.culture.ru/uploads/27e2a5576079100fb6892381fbac00b8.jpeg"], "category": {"name": "Спектакли", "sysName": "spektakli"}, "time": {"start": "2022-01-12 14:00:00", "end": "2022-01-12 16:00:00"}}, {"id": 1480027, "name": "Спектакль «Рассказы»", "age": 16, "description": "<p> Пронзительные монологи родителей, чьим детям поставили диагноз РАС (расстройство аутистического спектра). </p><p>Каждый из них проходит свой путь принятия этой ситуации. Они внутренне сжимаются от слов врачей, сообщающих им о диагнозе такого долгожданного малыша, впадают в ступор от одной только мысли о том, что будет с любимым, несмотря ни на что, ребенком, когда они уйдут в иной мир. И они вспыхивают гневом, слыша предложение сдать свою кровинку в специнтернат, потому что им Богом чадо хотят вырастить сами, пройдя с ним весь этот трудный путь.</p>", "shortDescription": "Про родителей детей с расстройством аутистического спектра и об опыте принятия.", "min_price": 500, "max_price": 500, "link": "https://bashdram.ru/repertoire", "status": "accepted", "updateDate": 1639108953781, "start": 1639314000000, "end": 1639324800000, "createDate": 1637751311760, "inAccepted": true, "acceptDate": 1639108953787, "image": {"author": "Руслан Юлтаев", "name": "53fc6b0f9b9ac347b036dae7efcae9e8.jpeg", "realName": "v8lt7AqMjjA.jpg", "source": "архив театра"}, "photo": "https://pro.culture.ru/uploads/53fc6b0f9b9ac347b036dae7efcae9e8.jpeg", "gallery": ["https://pro.culture.ru/uploads/ab3b4ee1370de8578b069e79d7063843.jpeg", "https://pro.culture.ru/uploads/d2948099e6bc75b5208cf6a3fe3da6aa.jpeg", "https://pro.culture.ru/uploads/c67b5ef8b3fc52e4e9f553cfe7bf3e04.jpeg", "https://pro.culture.ru/uploads/8e44914256a617fecf2a11cc1fd00f4e.jpeg"], "category": {"name": "Спектакли", "sysName": "spektakli"}, "time": {"start": "2021-12-12 13:00:00", "end": "2021-12-12 16:00:00"}}, {"id": 1450181, "name": "Спектакль «Я – Марат»", "age": 16, "description": "<p>1980-е годы. По телевизору – Брежнев, в стране застой. Главный герой Марат – обычный советский врач, работает добросовестно, берет ночные дежурства, является примерным мужем и отцом, его жена – учительница. Маршрут у него один и тот же. Все под контролем вроде бы, но… Однажды в его привычный круг врывается любовь!</p><p>Реальность меняется местами с иллюзией. Становится непонятно, где настоящая жизнь: в стабильном мире, где телевизор, новости, работа, квартира, семья, или в коротких тайных встречах с любимой? Что из этого сказка? А еще в эти годы личная жизнь была, как ни парадоксально, общественной.</p>", "shortDescription": "История о далекой недосягаемой звезде, порой являющейся только иллюзией.", "min_price": 0, "max_price": 300, "link": "https://bashdram.ru/repertoire", "needCheck": true, "status": "accepted", "updateDate": 1639479095345, "start": 1638108000000, "end": 1642348800000, "createDate": 1636714600028, "inAccepted": true, "acceptDate": 1639479031036, "image": {"author": "Роман Шумнов", "name": "ccf0a7a9474dd18d41950aa6988c5ef8.jpeg", "realName": "37uFcbF1uUw.jpg", "source": "архив театра"}, "photo": "https://pro.culture.ru/uploads/ccf0a7a9474dd18d41950aa6988c5ef8.jpeg", "gallery": ["https://pro.culture.ru/uploads/363dee2196e913466ddb477f19ef4307.jpeg"], "category": {"name": "Спектакли", "sysName": "spektakli"}, "time": {"start": "2021-11-28 14:00:00", "end": "2022-01-16 16:00:00"}}, {"id": 1388513, "name": "Спектакль «Затмение»", "age": 12, "description": "<p> Век, описанный в пьесе, дремуч и страшен своими установленными законами. Главная героиня, однажды переступившая закон предков в угоду обществу, губит собственных детей. </p><p>Глубоко символична речь героя: «Я видел, как в гнезде на вершине скалы орлица выклевала глаза своим птенцам и взмахами крыльев сбила их с гнезда. Птенцы полетели со скалы в пропасть, ударяясь о каменные выступы… Отчего орлица погубила собственных птенцов?!» </p><p>В пьесе нет второстепенных образов, все ключевого формата. Образ Дервиша потрясает крайностью своих духовных установок: почти всю жизнь был верующим и вдруг, увидев красавицу Шафак, обозлился на себя, на свою прожитую жизнь и… превратился в дьявола. </p><p>Спектакль оставляет в глубоком философском потрясении.</p>", "shortDescription": "Зрителей ждет философская постановка.", "min_price": 100, "max_price": 400, "link": "https://bashdram.ru/repertoire?s_m=2021-11", "status": "accepted", "updateDate": 1635339013647, "start": 1637244000000, "end": 1637251200000, "createDate": 1634125333218, "inAccepted": true, "acceptDate": 1635339013650, "image": {"author": "Роман Шумнов", "name": "30bb67c71df7a0291af84e0997756332.jpeg", "realName": "NHTtwVD3R30.jpg", "source": "архив театра"}, "photo": "https://pro.culture.ru/uploads/30bb67c71df7a0291af84e0997756332.jpeg", "gallery": [], "category": {"name": "Спектакли", "sysName": "spektakli"}, "time": {"start": "2021-11-18 14:00:00", "end": "2021-11-18 16:00:00"}}, {"id": 1388419, "name": "Спектакль «Урал-батыр»", "age": 12, "description": "<p>«Урал Батыр»&nbsp;–&nbsp;самое крупное эпическое произведение, существующее в стихотворной форме в фольклорном и литературном наследии башкир,&nbsp;занимает достойное место среди великих памятников эпического наследия народов мира. </p><p>В спектакле основное место занимает тема бессмертия, которая органически переплетена с другими важнейшими темами — жизни и смерти, добра и зла, власти и народа. </p><p>Всемирный потоп… Мальчики росли, стало им известно, что смерть сильнее человека. Урал с братом решают отправиться на поиски живого родника, вода которого делает человека бессмертным. Но, пройдя через тернии и найдя живой родник,&nbsp;Урал-батыр решает, что должны быть бессмертными природа, народ и мелодия (олицетворением и символом их единства в спектакле является волшебный посох).</p>", "shortDescription": "Зрители увидят башкирский народный эпос — монументальный памятник духовной культуры.", "min_price": 100, "max_price": 500, "link": "https://bashdram.ru/repertoire?s_m=2021-11", "status": "accepted", "updateDate": 1635339021970, "start": 1637848800000, "end": 1637859600000, "createDate": 1634124031891, "inAccepted": true, "acceptDate": 1635339021978, "image": {"author": "Роман Шумнов", "name": "a0d5de839c4ed0d14dbd1a5f34d1818d.jpeg", "realName": "sP2FVgV-UkY.jpg", "source": "архив театра"}, "photo": "https://pro.culture.ru/uploads/a0d5de839c4ed0d14dbd1a5f34d1818d.jpeg", "gallery": ["https://pro.culture.ru/uploads/8862e662efae47fe7dbbac741eabcdf2.jpeg", "https://pro.culture.ru/uploads/afbf09ccfb5ebbb56f19b415862d64fa.jpeg"], "category": {"name": "Спектакли", "sysName": "spektakli"}, "time": {"start": "2021-11-25 14:00:00", "end": "2021-11-25 17:00:00"}}, {"id": 1388335, "name": "Спектакль «Беги, Харис, беги...»", "age": 16, "description": "<p>Кто не знает фильма «Беги, Лола, беги», где маленький курьер большого бизнеса теряет сумку с деньгами своего босса, и спасти его может только Лола… При чем здесь театр, спросите вы. А фишка состоит в том, что комедия Башкирского академического театра имени М. Гафури «Беги, Харис, беги» – не просто аналогия в названии, но такой же стремительный, почти детективно разворачивающийся сюжет. </p><p>Судите сами: муж прелестницы Фаины – специалист с экзотической профессией таксодермиста Фидан – частенько уезжает из дома в командировки. В его отсутствие к Фаине под предлогом «здоровой пробежки» заглядывает Харис – спортсмен-любовник. И однажды, когда уехавший было в командировку муж неожиданно возвращается домой и застает парочку в своем жилище, происходит эта полная неожиданностей и комических перевертышей сцена. А точнее – много сцен, накапливающихся по мере того, как муж то и дело приезжает домой, чтобы переждать нелетную погоду...</p>", "shortDescription": "История, позаимствовавшая сюжет из анекдота про мужа.", "min_price": 100, "max_price": 400, "link": "https://bashdram.ru/repertoire?s_m=2021-11", "status": "accepted", "updateDate": 1634899770411, "start": 1635339600000, "end": 1635350400000, "createDate": 1634122626506, "inAccepted": true, "acceptDate": 1634899782004, "image": {"author": "Роман Шумнов", "name": "fcd338507f78e7a6da01bd2c31568857.jpeg", "realName": "LGXzYLv3FXc.jpg", "source": "архив театра"}, "photo": "https://pro.culture.ru/uploads/fcd338507f78e7a6da01bd2c31568857.jpeg", "gallery": ["https://pro.culture.ru/uploads/053f3f17ed569b1a011ec59aa24ea627.jpeg", "https://pro.culture.ru/uploads/200296af8e5e94d03e7c7b11094570eb.jpeg"], "category": {"name": "Спектакли", "sysName": "spektakli"}, "time": {"start": "2021-10-27 13:00:00", "end": "2021-10-27 16:00:00"}}, {"id": 1388127, "name": "Спектакль «Жанна. Дальше будет новый день»", "age": 16, "description": "<p> Пьеса о поколении сегодняшних пятидесятилетних, о сложном историческом пути тех, кто в 1980-е только вставал на ноги, а в 90-е все потерял и был вынужден начать жизнь с нуля. В центре ее – история выживания бизнесвумен, которая на алтарь самореализации положила все, включая свой чувственный мир.</p><p> </p><p>История о женщине с непростым детством, которая впоследствии стала сильной и властной. Сделав карьеру и сколотив состояние, 50-летняя Жанна влюбляется в своего подчиненного. Ради него она готова на все.</p><p>Но однажды парень уходит к другой – беззащитной юной студентке. Разорвав отношения, он перечеркивает свою карьеру. Оставшись под ударом серьезных материальных испытаний, молодая семья с младенцем на руках однажды стучится к Жанне в дверь…</p> <p></p>", "shortDescription": "История о женщине с непростым детством, которая впоследствии стала сильной и властной.", "min_price": 150, "max_price": 500, "link": "https://bashdram.ru/repertoire?s_m=2021-11", "needCheck": true, "status": "accepted", "updateDate": 1639372216220, "start": 1636120800000, "end": 1640278800000, "createDate": 1634120218802, "inAccepted": true, "acceptDate": 1634289418786, "image": {"author": "Руслан Юлтаев", "name": "847dac3f0228420b1a06992042c1ce60.jpeg", "realName": "B0rnTdM9JBA.jpg", "source": "архив башдрам"}, "photo": "https://pro.culture.ru/uploads/847dac3f0228420b1a06992042c1ce60.jpeg", "gallery": ["https://pro.culture.ru/uploads/28dab2356497a91116c50c8c72b35a1b.jpeg"], "category": {"name": "Спектакли", "sysName": "spektakli"}, "time": {"start": "2021-11-05 14:00:00", "end": "2021-12-23 17:00:00"}}, {"id": 1296752, "name": "Спектакль «Собака на сене»", "age": 12, "description": "<p> Любовь и страсть прекрасной графини Дианы де Бельфлор к своему секретарю-простолюдину Теодоро зарождается в ее сердце из ревности. Теодоро ухаживает за служанкой Марселой, а та не скрывает своего счастья от госпожи. И вот сквозь внешний холод всего сословного величия Дианы прорывается росток обжигающего сердце чувства, разрушающее уверенность, покой и пошатнувшее устои социального неравенства в обществе. Способна ли Диана побороть в себе это опасное чувство, готов ли Теодоро отступиться от прекрасной графини? Ведь они обязаны соблюдать все правила приличия. Или хотя бы делать вид. Но вот уж для кого нет никаких преград общественного мнения, так это для Тристана – верного слуги Теодоро. Ему и предстоит помочь влюбленным соединить свои сердца. </p>", "shortDescription": "Зарождение любви через ревность...", "min_price": 200, "max_price": 800, "link": "https://bashdram.ru/repertoire", "status": "accepted", "updateDate": 1630157112056, "start": 1631451600000, "end": 1631462400000, "createDate": 1630062901217, "inAccepted": true, "acceptDate": 1630322775450, "image": {"author": "Рифкат Исрафилов", "name": "08c61b12c1f853e6261954dd740aada9.jpeg", "realName": "sobaka-na-sene (1).jpg", "source": "архив театра"}, "photo": "https://pro.culture.ru/uploads/08c61b12c1f853e6261954dd740aada9.jpeg", "gallery": [], "category": {"name": "Спектакли", "sysName": "spektakli"}, "time": {"start": "2021-09-12 13:00:00", "end": "2021-09-12 16:00:00"}}, {"id": 1294711, "name": "Спектакль «Я сотворил тебя...»", "age": 12, "description": "<p><span>Вот и встретились два одиночества,</span><br /><span>Две печали с нелегкой судьбой,</span><br /><span>Словно где-то свершилось пророчество,</span><br /><span>Тайный знак между мной и тобой…</span><br /><span>Виталий Овчинников</span><br /></p><p>Эта пронзительная история попадает в самое сердце с первых минут. И это не просто рассказ об отнощениях мужчины и женщины, это история о равнодушии и тотальном одиночестве каждого из нас. Еще она (а, может, в первую очередь) и о том, что душевные раны, боль и внутренние переживания человека, оказывается, лечатся единственным способом – любовью, теплотой и вниманием.</p>", "shortDescription": "Каждый ищет любви. И у каждого своя история.", "min_price": 200, "max_price": 300, "link": "https://bashdram.ru/repertoire", "needCheck": true, "status": "accepted", "updateDate": 1639372376970, "start": 1635685200000, "end": 1640185200000, "createDate": 1629980218172, "inAccepted": true, "acceptDate": 1630323311399, "image": {"author": "Роман Шумнов", "name": "6d57013b05d77b86343cf74999b6af6d.jpeg", "realName": "rwQaDA36rVE.jpg", "source": "https://vk.com/bashdram"}, "photo": "https://pro.culture.ru/uploads/6d57013b05d77b86343cf74999b6af6d.jpeg", "gallery": ["https://pro.culture.ru/uploads/3b22433cf5af680e201fd5c164a4efe9.jpeg", "https://pro.culture.ru/uploads/d9df9e4f5520188108f3b8b5a5103ba1.jpeg", "https://pro.culture.ru/uploads/94175ab9e08ddd71d70a84f57e794398.jpeg"], "category": {"name": "Спектакли", "sysName": "spektakli"}, "time": {"start": "2021-10-31 13:00:00", "end": "2021-12-22 15:00:00"}}, {"id": 1294473, "name": "Спектакль «Муж и жена снимут комнату»", "age": 16, "description": "<p> В основе сюжета спектакля – история из жизни молодоженов, решивших снять комнату. Однако пресловутый жилищный вопрос испытывает влюбленную пару на прочность и может стать причиной серьезного разлада. Смогут ли супруги преодолеть житейские невзгоды и сохранить любовь и трепетность чувств?</p><p> Комедия «Муж и жена снимут комнату» написана известным советским писателем и драматургом Михаилом Рощиным в 1975 году. Спектакль по этой пьесе ставился в МХТ им. Чехова, в Театре Сатиры. На башкирский язык пьесу перевел Айгиз Баймухаметов. </p>", "shortDescription": "Каждый пятый россиянин живет в съёмной квартире! Об одной такой семье вы узнаете из постановке.", "min_price": 150, "max_price": 500, "link": "https://bashdram.ru/repertoire", "needCheck": true, "status": "accepted", "updateDate": 1639479279181, "start": 1635516000000, "end": 1642179600000, "createDate": 1629977551875, "inAccepted": true, "acceptDate": 1630323393608, "image": {"author": "Роман Шумнов", "name": "093cb4ebbf2b54950f6360750f781850.jpeg", "realName": "ufvvd5WkOdI.jpg", "source": "https://vk.com/bashdram"}, "photo": "https://pro.culture.ru/uploads/093cb4ebbf2b54950f6360750f781850.jpeg", "gallery": ["https://pro.culture.ru/uploads/c5ca31ac8eb83db40d686ff1d853b6fc.jpeg", "https://pro.culture.ru/uploads/278957bc620a7e95da4e23d337e54fa0.jpeg", "https://pro.culture.ru/uploads/fc4bc06d1e548a2e2002d100219add9f.jpeg", "https://pro.culture.ru/uploads/94d694028ea29fa81189942a70d6cdfe.jpeg", "https://pro.culture.ru/uploads/0d161309a9d4ef5ef927fb93882bc75d.jpeg"], "category": {"name": "Спектакли", "sysName": "spektakli"}, "time": {"start": "2021-10-29 14:00:00", "end": "2022-01-14 17:00:00"}}, {"id": 1294304, "name": "Спектакль «Гульбустан»", "age": 12, "description": "<p> Драматическая поэма «Тансулпан», написанная в 1941 г. башкирским писателем Кадыром Даяном рассказывает о существовавшем социальном неравенстве в башкирских родах конца 18 века: жених, не имея возможности выплатить родителям невесты «калым» (выкуп), уступает свою невесту сопернику – богатому старику. В современной сценической версии Дамира Юсупова и режиссера Айрата Абушахманова события происходят то ли в будущем, то ли в так называемой альтернативной реальности. Место действия – закрытый промышленный комбинат, где архаичные обычаи и привычки его хозяев становятся уставными правилами для работников. Кусярбай – знатный богач в прошлом, олигарх в настоящем и будущем – с ним все понятно, он представитель вечных «хозяев жизни». Для человечества же, волнующей загадкой всегда является история любви. Победит ли любовь, останутся ли вместе влюбленные Гульбустан и Айсуак в задыхающейся от смога планете с ее несправедливыми законами? </p>", "shortDescription": "Интригующий и острый спектакль по мотивам реальных событий, о которых со сцены почти не говорят...", "min_price": 100, "max_price": 500, "link": "https://bashdram.ru/repertoire", "status": "accepted", "updateDate": 1630071985581, "start": 1635343200000, "end": 1635350400000, "createDate": 1629974877573, "inAccepted": true, "acceptDate": 1630323457920, "image": {"author": "Роман Шумнов", "name": "443b14f0e86a76ddab4d1620a3134d27.jpeg", "realName": "_j9bGldXGP4.jpg", "source": "https://vk.com/bashdram"}, "photo": "https://pro.culture.ru/uploads/443b14f0e86a76ddab4d1620a3134d27.jpeg", "gallery": ["https://pro.culture.ru/uploads/1c45174543323092b9514e35eb9a11b6.jpeg", "https://pro.culture.ru/uploads/2046c79f6c7070b2de5bec281eb2119e.jpeg", "https://pro.culture.ru/uploads/9ca8a4158ce8196e65aed7172b8d10fc.jpeg", "https://pro.culture.ru/uploads/70ffca8a9e22ab1bf6220c576bc371f6.jpeg"], "category": {"name": "Спектакли", "sysName": "spektakli"}, "time": {"start": "2021-10-27 14:00:00", "end": "2021-10-27 16:00:00"}}, {"id": 1294254, "name": "Спектакль «Белое облако Чингисхана»", "age": 12, "description": "<p>В своем походе – завоевании Запада, Чингисхан вел за собой через великие азиатские пространства армию. Над головой Чингисхана всю дорогу, заслоняя его от солнца, плыло облако. Куда он – туда и облако. Появление облака было предсказано неким странствующим прорицателем: «Как только пропадет облако – закончишь счеты с жизнью».</p><p>Чингисхан не допускал никаких послаблений, никто и ничто не должны были быть помехой главной его цели – завоеванию Европы. Именно тогда, продумывая свою стратегию, Чингисхан пришел к беспрецедентному в веках повелению – категорически запретить женщинам, следующим в обозах за войском, рожать детей до победоносного завершения Западного похода.</p><p>Но все-таки вскоре одна из женщин нарушила повеление Владыки и «понесла от дракона, что на знамени Чингисхана…».</p>", "shortDescription": "Спектакль о западном походе великого завоевателя, который не дошел до европейских земель...", "min_price": 100, "max_price": 400, "link": "https://bashdram.ru/repertoire", "status": "accepted", "updateDate": 1630071635661, "start": 1634824800000, "end": 1634832000000, "createDate": 1629974248119, "inAccepted": true, "acceptDate": 1630323474378, "image": {"author": "Роман Шумнов", "name": "822b27d43ecd8e0d1519035724ebc7b8.jpeg", "realName": "ikxhvl5dwfe (1).jpg", "source": "https://bashdram.ru/gallery/beloe-oblako-chingisxana-7.html"}, "photo": "https://pro.culture.ru/uploads/822b27d43ecd8e0d1519035724ebc7b8.jpeg", "gallery": ["https://pro.culture.ru/uploads/ddda014796b4efe8e671d6d6e4d7429f.jpeg", "https://pro.culture.ru/uploads/7e16081fd5517251c5b6c14751bb22ff.jpeg", "https://pro.culture.ru/uploads/b48648e45c9533edea850c0b3f099ebe.jpeg", "https://pro.culture.ru/uploads/d3c0e463ab8f8bb85826c649ebf19476.jpeg"], "category": {"name": "Спектакли", "sysName": "spektakli"}, "time": {"start": "2021-10-21 14:00:00", "end": "2021-10-21 16:00:00"}}, {"id": 1293637, "name": "Спектакль «Джут»", "age": 16, "description": "<p>Пьесы ставшего уже культовым в свои 35 лет молодого российского драматурга казахского происхождения Олжаса Жанайдарова активно ставят в театрах России. Из шести написанных автором пьес драма «Джут» (2013) привлекла внимание в первую очередь казахстанских театров. Это и понятно: «Джут» поднимает тему голода 30-х годов ХХ века в Казахстане. Сам автор признался, что давно хотел написать о джуте, потому что эта тема в современной литературе почти не затрагивается. Интерес к ней перешагнул казахские границы: сегодня известна постановка «Джута» в московском театре ARTиШОК, первым в стране представившем «Джута» на сцене. Работа Башкирского государственного академического театра драмы им. М.Гафури – драма «Джут» продолжает этот перечень.<br /></p><p>«В документальной драме «Джут» параллельно идут два действия. Одно происходит в сегодняшней Москве с участием Ербола – внука жертв казахстанского голода – и его общения со столичной журналисткой Еленой. Другое переносит в 30-е годы, когда в стране свирепствовал голод, и семья Ахмета и Сауле пережила страшную трагедию. «Казахская» часть постановки играется на башкирском языке, «московская» происходит на русском», – рассказывает о работе режиссер-постановщик спектакля Айрат Абушахманов.</p>", "shortDescription": "В драме парно идут два действия. Одно происходит в сегодняшней Москве. Другое переносит в 30-е годы.", "min_price": 250, "max_price": 500, "link": "https://bashdram.ru/repertoire", "needCheck": true, "status": "accepted", "updateDate": 1639372447013, "start": 1634475600000, "end": 1640358000000, "createDate": 1629964275747, "inAccepted": true, "acceptDate": 1630323496578, "image": {"author": "Роман Шумнов", "name": "d50cecd378c41ea0788ede7e222d5e91.jpeg", "realName": "shumnov-10236.jpg", "source": "https://bashdram.ru/gallery/dzhut-4.html"}, "photo": "https://pro.culture.ru/uploads/d50cecd378c41ea0788ede7e222d5e91.jpeg", "gallery": ["https://pro.culture.ru/uploads/97be65cea4a8c27134227bc53a9529b3.jpeg", "https://pro.culture.ru/uploads/09ee56f69286391776f6a6e49cb77ec9.jpeg", "https://pro.culture.ru/uploads/4c86427ec9bcdeabcfd5eafd9f46eaf3.jpeg", "https://pro.culture.ru/uploads/4d67a621082ba62175f3fdfb7a87d31c.jpeg"], "category": {"name": "Спектакли", "sysName": "spektakli"}, "time": {"start": "2021-10-17 13:00:00", "end": "2021-12-24 15:00:00"}}, {"id": 1293585, "name": "Спектакль «И еще раз про любовь...»", "age": 16, "description": "<p>В одном из сел появилась супружеская пара переселенцев. Несколько местных мужчин с недоверием относятся к ним, считая, что новый участковый Апуш хочет установить здесь свои строгие порядки. Однако им всем приглянулась его красавица – Сария. Кстати, у «парнишек-то» тоже есть жены, которым, конечно же, это не нравится. Ревнивые женщины решили в отместку выдворить новоселов.</p><p>И как же выпутаться из этого любовного многоугольника? У героев спектакля есть свой хитроумный план. Точнее, операция. И какая! <br /></p>", "shortDescription": "Музыкальная комедия с легкой и ироничной интонацией.", "min_price": 150, "max_price": 700, "link": "https://vk.com/bashdram", "status": "accepted", "updateDate": 1639493078009, "start": 1633701600000, "end": 1641312000000, "createDate": 1629963546461, "inAccepted": true, "acceptDate": 1639493078264, "image": {"author": "Роман Шумнов", "name": "161fe9980d2afb807c2d52edc100ba02.jpeg", "realName": "фото Р.Шумнова (6).jpg", "source": "https://bashdram.ru/repertoire"}, "photo": "https://pro.culture.ru/uploads/161fe9980d2afb807c2d52edc100ba02.jpeg", "gallery": ["https://pro.culture.ru/uploads/09d9d8ad472f625d5ec115499168f48a.jpeg", "https://pro.culture.ru/uploads/2ddd34e59718db7e387b02bc7b677748.jpeg", "https://pro.culture.ru/uploads/cf5d38973fe4aa052cd327f3993c2593.jpeg", "https://pro.culture.ru/uploads/cf09a8f4f658a48505bcf7bb99b5571f.jpeg", "https://pro.culture.ru/uploads/8c1bea132bc9de957c78db7e36eef5e8.jpeg"], "category": {"name": "Спектакли", "sysName": "spektakli"}, "time": {"start": "2021-10-08 14:00:00", "end": "2022-01-04 16:00:00"}}, {"id": 1293466, "name": "Спектакль «Любовница»", "age": 16, "description": "<p>На сцену Башкирского академического театра драмы им. Мажита Гафури вернулась популярная и любимая зрителями мелодрама о любви «Грешно ли любить?» Туфана Миннуллина, теперь уже под новым названием «Любовница». История о долгой и «грешной» любви мужчины и женщины. Пришло ли время им расстаться, или же все оставить как есть? Мучительно расставаясь и вновь сходясь, они не могут сделать свой нравственный выбор ..</p><p>В спектакле звучат песни в исполнении Хасана Усманова и Арслана Янбекова, которые были написаны в 2009 году специально для этого спектакля.</p>", "shortDescription": "«Грешно ли любить?» задаются вопросом герои, и в течение всего спектакля они ищут на него ответ.", "min_price": 100, "max_price": 500, "link": "https://bashdram.ru/repertoire", "needCheck": true, "status": "accepted", "updateDate": 1639478827068, "start": 1635080400000, "end": 1641657600000, "createDate": 1629961640857, "inAccepted": true, "acceptDate": 1630331367612, "image": {"author": "Роман Шумнов", "name": "bc9495def41235dd607f4edd39691886.jpeg", "realName": "xwaqKzOsP1Q.jpg", "source": "https://vk.com/bashdram"}, "photo": "https://pro.culture.ru/uploads/bc9495def41235dd607f4edd39691886.jpeg", "gallery": ["https://pro.culture.ru/uploads/0399fda42ab93f8513ff5737314b008c.jpeg", "https://pro.culture.ru/uploads/c03e0554da93fe3ff969203a3c4313c3.jpeg", "https://pro.culture.ru/uploads/c657dae4f315fdc3d3e493ac8835a376.jpeg"], "category": {"name": "Спектакли", "sysName": "spektakli"}, "time": {"start": "2021-10-24 13:00:00", "end": "2022-01-08 16:00:00"}}, {"id": 1293311, "name": "Спектакль «Мамуля»", "age": 12, "description": "<p>«Мамуля» – пьеса московского драматурга Сергея Белова, которого в России называют не иначе, как «Господин Аншлаг». Решенная в жанре комедии-фарса, она позволяет узнать в героях нас самих, наши нравы и наши привычки, превратившие доверие в товар.</p><p>Как жениться, не совершив ошибки? Народная мудрость уверяет, что яблочко от яблони недалеко падает. Не потому ли герой пьесы Ямиль настаивает на знакомстве с мамой своей избранницы Нажии? Нажие далеко за тридцать, и выйти замуж за достойного и кристально честного человека, каким является Ямиль, – предел ее мечтаний. Тут-то и возникает перед героиней серьезная дилемма: ее родная мать сидит в тюрьме, и сказать эту суровую правду своему жениху она не готова. Будучи в смятении, она просит исполнить роль будущей тещи случайного знакомого – актера-неудачника. Правда, согласившись на время войти в роль мамули – Галии Харисовны, он не забывает и о своих интересах. Но кто бы мог подумать, что настоящая мама Нажии досрочно освободится и решит, как гром с ясного неба, заявиться к дочурке. Да еще и папу с собой прихватить…</p><p>О том, сколько неожиданностей, комизма и оригинальных ходов в судьбе героев рождает этот поворот, и расскажет комедия «Мамуля».</p>", "shortDescription": "Современная комедия-фарс. Как жениться и не ошибиться?", "min_price": 100, "max_price": 500, "link": "http://bash.bashdram.ru/repertoire", "needCheck": true, "status": "accepted", "updateDate": 1639478749016, "start": 1634994000000, "end": 1641225600000, "createDate": 1629958897757, "inAccepted": true, "acceptDate": 1630331372937, "image": {"author": "Роман Шумнов", "name": "41d6e10db8d1bd092fafa99974690575.jpeg", "realName": "hmn38152.jpg", "source": "https://bashdram.ru/gallery/mamulya-5.html"}, "photo": "https://pro.culture.ru/uploads/41d6e10db8d1bd092fafa99974690575.jpeg", "gallery": ["https://pro.culture.ru/uploads/6597a2d3c18bc2fbaf29cb2d45d00b8c.jpeg", "https://pro.culture.ru/uploads/f907467db12e6949e21b2799e192d267.jpeg"], "category": {"name": "Спектакли", "sysName": "spektakli"}, "time": {"start": "2021-10-23 13:00:00", "end": "2022-01-03 16:00:00"}}, {"id": 1292145, "name": "Спектакль «Муж на час»", "age": 12, "description": "<p> Написанную Айгуль Ахметгалиевой пьесу «Это было вчера» режиссер-постановщик Айрат Абушахманов переименовал в комедию «Муж на час». В основе сюжета лежит история о том, как люди ищут свою судьбу, свою половинку. У Дилары и Асхата за плечами печальный опыт неудачного супружества, оба разведены и одиноки. Случайная встреча – и у обоих вспыхивает чувство… Но ни он, ни она не подозревают, что понравились друг другу. В историю отношений вмешивается влюбленный в героиню пожилой сосед, племянница героя, которую все принимают за его любовницу, семейная пара – друзья Дилары, которые также вносят свою лепту в череду увлекательных, захватывающих событий, начавшихся с неожиданного появления мужа на час в жизни героини. А так как жанр спектакля определен как лирическая комедия, то на пути к любви и к созданию семьи героев ожидают и неожиданные повороты, и множество курьезных и веселых ситуаций. </p>", "shortDescription": "В основе сюжета лежит история о том, как люди ищут свою судьбу, свою половинку...", "min_price": 100, "max_price": 400, "link": "https://bashdram.ru/repertoire", "needCheck": true, "status": "accepted", "updateDate": 1639140985050, "start": 1634389200000, "end": 1639929600000, "createDate": 1629892174224, "inAccepted": true, "acceptDate": 1630332194221, "image": {"author": "Роман Шумнов", "name": "e6a4aadf6ab95a38bc3f3ce22fde9c75.jpeg", "realName": "cqYVwQinE90.jpg", "source": "https://bashdram.ru/performances/muzh-na-chas-5.html"}, "photo": "https://pro.culture.ru/uploads/e6a4aadf6ab95a38bc3f3ce22fde9c75.jpeg", "gallery": ["https://pro.culture.ru/uploads/4d3156136a2a327f2a2f20062c4b8770.jpeg", "https://pro.culture.ru/uploads/e0dd7bae8304aaf9791dc26deece57d4.jpeg", "https://pro.culture.ru/uploads/0d1c7d1242c8591f446313c4ea3b356a.jpeg"], "category": {"name": "Спектакли", "sysName": "spektakli"}, "time": {"start": "2021-10-16 13:00:00", "end": "2021-12-19 16:00:00"}}, {"id": 1291972, "name": "Спектакль «Любишь – не любишь...»", "age": 12, "description": "<p>Смерть приходит к Абдулле в страшном сне. Напуганный увиденным, он рассказывает жене, что ему дан шанс продлить свою жизнь. Для этого в течение трех часов он должен совершить богоугодное, святое дело. И начинают думать старики, что бы такое совершить? Версии есть, но как оказывается, не так легко исполнимые, а одно дело – ребенка родить, но ведь и это вовсе невозможно: у Фатимы и Абдуллы нет детей. В действие вклиниваются воспоминания о молодости, где была, кажется, и любовь, но было и такое, что зловещим эхом отозвалось в дальнейшей жизни.</p><p>Смерть неизбежна и правит там, где нас уже нет. Любовь – для живых и, наверное, это и есть самое святое в мире людей. Любит – не любит? Понять это за три часа, конечно, невозможно, для этого, видимо, нужно прожить жизнь…</p><p>И все-таки, успеют ли Фатима и Абдулла совершить богоугодное дело? Увидите сами. Увидите, услышите, посмеетесь, поплачете и задумаетесь. О чем? Да каждый о своем…</p>", "shortDescription": "На сцене четыре актера раскрывают простую и грустную историю любви...", "min_price": 100, "max_price": 400, "link": "https://bashdram.ru/repertoire", "needCheck": true, "status": "accepted", "updateDate": 1639478516253, "start": 1634306400000, "end": 1641402000000, "createDate": 1629889059088, "inAccepted": true, "acceptDate": 1630323664221, "image": {"author": "Роман Шумнов", "name": "c838b0c602bdf6004d6b042d0a19ee39.jpeg", "realName": "h3w_0JP_oYY.jpg", "source": "https://vk.com/bashdram"}, "photo": "https://pro.culture.ru/uploads/c838b0c602bdf6004d6b042d0a19ee39.jpeg", "gallery": ["https://pro.culture.ru/uploads/4526aecf943fb2804e0056bdc5936117.jpeg", "https://pro.culture.ru/uploads/979e805d31b8bf64dc64c913a7c62024.jpeg", "https://pro.culture.ru/uploads/1528464c243e4da6dd5010de5aaefb9f.jpeg"], "category": {"name": "Спектакли", "sysName": "spektakli"}, "time": {"start": "2021-10-15 14:00:00", "end": "2022-01-05 17:00:00"}}, {"id": 1291849, "name": "Спектакль «Навстречу мечте»", "age": 12, "description": "<p>Живет на свете писатель Айгиз Баймухаметов, сотворивший трогательную повесть «Не оставляй, мама!» Автор пишет об их бедах и печалях, о бесприютности и суровых условиях выживания, в которых выковывается или, напротив, ломается характер…<br />«У каждого человека есть мечты», – рассуждает режиссер спектакля Ильсур Казакбаев. У детей – тоже. У детдомовских – мечты больше, сильнее и серьезнее, чем у домашних детей. Но мечты сбываются не всегда, а у детдомовских детишек – очень редко, почти никогда. Получается, что мечты живут отдельно, сами по себе… А если и сбываются, то совсем не так, как мечталось. Вот про это наш спектакль.<br />В нем заняты молодые артисты. Они рассказывают истории из жизни детдома. Сыграть детдомовских детей невозможно, для этого надо ими быть. Поэтому рассказ о жизни в детдоме мы слышим из уст актеров. Актер повествует, рассказывает – от лица мужчины или женщины, старика или ребенка, бога или дьявола – неважно. Он как человек-лицедей, примеряющий на себя различные маски…»<br />Сценический вариант постановки носить название «Хыялга каршы» – «Навстречу мечте». Что по-башкирски звучит неоднозначно: вроде, и навстречу мечте, и наперекор ей.</p> <p><em></em></p><p><em></em></p>", "shortDescription": "Повесть «Не оставляй, мама!» о детях, оставшихся сиротами и познавших жизнь в стенах детского дома.", "min_price": 100, "max_price": 400, "link": "http://bash.bashdram.ru/repertoire", "needCheck": true, "status": "accepted", "updateDate": 1639477889230, "start": 1634220000000, "end": 1640106000000, "createDate": 1629886972376, "inAccepted": true, "acceptDate": 1630323724054, "image": {"author": "Роман Шумнов", "name": "3fe2b9c059eca8491c7a14fed55ad9e5.jpeg", "realName": "ngwqOchP_lA.jpg", "source": "https://bashdram.ru/repertoire"}, "photo": "https://pro.culture.ru/uploads/3fe2b9c059eca8491c7a14fed55ad9e5.jpeg", "gallery": ["https://pro.culture.ru/uploads/e636f0a4c51caf83700a0295e247ead2.jpeg", "https://pro.culture.ru/uploads/6ab88cd492303c268a0308f88aac056c.jpeg", "https://pro.culture.ru/uploads/0f329e97afb80017a79488a81230be74.jpeg"], "category": {"name": "Спектакли", "sysName": "spektakli"}, "time": {"start": "2021-10-14 14:00:00", "end": "2021-12-21 17:00:00"}}, {"id": 1291727, "name": "Спектакль «Зулейха открывает глаза»", "age": 16, "description": "<p> …Зима 1930 года. Крестьянку Зулейху вместе с сотнями других переселенцев отправляют в вагоне-теплушке по извечному каторжному маршруту в Сибирь. Крестьяне и интеллигенты, мусульмане и христиане, русские, башкиры, татары, грузины, немцы – все они встретятся на берегах Ангары, ежедневно отстаивая свое право на жизнь…</p><p> </p><p> </p><p>Участник XIX Международного Волковского фестиваля (г.Ярославль – 2018 год)</p><p>Номинант Всероссийской национальной театральной премии-фестиваля «Золотая маска» в номинациях: «Лучший спектакль большой формы», «Лучший режиссер» (Айрат Абушахманов), «Лучшая женская роль» (Римма Кагарманова), «Лучшая работа художника» и «Лучшая работа художника по костюмам» (Альберт Нестеров), «Лучшая работа художника по свету» (Ильшат Саяхов). Обладатель Первой спецпремии Жюри драматического театра и театра кукол «Золотой маски» – «За сценическое прочтение романа Гузели Яхиной «Зулейха открывает глаза» (2019 г.).</p><p></p> <p></p>", "shortDescription": "Зулейха с мужем и его матерью живет в деревне. С началом раскулачивания жизнь Зулейхи рушится...", "min_price": 160, "max_price": 1200, "link": "http://bash.bashdram.ru/repertoire", "needCheck": true, "status": "accepted", "updateDate": 1639478938748, "start": 1633870800000, "end": 1642262400000, "createDate": 1629885047806, "inAccepted": true, "acceptDate": 1630323703767, "image": {"author": "Роман Шумнов", "name": "00577b3dec305cab4132088e006cc0af.jpeg", "realName": "OO9ZwscrYUM.jpg", "source": "https://vk.com/bashdram"}, "photo": "https://pro.culture.ru/uploads/00577b3dec305cab4132088e006cc0af.jpeg", "gallery": ["https://pro.culture.ru/uploads/eddce487208926d751e949856ca988f1.jpeg", "https://pro.culture.ru/uploads/c22e9b4ed8fe3e87818f1a63bffdf6e6.jpeg", "https://pro.culture.ru/uploads/20b28bd1bed31572a12dd26959964f47.jpeg"], "category": {"name": "Спектакли", "sysName": "spektakli"}, "time": {"start": "2021-10-10 13:00:00", "end": "2022-01-15 16:00:00"}}, {"id": 1291293, "name": "Спектакль «Цена счастья»", "age": 16, "description": "<p>Ничто в жизни не случайно, за все надо расплачиваться, порой очень дорогой ценой. Невозможно изменить прошлое, перекроить саму судьбу заново, прожить жизнь сначала. Каждый человек должен строить свое будущее в настоящем. На закате жизни главный герой задумывается над этим. Он был отцом, творческой личностью. Но каким он был человеком?</p><p>Были ли счастливы его близкие рядом с ним, и счастлив ли он сам?</p><p>в главных ролях – легендарных дуэт, народные артисты России и Башкортостана, Фидан Гафаров и Нурия Ирсаева </p>", "shortDescription": "Музыкальная мелодрама о семейных ценностях.", "min_price": 200, "max_price": 700, "link": "http://bash.bashdram.ru/repertoire", "needCheck": true, "status": "accepted", "updateDate": 1639478396425, "start": 1633784400000, "end": 1641571200000, "createDate": 1629879617859, "inAccepted": true, "acceptDate": 1639140835647, "image": {"author": "неизвестно ", "name": "e3ca9c1b0b7c20022c625705d6f61cc4.jpeg", "realName": "Sp3601toJNA.jpg", "source": "https://vk.com/bashdram?z=photo-8776450_456241695%2Fwall-8776450_14702"}, "photo": "https://pro.culture.ru/uploads/e3ca9c1b0b7c20022c625705d6f61cc4.jpeg", "gallery": [], "category": {"name": "Спектакли", "sysName": "spektakli"}, "time": {"start": "2021-10-09 13:00:00", "end": "2022-01-07 16:00:00"}}, {"id": 1291261, "name": "Спектакль «Прости меня!»", "age": 16, "description": "<p>Пути господни неисповедимы... Уходя навсегда, думаем ли, что через немалые годы вернемся назад, чтобы произнести всего два слова «прости меня».</p><p>Когда все пережито и понято насквозь, казалось, пути нет назад, но он возвращается к той, единственной, в надежде, что она услышит и поймет его любовь, его страдания, и, самое главное, чтобы она простила и обрела свободу, а значит счастье.</p><p>«Прости меня!» – прошепчет через столько лет мужчина только той, которую любит. Спустя много лет он заново вошел в ее жизнь – она удивилась, засомневалась, возмутилась, выгнала вон, в ту же секунду извинилась, попросила остаться и бежала проводить его на остановку – так поступает женщина, которая всегда его ждала и для него всегда была открыта дверь.</p>", "shortDescription": "Уходя навсегда, думаешь ли, что через годы вернешься назад, чтобы произнести: «Прости меня...».", "min_price": 100, "max_price": 400, "link": "https://bashdram.ru/repertoire", "status": "accepted", "updateDate": 1630066815599, "start": 1633615200000, "end": 1633622400000, "createDate": 1629879144466, "inAccepted": true, "acceptDate": 1630323710065, "image": {"author": "Роман Шумнов", "name": "6b44928ace7fa3df899eaedac3a422ec.jpeg", "realName": "3lYxV-GRRYg.jpg", "source": "https://bashdram.ru/"}, "photo": "https://pro.culture.ru/uploads/6b44928ace7fa3df899eaedac3a422ec.jpeg", "gallery": ["https://pro.culture.ru/uploads/0f2a023c7d17c5b03aa8ff0501764bf0.jpeg", "https://pro.culture.ru/uploads/857eab3cbdccdbac9c7306c498bc034d.jpeg"], "category": {"name": "Спектакли", "sysName": "spektakli"}, "time": {"start": "2021-10-07 14:00:00", "end": "2021-10-07 16:00:00"}}, {"id": 1258221, "name": "Спектакль «Осторожно, сваха!»", "age": 16, "description": "<p>Художник-постановщик – Рустам Баймухаметов.<br />Композитор – Ильсаф Вадутов.<br />Балетмейстер – Сулпан Аскарова (заслуженная артистка Республики Башкортостан).</p><p>Главная героиня постановки – сваха Амина не утратила своей красоты, женской мудрости и жизнелюбия. Она подыскивает овдовевшему богачу Рифу подходящего зятя. В увлекательный круговорот событий также вовлечены дочери хозяина дома, женихи и многие жители деревни, которая превращается для всех героев в деревню любви. Главное – не упустить свой шанс и вовремя сделать шаг навстречу приключениям и взаимным чувствам. Несмотря на незамысловатость и «легкость» содержания спектакля, это повод поразмышлять над некоторыми вещами. И вспомнить о том, что жизнь – это не только работа и тяжелые суровые будни: в ней всегда есть место радости и веселью, смеху и игре. И как полезно порой изменить привычный ход вещей, стать несерьезным и играючи решить сложную проблему.</p>", "shortDescription": "Музыкальная комедия дарит долгожданное ощущение праздника и легкости.", "min_price": 300, "link": "https://iframeab-pre3960.intickets.ru/event/11718419", "status": "accepted", "updateDate": 1629723197255, "start": 1633096800000, "end": 1633536000000, "createDate": 1628243020433, "inAccepted": true, "acceptDate": 1629779356545, "image": {"author": "архив", "name": "647c9fa6475bc34af7a3024b1f364caf.jpeg", "realName": "DSC_5041.jpg", "source": "http://xn--80aaaajo8bybjgch.xn--p1ai/index.php/ru/"}, "photo": "https://pro.culture.ru/uploads/647c9fa6475bc34af7a3024b1f364caf.jpeg", "gallery": ["https://pro.culture.ru/uploads/849e66842ccf0e011418b2a33b414d44.jpeg", "https://pro.culture.ru/uploads/c0b0f59917789a50f1ef39086c1e6147.jpeg", "https://pro.culture.ru/uploads/eeb815d87b04b8768248e68273baae30.jpeg", "https://pro.culture.ru/uploads/e0a6e4e4077e6c645844d5d8606a881f.jpeg", "https://pro.culture.ru/uploads/1f6967547e29f66cedb70484ee2f56dc.jpeg"], "category": {"name": "Спектакли", "sysName": "spektakli"}, "time": {"start": "2021-10-01 14:00:00", "end": "2021-10-06 16:00:00"}}, {"id": 1257630, "name": "Спектакль «Похищение девушки»", "age": 12, "description": "<p>В башкирском селе народный праздник – сабантуй. Молодежь затеяла игры, песни и пляски, старики вспоминают молодость. Старик Ажмагул односельчанам красочно и лукаво описывает, как он в молодости на вороном коне лихо похитил свою старушку.</p><p>Главные герои – участники любовного треугольника. У красавицы Ямили два поклонника, но она не отдает явного предпочтения: ни трактористу Кутлуахмету, ни пожарному Мухаметше. Кутлуахмет решается на отчаянный шаг – похитить любимую девушку! Но оценит ли такой поступок Ямиля?</p><p>Исполнение песен в сопровождении оркестра, яркие танцы – все это делает комедию веселой и жизнерадостной.</p>", "shortDescription": "Яркая, искрометная, живая комедия!", "min_price": 100, "max_price": 500, "link": "https://bashdram.ru", "needCheck": true, "status": "accepted", "updateDate": 1639478452645, "start": 1632319200000, "end": 1641488400000, "createDate": 1628234540814, "inAccepted": true, "acceptDate": 1639140161557, "image": {"author": "Башдрам", "name": "06f4a903416e6783e5cac290cc12df28.jpeg", "realName": "похищение.jpg", "source": "https://vk.com/photo-8776450_457249466"}, "photo": "https://pro.culture.ru/uploads/06f4a903416e6783e5cac290cc12df28.jpeg", "gallery": [], "category": {"name": "Спектакли", "sysName": "spektakli"}, "time": {"start": "2021-09-22 14:00:00", "end": "2022-01-06 17:00:00"}}, {"id": 1257612, "name": "Спектакль «Черноликие»", "age": 16, "description": "<p>Можно ли допустить, чтобы красавица Галима – гордость села, полюбила обычного деревенского паренька Закира? Реакционно настроенный сельский люд возмущен: героев застали во время разговора. «Разве шариат разрешает девушке общаться с парнем?» – вопрошают они хазрата. Какое решение принять служителю веры? Простить Галиму и Закира – значит, по законам веры, потерять авторитет в глазах односельчан. Сан обязывает его стоять на страже нравственности. Остается одно – наказать.<br />О чем спектакль «Черноликие» сегодня, когда религиозные мотивы отошли на задний план, а вперед выдвинулись обычные человеческие пороки? Всему виной – люди, способные оправдать безнравственные поступки религиозными постулатами. В центре внимания трагедии – человеческая природа. А это тема вневременная, вечная. Как жизнь.</p>", "shortDescription": "Трагическая история любви.", "min_price": 350, "max_price": 500, "link": "https://bashdram.ru", "needCheck": true, "status": "accepted", "updateDate": 1639479430138, "start": 1632492000000, "end": 1642089600000, "createDate": 1628234221838, "inAccepted": true, "acceptDate": 1629450556064, "image": {"author": "Театр", "name": "a5032a2d294e1e49b2dcf96ea65ac3c7.jpeg", "realName": "1200px-Здание_башкирского_академического_театра_драмы_им._М.Г._Гафури,_памятник_М.Г._Гафури.jpg", "source": "bashdram.ru"}, "photo": "https://pro.culture.ru/uploads/a5032a2d294e1e49b2dcf96ea65ac3c7.jpeg", "gallery": [], "category": {"name": "Спектакли", "sysName": "spektakli"}, "time": {"start": "2021-09-24 14:00:00", "end": "2022-01-13 16:00:00"}}, {"id": 1235393, "name": "Спектакль «Потомки Салавата не отступят!»", "age": 12, "description": "<p> В основу постановки легли документальные источники из музейных фондов республики, Национального исторического архива РБ, киностудии «Башкортостан». Творческая работа режиссера спектакля Хурматуллы Утяшева и актерского состава театра позволила создать уникальное сценическое произведение. Реальные исторические факты, переплетаясь с народными песнями, танцами стихами военных лет, сформировали образ Минигали Шаймуратова как героя и одновременно жертвы Великой Отечественной войны. <br /></p><p>Главную роль Минигали Шаймуратова сыграет лауреат Государственной Молодежной премии им. Бабича Артур Кабиров.</p><p>Автор сценария – Зухра Буракаева, художественный руководитель проекта – Айрат Абушахманов, режиссер-постановщик – Хурматулла Утяшев, художник-постановщик – Альберт Нестеров, композитор – Урал Идельбаев, хореограф – Раис Низаметдинов. Консультантом выступает историк Салават Хамидуллин.<br /></p>", "shortDescription": "Постановка, построенная на исторических фактах.", "min_price": 100, "max_price": 400, "link": "https://bashdram.ru", "status": "accepted", "updateDate": 1629384925141, "start": 1632924000000, "end": 1632931200000, "createDate": 1627104612065, "inAccepted": true, "acceptDate": 1629450556030, "image": {"author": "Башдрамтеатр", "name": "04ca23d59e461a59e2d72df3a8607ab8.jpeg", "realName": "gjnjvrb c.jpg", "source": "https://vk.com/album-8776450_279740444"}, "photo": "https://pro.culture.ru/uploads/04ca23d59e461a59e2d72df3a8607ab8.jpeg", "gallery": [], "category": {"name": "Спектакли", "sysName": "spektakli"}, "time": {"start": "2021-09-29 14:00:00", "end": "2021-09-29 16:00:00"}}, {"id": 1235260, "name": "Спектакль «Амеля»", "age": 12, "description": "<p>Спектакль Башдрамтеатра запоминается актерскими работами. Чисто драматические роли Анны Петровны, Ахмета Бакирыча, Маман сыграли опытные мастера – народные артисты Башкортостана Гульнара Амирова, Алмас Амиров, Алсу Галина. В роли Дорнбильда выступил актер Урал Аминев, уже имеющий обширный хореографический опыт и не побоявшийся несколько лет назад сыграть на башкирской сцене образ великого Рудольфа Нуреева. С большой ответственностью подошла к работе над ролью Амели в детстве 8-летняя Фатима Нуриева.</p><p>Незабываемое обаяние спектаклю придает многослойная музыкальная партитура. Оригинальная музыка, созданная петербургским композитором и музыкантом Олегом Гудачевым, сочетается с классическим вокализом Рахманинова и пьесами Урала Идельбаева. Башкирские народные песни в исполнении Алсу Бахтиевой и актера-кураиста Сагидуллы Байегета звучат как тот самый зов крови, которому невозможно противостоять. В музыкальной насыщенности спектакля большая роль отводится живому оркестру театра. </p><p>Все театральное действо разворачивается в лаконичной сценографии (художник из Санкт-Петербурга Екатерина Малинина) и с минимальным реквизитом. </p>", "shortDescription": "Спектакль о судьбе башкирской девочки-сироты.", "min_price": 300, "max_price": 300, "link": "https://bashdram.ru/repertoire", "status": "accepted", "updateDate": 1629458742322, "start": 1632405600000, "end": 1632412800000, "createDate": 1627058068575, "inAccepted": true, "acceptDate": 1629692903398, "image": {"author": "Роман Шумнов", "name": "3522bedff523c3a36a417fe7ee245a74.png", "realName": "C68732A9-9367-4961-B562-F0852D307E52.png", "source": "bashdram.ru"}, "photo": "https://pro.culture.ru/uploads/3522bedff523c3a36a417fe7ee245a74.png", "gallery": [], "category": {"name": "Спектакли", "sysName": "spektakli"}, "time": {"start": "2021-09-23 14:00:00", "end": "2021-09-23 16:00:00"}}]}