{"12211": [{"id": 1498060, "name": "Спектакль «Магазин»", "age": 0, "description": "<p>В современном мире рабство распространено сильнее, чем когда бы то ни было. В сегодняшней системе рабы – сменная деталь, добавляемая к процессу по мере необходимости, которую легко заменить, как только она утратит свою прежнюю высокую стоимость. </p><p>Попавшая в рабство молодая казахская девушка, продавщица, решает бросить вызов обстоятельствам. Не единственная в рабском положении, она оказывается одинокой в стремлении вырваться из этого ада.</p><p>Рабство несет в себе разрушительное начало. Ведь и сама Зияш, хозяйка магазина, оказывается рабом и для своих рабов, ибо без них ее благосостояние обречено и перед системой, так как она вынуждена платить мзду власть имущим.</p><p>Предоставляется синхронный перевод на русский язык.</p><p>Премьера спектакля состоялась 31 октября 2016 г.</p>", "shortDescription": "Постановка – попытка разоблачения действительности.", "min_price": 300, "max_price": 350, "link": "https://tickets.almetteatr.ru/kibet-magazin/?id_event=1379", "status": "accepted", "updateDate": 1640598757491, "start": 1645282800000, "end": 1648746000000, "createDate": 1638368369138, "inAccepted": true, "acceptDate": 1639026646673, "image": {"author": "Сергей Котов", "name": "672a0370dc9776434b888f5982684ba7.jpeg", "realName": "1.jpg", "source": "http://almetteatr.ru/o-teatre/spektakli/osnovnoy-repertuar/repertuar_43.html"}, "photo": "https://pro.culture.ru/uploads/672a0370dc9776434b888f5982684ba7.jpeg", "gallery": ["https://pro.culture.ru/uploads/8a5449e6a771c5805f5e4a01b9c9847e.jpeg", "https://pro.culture.ru/uploads/c363d924d8d05bdf63025644e00fef7b.jpeg", "https://pro.culture.ru/uploads/e5ee1e8e2bc3e2bf2b378be6540d7dac.jpeg"], "category": {"name": "Спектакли", "sysName": "spektakli"}, "time": {"start": "2022-02-19 15:00:00", "end": "2022-03-31 17:00:00"}}, {"id": 1493944, "name": "Спектакль «Сказка со звездами»", "age": 0, "description": "<p> Эта сказка необычна, она предлагает красивую сияющую фантазию для самых маленьких, раскрывает ответы на любопытные вопросы. В финале сказочного действия все смогут сделать памятные фотографии с Дедом Морозом и яркими созвездиями. На память о просмотренном спектакле организаторы подарят каждому ребенку сувенир.</p><p>Спектакль проходит на Малой сцене. Здесь малыши и родители располагаются на удобных подушках. В небольшом и уютном пространстве рядом с мамой они будут чувствовать себя в безопасности, что позволит им получить хорошее впечатление о театре и соприкоснуться с его магией. Здесь не будет громкой музыки или пугающих отрицательных героев. </p><p>Внимание! Количество мест на каждый спектакль ограничено. </p>", "shortDescription": "Постановка о волшебных новогодних чудесах.", "min_price": 350, "max_price": 350, "link": "https://tickets.almetteatr.ru/bebi-elka-dlya-samyh-malenkih-skazka-so-zvezdami/?id_event=1329", "status": "accepted", "updateDate": 1640598637191, "start": 1639983600000, "end": 1641282300000, "createDate": 1638285325017, "inAccepted": true, "acceptDate": 1638975166065, "image": {"author": "Татьяна Афонина", "name": "e7ec6e1db99b09a5ddca80c24c709412.jpeg", "realName": "1.jpg", "source": "http://almetteatr.ru/o-teatre/spektakli/detskiy-repertuar/repertuar_147.html"}, "photo": "https://pro.culture.ru/uploads/e7ec6e1db99b09a5ddca80c24c709412.jpeg", "gallery": ["https://pro.culture.ru/uploads/512afc90a193faa6bf0fd78b6264cad8.jpeg", "https://pro.culture.ru/uploads/28f3e4e74ee49f57d120b13e42b567f6.jpeg"], "category": {"name": "Спектакли", "sysName": "spektakli"}, "time": {"start": "2021-12-20 07:00:00", "end": "2022-01-04 07:45:00"}}, {"id": 1490703, "name": "Спектакль «Батл у новогодней елки»", "age": 6, "description": "<p> Новый год – это семейный праздник. День, когда родные люди собираются вместе и делятся своей радостью. Вот и король леса Шурале в преддверии Нового года позвал к себе в гости всех самых близких друзей. Среди них как современные звезды мультфильмов, так и заслуженные герои времен СССР. Но как они будут праздновать? Какие проблемы будут между молодежью и старшим поколением? Это вы сможете увидеть, придя в театр на новогодний утренник.</p><p> Не пропустите волшебную сказку, которая подарит вашим детям множество приятных впечатлений, самых ярких эмоций и заряд праздничного настроения! <br /></p><p>Режиссер – Энже Сайфутдинова.</p>", "shortDescription": "Праздничная новогодняя постановка.", "min_price": 350, "max_price": 350, "link": "https://tickets.almetteatr.ru/novogodnee-predstavlenie-battl-u-novogodney-elki/?id_event=1367", "status": "accepted", "updateDate": 1640249121914, "start": 1640682000000, "end": 1640792400000, "createDate": 1638201819604, "inAccepted": true, "acceptDate": 1638875205324, "image": {"author": "Татьяна Афонина", "name": "43552a336a29d098c8d87ac2d80c959e.jpeg", "realName": "1_21.jpg", "source": "http://www.almetteatr.ru/o-teatre/spektakli/detskiy-repertuar/repertuar_137.html"}, "photo": "https://pro.culture.ru/uploads/43552a336a29d098c8d87ac2d80c959e.jpeg", "gallery": ["https://pro.culture.ru/uploads/bcf2a7a766047c090f4e70fd77fa8c2d.jpeg"], "category": {"name": "Спектакли", "sysName": "spektakli"}, "time": {"start": "2021-12-28 09:00:00", "end": "2021-12-29 15:40:00"}}, {"id": 1446052, "name": "Интерактивная экскурсия «Театр изнутри»", "age": 12, "description": "<p> «Театр изнутри» – проект, состоящий из нескольких циклов, включающих знакомство с деятельностью театра: от экскурсии до участия в создании спектакля. </p><p>Зрителям предоставляется возможность изучить театр от подвала до колосников в диалоге с актерами, импровизации и театральной игре. Эта самая игра, как и сам театр, начинается с «вешалки». Гардеробщики-актеры обменяют верхнюю одежду на символы, уж очень похожие на знаки из популярного сериала. Но в «Театре изнутри» знаки используются не для обозначения иерархии охранников. Это своего рода жребий, согласно которому посетители пройдут определенный маршрут. </p><p>Звукорежиссерский цех, подвал, костюмерная, рекламный отдел, зрительный зал и сцена – вот главные точки первого цикла. Ребята не только увидят потаенные углы театра, волшебство пространства сцены, но и встретят Александра Пушкина, проведут читку и станут участниками театрального этюда. </p>", "shortDescription": "Новый проект Альметьевского театра откроет мир в волшебное закулисье!", "min_price": 300, "max_price": 300, "link": "https://tickets.almetteatr.ru/teatr-iznutri/?id_event=1340", "status": "accepted", "updateDate": 1638891366781, "start": 1637571600000, "end": 1637578800000, "createDate": 1636619403290, "inAccepted": true, "acceptDate": 1636992000502, "image": {"author": "Алия Загидуллина", "name": "06f8ce6f3d3e560dce75d83f5eed8752.jpeg", "realName": "PryLk2XZB38.jpg", "source": "http://www.almetteatr.ru/novosti/novosti_592.html"}, "photo": "https://pro.culture.ru/uploads/06f8ce6f3d3e560dce75d83f5eed8752.jpeg", "gallery": [], "category": {"name": "Экскурсии", "sysName": "ekskursii"}, "time": {"start": "2021-11-22 09:00:00", "end": "2021-11-22 11:00:00"}}, {"id": 1415833, "name": "Спектакль «Там, за горизонтом»", "age": 12, "description": "<p><span> В основу спектакля легла повесть известного писателя и литературного критика, филолога Хасана Сарьяна «Судьба джигита». </span></p><p><span>Зрителям расскажут историю о непростой жизни простых людей, не приукрашивая их истинного лица. Ее главный герой – мальчик Даниял. Размеренную жизнь его семьи нарушает известие о смерти отца. Странная смерть и попытка разобраться становятся смыслом жизни Данияла. </span></p><p><span>Режиссер – Айрат Абушахманов (Уфа).</span></p><p><span> Спектакль поставлен в рамках проекта «Культура малой родины» – «Театры малых городов».</span></p>", "shortDescription": "Постановка по произведению писателя Хасана Сарьяна.", "min_price": 500, "max_price": 600, "link": "https://tickets.almetteatr.ru/agyydelne-aryagynda-tam-za-gorizontom/?id_event=1313", "status": "accepted", "updateDate": 1640598754975, "start": 1636383600000, "end": 1646326800000, "createDate": 1635240144880, "inAccepted": true, "acceptDate": 1639053468536, "image": {"author": "Татьяна Афонина", "name": "26a31407789fc644e7cab8292b7896af.jpeg", "realName": "3.jpg", "source": "http://almetteatr.ru/o-teatre/spektakli/osnovnoy-repertuar/repertuar_146.html"}, "photo": "https://pro.culture.ru/uploads/26a31407789fc644e7cab8292b7896af.jpeg", "gallery": ["https://pro.culture.ru/uploads/9fe6c68fb6891c3e502464e89fe12b48.jpeg", "https://pro.culture.ru/uploads/18c2901d29c80a5bbfdc607184b250e8.jpeg", "https://pro.culture.ru/uploads/a4593f0b58f846ec37ecdad88e2a5998.jpeg", "https://pro.culture.ru/uploads/38282ca1cc1a1f54acd7ebc2edf90f93.jpeg"], "category": {"name": "Спектакли", "sysName": "spektakli"}, "time": {"start": "2021-11-08 15:00:00", "end": "2022-03-03 17:00:00"}}, {"id": 1350373, "name": "Спектакль «Бегущий за ветром»", "age": 18, "description": "<p>Амир и Хасан. Один – сын аристократа, другой – его слуга. Двенадцать лет они были неразлучны, но ни разу за это время Амир не назвал Хасана своим другом, а ведь он был готов отдать жизнь за хозяина. Соревнования по запуску воздушных змеев – любимая забава кабульских мальчишек – становится точкой невозврата, после которой в их жизни меняется все. Их, словно воздушных змеев, подхватывает ветер перемен и разносит по разные стороны. У каждого своя судьба, своя трагедия, но они, как и в детстве, связаны прочнейшими узами.</p><p></p> <p>Автор – Халед Хоссейни, сценическая инсценировка Мэттью Спенглера. Режиссер – Камиль Тукаев.</p> <p>Предоставляется синхронный перевод на русский язык.</p>", "shortDescription": "История жизни двух мальчиков разворачивается в стране, которая находится в процессе разрушения.", "min_price": 500, "max_price": 600, "link": "https://tickets.almetteatr.ru/il-artynnan-beguschiy-za-vetrom/?id_event=1312", "needCheck": true, "status": "accepted", "updateDate": 1640598757285, "start": 1633618800000, "end": 1648228800000, "createDate": 1632486304705, "inAccepted": true, "acceptDate": 1639059693860, "image": {"author": "Татьяна Афонина", "name": "dc922b6d98d3f64f5205e5530fd7d308.jpeg", "realName": "5.jpg", "source": "http://www.almetteatr.ru/o-teatre/spektakli/osnovnoy-repertuar/repertuar_145.html"}, "photo": "https://pro.culture.ru/uploads/dc922b6d98d3f64f5205e5530fd7d308.jpeg", "gallery": ["https://pro.culture.ru/uploads/26f4615ab391394a00396d82d10847a4.jpeg", "https://pro.culture.ru/uploads/a67448218c8cc76d610747269e893d49.jpeg", "https://pro.culture.ru/uploads/d6d463e1323ee705f3ad667860377f99.jpeg", "https://pro.culture.ru/uploads/2e6ec98b1b7e23bb0f4add84efc4e4ea.jpeg", "https://pro.culture.ru/uploads/0015a9afac901383d49331d14a7c85a2.jpeg", "https://pro.culture.ru/uploads/afb3dd7f6554ba912ac0fd245182adb0.jpeg"], "category": {"name": "Спектакли", "sysName": "spektakli"}, "time": {"start": "2021-10-07 15:00:00", "end": "2022-03-25 17:20:00"}}, {"id": 1323065, "name": "Спектакль «Жребий»", "age": 12, "description": "<p>Этот спектакль – мозаика из рассказов татарских деревенских жителей про любовь, течение времени, о таланте, чувстве долга и жизни, смерти и бессмерти, о том, что плохо осознается в молодости, но так остро ощущается в старости. Постановка основана на реальных интервью с сельскими жительницами и полна аутентичных деталей вроде народных песен, плясок и обрядов. Спектакль никого не оставит равнодушным, поскольку это не просто история, культура, быт и судьба татарского народа, эта история без срока давности, эта история о том, что нельзя забывать, это история о жизни. </p><p>Автор литературной композиции – Тимур Кулов.<br />Режиссер – Тимур Кулов.<br />Возрастная категория: 12+ <br />Продолжительность: 1 час 20 минут.</p><p>В ролях: <br /></p><ul><li>Махинур – Гульназ Гизатуллина;</li><li>Камарбану – Гульзада Камартдинова, заслуженная артистка Республики Татарстан;</li><li>Марьям – Наиля Имангулова;</li><li>Фахрезада – Аниса (Айгуль) Сагеева;</li><li>Люция – Камила Шарифзянова;</li><li>Зарима – Лилия Газизуллина;</li><li>Сария – Руфина Хаматдинова.</li></ul><p>Спектакль на татарском языке с синхронным переводом на русский язык. <br />Спектакль выпущен в рамках проекта «Культура малой родины» в Республике Татарстан.</p>", "shortDescription": "Невыдуманные истории.", "min_price": 400, "max_price": 700, "link": "https://bileton.ru/events/shobaga-gastroli-buinskogo-dram-teatra-55033", "status": "accepted", "updateDate": 1640598658153, "start": 1632398400000, "end": 1641482400000, "createDate": 1631267508796, "inAccepted": true, "acceptDate": 1639048680943, "image": {"author": "Буинский государственный драматический театр", "name": "5ffd808f94de41682bb60ddf396352f4.png", "realName": "45AA57E4-89A3-4566-BE6D-B36C71D010EB.png", "source": "Буинский государственный драматический театр"}, "photo": "https://pro.culture.ru/uploads/5ffd808f94de41682bb60ddf396352f4.png", "gallery": ["https://pro.culture.ru/uploads/de06111bafdc68d6b69ac80aa1c2af7a.png"], "category": {"name": "Спектакли", "sysName": "spektakli"}, "time": {"start": "2021-09-23 12:00:00", "end": "2022-01-06 15:20:00"}}, {"id": 1272041, "name": "Спектакль «Если сможешь, прости»", "age": 18, "description": "<p>Я полюбил ее в тот туманный вечер. О, как счастливы мы были и юны тогда… Ветер перемен унес ее, и мы расстались, но я продолжал любить и лелеять в себе мечту о том мгновении, когда мы вновь соединимся. Этот миг однажды настал. Но я сам все испортил, разрушил мечту... Любимая, прости меня, если сможешь.</p><p>На сцене театра – одна из самых пронзительных мелодрам в талантливой игре артистов.</p><p>Предоставляется синхронный перевод.</p><p>Автор – Рамзия Габделхакова. Режиссер – Зиннур Сулейманов.</p><p>Премьера спектакля – 21 марта 2020.</p>", "shortDescription": "Душевная мелодрама в непревзойденной игре артистов театра.", "min_price": 500, "max_price": 600, "link": "https://tickets.almetteatr.ru/adashkan-ir-esli-smozhesh-prosti/?id_event=1351", "status": "accepted", "updateDate": 1640598757087, "start": 1631631600000, "end": 1647711000000, "createDate": 1628856457221, "inAccepted": true, "acceptDate": 1638767757987, "image": {"author": "Татьяна Афонина", "name": "8d40c6640c716dc6da32daf69226d559.jpeg", "realName": "2.jpg", "source": "http://almetteatr.ru/o-teatre/spektakli/osnovnoy-repertuar/repertuar_130.html"}, "photo": "https://pro.culture.ru/uploads/8d40c6640c716dc6da32daf69226d559.jpeg", "gallery": ["https://pro.culture.ru/uploads/3ec97d424f8d9b7bc79bd8ce02cff66d.jpeg", "https://pro.culture.ru/uploads/f2f3ac36f8c517bb7987f0e9bfa70d4f.jpeg"], "category": {"name": "Спектакли", "sysName": "spektakli"}, "time": {"start": "2021-09-14 15:00:00", "end": "2022-03-19 17:30:00"}}, {"id": 1243835, "name": "Спектакль «Ханума»", "age": 16, "description": "<p>Веселая история о никогда не унывающей и предприимчивой свахе Хануме. </p> <p>По сюжету обедневший грузинский князь собирается выгодно жениться и обращается к знаменитой свахе Хануме. И вот невеста найдена, но самое интересное только начинается: оказывается, свахи работают в условиях жесткой конкуренции! Соперница Ханумы Кабато намеревается выдать за князя свою претендентку Сону – но эту девушку любит княжеский племянник Котэ. Конечно, Ханума не допустит разлуки влюбленных и торжества конкурентки. Возникает запутанная интрига со смешными происшествиями и сюрпризами.</p><p>В спектакле много песен и танцев на музыку популярного грузинского композитора Г. Канчели.</p>", "shortDescription": "Комедия-водевиль для взрослых.", "min_price": 350, "max_price": 500, "link": "https://tickets.puppet-show.ru/event?id_event=4632", "status": "accepted", "updateDate": 1638891366782, "start": 1634918400000, "end": 1635532200000, "createDate": 1627582277949, "inAccepted": true, "acceptDate": 1634137009180, "image": {"author": "Рустем Сабиров", "name": "59cbe82fffa281e02a1c12b4bd3518a9.jpeg", "realName": "A811D2BB-BEC0-4CBF-BE27-D65316E7411D.jpeg", "source": "https://www.puppet-show.ru/repertuar/khanuma/"}, "photo": "https://pro.culture.ru/uploads/59cbe82fffa281e02a1c12b4bd3518a9.jpeg", "gallery": [], "category": {"name": "Спектакли", "sysName": "spektakli"}, "time": {"start": "2021-10-22 16:00:00", "end": "2021-10-29 18:30:00"}}, {"id": 1243613, "name": "Спектакль «Ты умеешь так любить...»", "age": 12, "description": "<p>Если любовь и жизнь искренние, то человек сможет построить счастливое гнездо, несмотря на все несправедливости и беды в мире. </p><p>Годы войны нанесли непоправимый урон многим семьям, изменили судьбы оставшихся в живых. И все же многие нашли в себе силы жить и быть счастливыми, хранить в сердце любовь, веру в людей, оставаться людьми.<br /></p><p>Опираясь на вековые традиции, мудрость предков, доброе, чуткое сердце к окружающим, абыстакай является не только авторитетом большой семьи, но и ее духовной опорой, хранителем справедливости, родоначальником счастливого будущего преемников. Но в сердце ее скрыта рана любви. Кто откроет эту тайну?</p>", "shortDescription": "Душевная история любви в непревзойденной игре артистов Альметьевского театра.", "min_price": 500, "max_price": 600, "link": "https://tickets.almetteatr.ru/y-r-k-sere-ty-umeesh-tak-lyubit/?id_event=1372", "needCheck": true, "status": "accepted", "updateDate": 1640598756069, "start": 1636124400000, "end": 1646759700000, "createDate": 1627568666848, "inAccepted": true, "acceptDate": 1639053558045, "image": {"author": "Татьяна Афонина", "name": "db97dd9ab7c484e3fad7ba042077f7de.jpeg", "realName": "12_0.jpg", "source": "http://almetteatr.ru/o-teatre/spektakli/osnovnoy-repertuar/repertuar_142.html"}, "photo": "https://pro.culture.ru/uploads/db97dd9ab7c484e3fad7ba042077f7de.jpeg", "gallery": ["https://pro.culture.ru/uploads/7cd67e4b3453f94200a6d97d1b85d1b3.jpeg"], "category": {"name": "Спектакли", "sysName": "spektakli"}, "time": {"start": "2021-11-05 15:00:00", "end": "2022-03-08 17:15:00"}}, {"id": 1243585, "name": "Спектакль «Королевство кривых»", "age": 12, "description": "<p>Это сон-воспоминание главной героини Оли (уже пожилой женщины), где она пытается найти своего потерянного друга.</p><p>Она поступила в государственный университет, и казалось, что ничего не предвещает беды. Но именно там исчезает ее друг, который уже является студентом, и этот университет превращается в мрачное королевство, полное тайн и кошмаров. Как только Оля начинает задавать все больше и больше вопросов в процессе поиска своего друга Димы, королевство все больше начинает проявлять себя. Оля видит несправедливость и бескомпромиссность этого пространства, она видит животные проявления обитателей. В конце концов Оля понимает, что мир устроен совсем по-другому и что ее представления о нем несостоятельны. Ее друг исчезает в истории, становясь ее частью. Оля понимает это, но решает идти до конца, несмотря на то, что ей самой грозит та же участь.</p><p>В спектакле звучат композиции Sieben Worte композитора С. Губайдуллиной в исполнении Андрея Спиридонова (баян), Юлии Страховой (виолончель), Андроника Мелконян, Натальи Пентеговой, Ринаты Ехаевой (скрипка).</p><p> Авторы – Арсений Фарятьев, Антон Федоров.<br />Режиссер – Антон Федоров.<br /></p><p>Спектакль претендовал на премию «Золотая маска» в 6 номинациях. Поставлен при поддержке федерального проекта «Культура малой родины». <br /></p>", "shortDescription": "Сказка о непримиримости и отчаянной борьбе простого человека с силами зла. ", "min_price": 300, "max_price": 600, "link": "https://tickets.almetteatr.ru/s-yune-so-gy-b-l-ge-ta-kotoruyu-ne-zhdali/?id_event=1373", "needCheck": true, "status": "accepted", "updateDate": 1640598753353, "start": 1644505200000, "end": 1644510900000, "createDate": 1627567818491, "inAccepted": true, "acceptDate": 1639396954560, "image": {"author": "Татьяна Афонина", "name": "1a509f21352437086fad48e57620ce3c.jpeg", "realName": "16.jpg", "source": "http://almetteatr.ru/o-teatre/spektakli/osnovnoy-repertuar/repertuar_128.html"}, "photo": "https://pro.culture.ru/uploads/1a509f21352437086fad48e57620ce3c.jpeg", "gallery": ["https://pro.culture.ru/uploads/17f44ad8da18ee1ce41f3b4aaf8911fe.jpeg", "https://pro.culture.ru/uploads/9a333dbb7bfd2dd15f7b56befb4cfa2a.jpeg"], "category": {"name": "Спектакли", "sysName": "spektakli"}, "time": {"start": "2022-02-10 15:00:00", "end": "2022-02-10 16:35:00"}}, {"id": 1239472, "name": "Спектакль «Четыре жениха Диляфруз»", "age": 12, "description": "<p>Режиссер Нафиса Исмагилова вместе с молодыми актерами театра вдохнула в пьесу новую жизнь. С момента ее первого появления на сцене прошло время, изменилось все: люди, общество, приоритеты. А история осталась такой же озорной, со светлым юмором, замечательной музыкой и задорными танцами, но с оглядкой на день сегодняшний.</p><p>Итак. В одну из деревень по воле случая попадает журнал «Сөембикә», с глянцевых страниц которого улыбается Диляфруз. Тут-то и начинается переполох вокруг красавицы. Влюбленные в образ с журнала Галим, Исмагил, Джамиль и Шакур начинают борьбу за расположение девушки. Так кого же выберет современная Диляфруз?</p><p>Предоставляется синхронный перевод на русский язык.</p><p>Премьера спектакля состоялась 23 апреля 2015 г. </p>", "shortDescription": "Молодежная музыкальная комедия порадует зрителей театра.", "min_price": 400, "max_price": 450, "link": "https://tickets.almetteatr.ru/dil-fr-zg-d-rt-kiya-chetyre-zheniha-dilyafruz/?id_event=1310", "status": "accepted", "updateDate": 1640598754568, "start": 1634295600000, "end": 1638639600000, "createDate": 1627394766740, "inAccepted": true, "acceptDate": 1635772698335, "image": {"author": "Татьяна Афонина", "name": "a96f5274dc2e960982466223688c658f.jpeg", "realName": "photo3198.jpg", "source": "http://www.almetteatr.ru/o-teatre/spektakli/osnovnoy-repertuar/repertuar_37.html"}, "photo": "https://pro.culture.ru/uploads/a96f5274dc2e960982466223688c658f.jpeg", "gallery": ["https://pro.culture.ru/uploads/738ccf7d6baeae2e6a60d43f7c96c42f.jpeg", "https://pro.culture.ru/uploads/92807bb561a70ed454bf69ebca1ebda0.jpeg"], "category": {"name": "Спектакли", "sysName": "spektakli"}, "time": {"start": "2021-10-15 11:00:00", "end": "2021-12-04 17:40:00"}}, {"id": 1239387, "name": "Спектакль «Та, которую не ждали»", "age": 18, "description": "<p>События разворачиваются в когда-то бывшем богатом доме. Женщина четыре года назад потеряла взрослую дочь. И с тех пор безутешная мать все подчинила своей скорби: она запрещает своим детям играть, смеяться, ходить в школу.</p><p>Однажды у них в доме появляется загадочная странница, с появлением которой гнетущая обстановка в доме меняется в лучшую сторону. Только благодаря ей в этой семье поймут, какая великая ценность – жизнь.</p><p> Автор – Алехандро Касона. Режиссер – Сергей Потапов.<br /></p><p>Спектакль поставлен по федеральной программе «Культура малой родины».</p>", "shortDescription": "Это история о ценности жизни и отсутствии страха смерти.", "min_price": 500, "max_price": 600, "link": "https://tickets.almetteatr.ru/s-yune-so-gy-b-l-ge-ta-kotoruyu-ne-zhdali/?id_event=1311", "needCheck": true, "status": "accepted", "updateDate": 1640598753147, "start": 1631545200000, "end": 1644081000000, "createDate": 1627392483940, "inAccepted": true, "acceptDate": 1639053646101, "image": {"author": "Татьяна Афонина", "name": "7614fd4785e9e1cfe8b510539fb01b87.jpeg", "realName": "10.jpg", "source": "http://www.almetteatr.ru/o-teatre/spektakli/osnovnoy-repertuar/repertuar_143.html"}, "photo": "https://pro.culture.ru/uploads/7614fd4785e9e1cfe8b510539fb01b87.jpeg", "gallery": ["https://pro.culture.ru/uploads/849e3a7dc809cd0147451be8d20a8a6b.jpeg", "https://pro.culture.ru/uploads/6741016246204792c2269cfeef2488a4.jpeg", "https://pro.culture.ru/uploads/d4d90312487ba879a0bb7c37a4488cb2.jpeg", "https://pro.culture.ru/uploads/14777769315c0aef9e136dfc9af2b5e0.jpeg"], "category": {"name": "Спектакли", "sysName": "spektakli"}, "time": {"start": "2021-09-13 15:00:00", "end": "2022-02-05 17:10:00"}}, {"id": 1239353, "name": "Спектакль «Дом мечты»", "age": 12, "description": "<p>Лес. Поляна. Заброшенный лагерь... И четыре девушки, которые согласились участвовать на первом татарском реалити-шоу «Дом мечты», жить в экстремальных условиях и под прицелом видеокамер 24 часа в сутки. Каждая со своим характером и своей историей, далеко не всегда веселой. <br /></p><p>Но вот обещанная увлекательная игра не является ли чьей-то хорошо продуманной уловкой? И кем на самом деле являются «деревенские парни»? В «Доме мечты» закручивается невероятно увлекательная, авантюрная история.</p><p>Предоставляется синхронный перевод на русский язык.</p><p>Автор и режиссер – Ильгиз Зайниев.</p><p>Спектакль поставлен при поддержке федерального проекта «Театры малых городов России».</p>", "shortDescription": "Молодежная комедия в непревзойденной игре артистов театра.", "min_price": 300, "max_price": 450, "link": "https://tickets.almetteatr.ru/hyyal-yorty-dom-mechty/?id_event=1244", "needCheck": true, "status": "accepted", "updateDate": 1640598638627, "start": 1634634000000, "end": 1636046100000, "createDate": 1627391608606, "inAccepted": true, "acceptDate": 1634132431715, "image": {"author": "Татьяна Афонина", "name": "fd7c9af8009ef30ef9f5511324b6dd81.jpeg", "realName": "6.jpg", "source": "http://www.almetteatr.ru/o-teatre/spektakli/osnovnoy-repertuar/repertuar_73.html"}, "photo": "https://pro.culture.ru/uploads/fd7c9af8009ef30ef9f5511324b6dd81.jpeg", "gallery": ["https://pro.culture.ru/uploads/c45f993357e2902a15d0f9ce33730077.jpeg", "https://pro.culture.ru/uploads/2374a7bbf997ab8a702e59f7ad9da047.jpeg", "https://pro.culture.ru/uploads/0093bb330ddaa2e8542bbe5a3ace1cf2.jpeg"], "category": {"name": "Спектакли", "sysName": "spektakli"}, "time": {"start": "2021-10-19 09:00:00", "end": "2021-11-04 17:15:00"}}, {"id": 1239305, "name": "Спектакль «Укрощение строптивой»", "age": 12, "description": "<p>В «Укрощении строптивой» накал страстей, борьба между героями доведена до своей высочайшей отметки, что перекидывает их из одного комического положения в другое. Заметьте, там проглядывают разные оттенки смешного – от изысканного остроумия до буйного шутовства. И все ради укрощения женщины. Наивные мужчины…</p><p>Бурное веселье здесь звучит дерзким вызовом аскетической догме и лицемерной добропорядочности.</p><p>Режиссер – Каро Балян. Автор – Уильям Шекспир. </p><p>Спектакль поставлен по федеральной программе «Культура малой Родины». </p>", "shortDescription": "Сюжет постановки стал прекрасным поводом для веселой шутки над взаимоотношениями мужчины и женщины.", "min_price": 500, "max_price": 600, "link": "https://tickets.almetteatr.ru/kirebetk-n-ukroschenie-stroptivoy/?id_event=1314", "needCheck": true, "status": "accepted", "updateDate": 1640598756476, "start": 1634900400000, "end": 1647102000000, "createDate": 1627390672027, "inAccepted": true, "acceptDate": 1639657906563, "image": {"author": "Татьяна Афонина", "name": "6b39643eccd8bad20247a42049d870c7.jpeg", "realName": "1.jpg", "source": "http://www.almetteatr.ru/o-teatre/spektakli/osnovnoy-repertuar/repertuar_134.html"}, "photo": "https://pro.culture.ru/uploads/6b39643eccd8bad20247a42049d870c7.jpeg", "gallery": ["https://pro.culture.ru/uploads/5953d440656586f424ac45ea30f40e99.jpeg", "https://pro.culture.ru/uploads/5caff4e1eef70c0ba2c777eeac7d16f1.jpeg", "https://pro.culture.ru/uploads/3b176b405725c89b5c523a0ce77f0dd7.jpeg", "https://pro.culture.ru/uploads/5128c9e33dee9139dae1a762b9433024.jpeg"], "category": {"name": "Спектакли", "sysName": "spektakli"}, "time": {"start": "2021-10-22 11:00:00", "end": "2022-03-12 16:20:00"}}, {"id": 1030234, "name": "Спектакль «Не та весна»", "age": 12, "description": "<p>Терпение женского сердца... Людские судьбы, израненные испытаниями жизни... Любовь, включающая в себя и радость, и страдания – вечные темы, занимающие достойное место в произведениях Зифы Кадыровой. </p><p>В романе «Не та весна» писательница верна своему стилю. Красивая и счастливая семейная идиллия пар Алсу и Фархада, Фираи и Газинура рушится на корню из-за одного опрометчивого поступка. Измена... Спектакль «Не та весна» – это рассказ о том, насколько по-разному переживают испытания судьбы две разные женщины. Алсу прощает Фархада, не оставляя в своей душе место для ненависти. Она победительница. А Фирая?</p><p>Предоставляется синхронный перевод на русский язык.</p><p>Инсценировка Ильтазара Мухаматгалиева. Длительность – 2 ч. 45 мин. Премьера спектакля состоялась 30 марта 2018 года.</p>", "shortDescription": "Трогательная история популярной писательницы Зифы Кадыровой в постановке режиссера Лилии Ахметовой.", "min_price": 400, "max_price": 550, "link": "https://tickets.almetteatr.ru/sinsez-kilg-n-yazlar-ne-ta-vesna-z-kadyrova/?id_event=1353", "needCheck": true, "status": "accepted", "updateDate": 1640598755663, "start": 1618585200000, "end": 1646588700000, "createDate": 1617386625577, "inAccepted": true, "acceptDate": 1639118838277, "image": {"author": "Сергей Котов", "name": "aeb511f5908e3aa0127c5830acf773a1.jpeg", "realName": "1.jpg", "source": "http://www.almetteatr.ru/o-teatre/spektakli/osnovnoy-repertuar/repertuar_85.html"}, "photo": "https://pro.culture.ru/uploads/aeb511f5908e3aa0127c5830acf773a1.jpeg", "gallery": ["https://pro.culture.ru/uploads/df625babe9e341fd9ab8b19c08b92bc0.jpeg", "https://pro.culture.ru/uploads/63d071ea3bd59e7cfc9eb014e2e8979c.jpeg", "https://pro.culture.ru/uploads/a6b1f047f7093cc8f3ae04229e9dc1e0.jpeg"], "category": {"name": "Спектакли", "sysName": "spektakli"}, "time": {"start": "2021-04-16 15:00:00", "end": "2022-03-06 17:45:00"}}, {"id": 1023854, "name": "Спектакль «Дорога к счастью»", "age": 16, "description": "<p>На долю главной героини выпадают серьезные испытания (издевательства мужа-изверга и сына-алкоголика, равнодушие, беспечность дочери), преодолеть которые ей помогает любовь. Что такое счастье? Как найти дорогу к счастью? По утверждению героев спектакля, счастье в ваших руках, под вашими ногами, только люди не понимают – все ищут дорогу к счастью…. </p><p>Автор – Зифа Кадырова.</p><p>Режиссер – Тимур Кулов.</p><p>Возрастная категория: 16+. </p><p>Спектакль на татарском языке с синхронным переводом на русский язык, выпущен в рамках проекта «Культура малой родины» в Республике Татарстан. </p>", "shortDescription": "Постановка о семейных ценностях и жизни бездомных.", "min_price": 230, "max_price": 1380, "link": "https://bileton.ru/events/behetke-yul-kaydan-gastroli-buinskogo-dram-teatra-54653#places", "status": "accepted", "updateDate": 1640598748882, "start": 1618502400000, "end": 1638968400000, "createDate": 1617200187395, "inAccepted": true, "acceptDate": 1635944949205, "image": {"author": "Буинский государственный драматический театр", "name": "2c1f1631505c2240badf24dfc8704408.jpeg", "realName": "90-qVrOACBha2M.jpg", "source": "https://cloud.mail.ru/public/EHy5/ybkjweeuU"}, "photo": "https://pro.culture.ru/uploads/2c1f1631505c2240badf24dfc8704408.jpeg", "gallery": ["https://pro.culture.ru/uploads/a6052466cd2c8c76fe23738105bbc5bc.jpeg", "https://pro.culture.ru/uploads/0e31cef604ac891896052e91cbd2ee87.jpeg"], "category": {"name": "Спектакли", "sysName": "spektakli"}, "time": {"start": "2021-04-15 16:00:00", "end": "2021-12-08 13:00:00"}}, {"id": 1023836, "name": "Спектакль «Lady Газраил»", "age": 16, "description": "<p>Попав в автомобильную катастрофу, Пол получает серьезные увечья. Бывшая медсестра Энни привозит его в свой дом, где писатель получает дозы обезболивающего и лечение. Постепенно герой понимает, что он – узник, вынужденный потакать прихотям своей тюремщицы. Ильшат Мухутдинов, режиссер: Стивен Кинг заставляет посмотреть на реальность под другим углом, даже в те моменты, когда создает новые миры, он не забывает про мир, в котором мы живем. Кинг тонко чувствующий и остро рефлексирующий художник. Если задуматься, в его творчестве нас пугают не сколько чудовища, сколько обычные люди. В спектакле «Lady Газраил» для меня важна тема человеческой одержимости, которая присуща каждому. Было страшно, но очень интересно исследовать желание человека жить, на какие крайние меры он готов пойти, ради самого простого желания жить. Спектакль по роману известного автора Стивена Кинга в постановке режиссера Ильшата Мухутдинова поставлен при поддержке федерального проекта «Театры малых городов России».</p><p>Предоставляется синхронный перевод на русский язык.</p><p>Автор – Саймон Мур. Художник – Иршат Азиханов. Хореограф – Алина Мустаева. Художник по свету – Ильшат Саяхов.</p><p>Перевод на татарский язык – Фарида Исмагилова.</p>", "shortDescription": "Адаптация истории про отношения двух героев – писателя Пола Шелдона и его поклонницы Энни Уилкес.", "min_price": 400, "max_price": 450, "link": "https://tickets.almetteatr.ru/lady-gazrail-mizeri/?id_event=1352", "status": "accepted", "updateDate": 1640598640434, "start": 1642690800000, "end": 1642695000000, "createDate": 1617199734830, "inAccepted": true, "acceptDate": 1639427618491, "image": {"author": "Сергей Котов", "name": "585916987a0670c487cec6bf94c0618a.jpeg", "realName": "1.jpg", "source": "http://www.almetteatr.ru/o-teatre/spektakli/osnovnoy-repertuar/repertuar_101.html"}, "photo": "https://pro.culture.ru/uploads/585916987a0670c487cec6bf94c0618a.jpeg", "gallery": ["https://pro.culture.ru/uploads/a8fa72b41c39ef8fd3ae688016c30607.jpeg", "https://pro.culture.ru/uploads/7fb4d21977a46dbe859e011e55ada6b2.jpeg"], "category": {"name": "Спектакли", "sysName": "spektakli"}, "time": {"start": "2022-01-20 15:00:00", "end": "2022-01-20 16:10:00"}}, {"id": 1023413, "name": "Спектакль «Молодые сердца»", "age": 12, "description": "<p> Деревенская красавица любит скромного молодого юношу, но его в числе других молодых парней забирают на войну. Влюбленная героиня и другие девушки остаются ждать суженых, но не всем суждено их дождаться.</p><p> «Молодые сердца» – комедия с изящной иронией и добрым юмором, с романтическими настроениями. «Молодые сердца» – это и история о настоящей любви, об искренних отношениях, и энциклопедия богатейшего татарского народного фольклора. </p><p>Автор: Фатхи Бурнаш. </p><p>Режиссер: Зиннур Сулейманов (Уфа).<br /></p><p>Предоставляется синхронный перевод на русский язык. Премьера спектакля состоялась 17 марта 2017. </p><p> Длительность – 2 ч. 15 мин.</p><p> </p>", "shortDescription": "Романтическая комедия, которая не оставит вас равнодушными.", "min_price": 200, "max_price": 350, "link": "https://tickets.almetteatr.ru/yash-y-r-kl-r-molodye-serdca/?id_event=1378", "needCheck": true, "status": "accepted", "updateDate": 1640598755462, "start": 1617894000000, "end": 1646500500000, "createDate": 1617193731109, "inAccepted": true, "acceptDate": 1639054139447, "image": {"author": "Татьяна Афонина", "name": "3aad53a1b232dbfad0da40351f517e27.jpeg", "realName": "1.jpg", "source": "http://www.almetteatr.ru/o-teatre/spektakli/osnovnoy-repertuar/repertuar_22.html"}, "photo": "https://pro.culture.ru/uploads/3aad53a1b232dbfad0da40351f517e27.jpeg", "gallery": ["https://pro.culture.ru/uploads/f6fbf1155af31e4d1b74fc4f9bb3e0a2.jpeg", "https://pro.culture.ru/uploads/a4c4dcf0bb25a542d3b3c1903bcce927.jpeg", "https://pro.culture.ru/uploads/b1e91a914116d1e43e2a3718ac4babdf.jpeg", "https://pro.culture.ru/uploads/994e24148d77ed3eac1cdafc7e2133f9.jpeg"], "category": {"name": "Спектакли", "sysName": "spektakli"}, "time": {"start": "2021-04-08 15:00:00", "end": "2022-03-05 17:15:00"}}, {"id": 1015767, "name": "Спектакль «Дело было в переулке»", "age": 12, "description": "<p>Комедия в двух частях «Дело было в переулке» по произведению Зульфата Хакима в постановке режиссера Ильдара Хайруллина. </p><p>Переулок... И не только переулок разделяет заклятых соседей. Дела давно минувших дней, обида детства не дает покоя взрослым. Она настолько сильна, что может стать серьезной преградой для счастья молодых. Однако, хорошо придуманная влюбленными хитрость вмиг сближает отцов. «Дело было в переулке» – это современная комедия с захватывающим сюжетом. Предоставляется синхронный перевод на русский язык.</p><p>Премьера спектакля состоялась 20 октября 2017 г. </p>", "shortDescription": "Веселая комедия.", "min_price": 400, "max_price": 550, "link": "https://tickets.almetteatr.ru/tykrykta-buldy-bu-h-l-delo-bylo-v-pereulke/?id_event=1344", "needCheck": true, "status": "accepted", "updateDate": 1640598755182, "start": 1617289200000, "end": 1646413800000, "createDate": 1616772124904, "inAccepted": true, "acceptDate": 1639054378487, "image": {"author": "Татьяна Афонина", "name": "bbb95a766d1d5726c8439a8dd6191272.jpeg", "realName": "1.jpg", "source": "http://www.almetteatr.ru/o-teatre/spektakli/osnovnoy-repertuar/repertuar_68.html"}, "photo": "https://pro.culture.ru/uploads/bbb95a766d1d5726c8439a8dd6191272.jpeg", "gallery": ["https://pro.culture.ru/uploads/371a927b9a59165f885e38c35ea614fd.jpeg", "https://pro.culture.ru/uploads/4311cb312bf05c867f1a9c531fbb297f.jpeg", "https://pro.culture.ru/uploads/918531ef86d4da0a91e0431289123575.jpeg"], "category": {"name": "Спектакли", "sysName": "spektakli"}, "time": {"start": "2021-04-01 15:00:00", "end": "2022-03-04 17:10:00"}}, {"id": 914346, "name": "Спектакль «Любви все возрасты покорны»", "age": 12, "description": "<p>В нашем меняющемся мире в условиях прогресса, глобализации, смены ценностей проблема взаимоотношений поколений становится ощутимо острой. Со временем разрыв между родителями и детьми становится все больше. Историю одной любви в пьесе «Кар астында кайнар чишмә» («Любви все возрасты покорны») Аяз Гилязов начинает как раз со спора поколений. Посчитав благословение родителей пережитком прошлого, Тазкира и Абузяр решают пожениться тайно, тем самым устроить сюрприз взрослым. Однако за день до свадьбы секрет раскрыт. Воспитавшие детей одни Каримзян и Аниса обвиняют их в беспечности, безответственности и цинизме. Эта извечная проблема сближает «отцов». Своим поступком молодые невольно подталкивают друг к другу два одиноких сердца, которые в итоге понимают, что их сердца, как родники, способны растопить своим теплом снег.</p><p>Предоставляется синхронный перевод на русский язык.</p><p>Длительность – 1 ч. 55 мин.</p>", "shortDescription": "История одной любви в пьесе начинается со спора поколений.", "min_price": 300, "max_price": 450, "link": "https://tickets.almetteatr.ru/kar-astynda-kaynar-chishm-lyubvi-vse-vozrasty-pokorny/?id_event=1349", "needCheck": true, "status": "accepted", "updateDate": 1640598756878, "start": 1612537200000, "end": 1647622500000, "createDate": 1611838016583, "inAccepted": true, "acceptDate": 1639054101709, "image": {"author": "Сергей Котов", "name": "cfc9eb77062bee4a5b95a84e3e4b178e.jpeg", "realName": "photo3282.jpg", "source": "http://www.almetteatr.ru/o-teatre/spektakli/osnovnoy-repertuar/repertuar_42.html"}, "photo": "https://pro.culture.ru/uploads/cfc9eb77062bee4a5b95a84e3e4b178e.jpeg", "gallery": ["https://pro.culture.ru/uploads/b7cce2f34bb4978042a3b2bbfcc12e1b.jpeg", "https://pro.culture.ru/uploads/1e517755fccc46b9847fd220d9aacf98.jpeg"], "category": {"name": "Спектакли", "sysName": "spektakli"}, "time": {"start": "2021-02-05 15:00:00", "end": "2022-03-18 16:55:00"}}, {"id": 714710, "name": "Спектакль «Давай поженимся!»", "age": 12, "description": "<p>...И не рождалось в селе Ерыклы деток годов уж пять-шесть... Даже школу пришлось закрыть! Спастись можно было только новыми браками. Именно с этой спасительной миссией тетя Мастура отправилась в Казань. Отыскала четырех сногшибательных девушек и попросила организовать в их глуши концерт. «Ну спасите же наших парней!», – не переставала она восклицать. Чем же закончилась эта история? Об этом вы узнаете, посетив замечательный спектакль режиссера Ильдара Хайруллина.</p><p>Предоставляется синхронный перевод на русский язык. </p><p>Премьера спектакля состоялась 8 октября 2009 года.</p>", "shortDescription": "Задорная комедия в исполнении артистов Альметьевского театра.", "min_price": 250, "max_price": 400, "link": "https://tickets.almetteatr.ru/kyzlar-kilde-avylga-davay-pozhenimsya/?id_event=1375", "needCheck": true, "status": "accepted", "updateDate": 1640598755856, "start": 1598630400000, "end": 1646672700000, "createDate": 1598040341280, "inAccepted": true, "acceptDate": 1639053722987, "image": {"author": "Татьяна Афонина", "name": "834155befd61a9046b5d97b421b89dab.jpeg", "realName": "smtaKURMSi0.jpg", "source": "http://www.almetteatr.ru/o-teatre/spektakli/osnovnoy-repertuar/repertuar_34.html"}, "photo": "https://pro.culture.ru/uploads/834155befd61a9046b5d97b421b89dab.jpeg", "gallery": ["https://pro.culture.ru/uploads/9464a546d723d5ffee1ddcfccbf10f70.jpeg", "https://pro.culture.ru/uploads/aa8717e5ae6a1442be4b7edabbdb6316.jpeg", "https://pro.culture.ru/uploads/46306c653e570132715c175ab5c3666e.jpeg", "https://pro.culture.ru/uploads/8c6ef29ed6f84bfd7c898d9c11c593de.jpeg"], "category": {"name": "Спектакли", "sysName": "spektakli"}, "time": {"start": "2020-08-28 16:00:00", "end": "2022-03-07 17:05:00"}}, {"id": 598875, "name": "Спектакль «Микулай»", "age": 18, "description": "<p>Действие пьесы происходит в деревне кряшен Сарсаз Кюл. Этот день вместит в себя множество событий, людей, целую жизнь героя и не только.</p><p>Спектакль о человеке, который остался единственным жителем деревни. Неунывающий хранитель этого маленького мира свято верит, что когда-нибудь односельчане вернутся. Жизнь наладится. Ни дороги, ни света... Зато, как он сам говорит, Микулай – олигарх. В деревне 18 домов, у каждого из которых – баня, сарай, сад, пасека, лес...</p><p>Предоставляется синхронный перевод на русский язык.</p><p> </p>", "shortDescription": "Действие пьесы происходит в течение суток – с одного летнего утра до следующего.", "min_price": 400, "max_price": 550, "link": "https://tickets.almetteatr.ru/mikulay/?id_event=1391", "status": "accepted", "updateDate": 1640598756678, "start": 1636642800000, "end": 1647536400000, "createDate": 1583504820932, "inAccepted": true, "acceptDate": 1639580349058, "image": {"author": "Татьяна Афонина", "name": "5cfcdec7f703548ef925aa4cd4ac16d0.jpeg", "realName": "7.jpg", "source": "http://almetteatr.ru/o-teatre/spektakli/osnovnoy-repertuar/repertuar_125.html"}, "photo": "https://pro.culture.ru/uploads/5cfcdec7f703548ef925aa4cd4ac16d0.jpeg", "gallery": ["https://pro.culture.ru/uploads/0ecb9e74794326d92697c8536201e168.jpeg", "https://pro.culture.ru/uploads/24c96a3f69d692f4dffa968d791943a5.jpeg", "https://pro.culture.ru/uploads/2cf2026230867b90f92aa108a2caf795.jpeg", "https://pro.culture.ru/uploads/e3ad51d6f4a0ec8d58f5b66932b3c162.jpeg", "https://pro.culture.ru/uploads/ed7ab04f0c000cace19c0238c172492d.jpeg"], "category": {"name": "Спектакли", "sysName": "spektakli"}, "time": {"start": "2021-11-11 15:00:00", "end": "2022-03-17 17:00:00"}}, {"id": 412156, "name": "Спектакль «Запах полыни»", "age": 12, "description": "<p>В сюжете мелодрамы судьба главного героя Сафара словно пропитана горьким запахом полыни. Всю жизнь он чего-то ищет: счастья, любви, смысл жизни, себя. Он уходит из родной деревни, бросая родных, маму, друзей и девушку, которая ждет от него ребенка. Никому ничего не объясняя. </p><p>И возвращается только спустя 35 лет. Навсегда. Но готовы ли его родные люди к этой встрече? Как поведут себя всю жизнь безответно любящая Рузия, любимая Сара, друг Марат и внук, который даже не знает о существовании деда? Зрители вместе с главным героем спектакля будут искать ответ на вопросы: почему он ушел, нашел ли то, что искал.</p>", "shortDescription": "Главный герой, ничего не объясняя родным, покидает родную деревню. И возвращается спустя 35 лет.", "min_price": 300, "max_price": 400, "link": "https://tickets.almetteatr.ru/sagynularga-ni-chara-zapah-polyni/?id_event=1350", "status": "accepted", "updateDate": 1640598640038, "start": 1635606000000, "end": 1642181400000, "createDate": 1556736544450, "inAccepted": true, "acceptDate": 1638542224103, "image": {"author": "Сергей Котов", "name": "66c97139718603f86fe37a01ba39ae4b.jpeg", "realName": "7.jpg", "source": "http://almetteatr.ru/o-teatre/spektakli/osnovnoy-repertuar/repertuar_32.html"}, "photo": "https://pro.culture.ru/uploads/66c97139718603f86fe37a01ba39ae4b.jpeg", "gallery": ["https://pro.culture.ru/uploads/db93c832a4455f5a719535a3bc9c11bc.jpeg"], "category": {"name": "Спектакли", "sysName": "spektakli"}, "time": {"start": "2021-10-30 15:00:00", "end": "2022-01-14 17:30:00"}}]}