{"11990": [{"id": 1486582, "name": "Спектакль «Добрый барин»", "age": 12, "description": "<p>Один из первых сценических опытов великого русского драматурга А. Н. Островского – адаптация французского водевиля Делилиа и Ле-Сенны «Предприимчивая горничная». Перенеся действие в московскую купеческую среду, автор придал сюжету национальный колорит и характер. Главный герой обрел черты удачливого русского барина «на покое», а героиня – образ лукавой и смышленой девушки из народа. Их диалоги и бытовая пикировка, доставляющая удовольствие зрителям, – большая удача драматурга. </p><p>Режиссер-постановщик спектакля, Илья Бледный, следуя традиции в создании этой пьесы, дописывает ее, вводя в действие еще одного героя – повара Аркадия. Это интересное дополнение снимает с исторического сюжета некоторое нравственное напряжение и позволяет современной публике с наслаждением смотреть спектакль.</p>", "shortDescription": "Постановка в жанре комедии по одноименной пьесе.", "min_price": 500, "max_price": 1500, "link": "https://www.ticketland.ru/teatry/teatr-soprichastnost/dobryy-barin/", "needCheck": true, "status": "accepted", "updateDate": 1638724314528, "start": 1639926000000, "end": 1645207200000, "createDate": 1637946868116, "inAccepted": true, "acceptDate": 1638464767294, "image": {"author": "А. Серебрянская", "name": "38c94441165a6a48e402d2adf0244e8f.png", "realName": "IMG_8817_1.png", "source": "Театр \"Сопричастность\""}, "photo": "https://pro.culture.ru/uploads/38c94441165a6a48e402d2adf0244e8f.png", "gallery": ["https://pro.culture.ru/uploads/d85ffd94b78ccab231b475480af0bc2a.jpeg", "https://pro.culture.ru/uploads/17979dcf88a1b6b344270b65d7075e01.jpeg", "https://pro.culture.ru/uploads/05d23f98b40fb56c7392b62c076c495b.jpeg", "https://pro.culture.ru/uploads/13fe5032a6bb38529ef66484f6f68dc4.jpeg"], "category": {"name": "Спектакли", "sysName": "spektakli"}, "time": {"start": "2021-12-19 15:00:00", "end": "2022-02-18 18:00:00"}}, {"id": 1447466, "name": "Спектакль «Рубеж героев»", "age": 12, "description": "<p>На исходе войны в раскаленной от солнца и сражений Румынии бьется с врагом расчет противотанкового орудия под командованием бывалого воина Желтыха, бойцы которого, такие разные по характеру и воспитанию, в решающую минуту раскрываются друг перед другом в своем истинном обличии, в котором в пору предстать перед высшим судом. </p><p>Демонстрируя истинный героизм и беспрецедентную преданность родине, они, не успев отправить прощальные весточки родным и близким, встают живым заслоном перед противником и, не дрогнув, ценой своих жизней платят за то, чтобы не пропустить вражеские танки к войскам. Но самое тяжелое испытание ожидает того, кто должен принять единственно верное решение, вынеся свой приговор предателю.</p>", "shortDescription": "Постановка по произведению Василя Быкова.", "min_price": 300, "max_price": 1500, "link": "https://www.ticketland.ru/teatry/teatr-soprichastnost/", "status": "accepted", "updateDate": 1639125214485, "start": 1638716400000, "end": 1645633800000, "createDate": 1636635776843, "inAccepted": true, "acceptDate": 1639125214671, "image": {"author": "Р. Валиуллин", "name": "79c58e594d18497e2b11c0a5a1d82120.jpeg", "realName": "_4290631.jpg", "source": "Театр «Сопричастность»"}, "photo": "https://pro.culture.ru/uploads/79c58e594d18497e2b11c0a5a1d82120.jpeg", "gallery": ["https://pro.culture.ru/uploads/8e09d72c9ef5494295d913e556330371.jpeg", "https://pro.culture.ru/uploads/6307cf766b3bd6da36deea61dfacd302.jpeg", "https://pro.culture.ru/uploads/c78a1cf12fbbd0ff25cc2b961dcfe098.jpeg", "https://pro.culture.ru/uploads/fd9cbc14774e35452aa25d383e5abdc6.jpeg", "https://pro.culture.ru/uploads/86169e6aa6f2179c2cc79156114cbf56.jpeg"], "category": {"name": "Спектакли", "sysName": "spektakli"}, "time": {"start": "2021-12-05 15:00:00", "end": "2022-02-23 16:30:00"}}, {"id": 1427089, "name": "Программа «Село Степанчиково и его обитатели»", "age": 12, "description": "<p>Рассказ об истории постановки повести Федора Мимхайловича Достоевского «Село Степанчиково и его обитатели» как театрализованное представление, в котором видеопроекция исторического исполнения роли Фомы Фомича Опискина заслуженным артистом Российской Федерации Игорем Сиренко будет сопровождаться показом живых отрывков из спектакля «Фома Фомич созидает всеобщее счастье», а автор музыки спектакля – композитор, заслуженный деятель искусств Российской Федерации Юрий Каспаров – прочитает свои комментарии. </p>", "shortDescription": "Сценическое представление с фрагментами из спектакля и музыкальными комментариями.", "min_price": 500, "link": "http://soprichastnost.ru/?page_id=11335#listim_iframe", "status": "accepted", "updateDate": 1636295363724, "start": 1636646400000, "end": 1636651800000, "createDate": 1635613342168, "inAccepted": true, "acceptDate": 1636295363733, "image": {"author": "Роберт Валиуллин", "name": "55ca042748ff495e2bcb83b728b37d84.jpeg", "realName": "0.jpg", "source": "Театр \"Сопричастность\""}, "photo": "https://pro.culture.ru/uploads/55ca042748ff495e2bcb83b728b37d84.jpeg", "gallery": ["https://pro.culture.ru/uploads/e44c022f1ec4a72d24b7d9efb336436d.jpeg", "https://pro.culture.ru/uploads/34cb1e11c44809e4b5d57ed913963e27.jpeg"], "category": {"name": "Встречи", "sysName": "vstrechi"}, "time": {"start": "2021-11-11 16:00:00", "end": "2021-11-11 17:30:00"}}, {"id": 1084978, "name": "Спектакль-история «Посвящается Ялте»", "age": 16, "description": "<p>Спектакль «Посвящается Ялте» продолжает поэтическую линию репертуара театра вслед за сценическими представлениями великих поэтов ХХ века – Николая Гумилева («Отравленная туника») и Федерико Гарсии Лорки («Кровавая свадьба»).</p><p>Ялта – это такое символическое пространство на юге, куда устремляется человек в поисках устойчивого места проживания. А это место проживания превращается в транзитный пункт. Судьбы человека, народа, общества. </p><p>И история с Бродским не была исключением...</p><p>В разное время Ялта бывает разной. Время действия спектакля – 1960-е, из которых Любовь Козинцева-Эренбург пишет своему брату, кинорежиссеру Григорию Козинцеву: «...и вот я в Ялте. Какой милый городок, со своим характером, еще пока без строительства стеклянных коробок».</p><p>Здесь разворачивается история, рифмованным слогом прописанная поэтом, и она будет рассказана вам с той мерой близости, которую позволяют сценическое пространство и принцип сопричастности.</p>", "shortDescription": "Постановка по поэме лауреата Нобелевской премии по литературе Иосифа Бродского (1940–1996).", "min_price": 500, "max_price": 500, "link": "https://www.ticketland.ru/teatry/teatr-soprichastnost/", "status": "accepted", "updateDate": 1640642081613, "start": 1621695600000, "end": 1641409200000, "createDate": 1619601678311, "inAccepted": true, "acceptDate": 1639119186526, "image": {"author": "Интернет. Свободный доступ.", "name": "dd17de60d0f550007fa29bc9a6dc14a9.jpeg", "realName": "1.jpg", "source": "Интернет. Свободный доступ."}, "photo": "https://pro.culture.ru/uploads/dd17de60d0f550007fa29bc9a6dc14a9.jpeg", "gallery": ["https://pro.culture.ru/uploads/e553d7c0c8d9fdeed34ba674dce41a8d.jpeg", "https://pro.culture.ru/uploads/0b8c3b7680a1de0a11220ca8c9d5760d.jpeg", "https://pro.culture.ru/uploads/d852bedc49ea7b4b9c91f4b4533ea9b2.jpeg", "https://pro.culture.ru/uploads/2933598675323d977b58f65f96a8bfb6.jpeg", "https://pro.culture.ru/uploads/e4e9df78b3b7282d738c0bb6dd411a67.jpeg", "https://pro.culture.ru/uploads/6b5bcb93c8977299e5de4ef523c0788a.jpeg"], "category": {"name": "Спектакли", "sysName": "spektakli"}, "time": {"start": "2021-05-22 15:00:00", "end": "2022-01-05 19:00:00"}}, {"id": 579433, "name": "Спектакль «Продавец дождя»", "age": 16, "description": "<p>Впервые поставленная в Нью-Йорке, к сегодняшнему дню пьеса «Продавец дождя» покорила множество сценических площадок по всему миру, оставаясь по сей день востребованной и теми, кто верит в чудеса, и теми кто почти разуверился в них. </p><p>Если в сердце осталось хоть немного надежды, непременно придет человек, способный вернуть утраченные силы и освежить летним ливнем. Вполне возможно, что им окажется странствующий Продавец дождя. Встречаясь с ним, люди пусть и не сразу понимают, что жизнь не так уж плоха, что в ней по-прежнему есть место любви и радости...</p>", "shortDescription": "Постановка по одноименной пьесе Ричарда Нэша.", "min_price": 300, "max_price": 1500, "link": "https://www.ticketland.ru/teatry/teatr-soprichastnost/", "status": "accepted", "updateDate": 1639126249239, "start": 1582988400000, "end": 1645289100000, "createDate": 1581596752188, "inAccepted": true, "acceptDate": 1639126252627, "image": {"author": "Р. Валиуллин", "name": "4403ec573b00d17603bb5fc9e6d41874.jpeg", "realName": "П. Иванов, Сопричастность.JPG", "source": "Театр «Сопричастность»"}, "photo": "https://pro.culture.ru/uploads/4403ec573b00d17603bb5fc9e6d41874.jpeg", "gallery": ["https://pro.culture.ru/uploads/0c86d26d38b4b0f489354ba8bac60999.jpeg", "https://pro.culture.ru/uploads/cc2cb3100c965358747b0d876b3c4825.jpeg", "https://pro.culture.ru/uploads/fdbe24976085ff2457fff208fcd4f837.jpeg", "https://pro.culture.ru/uploads/8b339ad957b4c0a50d292efd7ecdf64a.jpeg"], "category": {"name": "Спектакли", "sysName": "spektakli"}, "time": {"start": "2020-02-29 15:00:00", "end": "2022-02-19 16:45:00"}}, {"id": 103216, "name": "Спектакль «Волчий круг»", "age": 16, "description": "<p>В ситуации, в которую попали герои спектакля, может оказаться каждый. Историю не назовешь модной и не причислишь к резонансным, конфликт, на первый взгляд, типичен и потому страшен для людей, не забывших понятия «честь» и «совесть». Не стоит надеяться на то, что спектакль оценят люди, идущие к достижению поставленной цели, растаптывая историю своей страны и память о людях, защитивших отечество.</p><p><span>В спектакле не будет новомодных режиссерских приемов, но актерская искренность и самоотдача – всенепременно. Вы не услышите двусмысленных шуток и плоских острот, но скромное признание в любви к тому, кто рядом, и к родной стране прочувствуете сердцем. Вы не станете участником конфликта плохого и ужасного, но удивитесь тому, как отзовется душа на все, что казалось не столь важным.</span></p><p><span>Кто-то назовет увиденное интересным, кто-то будет сдержан в оценке, но очевидно одно: равнодушных после спектакля окажется совсем мало, если такие люди вообще будут.</span></p>", "shortDescription": "Постановка о том, как много мужества необходимо сегодня для защиты человеческого достоинства.", "min_price": 200, "max_price": 900, "link": "http://soprichastnost.ru/?page_id=11335#listim_iframe", "needCheck": true, "status": "accepted", "updateDate": 1638262270981, "start": 1490630400000, "end": 1637257200000, "createDate": 1488203181421, "inAccepted": true, "acceptDate": 1634820292761, "image": {"author": "Р. Валиуллин", "name": "3c0ce1cd5d7f72a359a94ce401b6b544.jpg", "realName": "IMG_3252.jpg", "source": "Театр «Сопричастность»"}, "photo": "https://pro.culture.ru/uploads/3c0ce1cd5d7f72a359a94ce401b6b544.jpg", "gallery": ["https://pro.culture.ru/uploads/4d7fa8adb64352c1ca03ec72fd5a1db5.jpg", "https://pro.culture.ru/uploads/e1405524ae58096ee466dcfc22570e13.jpg", "https://pro.culture.ru/uploads/c7058bc19d15d7a19bf051f707168666.jpg", "https://pro.culture.ru/uploads/42172318ef4c507cc0756439c505a3f2.jpeg", "https://pro.culture.ru/uploads/7d53c2d1ac896cff0fea4fcbaba2071c.jpeg"], "category": {"name": "Спектакли", "sysName": "spektakli"}, "time": {"start": "2017-03-27 16:00:00", "end": "2021-11-18 17:40:00"}}, {"id": 17899, "name": "Спектакль «Молчанье – золото»", "age": 12, "description": "<p><span>Пьеса </span>Педро Кальдеронабыла написана автором более трехсот лет назад, но и сегодня она остается удивительно современной и интересной.</p><p><span>Блестящий перевод Натальи Ванханен позволяет актерам легко перевоплотиться в знатных и храбрых кабальеро, их хитроумных слуг, благородных дам и их верных служанок. Здесь под покровом ночи совершается ошибка, а героям нужно </span><span>либо заплатить за неё, </span><span>либо… исправить. </span>Интрига пьесы заключена в её развязке. </p><p>На спектакль «Молчанье – золото» приглашаются все желающие. Он обещает быть насыщенным и интересным.</p>", "shortDescription": "Пьеса Педро Кальдерона, ставшая предтечей всех известных сочинений, посвященных Дон Жуану.", "min_price": 300, "max_price": 1500, "link": "https://www.ticketland.ru/teatry/teatr-soprichastnost/", "status": "accepted", "updateDate": 1639126266665, "start": 1474815600000, "end": 1644000900000, "createDate": 1447939737274, "inAccepted": true, "acceptDate": 1639126269971, "image": {"author": "Р. Валиуллин", "name": "57e580e27517199aab6bba44d8a4b04b.jpeg", "realName": "_C281095=.jpg", "source": "Театр «Сопричастность»"}, "photo": "https://pro.culture.ru/uploads/57e580e27517199aab6bba44d8a4b04b.jpeg", "gallery": ["https://pro.culture.ru/uploads/aaa0cd0fce2b309e940aa6db0d4b433f.jpeg", "https://pro.culture.ru/uploads/f97be9a2a00792e65c19202a358038ab.jpeg", "https://pro.culture.ru/uploads/b6136f2334743de078dfc318a376df00.jpeg", "https://pro.culture.ru/uploads/0e7cc521cf3b154c0fbf6f653bbd4a3b.jpeg", "https://pro.culture.ru/uploads/6b866a336ba7cf7bce349d33bfc4b18a.jpeg", "https://pro.culture.ru/uploads/af290d6df5b7d3f00af69feae3d4daa9.jpeg"], "category": {"name": "Спектакли", "sysName": "spektakli"}, "time": {"start": "2016-09-25 15:00:00", "end": "2022-02-04 18:55:00"}}, {"id": 17101, "name": "Спектакль «Цветы запоздалые»", "age": 16, "description": "<p><span>Автором очередной интерпретации этого сочинения стала режиссер, народная артистка РФ Светлана Мизери. </span><span>У Чехова, как всегда, точно и тонко рассказанная история о столкновении разорившейся дворянской семьи с преуспевающим доктором из бывших крепостных. В орбиту этой истории вплетается любовь ее героини – княжны Маруси, нежного существа, пытающегося обустроить мир своих близких и найти выход своему искреннему влечению к доктору. В конечном итоге именно любовь Маруси выступает для Топоркова мерой ценности человеческого существования.</span></p>", "shortDescription": "Постановка по мотивам произведения Антона Чехова.", "min_price": 300, "max_price": 1500, "link": "https://www.ticketland.ru/teatry/teatr-soprichastnost/", "status": "accepted", "updateDate": 1640642088975, "start": 1474646400000, "end": 1644166800000, "createDate": 1447419572386, "inAccepted": true, "acceptDate": 1639124396318, "image": {"author": "Р. Валиуллин", "name": "69ba6ecbd94a3b023e5cc618f6601332.jpg", "realName": "1586864cc6cf7673da0346210f1ffff4_w2048_h2048.jpg", "source": "Театр «Сопричастность»"}, "photo": "https://pro.culture.ru/uploads/69ba6ecbd94a3b023e5cc618f6601332.jpg", "gallery": ["https://pro.culture.ru/uploads/b975fda7557d9c8b4c03be9781b493c0.jpeg", "https://pro.culture.ru/uploads/7523f40cad0e46ee780aa30668ce1995.jpeg", "https://pro.culture.ru/uploads/71ac9d2a86114d5f6c31fcb2f980c396.jpeg", "https://pro.culture.ru/uploads/e149780c0c3cd3618ee9374095b8a358.jpeg"], "category": {"name": "Спектакли", "sysName": "spektakli"}, "time": {"start": "2016-09-23 16:00:00", "end": "2022-02-06 17:00:00"}}, {"id": 13751, "name": "Спектакль «Провинциалка»", "age": 12, "description": "<p>Мало кто знает, что Иван Тургенев, автор знаменитого цикла рассказов «Записки охотника», занимался также драматургией. Более того, спектакль по одной из пьес под названием «Провинциалка» можно увидеть на сцене московского драматического театра «Сопричастность». </p><p>Это забавная и поучительная комедия, которая посвящена женщинам, их силе и могуществу. Уже в XIX веке стало очевидно, что дамы не собираются оставаться в тени своих мужей, занимаясь лишь детьми, домоводством и рукоделием. На смену скромных семейных особ приходят свободные молодые женщины, которые знают, что они хотят, и добиваются поставленных целей.</p><p>Сюжет спектакля таков: жена скромного и робкого провинциального чиновника решает, что пора поменять семейную жизнь к лучшему. Поэтому она берет его продвижение по службе в свои руки. Тем более что в город приезжает ее давний друг граф Любин, что сулит ей большие надежды на счастье и процветание.</p>", "shortDescription": "Комедия, посвященная женщинам.", "min_price": 300, "max_price": 1500, "link": "https://www.ticketland.ru/teatry/teatr-soprichastnost/", "status": "accepted", "updateDate": 1640642098793, "start": 1475078400000, "end": 1645722900000, "createDate": 1445519132102, "inAccepted": true, "acceptDate": 1639125235737, "image": {"author": "С. Шерстнёв", "name": "7a55c9d5e0ef44dc66a1d40cebfa1d29.jpeg", "realName": "02.jpg", "source": "театр «Сопричастность»"}, "photo": "https://pro.culture.ru/uploads/7a55c9d5e0ef44dc66a1d40cebfa1d29.jpeg", "gallery": ["https://pro.culture.ru/uploads/e2cfc1a5c71730f976effed967ac1fd0.jpg", "https://pro.culture.ru/uploads/529a6cf3d98ee021e98f2607cda95691.jpeg", "https://pro.culture.ru/uploads/840cfe7a1f12a1070e681118a234fab8.jpeg", "https://pro.culture.ru/uploads/116bff8adb133c158ec04ab5efe86813.jpeg", "https://pro.culture.ru/uploads/c73dd266a9611760e6c310d3196f1764.jpeg"], "category": {"name": "Спектакли", "sysName": "spektakli"}, "time": {"start": "2016-09-28 16:00:00", "end": "2022-02-24 17:15:00"}}, {"id": 12679, "name": "Спектакль «Вишневый сад»", "age": 12, "description": "<p>Главным героем спектакля, поставленного в лучших традициях русского реалистического театра, является не персонаж, а образ вишневого сада – символ дворянской России.</p><p>В жизни Раневской слишком много потерь: она похоронила мужа, потом у нее утонул маленький сын. Неужели горести будут преследовать ее всю жизнь? Расстаться с родным домом и садом для нее большое горе. Но финансовые дела Раневской запущены – она была слишком беспечна, а теперь уже ничего не поправишь. </p><p>Имение покупает предприниматель, который вырубит сад и на его месте построит дачи. Раневская прощается не только с чудесным садом, но и со своей прошлой жизнью, с теми людьми, которые ее окружали в имении. Хватит ли у нее душевных сил начать новую жизнь?</p>", "shortDescription": "Постановка по мотивам пьесы Антона Чехова.", "min_price": 300, "max_price": 1500, "link": "https://www.ticketland.ru/teatry/teatr-soprichastnost/", "status": "accepted", "updateDate": 1640642077337, "start": 1476460800000, "end": 1644604200000, "createDate": 1445000406212, "inAccepted": true, "acceptDate": 1639124417113, "image": {"author": "Р. Валиуллин", "name": "0825c28210f9d8720bf2609448293f31.jpeg", "realName": "cherry-089.jpg", "source": "Театр «Сопричастность»"}, "photo": "https://pro.culture.ru/uploads/0825c28210f9d8720bf2609448293f31.jpeg", "gallery": ["https://pro.culture.ru/uploads/ccdd9d4cdb065f550a96d50cf126d310.jpg", "https://pro.culture.ru/uploads/86609ae40887620043e73f0d183067a3.jpg", "https://pro.culture.ru/uploads/23a61affc840032ba6a1f60619aad27d.jpeg", "https://pro.culture.ru/uploads/9e70922c9730ce2f07fc5e10905e6b7b.jpeg"], "category": {"name": "Спектакли", "sysName": "spektakli"}, "time": {"start": "2016-10-14 16:00:00", "end": "2022-02-11 18:30:00"}}, {"id": 8914, "name": "Спектакль «На дне»", "age": 12, "description": "<p><span>В начале ХХ века Максим Горький много путешествовал по России, и последствия экономического кризиса привлекли его внимание. В своих же духовных поисках писатель находился в это время под большим впечатлением от романтической философии. Все это легло в исторический контекст написания им знаменитой пьесы «На дне» (1902).</span></p><p><span>Первоначально писатель назвал ее «Без солнца»: да, жизнь тяжела, полна неудач и потерь, но это потому, что в ней нет солнца, нет света, поэтому герои спотыкаются и не видят перспективы. Стоит только появиться лучу света, как многое станет ясным и понятным. </span></p><p><span>В такой трактовке главным персонажем является странник Лука, пытающийся показать окружающим путь к новой жизни. Впоследствии Максим Горький поменял название, пьеса ставилась в театрах уже как «На дне». </span><span>Осуществляя свою постановку, театр «Сопричастность» обратился к первоначальному названию и концепции пьесы, подчеркнув ее особую остроту в условиях нынешнего глобального экономического кризиса.</span></p>", "shortDescription": "По пьесе Максима Горького «На дне».", "min_price": 300, "max_price": 1500, "link": "https://www.ticketland.ru/teatry/teatr-soprichastnost/", "status": "accepted", "updateDate": 1640642082767, "start": 1477065600000, "end": 1645380000000, "createDate": 1442483246711, "inAccepted": true, "acceptDate": 1639124433098, "image": {"author": "Р. Валиуллин", "name": "0dc68b8299a314f98f998a5c0b9dde71.jpeg", "realName": "IMG_9715.JPG", "source": "Театр «Сопричастность»"}, "photo": "https://pro.culture.ru/uploads/0dc68b8299a314f98f998a5c0b9dde71.jpeg", "gallery": ["https://pro.culture.ru/uploads/a3e5bf6badc3a425e1d070a434402bac.jpeg", "https://pro.culture.ru/uploads/947a3527d637eb2bf8348f95cdf17638.jpeg", "https://pro.culture.ru/uploads/5cbb8032adc13989042c9bc4578a9d45.jpeg", "https://pro.culture.ru/uploads/c405b6ef35d0292099003a52b4ad6114.jpeg", "https://pro.culture.ru/uploads/9ff85d8ab14af503fd49f4cdce0b9f84.jpeg"], "category": {"name": "Спектакли", "sysName": "spektakli"}, "time": {"start": "2016-10-21 16:00:00", "end": "2022-02-20 18:00:00"}}, {"id": 8894, "name": "Спектакль «Смерть Тарелкина»", "age": 12, "description": "<p>«Смерть Тарелкина» – заключительная пьеса трилогии «Картины прошедшего» («Свадьба Кречинского», «Дело») классика русской литературы А. В. Сухово-Кобылина. </p><p>Это история шантажа и мнимой смерти Тарелкина – чиновника, «маленького человека», винтика системы. Чтобы покончить со своими злоключениями и начать новую жизнь, Тарелкин решает обмануть всех окружающих, разыграв собственную смерть. Однако по своим моральным качествам и поведению страдалец и сам недалеко ушел от своих мучителей. </p><p>Тарелкин выглядит редкостным мерзавцем, о котором никто и доброго слова замолвить не может. Так, гротесковое единство жертвы и палачей оказывается изнанкой знакомой зрителю темы «маленького человека».</p>", "shortDescription": "Умопомрачительный сюжет, динамичное развитие событий, почти детективная интрига.", "min_price": 300, "max_price": 1500, "link": "https://www.ticketland.ru/teatry/teatr-soprichastnost/", "status": "accepted", "updateDate": 1639058882586, "start": 1475251200000, "end": 1642872600000, "createDate": 1442479613536, "inAccepted": true, "acceptDate": 1639058882646, "image": {"author": "Р. Валиуллин", "name": "b98f605ca4f1545fc122762a1a482815.jpg", "realName": "UxyVTfqq.inettools.net.resize.image.jpg", "source": "Театр «Сопричастность»"}, "photo": "https://pro.culture.ru/uploads/b98f605ca4f1545fc122762a1a482815.jpg", "gallery": ["https://pro.culture.ru/uploads/12cf05745f2e4328538401d97f6c7808.jpg", "https://pro.culture.ru/uploads/2b8527a10b4e09b98e4951cd526320a3.jpg", "https://pro.culture.ru/uploads/0ecf3527be12f6eb143b97197cddc8fb.JPG", "https://pro.culture.ru/uploads/e124add0e11b8c4cf1cd8466d544ec44.jpg", "https://pro.culture.ru/uploads/cf721ed82ac9374128ddcee5d8329ab8.jpeg", "https://pro.culture.ru/uploads/f3d3152c0a253ac9a1b66303226d9e9c.jpeg"], "category": {"name": "Спектакли", "sysName": "spektakli"}, "time": {"start": "2016-09-30 16:00:00", "end": "2022-01-22 17:30:00"}}]}