{"11848": [{"id": 1510820, "name": "Спектакль «Фантазии Фарятьева»", "age": 16, "description": "<p> Пьеса прошла практически по всем театрам страны и широко шла за рубежом. История, которая произошла в Очакове с мамой и двумя ее дочерями. Старшая – Шура, настройщик пианино, безнадежно влюбленная, которой давно пора замуж. Младшая – прагматичная Люба представляет андеграундную молодежь, вечно троллящую и вечно стебущую близких. Появление в жизни их семьи некрасивого человека Павла Фарятьева навсегда меняет их жизнь и играет злую шутку со всеми героями спектакля.<br />Прибавим к этому, влюбленную в человека, похожего на Президента Белоруссии маму и получим мелодраматичный, стильный и веселый спектакль от авторов блокбастера «Варшавская Мелодия».<br /><br />Спектакль многослойный и многогранный, на разрыве реальности и фантасмагории, о борьбе с одиночеством, которого все больше в жизни современного человека.<br /></p>", "shortDescription": "Легендарная пьеса Аллы Соколовой, впервые поставленная в БДТ Сергеем Юрским.", "min_price": 600, "max_price": 1300, "link": "https://w.intickets.ru/seance/12178510/?wkey=10726595", "status": "accepted", "updateDate": 1639688210246, "start": 1646492400000, "end": 1646503200000, "createDate": 1638792359628, "inAccepted": true, "acceptDate": 1639688210508, "image": {"author": "Федор Степанов", "name": "cd9324ba51b4268aca42db404cd6c140.jpeg", "realName": "WhatsApp Image 2021-03-25 at 14.19.50 (2).jpeg", "source": "http://kcsalut.ru/afisha/spectacle/1377/"}, "photo": "https://pro.culture.ru/uploads/cd9324ba51b4268aca42db404cd6c140.jpeg", "gallery": [], "category": {"name": "Спектакли", "sysName": "spektakli"}, "time": {"start": "2022-03-05 15:00:00", "end": "2022-03-05 18:00:00"}}, {"id": 1489193, "name": "Спектакль «Юнона и Авось»", "age": 12, "description": "<p> «Юнона и Авось» является одной из наиболее популярных и востребованных​ рок-опер как на территории России, так и за рубежом. Рок-оперу «Юнона и Авось» в постановке Театра Алексея Рыбникова увидели зрители таких стран, как США, Канада, Германия,​ Франция, Швейцария, Израиль, Финляндия, Литва, Латвия, Эстония, страны ближнего зарубежья – Украина, Белоруссия, Казахстан, Азербайджан. Более 50 спектаклей в год театр дает по всей территории России – от Калининграда до Владивостока, от Архангельска до Владикавказа. </p>", "shortDescription": "Самая известная рок-опера на российской сцене.", "min_price": 1500, "max_price": 4000, "link": "https://iframeab-pre1432.intickets.ru/seance/12030267/", "status": "accepted", "updateDate": 1638847665402, "start": 1641567600000, "end": 1641578400000, "createDate": 1638176803814, "inAccepted": true, "acceptDate": 1638847665562, "image": {"author": "Сергей Петров", "name": "a6feffab95dd6f6809894135b5a4cf79.jpeg", "realName": "PHcS7flcHLcV.jpg", "source": "https://i.redomm.ru/PHcS7flcHLcV.jpg"}, "photo": "https://pro.culture.ru/uploads/a6feffab95dd6f6809894135b5a4cf79.jpeg", "gallery": [], "category": {"name": "Спектакли", "sysName": "spektakli"}, "time": {"start": "2022-01-07 15:00:00", "end": "2022-01-07 18:00:00"}}, {"id": 1483587, "name": "Спектакль «Юнона и Авось»", "age": 12, "description": "<p>«Юнона и Авось» – самая известная рок-опера на российской сцене. Авторы – выдающийся русский композитор Алексей Рыбников и поэт Андрей Вознесенский. Постановку рок-оперы в авторской версии осуществил театр под руководством народного артиста РФ, лауреата Государственной премии РФ, композитора Алексея Львовича Рыбникова.</p><p> Полная авторская версия Алексея Рыбникова призвана возвратить изначальную идею авторов. В новой версии оперы соединились традиции русской духовной музыки, народный фольклор, жанры массовой «городской» музыки с образными, идейными и эстетическими приоритетами композитора. <br /></p><p>Главный акцент сделан на музыкальной составляющей спектакля. Вокальные номера поставлены прославленной певицей, заслуженной артисткой РФ Жанной Рождественской. Великолепные хореографические номера в постановке Жанны Шмаковой делают рок-оперу ярким незабываемым зрелищем. Главный режиссер спектакля – Александр Рыхлов, один из лучших московских режиссеров музыкального театра.</p><p>В спектакле заняты блестящие московские артисты – звезды новой волны. В роли графа Николая Резанова – братья Никита и Александр Поздняковы, актер театра и кино Николай Дроздовский. Роль Кончиты исполняют Светлана Бакаева, Анна Март, Елизавета Виноградова. Также в спектакле задействованы ведущие актеры Театра Алексея Рыбникова: Екатерина Кульчицкая, Николай Лютов, Ив Набиев (победитель проекта «Успех», канал СТС) и другие.</p><p>Продолжительность – 1 час 20 минут (1 отделение без антракта).</p>", "shortDescription": "Рок-опера. Авторская версия в постановке Театра Алексея Рыбникова.", "min_price": 1200, "max_price": 4500, "link": "https://msk.kassir.ru/teatr/rok-opera-yunona-i-avos-rybnikov", "status": "accepted", "updateDate": 1640253597131, "start": 1638720000000, "end": 1641745800000, "createDate": 1637845841552, "inAccepted": true, "acceptDate": 1640253597159, "image": {"author": "Анастасия", "name": "cda246a69ecbc156affe7dbb92a14e49.jpeg", "realName": "630-420.jpg", "source": "https://msk.kassir.ru/teatr/rok-opera-yunona-i-avos-rybnikov"}, "photo": "https://pro.culture.ru/uploads/cda246a69ecbc156affe7dbb92a14e49.jpeg", "gallery": ["https://pro.culture.ru/uploads/d67d8422016d5b86ef93504d058841b5.jpeg", "https://pro.culture.ru/uploads/24df230a204bfbdfa2d1363fbdc62838.jpeg", "https://pro.culture.ru/uploads/c5055f85e899cb73d4fb6c29b4abab1d.jpeg"], "category": {"name": "Спектакли", "sysName": "spektakli"}, "time": {"start": "2021-12-05 16:00:00", "end": "2022-01-09 16:30:00"}}, {"id": 1369943, "name": "Спектакль «Ваня и крокодил»", "age": 6, "description": "<p> Музыка, которая прозвучит в постановке, написана известным композитором Григорием Ауэрбахом. В его творческом багаже – музыка более чем к шестидесяти театральным постановкам, четырем художественным фильмам, одному полнометражному мультфильму, нескольким телевизионным программам. Музыкальная сказка была поставлена в 2010 году в театре Et Cetera.<br /></p><p>Будучи и веселой и драматичной, музыка будет интересна и увлекательна для юного зрителя. Эта постановка, пожалуй, может стать самым удачным первым опытом для ребенка при знакомстве с таким серьезным жанром, как опера. Буквально все основные оперные формы представлены здесь во всем многообразии!<br /><br />Яркая, красочная постановка не даст скучать ни минуты. Зрители совершат путешествие из буржуазного Петрограда в экзотическую Африку. Горилла, тигрица, зебра, гиппопотам, крокодил и крокодилица – каких только персонажей нет в этом спектакле! </p>", "shortDescription": "Зрители увидят интересное, динамичное игровое действо в постановке Олеси Невмержицкой.", "min_price": 600, "max_price": 900, "link": "https://iframeab-pre1432.intickets.ru/seance/12019923/", "status": "accepted", "updateDate": 1633505533402, "start": 1637485200000, "end": 1637492400000, "createDate": 1633429923730, "inAccepted": true, "acceptDate": 1633505533413, "image": {"author": "Светлов Игорь", "name": "f1bdbffbcb8712e9233686f0368f15e4.jpeg", "realName": "3c656fdf034713a09025e6be0f53b606.jpg", "source": "https://mosoblfil.ru/upload/iblock/3c6/3c656fdf034713a09025e6be0f53b606.jpg"}, "photo": "https://pro.culture.ru/uploads/f1bdbffbcb8712e9233686f0368f15e4.jpeg", "gallery": [], "category": {"name": "Спектакли", "sysName": "spektakli"}, "time": {"start": "2021-11-21 09:00:00", "end": "2021-11-21 11:00:00"}}, {"id": 1289813, "name": "Концерт Александра Серова", "age": 12, "description": "<p> Александр Серов – мужчина, который разбил миллионы женских сердец, исполнив легендарный хит «Я люблю тебя до слез». С момента выхода этой восхитительной оды любви прошло более двадцати лет, но популярность исполнителя, ни на минуту не стихает. ... Наверняка, вы мечтаете посетить В сотрудничестве с композитором Игорем Крутым исполнил такие популярные музыкальные произведения, как: «Ты меня любишь», «Как быть», «Мадонна» на стихи Риммы Казаковой, «Я люблю тебя до слез» и «Звездопад» на стихи Игоря Николаева. «Музыка венчальная», «Сюзанна».</p>", "shortDescription": "Артист исполнит любимые песни.", "min_price": 1500, "max_price": 2800, "link": "https://iframeab-pre1432.intickets.ru/seance/11923483/", "status": "accepted", "updateDate": 1629983914669, "start": 1635955200000, "end": 1635964200000, "createDate": 1629805927820, "inAccepted": true, "acceptDate": 1629984684860, "image": {"author": "Николай Волков", "name": "8a0789cafca803606a6cc7c24de1c1cc.jpeg", "realName": "maxresdefault.jpg", "source": "https://yandex.ru/images/search?text=Александр%20Серов%20фото&img_url=https%3A%2F%2Fcupofnews.ru%2Fuploads%2Fposts%2F2019-05%2Faleksandr-serov-nazval-muzha-docheri-dostoynym-chelovekom_1.jpg&rpt=simage&source=qa&stype=image&lr=213&parent-reqid=1629805231874451-5636059013862613607-vla1-2359-vla-l7-balancer-prod-8080-BAL-8544"}, "photo": "https://pro.culture.ru/uploads/8a0789cafca803606a6cc7c24de1c1cc.jpeg", "gallery": [], "category": {"name": "Концерты", "sysName": "koncerty"}, "time": {"start": "2021-11-03 16:00:00", "end": "2021-11-03 18:30:00"}}, {"id": 1289738, "name": "Спектакль «Хочу купить вашего мужа»", "age": 12, "description": "<p> Сюжет этой уморительно смешной истории довольно необычен, но, скорее всего, был взят автором из реальной жизни (как и все его творчество, основанное на наблюдениях и метких замечаниях). </p><p>В дом супружеской пары, которая готовится отмечать очередную годовщину свадьбы, приходит незнакомка. Девушка на поверку оказывается любовницей супруга, и пока того нет дома, находчивая гостья предлагает супру... Молодая разлучница предлагает выкупить у вас… вашего мужа за кругленькую сумму. Как бы вы среагировали на такое предложение? </p>", "shortDescription": "Как в этой, мягко говоря, неординарной ситуации поступит обманутая жена? ", "min_price": 1300, "max_price": 2500, "link": "https://iframeab-pre1432.intickets.ru/seance/11915948/", "status": "accepted", "updateDate": 1629875132198, "start": 1635087600000, "end": 1635098400000, "createDate": 1629805185177, "inAccepted": true, "acceptDate": 1629906895032, "image": {"author": "Константин Федоров", "name": "ec796151960b910476215d1f760e0efb.jpeg", "realName": "DSC08510.jfif", "source": "https://yandex.ru/images/search?pos=22&img_url=https%3A%2F%2Fpbs.twimg.com%2Fmedia%2FEDyy9cHWsAEaZ33.jpg&text=спектакль+хочу+купить+вашего+мужа&rpt=simage&lr=213&source=wiz"}, "photo": "https://pro.culture.ru/uploads/ec796151960b910476215d1f760e0efb.jpeg", "gallery": [], "category": {"name": "Спектакли", "sysName": "spektakli"}, "time": {"start": "2021-10-24 15:00:00", "end": "2021-10-24 18:00:00"}}, {"id": 1289695, "name": "Программа «Джаз и классика»", "age": 12, "description": "<p><span>В программе прозвучат «Anvil Chorus» (по мотивам «Хора Цыган» из оперы «Трубадур» Джузеппе Верди), «Tchakowsky’s piano concerto» (по мотивам первого фортепианного концерта П.И. Чайковского) и «Song of the Volga boatmen» (Песня бурлаков на Волге) в аранжировке Оркестра Гленна Миллера, произведение «24 Caprice Paganini» в аранжировке Оркестра Benny Goodman и фрагменты из сюиты «Пер Гюнт» от Дюка Эллингтона по мотивам музыки Эдварда Грига.</span><span></span></p> <p><span>Еще одной изюминокой программы в этом сезоне будет исполнение крупных форм от джазовых авторов. Прозвучит концерт Арти Шоу для кларнета с оркестром, «Diminuendo and Crescendo in Blue», фрагменты «Black, Brown and Beige» великого Дюка Эллингтона.</span><span></span></p>", "shortDescription": "В этот вечер с Оркестром «Столичный джаз» выступят вокалисты Алексей Зыкин и Алена Французова.", "min_price": 700, "max_price": 700, "link": "https://iframeab-pre1432.intickets.ru/seance/11978781/", "status": "accepted", "updateDate": 1629992577854, "start": 1636898400000, "end": 1636905600000, "createDate": 1629804620397, "inAccepted": true, "acceptDate": 1630057827897, "image": {"author": "Федор Ляшкевич", "name": "dd25d66b9492c6eca2cc44c6ff67af7c.jpeg", "realName": "WhatsApp Image 2021-08-26 at 17.28.01 (1).jpeg", "source": "https://vk.com/photo-108907049_457239296"}, "photo": "https://pro.culture.ru/uploads/dd25d66b9492c6eca2cc44c6ff67af7c.jpeg", "gallery": [], "category": {"name": "Концерты", "sysName": "koncerty"}, "time": {"start": "2021-11-14 14:00:00", "end": "2021-11-14 16:00:00"}}, {"id": 1289650, "name": "Концерт Стаса Пьехи", "age": 12, "description": "<p> Российский певец. Участник проекта «Фабрика звезд». Внук певицы, народной артистки СССР Эдиты Пьехи и композитора Александра Броневицкого, сын Илоны Броневицкой. В творческом багаже певца 3 альбома: «Одна звезда», «Иначе» и «Десять»; 20 видеоклипов; сотни концертов, радиоэфиров и съемок в телевизионных программах. </p><p>На концерте Стас исполнит все песни в живую, подарит столько радости, позитива , счастья и море хорошей музыки!</p><p>Артист исполнит песни: Я с тобой, Думать о ней, На ладони линия, Счастье, Без тебя, Гордость, Я и ты, Моя прекрасная леди, Она Не Твоя, Думать О Ней.</p><p> </p>", "shortDescription": "Артист исполнит любимые песни.", "min_price": 1500, "max_price": 3500, "link": "https://iframeab-pre1432.intickets.ru/seance/11973997/", "status": "accepted", "updateDate": 1629983660066, "start": 1638111600000, "end": 1638118800000, "createDate": 1629804109652, "inAccepted": true, "acceptDate": 1629984690054, "image": {"author": "Виктория Новикова", "name": "37094e7db7c4fd589884e3638bea8ab5.jpeg", "realName": "2020-08-12_305-627587_624.jpg", "source": "https://yandex.ru/images/search?text=Стас%20Пьеха%20фото&img_url=http%3A%2F%2Fkyfik-oleg.ru%2Fwp-content%2Fuploads%2F2019%2F11%2FStaspieha-800x802.jpg&rpt=simage&source=qa&stype=image&lr=213&parent-reqid=1629802115154536-3473004867816947829-vla1-5741-vla-l7-balancer-prod-8080-BAL-3432"}, "photo": "https://pro.culture.ru/uploads/37094e7db7c4fd589884e3638bea8ab5.jpeg", "gallery": [], "category": {"name": "Концерты", "sysName": "koncerty"}, "time": {"start": "2021-11-28 15:00:00", "end": "2021-11-28 17:00:00"}}, {"id": 1289478, "name": "Спектакль «С чистого листа»", "age": 12, "description": "<p> Жизнь не стоит на месте, и женщины уже не сидят дома за вязанием и пяльцами и не ждут у окошка своих мужей. Век – это век женщин способных вершить судьбы и править миром. В тени таких женщин мужская сила и лоск блекнет, тускнеет… </p><p>Это история о том, что все можно вернуть, начать с начала: вновь стать успешным, привлекательным и обрести любовь. Но все это возможно, если рядом она, единственная, и она в тебя верит. Лирическая комедия с крупинками острого и живого юмора в исполнении известных актеров не оставит зрителю ни единого шанса заскучать. </p>", "shortDescription": "Это история о немолодой одинокой женщине.", "min_price": 750, "max_price": 5000, "link": "https://iframeab-pre1432.intickets.ru/seance/11975509/", "status": "accepted", "updateDate": 1629873961414, "start": 1631289600000, "end": 1631296800000, "createDate": 1629801974042, "inAccepted": true, "acceptDate": 1629906913476, "image": {"author": "Степан Иванов", "name": "8c32c5d46e377cea637043411b4c2728.jpeg", "realName": "krSYGTWOI700CdwHLog23jk8JzwdHJNU.jpg", "source": "https://yandex.ru/images/search?text=спектакль+с+чистого+листа&img_url=https%3A%2F%2Fscontent-hel3-1.cdninstagram.com%2Fv%2Ft51.2885-15%2Ffr%2Fe15%2Fs1080x1080%2F154112788_1364580987212434_1099960880498249597_n.jpg%3Ftp%3D1%26_nc_ht%3Dscontent-hel3-1.cdninstagram.com%26_nc_cat%3D110%26_nc_ohc%3DJr1ONbtVo8EAX9vZdfE%26edm%3DABfd0MgAAAAA%26ccb%3D7-4%26oh%3Dbc4354817f23ce1ad33d894f45b29756%26oe%3D609084D5%26_nc_sid%3D7bff83&pos=0&rpt=simage&stype=image&lr=213&parent-reqid=1629801400059739-6539278970522148751-vla1-2676-vla-l7-balancer-prod-8080-BAL-356&source=wiz"}, "photo": "https://pro.culture.ru/uploads/8c32c5d46e377cea637043411b4c2728.jpeg", "gallery": [], "category": {"name": "Спектакли", "sysName": "spektakli"}, "time": {"start": "2021-09-10 16:00:00", "end": "2021-09-10 18:00:00"}}, {"id": 1277309, "name": "Концерт группы «Кватро»", "age": 6, "description": "<p> Вокалисты исполняют романсы и классику в современной аранжировке, советские шлягеры и мировые хиты на русском и английском языках. Коллектив записал десятки альбомов («Советские шлягеры», «Шедевры русского романса», «Песни Победы», «Русская зима», Classical и др.), успел поработать с лучшими симфоническими оркестрами планеты, а также с Пласидо Доминго, Майклом Болтоном, Дмитрием Хворостовским и другими звездами.<br /><br />Творчество КВАТРО знает и любит вся Россия. На концерты коллектива приезжают из разных уголков необъятной Родины. В глазах зрителей – неподдельные эмоции – слезы счастья и беззаботные улыбки, которые можно получить только путем погружения в настоящее искусство. КВАТРО чувствуют сильнейшую отдачу от слушателей и это заряжает артистов на покорение новых вершин.<br /><br />Каждый концерт коллектива, даже на самых больших площадках страны, превращается в теплый вечер единомышленников, где на несколько голосов звучат гимны о любви, лирические баллады и зажигательные хиты, где поют не только артисты, но и зрители. </p>", "shortDescription": "Артисты исполнят романсы и классику в современной аранжировке.", "min_price": 1500, "max_price": 3500, "link": "https://iframeab-pre1432.intickets.ru/seance/11908087/", "status": "accepted", "updateDate": 1629448602540, "start": 1632931200000, "end": 1632941100000, "createDate": 1629196977101, "inAccepted": true, "acceptDate": 1629480186924, "image": {"author": "Алексей Сергеев", "name": "ee7c5e720a76edc7be3555ade4976ad7.jpeg", "realName": "WhatsApp Image 2021-08-17 at 17.54.45.jpeg", "source": "http://ru.wikipedia.org/wiki/Kvatro"}, "photo": "https://pro.culture.ru/uploads/ee7c5e720a76edc7be3555ade4976ad7.jpeg", "gallery": [], "category": {"name": "Концерты", "sysName": "koncerty"}, "time": {"start": "2021-09-29 16:00:00", "end": "2021-09-29 18:45:00"}}, {"id": 1257221, "name": "Спектакль «Фантазии Фарятьева»", "age": 16, "description": "<p> Пьеса прошла практически по всем театрам страны и широко шла за рубежом. История, которая произошла в Очакове с мамой и двумя ее дочерьми. Старшая – Шура, настройщик пианино, безнадежно влюбленная, которой давно пора замуж. Младшая – прагматичная Люба – представляет андеграундную молодежь, вечно троллящую и вечно стебущую близких. Появление в жизни их семьи некрасивого человека Павла Фарятьева навсегда меняет их жизнь и играет злую шутку со всеми героями спектакля. Можно прибавить к этому влюбленную в человека, похожего на президента Белоруссии, маму и получить мелодраматичный, стильный и веселый спектакль от авторов блокбастера «Варшавская мелодия».</p><p>Спектакль многослойный и многогранный, на разрыве реальности и фантасмагории, о борьбе с одиночеством, которого все больше в жизни современного человека.<br /> </p>", "shortDescription": "Гостей ждет легендарная пьеса Аллы Соколовой.", "min_price": 600, "max_price": 1300, "link": "https://iframeab-pre1432.intickets.ru/event/11503703/", "status": "accepted", "updateDate": 1629961362963, "start": 1633791600000, "end": 1638640800000, "createDate": 1628197866107, "inAccepted": true, "acceptDate": 1629985445571, "image": {"author": "Федор Степанов", "name": "17fd08875d24ad875afc5fd8c3e1720a.jpeg", "realName": "WhatsApp Image 2021-03-25 at 14.19.51 (2).jpeg", "source": "https://instagram.com/mosigrteatr?utm_medium=copy_link"}, "photo": "https://pro.culture.ru/uploads/17fd08875d24ad875afc5fd8c3e1720a.jpeg", "gallery": [], "category": {"name": "Спектакли", "sysName": "spektakli"}, "time": {"start": "2021-10-09 15:00:00", "end": "2021-12-04 18:00:00"}}, {"id": 1257215, "name": "Спектакль «Варшавская мелодия»", "age": 12, "description": "<p> Пьеса о паре влюбленных, чьи судьбы были разбиты советским законом, запрещающим жениться на иностранках, сегодня, казалось бы, потеряла свою злободневность. Закона такого уже никто не помнит. Но, что удивительно, пьеса живет, и ее продолжают активно ставить театры. Закономерный вопрос – почему? А потому что конфликт вечен: плыть по течению, подчиняться обстоятельствам или отстаивать свое право на счастье, бороться до конца? Виктор (злая ирония имени «победитель») выбирает первый путь, а хрупкая девушка Геля остается верной своей любви и проносит ее через всю жизнь… </p>", "shortDescription": "Современные Ромео и Джульетта не сумели сохранить счастья, подаренного им их любовью.", "min_price": 600, "max_price": 1300, "link": "https://iframeab-pre1432.intickets.ru/event/11155374/", "status": "accepted", "updateDate": 1629961511666, "start": 1635606000000, "end": 1638036000000, "createDate": 1628196752634, "inAccepted": true, "acceptDate": 1629983239238, "image": {"author": "Федор Степанов", "name": "b403c6b96c6c303ae85a67236ed57661.jpeg", "realName": "5.jpg", "source": "https://instagram.com/mosigrteatr?utm_medium=copy_link"}, "photo": "https://pro.culture.ru/uploads/b403c6b96c6c303ae85a67236ed57661.jpeg", "gallery": [], "category": {"name": "Спектакли", "sysName": "spektakli"}, "time": {"start": "2021-10-30 15:00:00", "end": "2021-11-27 18:00:00"}}, {"id": 1253583, "name": "Спектакль «Утиная охота»", "age": 16, "description": "<p> Это сплав бытовой драмы, поэтизированной притчи и высокой трагедии. Это история об одиночестве и потерянности в жизни. Мир вывихнут, мир расшатался, люди утратили интерес и вкус к жизни... Иллюзия движения жизни, времени, событийности по сути своей есть карусельный бег по кругу. </p><p>Зилов – советский Гамлет, нерешительный герой, одинокий в окружении будто бы близких людей, отчаявшийся и лишенный надежд. Утиная охота для него – недостижимая, кажущаяся отдушиной, просветом в унынии повседневности, и одновременно не имеющая смысла. Не охота нужна Зилову, не утки, не выстрел даже – он мечтает о предрассветном тумане на реке. </p>", "shortDescription": "История о плохом хорошем человеке, о любви и ненависти, преданности и предательстве.", "min_price": 400, "max_price": 900, "link": "https://iframeab-pre1432.intickets.ru/seance/11970704/", "status": "accepted", "updateDate": 1629298770502, "start": 1638111600000, "end": 1638122400000, "createDate": 1628072174787, "inAccepted": true, "acceptDate": 1629302897165, "image": {"author": "Юлия Суворова", "name": "b2e155b97ff6a611c1096ce205b70536.jpeg", "realName": "WhatsApp Image 2021-08-17 at 18.15.00.jpeg", "source": "https://instagram.com/triptih_theatre?utm_medium=copy_link"}, "photo": "https://pro.culture.ru/uploads/b2e155b97ff6a611c1096ce205b70536.jpeg", "gallery": [], "category": {"name": "Спектакли", "sysName": "spektakli"}, "time": {"start": "2021-11-28 15:00:00", "end": "2021-11-28 18:00:00"}}, {"id": 1253543, "name": "Спектакль «Илиада. Начало»", "age": 12, "description": "<p>«Илиада» – древнейшее произведение европейской литературы и, наверное, самое суровое. </p><p>Первая песнь гомеровской «Илиады» повествует о событиях, случившихся на десятый год осады греками Трои. Отважный Ахиллес разгневан, и причиной его гнева стало нежелание ахейского вождя Агамемнона вернуть за вознаграждение украденную дочь жреца. В результате бог Аполлон наслал на ахейцев страшный мор...</p><p>В начале и финале звучит гомеровский гимн к Деметре – главный источник об Элевсинских мистериях, из которых родился сам театр. </p>", "shortDescription": "Постановка по эпической поэме о событиях Троянской войны.", "min_price": 300, "max_price": 500, "link": "https://iframeab-pre1432.intickets.ru/seance/11970724/", "status": "accepted", "updateDate": 1629362666730, "start": 1637413200000, "end": 1637420400000, "createDate": 1628071356058, "inAccepted": true, "acceptDate": 1629370294207, "image": {"author": "Юлия Суворова", "name": "caff913c544097a33d809c028932ad84.jpeg", "realName": "WhatsApp Image 2021-08-17 at 18.07.53.jpeg", "source": "https://instagram.com/theatre_studio_lirika?utm_medium=copy_link"}, "photo": "https://pro.culture.ru/uploads/caff913c544097a33d809c028932ad84.jpeg", "gallery": [], "category": {"name": "Спектакли", "sysName": "spektakli"}, "time": {"start": "2021-11-20 13:00:00", "end": "2021-11-20 15:00:00"}}]}