{"12385": [{"id": 1520912, "name": "Встреча с Вячеславом Евтых", "age": 6, "description": "<p><span>Широкой публике Вячеслав Евтых известен как популярный артист кавказской эстрады, автор и исполнитель хитов «Весна пришла», «Мадина», «Залина» и других. Его имя по-прежнему стоит в концертных программах, а в репертуаре появляются новые песни. Но главной площадкой для его творчества сегодня не сцена, а Дом культуры, директором которого он стал несколько лет назад. Управленец по образованию, Вячеслав <span> </span>помогает юным талантам преодолевать трудности, с которыми они сталкиваются на пути к высотам искусства.</span> </p> <p><span>Мастер спорта, певец, меломан</span><span> расскажет интересные факты о начале своей карьеры, о жизни, которая привела его к руководящей должности. Камерная атмосфера зала библиотеки позволит ближе познакомиться со звездой и задать ему интересующие вас вопросы. </span></p>", "shortDescription": "Знакомство с заслуженным артистом Республики Адыгея.", "min_price": 200, "max_price": 200, "link": "http://maykop-concert.ru/detail.php?uid=61b0b46802d51923d88d7340", "status": "accepted", "updateDate": 1639549727973, "start": 1639998000000, "end": 1640001600000, "createDate": 1639048148443, "inAccepted": true, "acceptDate": 1639549728066, "image": {"author": "АРЮБ", "name": "dd0b39b6e0170e1074434bfb32e5b1b6.jpeg", "realName": "евтых.jpg", "source": "https://www.арюб.рф/"}, "photo": "https://pro.culture.ru/uploads/dd0b39b6e0170e1074434bfb32e5b1b6.jpeg", "gallery": [], "category": {"name": "Встречи", "sysName": "vstrechi"}, "time": {"start": "2021-12-20 11:00:00", "end": "2021-12-20 12:00:00"}}, {"id": 1520626, "name": "Мастер-класс «Фруктовница снежинка»", "age": 0, "description": "<p><span> Уже декабрь, а это значит, что наступает время волшебства…</span><span> Можно радоваться зиме, запасаться новогодним настроением,<span> </span>дарить подарки себе и близким, творить и вытворять! И чтобы успеть насладиться всеми минутами декабря, необходимо все спланировать заранее.</span></p> <p><span> Каждый новогодний праздник хочется провести особенно: украсить дом, нарядить елку, тщательно продумать меню и необычную сервировку угощений. Изюминкой вашего новогоднего стола может стать посуда, которую вы сделаете своими руками вместе с детьми или в компании друзей. </span></p><p><span>Творчество – важная составляющая жизни! Однако многие люди не уделяют отдыху и хобби достаточно времени или забывают об этом совсем. Попробуйте себя в роли творца! Запас новогоднего настроения вы можете получить <span> </span>на особенном <span> </span>мастер-классе по изготовлению фруктовницы снежинки. Если вы боитесь, что на занятии будут только профи – можете не переживать! <span> </span>Каждый ученик чувствует себя комфортно и в своей керамической тарелке!</span></p> <p><span>Для веселья не всегда нужен повод. Вас ждет живое общение и классно проведенное время вместе! </span><span>Ведь от занятия керамикой – сплошные плюсы: п</span><span>риятный и податливый материал, у</span><span>влекательный и медитативный процесс, р</span><span>езультат – красивый и функциональный.</span></p><p><span> О тонкостях работы с глиной, об истории гончарного дела, о роли глины в истории человечества вы сможете узнать, ознакомившись с литературой, представленной на книжной выставке «Тайны гончаров».</span></p> <p><span> Собирайте компанию и приходите лепить и читать!</span></p>", "shortDescription": "Совместное мероприятие с гончарной школой «Колокол» по созданию посуды.", "min_price": 1500, "max_price": 1500, "link": "http://maykop-concert.ru/detail.php?uid=61b0be4802d51923d88d738f", "status": "accepted", "updateDate": 1639460501132, "start": 1639479600000, "end": 1639483200000, "createDate": 1639044501068, "inAccepted": true, "acceptDate": 1639460501290, "image": {"author": "АРЮБ", "name": "a37d7a8d1a568a21ca970e8b8b5f21cb.jpeg", "realName": "колокол.jpg", "source": "https://www.арюб.рф/"}, "photo": "https://pro.culture.ru/uploads/a37d7a8d1a568a21ca970e8b8b5f21cb.jpeg", "gallery": [], "category": {"name": "Обучение", "sysName": "obuchenie"}, "time": {"start": "2021-12-14 11:00:00", "end": "2021-12-14 12:00:00"}}]}