{"11819": [{"id": 1469463, "name": "Шоу «НЕЁлка»", "age": 6, "description": "<p><span>Культурный центр «Внуково» приглашает посетить новогоднее химическое шоу.</span></p><p><span>«НЕЁлка» – это </span><span>огромные дымные кольца, выстрелы жидким азотом на несколько метров вверх, разноцветный огонь, битва на огнетушителях, взрыв гигантского шара диаметром 1 м! Не обойдётся без праздничных ба-бахов и научного волшебства. Профессоры Фаер и Сноу покажут, как с помощью науки самым неожиданном образом появляются и исчезают предметы.</span></p><p><span>Зрители увидят расщепление огромных молний, лампы с непредсказуемым свечением, новогоднюю fire-стрижку и множество других чудес великого Николы Теслы. В программе – больше 20 экспериментов. В некоторых из них маленькие зрители примут самое активное участие.</span></p>", "shortDescription": "Участников мероприятия ждут увлекательные эксперименты.", "min_price": 1300, "max_price": 2200, "link": "https://listim.com/iframe/195/api?site=ccvnukovo.ru%23%2Fplace%2F289413%3Fview_mode%3Devents#/place/383090", "status": "accepted", "updateDate": 1637915550516, "start": 1640433600000, "end": 1640440800000, "createDate": 1637329628335, "inAccepted": true, "acceptDate": 1637765552595, "image": {"author": "Акопян Яна Арменаковна", "name": "a4f762438e0504704f99e5d9c08dacfa.jpeg", "realName": "3.jpg", "source": "Архив культурного центра"}, "photo": "https://pro.culture.ru/uploads/a4f762438e0504704f99e5d9c08dacfa.jpeg", "gallery": ["https://pro.culture.ru/uploads/cbb10a3f8ee0e4d0249f15732ec24392.jpeg"], "category": {"name": "Встречи", "sysName": "vstrechi"}, "time": {"start": "2021-12-25 12:00:00", "end": "2021-12-25 14:00:00"}}, {"id": 1452498, "name": "Спектакль «Снежная королева»", "age": 6, "description": "<p>Знаменитая история Ганса Христиана Андерсена про ребят, дружбу которых хочет разрушить холодная красавица королевских кровей, предстанет в жанре мюзикла с хореографическими сюрпризами.</p><p></p><p></p><p>Душевно поют, отменно танцуют не только Кай и Герда, на сцене – много героев, среди которых есть те, кто приятно удивит своим присутствием. Неожиданным сюрпризом станет и финал всеми любимой сказки – зрителей ждет двойной хеппи-энд.</p><p></p><p></p><p>Шанс стать счастливыми получат все, правда, воспользоваться им смогут способные чувствовать. На безнадежно черствых волшебство не действует – ни в сказках, ни в жизни.</p><p></p><p></p><p>Перевести датскую прозу XIX века на язык сторителлинга, понятный современным девочкам и мальчикам, – легко, ведь за дело берутся волшебники театра «Мост» во главе с Евгением Славутиным.</p><p></p><p></p><p>В 11:30 гостей ждет интерактивная программа, а в 12:00 – сам спектакль. После сказки в 13:00 будет организована фотосессия с героями и артистами «Снежной королевы». </p>", "shortDescription": "Новогодний сказочный мюзикл.", "min_price": 800, "max_price": 1500, "link": "https://listim.com/iframe/195/api?site=ccvnukovo.ru&cat_id=undefined&building_id=undefined#/place/382199?view_mode=events", "status": "accepted", "updateDate": 1637314553282, "start": 1639904400000, "end": 1639908000000, "createDate": 1636823152178, "inAccepted": true, "acceptDate": 1637133083635, "image": {"author": "Акопян Яна Арменаковна", "name": "afad745963de29109e2acaa7270707a0.jpeg", "realName": "imgonline-com-ua-Resize-9R8KHHjPp4H.jpg", "source": "Архив культурного центра"}, "photo": "https://pro.culture.ru/uploads/afad745963de29109e2acaa7270707a0.jpeg", "gallery": [], "category": {"name": "Спектакли", "sysName": "spektakli"}, "time": {"start": "2021-12-19 09:00:00", "end": "2021-12-19 10:00:00"}}, {"id": 1344472, "name": "Спектакль «Маленький принц»", "age": 12, "description": "<p><span>Спектакль «Маленький принц» в исполнении актеров Московского областного театра юного зрителя с любовью и трепетом рассказывает знаменитую историю Антуана де Сент-Экзюпери, мудрую и пронзительную, ярким театральным языком. Вместе с автором и его героем зрители посетят все астероиды Солнечной системы и познакомятся с их странными обитателями, станут свидетелями удивительной дружбы Маленького принца и Лиса, пройдут с главным героем непростой путь знакомства с прекрасной Розой и расставания с ней. Маленький принц узнает много нового и повзрослеет на глазах... </span></p><p><span>Совершенно точно, что это будет увлекательный и познавательный путь. Вместе с юными зрителями взрослые вспомнят о том, что нужно быть в ответе за тех, кого приручили, и только сердце может подсказать, что по-настоящему самое главное в жизни. Герои спектакля помогут взрослым увидеть себя со стороны, но сделают это в форме, привлекательной для молодых или совсем юных зрителей. Спектакль оживит легендарную аллегорическую историю Экзюпери так, чтобы она вышла со страниц книги на театральную сцену неизменно запоминающейся и невероятно обаятельной.</span></p>", "shortDescription": "Постановка по мотивам сказки Антуана де Сент-Экзюпери.", "min_price": 700, "max_price": 1100, "link": "https://www.ccvnukovo.ru/events/58/?listim_open_widget=1", "status": "accepted", "updateDate": 1636480612210, "start": 1636880400000, "end": 1636885200000, "createDate": 1632308351755, "inAccepted": true, "acceptDate": 1636480612218, "image": {"author": "Людмила Сафонова", "name": "63d8594c687697e7c70fd33f9e3f4d4b.jpeg", "realName": "0d04d5577ee7075a15f15d5a4fb8a782.jpeg", "source": "Архив Московского Областного Театра Юного Зрителя"}, "photo": "https://pro.culture.ru/uploads/63d8594c687697e7c70fd33f9e3f4d4b.jpeg", "gallery": ["https://pro.culture.ru/uploads/cdea6c51b1fe903ba2b2ad626f032591.jpeg", "https://pro.culture.ru/uploads/d6ea34038d97789c56d3b3fd5e51fa6f.jpeg", "https://pro.culture.ru/uploads/479a248d0a89cbab3e0ee33da18c244a.jpeg", "https://pro.culture.ru/uploads/4c0209ae088ca1adb5e27add8d5c1739.jpeg", "https://pro.culture.ru/uploads/5ec8844a509986befa8a90e7163c326f.jpeg"], "category": {"name": "Спектакли", "sysName": "spektakli"}, "time": {"start": "2021-11-14 09:00:00", "end": "2021-11-14 10:20:00"}}, {"id": 1277808, "name": "Лекция «Пабло Пикассо и его женщины»", "age": 12, "description": "<p> 18 ноября 2021 года в 17:00 в Культурном центре «Внуково» пройдет лекция на тему «Пабло Пикассо и его женщины» в рамка проекта «Пушкинская карта». Всем известен Пабло Пикассо, как гениальный художник, но мало кто знает его со стороны, которой он поворачивался к женщинам. Пабло Пикассо всю жизнь окружали женщины. Он любил, влюблял в себя, подчинял и рушил их жизни. В жизни Пикассо было семь женщин, которые прошли через его жизнь и оставили свой след в творчестве гения. Какой? Узнаете на лекции 18 ноября. </p><p>Спикер – Елена Николаевна Фирман – заведующая по организационно-творческой деятельности. Стоимость 300 рублей. </p>", "shortDescription": "Лекция о выдающемся художнике.", "min_price": 300, "max_price": 300, "link": "https://www.ccvnukovo.ru/events/53/", "status": "accepted", "updateDate": 1629353437590, "start": 1637244000000, "end": 1637247600000, "createDate": 1629204439276, "inAccepted": true, "acceptDate": 1629370244181, "image": {"author": "Интернет-портал", "name": "0bfa8dd7feb847f6505a19ad064e4569.jpeg", "realName": "Пабло пикассо и его женщины.jpg", "source": "https://yandex.ru/images/search?cbir_id=2255891%2F2OmnDXP3BlhaVRgZRC5rmA8575&pos=0&rpt=imageview&img_url=https%3A%2F%2Fsun1-84.userapi.com%2Fimpf%2FUpH4sZUanqc_WMngoube_nR7ozCYsPoaTqjhSA%2FikAnMuAYqmk.jpg%3Fsize%3D604x454%26quality%3D96%26sign%3D85412310fb707120f1057fbffc7cb278%26type%3Dalbum&from=tabbar&cbir_page=similar&url=https%3A%2F%2Favatars.mds.yandex.net%2Fget-images-cbir%2F2255891%2F2OmnDXP3BlhaVRgZRC5rmA8575%2Forig"}, "photo": "https://pro.culture.ru/uploads/0bfa8dd7feb847f6505a19ad064e4569.jpeg", "gallery": [], "category": {"name": "Обучение", "sysName": "obuchenie"}, "time": {"start": "2021-11-18 14:00:00", "end": "2021-11-18 15:00:00"}}, {"id": 1277771, "name": "Лекция «Десять современных художников»", "age": 12, "description": "<p> 14 октября 2021 года в 17:00 в Культурном центре «Внуково» пройдет лекция на тему «10 современных художников» в рамках проекта «Пушкинская карта». </p><p>Если вы думаете, что все великие художники остались в прошлом, то вы даже не представляете, насколько сильно ошибаетесь. На мероприятие вы узнаете о самых известных и талантливых художниках современности. И, поверьте, их работы засядут в вашей памяти не менее глубоко, чем работы маэстро из прошлых эпох. </p><p>Спикер – Елена Николаевна Фирман – заведующая по организационно-творческой деятельности учреждения. Стоимость 300 рублей. </p>", "shortDescription": "Лекция о современных художниках.", "min_price": 300, "max_price": 300, "link": "https://www.ccvnukovo.ru/events/52/", "status": "accepted", "updateDate": 1629353358399, "start": 1634220000000, "end": 1634223600000, "createDate": 1629204034518, "inAccepted": true, "acceptDate": 1629370302558, "image": {"author": "Интернет-портал", "name": "e9013c921f9bd5c1eab620791e3a8fe3.jpeg", "realName": "10 худ.jpg", "source": "https://yandex.ru/images/search?cbir_id=2068583%2Fw4xs2UcnR0g6XkzWjqjr5g6973&pos=0&rpt=imageview&img_url=https%3A%2F%2Fscontent-hel3-1.cdninstagram.com%2Fv%2Ft51.2885-15%2Fsh0.08%2Fe35%2Fs640x640%2F205290715_904093996805718_2267345981240127715_n.jpg%3Ftp%3D1%26_nc_ht%3Dscontent-hel3-1.cdninstagram.com%26_nc_cat%3D106%26_nc_ohc%3DRP_TZrPK00UAX_BobjD%26edm%3DABfd0MgBAAAA%26ccb%3D7-4%26oh%3D00552ae76b0e8e2eb5dd49e51c03bbd6%26oe%3D60E64939%26_nc_sid%3D7bff83&from=tabbar&cbir_page=similar&url=https%3A%2F%2Favatars.mds.yandex.net%2Fget-images-cbir%2F2068583%2Fw4xs2UcnR0g6XkzWjqjr5g6973%2Forig"}, "photo": "https://pro.culture.ru/uploads/e9013c921f9bd5c1eab620791e3a8fe3.jpeg", "gallery": [], "category": {"name": "Обучение", "sysName": "obuchenie"}, "time": {"start": "2021-10-14 14:00:00", "end": "2021-10-14 15:00:00"}}, {"id": 1277749, "name": "Лекция «Нескучные факты о художниках»", "age": 12, "description": "<p> 16 сентября 2021 года в 17:00 Культурном центре «Внуково» пройдет лекция на тему «Нескучные факты о художниках» в рамках проекта «Пушкинская карта». Чаще всего мы воспринимаем биографии известных художников довольно стереотипно так, как нас учили в школе. И не догадываемся, что Поль Гоген строил Панамский канал, Микеланджело и да Винчи устраивали между собой батл, а Пабло Пикассо чуть было не угодил за решетку по обвинению в краже «Моны Лизы». </p><p>Спикер – Елена Николаевна Фирман – заведующая по организационно-творческой деятельности учреждения. Стоимость посещения лекции – 300 рублей. </p>", "shortDescription": "Лекция на тему интересных фактов о художниках.", "min_price": 300, "max_price": 300, "link": "https://www.ccvnukovo.ru/events/51/", "status": "accepted", "updateDate": 1629353258998, "start": 1631800800000, "end": 1631804400000, "createDate": 1629203551853, "inAccepted": true, "acceptDate": 1629370193454, "image": {"author": "Интернет - портал ", "name": "b3683e998be5b96428326c21bac0796c.jpeg", "realName": "Нескучные факты о художниках.jpg", "source": "https://yandex.ru/images/search?url=https%3A%2F%2Favatars.mds.yandex.net%2Fget-images-cbir%2F1044244%2FOmaPI8LK-eTBX878b3xEfw0687%2Forig&cbir_id=1044244%2FOmaPI8LK-eTBX878b3xEfw0687&rpt=imageview&cbir_page=similar&from=tabbar&pos=0&img_url=https%3A%2F%2Fscontent-hel3-1.cdninstagram.com%2Fv%2Ft51.2885-15%2Fs150x150%2F185782387_1038148386951450_2197473701118094383_n.jpg%3Ftp%3D1%26_nc_ht%3Dscontent-hel3-1.cdninstagram.com%26_nc_ohc%3D0JuUJqKrtQUAX_3VMXb%26edm%3DAGW0Xe4BAAAA%26ccb%3D7-4%26oh%3D8b30f5f4b723a4e8b191e97b02ade25f%26oe%3D60C74E72%26_nc_sid%3Dacd11b&rlt_url=https%3A%2F%2Fim0-tub-ru.yandex.net%2Fi%3Fid%3Da650da40048c9d9a4ad44fac39f964e7-l%26ref%3Drim%26n%3D13%26w%3D1080%26h%3D717&ogl_url=https%3A%2F%2Fscontent-hel3-1.cdninstagram.com%2Fv%2Ft51.2885-15%2Fs150x150%2F185782387_1038148386951450_2197473701118094383_n.jpg%3Ftp%3D1%26_nc_ht%3Dscontent-hel3-1.cdninstagram.com%26_nc_ohc%3D0JuUJqKrtQUAX_3VMXb%26edm%3DAGW0Xe4BAAAA%26ccb%3D7-4%26oh%3D8b30f5f4b723a4e8b191e97b02ade25f%26oe%3D60C74E72%26_nc_sid%3Dacd11b"}, "photo": "https://pro.culture.ru/uploads/b3683e998be5b96428326c21bac0796c.jpeg", "gallery": [], "category": {"name": "Обучение", "sysName": "obuchenie"}, "time": {"start": "2021-09-16 14:00:00", "end": "2021-09-16 15:00:00"}}, {"id": 1272593, "name": "Экскурсия «Исчезающая усадьба: династия Абрикосовых и Изварино»", "age": 12, "description": "<p>Культурный центр «Внуково» приглашает на пешеходную экскурсию, которая посвященна истории поселения Внуковское. Одним из объектов культурного и исторического наследия является исчезающая усадьба Изварино, владельцами которой были представители легендарной династии предпринимателей <span>XIX</span> в. – В. А. Абрикосов и его сын В. В. Абрикосов. Свой род Абрикосовы ведут от крепостного крестьянина, открывшего собственное кондитерское производство. Во второй половине XIX в. <span>Алексей Иванович</span> Абрикосов стал основателем «Фабрично-торгового товарищества А. И. Абрикосова и сыновей» (теперь – концерн «Бабаевский»), являлся поставщиком Двора Его Императорского Величества.</p> <p>Сыну последнего – В. А. Абрикосову – в начале <span>XX</span> в. принадлежала усадьба Изварино. Усадебный комплекс был построен в середине <span>XIX</span><span> </span>в. и включал главный дом, флигеля, беседку-ротонду, парк, церковь. В настоящее время от усадьбы сохранился один из флигелей в классическом стиле, фрагменты парка, пруд, руины беседки-ротонды, каменная скамья.</p> <p> Экскурсовод познакомит участников с родословной Абрикосовых, воссоздаст историю усадьбы Изварино. Экскурсию проводит историк местного края Пшеницына Виктория Августиновна. </p><p> Встреча участников: поселение Внуковское, поселок Минвнешторга, остановка автобуса «Школа». <br /></p>", "shortDescription": "Пешеходная экскурсия, посвященная истории поселения Внуковское.", "min_price": 300, "max_price": 300, "link": "https://www.ccvnukovo.ru/events/49/", "status": "accepted", "updateDate": 1630572214877, "start": 1632556800000, "end": 1632564000000, "createDate": 1628868897726, "inAccepted": true, "acceptDate": 1630572219975, "image": {"author": "Акопян Яна Арменаковна ", "name": "432ca02ee25a6b808f4f839ea1ec891c.jpeg", "realName": "Служебный_корпус_3_в_усадьбе_Изварино.jpg", "source": "Архив культурного центра "}, "photo": "https://pro.culture.ru/uploads/432ca02ee25a6b808f4f839ea1ec891c.jpeg", "gallery": [], "category": {"name": "Экскурсии", "sysName": "ekskursii"}, "time": {"start": "2021-09-25 08:00:00", "end": "2021-09-25 10:00:00"}}]}