{"12648": [{"id": 1390902, "name": "Спектакль «Парк культуры и отдыха»", "age": 16, "description": "<p><span>Спектакль для тех, кто ностальгирует по советскому прошлому, клешам, вельвету и платьям в цветочек, а также для тех, кто хочет услышать любимые песни своих мам и бабушек в исполнении артистов «Теремка». </span><span></span><span>Действие постановки разворачивается в городском парке, где происходят встречи, расставания, вершатся судьбы, работает танцплощадка и, конечно же, звучит живая музыка. </span></p><p><span>Для зрителей артисты исполнят золотые хиты 70-х. </span>Спектакль рассчитан на взрослую аудиторию, но, конечно, ориентирован и на семейный просмотр, потому что изначально задуман как связь разных поколений.<br /></p>", "shortDescription": "Театрализованный концерт.", "min_price": 500, "max_price": 500, "link": "https://quicktickets.ru/vologda-teatr-kukol-teremok/e45", "needCheck": true, "status": "accepted", "updateDate": 1636542485257, "start": 1636212600000, "end": 1638550800000, "createDate": 1634206451248, "inAccepted": true, "acceptDate": 1636542485413, "image": {"author": "Вологодский театр кукол", "name": "e73a3b500224f0d7b55350b134fc4ea2.jpeg", "realName": "Парк культуры.JPG", "source": "http://www.teremok.vologda.ru/spektakli/park-kultury-i-otdykha-teatralnyy-kapustnik/"}, "photo": "https://pro.culture.ru/uploads/e73a3b500224f0d7b55350b134fc4ea2.jpeg", "gallery": ["https://pro.culture.ru/uploads/8fb4c63099fb7cfa94955793fa2b9871.jpeg", "https://pro.culture.ru/uploads/5cefed5daeb996fd1141f33c7cd4846b.jpeg", "https://pro.culture.ru/uploads/c353bd145a1455c4fd7a5176f5af96f6.jpeg", "https://pro.culture.ru/uploads/708cecc3519a7801a90bd37c354b7f3d.jpeg", "https://pro.culture.ru/uploads/8b26e27e12bb7027ef6d8aa76575e380.jpeg", "https://pro.culture.ru/uploads/ce90ecd6c9475850099d220d809e0cb0.jpeg", "https://pro.culture.ru/uploads/08acc660ce808eed48c246b9b4059f0a.jpeg", "https://pro.culture.ru/uploads/16b41682124af41c9f80e583e4b19e74.jpeg"], "category": {"name": "Спектакли", "sysName": "spektakli"}, "time": {"start": "2021-11-06 15:30:00", "end": "2021-12-03 17:00:00"}}, {"id": 1370767, "name": "Спектакль «Дон Кихот»", "age": 12, "description": "<p>Бессмертная история о романтике, чудаке и мечтателе идальго Алонсо Кехано, рассказанная языком театра кукол. </p><p>Создатели спектакля, режиссер Олег Лабозин и художник Амир Ерманов, заполнили все пространство сцены книгами, из которых выходят персонажи, рождающие мир мечтаний и грез благородного рыцаря Дона Кихота и помогающие ему сражаться с несправедливостью реальности. </p><p>«Сражаясь неустанно, доживем, доживем мы с тобою, Санчо, до золотого века. Обман, коварство и лукавство не посмеют примешиваться к правде и откровенности. Мир, дружба и согласие воцарятся на всем свете. Вперед, вперед, ни шагу назад!». Евгений Шварц, «Дон-Кихот».</p>", "shortDescription": "Постановка на основе литературного сценария Евгения Шварца по мотивам романа Мигеля де Сервантеса.", "min_price": 540, "max_price": 540, "link": "https://quicktickets.ru/vologda-teatr-kukol-teremok/s655", "status": "accepted", "updateDate": 1634554924538, "start": 1636126200000, "end": 1638117600000, "createDate": 1633441369676, "inAccepted": true, "acceptDate": 1634554924550, "image": {"author": "Культинфо", "name": "2bbcf3c285d2720c8e45883eea5b8975.jpeg", "realName": "ЕИПСК.jpg", "source": "http://cultinfo.ru/"}, "photo": "https://pro.culture.ru/uploads/2bbcf3c285d2720c8e45883eea5b8975.jpeg", "gallery": ["https://pro.culture.ru/uploads/18928facd4e38c888d66002d56bdebf2.jpeg", "https://pro.culture.ru/uploads/a70aad0c895337a2132da09c120012b1.jpeg", "https://pro.culture.ru/uploads/a1be9ea601ca8597103a275aa6190f46.jpeg", "https://pro.culture.ru/uploads/d6503290927978cb1c604e59059112d9.jpeg"], "category": {"name": "Спектакли", "sysName": "spektakli"}, "time": {"start": "2021-11-05 15:30:00", "end": "2021-11-28 16:40:00"}}, {"id": 1289880, "name": "Спектакль «Кармен»", "age": 16, "description": "<p>Режиссер постановки Борис Константинов определил жанр спектакля как «народная кукольная драма», какая имеется в истории любой деревни и может быть прожита или сыграна ее обитателями. Надо только раскрутить колесо судьбы и узнать, на какую сторону оно ляжет, что суждено: любовь или смерть.</p><p>Художник спектакля Виктор Антонов создал удивительно правдоподобный образ душной испанской ночи, в которой, как ножом, полоснет вас жгучий цыганский взгляд, и, конечно, потрясающих выразительных кукол. Непредсказуемую в своих физических движениях и душевных порывах Кармен крепко держат сильные мужские руки, руки актеров, которые работают в «живом плане». И как же иначе? Мужчины – необходимое и достаточное условие жизни Кармен.</p><p>В спектакле нет слов. Они в этой вечной истории о любви и испепеляющей страсти не нужны. <span>В этом постановке уравниваются в правах главная тема новеллы Мериме – тема плоти – и романтическая трактовка сюжета, созданная великим Бизе. </span>Яркий пластический рисунок в ритмах фаруки и фламенко, народные мотивы, переплетающиеся с гениальной музыкой Бизе и Щедрина, – все это делает спектакль незабываемым зрелищем.</p><p>Постановка является лауреатом Национальной театральной премии «Золотая маска».</p>", "shortDescription": "Постановка по произведению П. Мериме.", "min_price": 500, "link": "https://quicktickets.ru/vologda-teatr-kukol-teremok/s721", "status": "accepted", "updateDate": 1636962096012, "start": 1635521400000, "end": 1639153800000, "createDate": 1629806761203, "inAccepted": true, "acceptDate": 1636962096077, "image": {"author": "Вадим Шекун", "name": "d66896351cb0340648cb3045d32d07e2.jpeg", "realName": "Лейтенант (Валентин Овсянников), Ольга Ситнова.JPG", "source": "Вологодский областной театр кукол"}, "photo": "https://pro.culture.ru/uploads/d66896351cb0340648cb3045d32d07e2.jpeg", "gallery": ["https://pro.culture.ru/uploads/d07eff8fab16af937242daf3725e5b54.jpeg", "https://pro.culture.ru/uploads/6730048c64277c0e3a7996a66b746f48.jpeg", "https://pro.culture.ru/uploads/e2a6a22dfd75cfc7b35613cdc5bb6801.jpeg"], "category": {"name": "Спектакли", "sysName": "spektakli"}, "time": {"start": "2021-10-29 15:30:00", "end": "2021-12-10 16:30:00"}}, {"id": 871664, "name": "Спектакль «Квартирник у Деда Мороза»", "age": 16, "description": "<p>Зрителей приглашают в гости к Деду Морозу, вместе петь любимые новогодние песни, слушать живую музыку и удивляться простому волшебству.</p><p>В квартире Деда Мороза идут последние приготовления к встрече Нового года. Снегурочка хлопочет по хозяйству, домой возвращаются уставшие олени, весь день развозившие письма и подарки, приходит и сам зимний волшебник. Уютный вечер в кругу друзей с теплыми воспоминаниями, добрыми шутками и самыми любимыми песнями, без которых Новый год не наступит. Магия театра кукол с легкостью перенесет зрителей на новогодний утренник в детском саду или на вечерний каток и позволит заглянуть в окна соседних домов, в каждом из которых – своя история и свой праздник.</p><p>Спектакль проходит в уютной атмосфере камерного зала, рассчитанного на 20 гостей.</p>", "shortDescription": "Впервые в Вологодском театре кукол – новогодний музыкальный спектакль для взрослой аудитории.", "min_price": 500, "max_price": 500, "link": "https://quicktickets.ru/vologda-teatr-kukol-teremok/e51", "status": "accepted", "updateDate": 1639036804670, "start": 1609257600000, "end": 1641489300000, "createDate": 1608733905202, "inAccepted": true, "acceptDate": 1639036810915, "image": {"author": "Виталий Иванов", "name": "1e6fa38f3f5d0d07c46e193e2192df60.jpeg", "realName": "1ап.jpg", "source": "Вологодский областной театр кукол"}, "photo": "https://pro.culture.ru/uploads/1e6fa38f3f5d0d07c46e193e2192df60.jpeg", "gallery": ["https://pro.culture.ru/uploads/01470686fee05c17d0c1c0a1d8599ccb.jpeg", "https://pro.culture.ru/uploads/276fa17095c30cbc4d1ea551a6de449c.jpeg", "https://pro.culture.ru/uploads/cf8326d950ebadf84d3827327e850729.jpeg", "https://pro.culture.ru/uploads/9aaf0feacf1efa4328876bb91c14fbe5.jpeg", "https://pro.culture.ru/uploads/4f84e31180383ede4014691f8afa5499.jpeg"], "category": {"name": "Спектакли", "sysName": "spektakli"}, "time": {"start": "2020-12-29 16:00:00", "end": "2022-01-06 17:15:00"}}]}