{"12208": [{"id": 1513374, "name": "Спектакль Константина Райкина", "age": 12, "description": "<p>Константин Райкин представит премьеру моноспектакля «...Ай да сукин сын!». Идея проекта родилась примерно год назад, когда и театры, и концертные организации были вынуждены приостановить деятельность, а артисты осваивали новые способы общения с аудиторией и вынашивали планы на будущее. Что ждет публику в этот вечер? Подробностей крайне мало, да и так ли они необходимы?</p><p>Имя Константина Райкина и его репутация говорят сами за себя. Постановки актера – народного артиста России, художественного руководителя театра «Сатирикон», лауреата престижных наград и профессиональных премий – неизменно собирают полные залы. По словам Константина Райкина, даже играемый несколько лет один спектакль с ходом времени меняется, так как меняется сам автор. Так что любой его проект – отражение его индивидуальности, эмоциональный монолог (или диалог с автором избранных текстов?) о самом важном, о том, что волнует сегодня.</p><p>Очень живо, свежо и по-новому зазвучат стихи двух близких по духу поэтов – великого Давида Самойлова и гениального Александра Сергеевича Пушкина. Не пропустите уникальное событие. </p>", "shortDescription": "Театрализованное представление.", "min_price": 1300, "max_price": 5600, "link": "https://omsk.ticketland.ru/koncertnye-zaly/omskaya-filarmoniya/konstantin-raykin/", "status": "accepted", "updateDate": 1640642098278, "start": 1643893200000, "end": 1653667200000, "createDate": 1638867495181, "inAccepted": true, "acceptDate": 1640335917538, "image": {"author": "Наталья", "name": "f23d448ebc5a948d805c5c80eea5da09.jpeg", "realName": "Райкина---Ай-да-сукин-сын---630х420 (1).jpg", "source": "ООО \"КС\""}, "photo": "https://pro.culture.ru/uploads/f23d448ebc5a948d805c5c80eea5da09.jpeg", "gallery": [], "category": {"name": "Спектакли", "sysName": "spektakli"}, "time": {"start": "2022-02-03 13:00:00", "end": "2022-05-27 16:00:00"}}, {"id": 1469711, "name": "Спектакль «Василиса Прекрасная»", "age": 0, "description": "<p> «Василиса Прекрасная» – музыкальный спектакль, поставлен в лучших традициях русских сказок, в которых добро всегда побеждает зло.<br /></p><p>Василиса много лет томится в подземелье у Кощея Бессмертного, который мечтает жениться на красавице. Но этого не хочет мамка Кощея, которая лютой ненавистью изводит Василису.<br /></p><p>В подземное царство проникает Иван, которому удается спасти Василису. Начинается Кощеева месть. Ивану он строит свои козни на их пути и самая страшная из всех это Змеиный глаз. Но красота Василисы и смелость Ивана способны победить любые испытания, помогает им в этом любовь. </p>", "shortDescription": "Русская народная сказка.", "min_price": 300, "max_price": 350, "link": "https://kostromakoncert.ru/shows/645-SKAZKA-VASILISA-PREKRASNAYA", "status": "accepted", "updateDate": 1638256783345, "start": 1640160000000, "end": 1641722400000, "createDate": 1637338964537, "inAccepted": true, "acceptDate": 1637762037325, "image": {"author": "https://yandex.ru/images/search?text=губернский%20кострома&pos=10&img_url=https%3A%2F%2Fwww.culture.ru%2Fstorage%2Fimages%2F9f9430125f868bbdc153d17856f8bd9d%2Fa3e92beef4b1b101e12998f7c9211573.jpeg&rpt=simage", "name": "32a4df7a4427630279c6420e7eb77f07.jpeg", "realName": "a3e92beef4b1b101e12998f7c9211573.jpeg", "source": "https://yandex.ru/images/search?text=губернский%20кострома&pos=10&img_url=https%3A%2F%2Fwww.culture.ru%2Fstorage%2Fimages%2F9f9430125f868bbdc153d17856f8bd9d%2Fa3e92beef4b1b101e12998f7c9211573.jpeg&rpt=simage"}, "photo": "https://pro.culture.ru/uploads/32a4df7a4427630279c6420e7eb77f07.jpeg", "gallery": ["https://pro.culture.ru/uploads/a388483513478ff8b550b21bb33e6ec7.jpeg"], "category": {"name": "Спектакли", "sysName": "spektakli"}, "time": {"start": "2021-12-22 08:00:00", "end": "2022-01-09 10:00:00"}}, {"id": 1441553, "name": "Балет «Щелкунчик»", "age": 0, "description": "<p>Волшебный балет Чайковского – самая добрая новогодняя сказка о храброй девочке Маше, заколдованном принце – Щелкунчике и злом Короле мышей, об извечном противостоянии добрых и злых сил и о победе прекрасных чувств. Ее любят взрослые и малыши во всем мире, ведь загадочная история Гофмана – это погружение в волшебный мир детства, наполненный подлинными чудесами.</p><p>С каждым новым годом появляются тысячи новых поклонников у музыки Чайковского и ее хореографического воплощения. А каждая новая постановка добавляет новые штрихи к уже известным образам. На этот раз свою версию балета предлагает театр «Корона русского балета».</p>", "shortDescription": "Классическая постановка для детей в версии театра «Корона русского балета».", "min_price": 800, "max_price": 1600, "link": "https://kostromakoncert.ru/shows/event/942-BALET-SHCHELKUNCHIK", "status": "accepted", "updateDate": 1640028139979, "start": 1641466800000, "end": 1641488400000, "createDate": 1636481916169, "inAccepted": true, "acceptDate": 1640024495227, "image": {"author": "kvc", "name": "b3c9beea3919dcc579d0e3c3cb50f7e7.jpeg", "realName": "Щелкунчик_Иваново_2022_Прокультура_new.jpg", "source": "kvc"}, "photo": "https://pro.culture.ru/uploads/b3c9beea3919dcc579d0e3c3cb50f7e7.jpeg", "gallery": [], "category": {"name": "Спектакли", "sysName": "spektakli"}, "time": {"start": "2022-01-06 11:00:00", "end": "2022-01-06 17:00:00"}}, {"id": 1372105, "name": "Спектакль «Нежное сердце»", "age": 12, "description": "<p>Спектакль тетра-студии КВЦ «Губернский» «Нежное сердце» состоит из двух старинных водевилей: А. Соллогуба «Беда от нежного сердца» и П. Федорова «Аз и Ферт».</p><p>Режиссер-постановщик Татьяна Ноздрина</p><p></p><p>Водевиль «Беда от нежного сердца»</p><p>Сын богатого откупщика Александр, приехавший из Тамбова в Петербург, ищет невесту. Невест то вокруг него много – да как выбрать одну-единственную. А у Александра очень нежное сердце, ему нравятся сразу все девушки. И он тоже нравится всем девушкам. Только как узнать, любят ли они его или предпочитают его миллионное наследство.</p><p>Тогда отец идет на хитрость… Вот тут-то и находится та одна-единственная, которой нужен Человек, а не его богатство.</p><p></p><p>Водевиль «Аз и Ферт»</p><p>Помещик Мордашов мечтает выгодно пристроить замуж свою дочь. Но дочь влюблена в бедного художника и ни в какую не соглашается исполнить волю отца.</p><p>Чтобы не пропало добро, расчетливый отецначинает поиски жениха с подходящими инициалами аз и ферт… Да и ну их, эти буквы и расчет, от них не должно зависеть человеческое счастье.</p>", "shortDescription": "Постановка из двух старинных водевилей.", "min_price": 400, "max_price": 500, "link": "https://kostromakoncert.ru/shows/638-SPEKTAKL-NEZHNOE-SERDTSE", "needCheck": true, "status": "accepted", "updateDate": 1640367044968, "start": 1637334000000, "end": 1647966600000, "createDate": 1633508554905, "inAccepted": true, "acceptDate": 1634633789862, "image": {"author": "КВЦ Губернский", "name": "fe1ca97a577480f1a06758ac13eb9dcb.jpeg", "realName": "DSC_0899.JPG", "source": "КВЦ Губернский"}, "photo": "https://pro.culture.ru/uploads/fe1ca97a577480f1a06758ac13eb9dcb.jpeg", "gallery": [], "category": {"name": "Спектакли", "sysName": "spektakli"}, "time": {"start": "2021-11-19 15:00:00", "end": "2022-03-22 16:30:00"}}, {"id": 1372065, "name": "Концерт «Мировые хиты»", "age": 6, "description": "<p>Танцевальные коллективы Концертного зала «Губернский» – ансамбль бального танца «Спектр-70» художественный руководитель Заслуженный работник культуры РФ Коваленко Марина Дмитриевна, ансамбль эстрадного танца «Шарм» художественный руководитель Заслуженный артист Российской Федерации Журавлев Анатолий и студия танца КВЦ «Губернский» под руководством Заслуженного работника культуры Костромской области Орловой Елены Вячеславовны подготовили к просмотру концертную программу «Мировые хиты»</p><p>Постановки танцев сделаны на музыку всемирно известных произведений композиторов-классиков, исполнителей-классиков самых различных направлений, а также популярных поп и рок-групп.</p><p>Искусство танца-очень зрелищное в силу своей «сиюминутности»: эмоциональности, точности движений и рисунков, натуральной яркости костюмов, света, звука… то есть всего того, что воздействует на зрителя здесь и сейчас, заставляет его испытывать чувства прекрасного. Сопереживать героям. Наслаждаться музыкой и прекрасным исполнением артистов.</p><p></p><p>Особенности программы также заключается в том, что большинство постановок сделано на лексике бальной хореографии, которые как раз знакомят зрителя с волшебным творческим миром бального танца.</p>", "shortDescription": "Концертная программа с участием танцевальных коллективов концертно-выставочного центра.", "min_price": 400, "max_price": 500, "link": "https://kostromakoncert.ru/shows/637-KONTSERTNAYA-PROGRAMMA-MIROVYE-KHITY", "status": "accepted", "updateDate": 1638256783713, "start": 1635076800000, "end": 1638709200000, "createDate": 1633508038525, "inAccepted": true, "acceptDate": 1633930097385, "image": {"author": "kvc-kos.ru", "name": "6d1ee8bef23c76fe7009f9b9e6191749.jpeg", "realName": "PA160346.JPG", "source": "личные архивы квц губернский"}, "photo": "https://pro.culture.ru/uploads/6d1ee8bef23c76fe7009f9b9e6191749.jpeg", "gallery": [], "category": {"name": "Концерты", "sysName": "koncerty"}, "time": {"start": "2021-10-24 12:00:00", "end": "2021-12-05 13:00:00"}}, {"id": 1358775, "name": "Балет «Лебединое озеро»", "age": 6, "description": "<p></p><p>Когда-то известный критик Герман Ларош сказал: «Это лучший балет, который я когда-либо слышал… Мелодии, одна другой пластичнее, певучее и увлекательнее, льются как из рога изобилия». И действительно, балет на музыку Петра Ильича Чайковского – едва ли не самая известная в мире театральная постановка. Шедевр хореографии был создан 130 лет назад и до сих пор является одной из самых крупных жемчужин в короне мировой культуры.</p><p>История любви юного принца Зигфрида и прекрасной девушки-лебедя Одетты, омраченная коварным волшебником Ротбартом и его дочерью Одилии с XIX века и до наших дней продолжает трогать сердца зрителей. Петр Ильич сделал невероятное – создал произведение, где балет и музыка – это единое целое. Он выбрал тему любви и измены – то, что будет волновать людей вечно.</p><p> Музыка – П. И. Чайковский. Хореография – М. Петипа в редакци В. Бутримовича. Костюмы и декорации – В. Жуков. Солисты – А. Бутримович, К. Пухловская. <br /></p>", "shortDescription": "Постановка в двух действиях.", "min_price": 700, "max_price": 1600, "link": "https://kostromakoncert.ru/shows/event/915-BALET-LEBEDINOE-OZERO", "status": "accepted", "updateDate": 1636701142680, "start": 1637683200000, "end": 1637690400000, "createDate": 1632909033386, "inAccepted": true, "acceptDate": 1636701142737, "image": {"author": "https://pro.culture.ru/new/events/999438", "name": "6e69b4a5e2702933b1aada318ab7345b.jpeg", "realName": "981a752d93881bdfe9ae61c56017d4e5.jpeg", "source": "https://pro.culture.ru/new/events/999438"}, "photo": "https://pro.culture.ru/uploads/6e69b4a5e2702933b1aada318ab7345b.jpeg", "gallery": [], "category": {"name": "Спектакли", "sysName": "spektakli"}, "time": {"start": "2021-11-23 16:00:00", "end": "2021-11-23 18:00:00"}}, {"id": 1322165, "name": "Балет «Жизель»", "age": 12, "description": "<p>В сюжете балета «Жизель» показана нежная и вместе с тем мистическая история о молодой и наивной девушке, которая любит всем сердцем и уверена в ответных чувствах своего избранника Альберта. Но ее поклонник лесничий, открывает обман ее возлюбленного, в результате чего она теряет рассудок и умирает, не выдержав предательства.<br /> Теперь Жизель не простая крестьянская девушка, а мстительная и жестокая, как и все виллисы, к которым она присоединяется. Первым, кого они покарали стал Лесничий, пришедший на могилу Жизель. Следующий на это место явился граф Альберт, но душа девушки все еще нежно и преданно любящая его, защищает возлюбленного от мстительных виллис, спасая от гибели. С рассветом исчезают тени всех девушек и самой Жизель, оставляя лишь глубокий след в душе и памяти Альберта, как вечное сожаление о потерянной любви, которая сильнее смерти.<br /> </p>", "shortDescription": "Постановка в двух действиях. Музыка – А. Адан. Хореография – А. Бутримович.", "min_price": 600, "max_price": 2200, "link": "https://beneffis.ru/afisha/detail/zhizel/", "status": "accepted", "updateDate": 1640598575641, "start": 1639814400000, "end": 1650304800000, "createDate": 1631220783551, "inAccepted": true, "acceptDate": 1640339761179, "image": {"author": "Георгий Мигунов", "name": "9f7f501d613d92a742229ea0605e4139.jpeg", "realName": "Жизель.jpeg", "source": "https://beneffis.ru/afisha/detail/zhizel/"}, "photo": "https://pro.culture.ru/uploads/9f7f501d613d92a742229ea0605e4139.jpeg", "gallery": [], "category": {"name": "Спектакли", "sysName": "spektakli"}, "time": {"start": "2021-12-18 08:00:00", "end": "2022-04-18 18:00:00"}}, {"id": 1321829, "name": "Спектакль «Лебединое озеро»", "age": 6, "description": "<p>Балет в двух действиях «Лебединое озеро». Продолжительность 2 часа с одним антрактом. Музыка: П. И. Чайковский. Хореография: Мариус Петипа в редакци В. Бутримовича. Костюмы и декорации: Владимир Жуков. Солисты: Александр, Бутримович, Ксения Пухловская. </p><ul><li><span><span>Сердца зрителей будут трепетать от «Лебединого озера» вечно!!! </span></span></li><li><span>Когда-то известный критик Герман Ларош сказал: «Лебединое озеро» – лучший балет, который я когда-либо слышал.... Мелодии, одна другой пластичнее, певучее и увлекательнее, льются как из рога изобилия».</span></li><li><span>И действительно</span><span>, балет на музыку Петра Ильича Чайковского – едва ли не самая известная в мире театральная постановка. Шедевр хореографии был создан 130 лет назад и до сих пор является одной из самых крупных жемчужин в короне мировой культуры.</span></li><li><span>История любви </span><span>юного принца Зигфрида и прекрасной девушки-лебедя Одетты, омраченная коварным волшебником Ротбартом и его дочерью Одилии с 19 века и до наших дней продолжает трогать сердца зрителей. Петр Ильич сделал невероятное – создал произведение, где балет и музыка – это единое целое, и выбрал тему любви и измены, то что будет волновать людей вечно.</span></li></ul><p></p>", "shortDescription": "Выступление Классического национального русского балета под руководством Александра Бутримовича.", "min_price": 600, "max_price": 2200, "link": "https://beneffis.ru/afisha/detail/lebedinoe-ozero/", "needCheck": true, "status": "accepted", "updateDate": 1640621937155, "start": 1633348800000, "end": 1650452400000, "createDate": 1631196798590, "inAccepted": true, "acceptDate": 1640340715748, "image": {"author": "Светлана Пособина", "name": "91004ebf0907ca86abf74cfe470b9623.jpeg", "realName": "IMG_5308.jpg", "source": "https://beneffis.ru/afisha/detail/lebedinoe-ozero/"}, "photo": "https://pro.culture.ru/uploads/91004ebf0907ca86abf74cfe470b9623.jpeg", "gallery": ["https://pro.culture.ru/uploads/555efc54ccab999e4f9b3ac8941c96cd.jpeg", "https://pro.culture.ru/uploads/079057c172d52263685958dfda891e8b.jpeg", "https://pro.culture.ru/uploads/f1498215a533ecb26c344a2c3073ba72.jpeg", "https://pro.culture.ru/uploads/cac9a36d4ddc22d102d3880d22d8d16f.jpeg", "https://pro.culture.ru/uploads/d2abdc5d891af35bded9beefc1acfb77.jpeg"], "category": {"name": "Спектакли", "sysName": "spektakli"}, "time": {"start": "2021-10-04 12:00:00", "end": "2022-04-20 11:00:00"}}, {"id": 1290596, "name": "Программа «Танцевальный марафон»", "age": 6, "description": "<p>Коллективы являются многократными лауреатами-дипломантами городских, областных, региональных и всероссийских смотров и конкурсов хореографических коллективов, непременные участники больших концертов, фестивалей , различных мероприятий городского и областного значения. Также в концерте примут участие наши маленькие звезды – это студия-танца КВЦ «Губернский» под руководством Заслуженного работника культуры Костромской области Орловой Елены Вячеславовны. </p><p>Концертная программа – динамичное, яркое представление, в процессе которого открывается все волшебство танца. В концерте использованы самые разнообразные танцевальные направления и стили: вальс, джайв, рок-н-рол, танго, диско и многое другое. Вся программа построена на одном дыхание, красочный праздник музыки, движений и молодости. </p>", "shortDescription": "В концерте примут участие ансамбль бального танца «Спектр-70» и ансамбль эстрадного танца «Шарм».", "min_price": 350, "max_price": 350, "link": "https://kostromakoncert.ru/shows/event/918-TANTSEVALNYI-MARAFON", "status": "accepted", "updateDate": 1638256782541, "start": 1633708800000, "end": 1633714200000, "createDate": 1629836421779, "inAccepted": true, "acceptDate": 1630057875833, "image": {"author": "Яндекс карты", "name": "2f3362cdcdc7a173a28db8f64aba996f.jpeg", "realName": "XXL.jpg", "source": "https://yandex.ru/maps/org/ogbuk_kontsertno_vystavochny_tsentr_gubernskiy/1126872038/?ll=40.918637%2C57.778680&z=18"}, "photo": "https://pro.culture.ru/uploads/2f3362cdcdc7a173a28db8f64aba996f.jpeg", "gallery": ["https://pro.culture.ru/uploads/68a1ee40976aa6afa642620368ada0f4.jpeg"], "category": {"name": "Концерты", "sysName": "koncerty"}, "time": {"start": "2021-10-08 16:00:00", "end": "2021-10-08 17:30:00"}}, {"id": 1284793, "name": "Спектакль «Танцевальная увертюра мира»", "age": 0, "description": "<p>«Танцевальная увертюра мира» – самый масштабный проект «Русского национального балета «Кострома» о культурном наследии рас и континентов. Спектакль, который призван объединить все народы планеты.&nbsp;Это увлекательное путешествие по странам Великого шелкового пути, старой Европы и Карибского бассейна, по событиям мировой истории и жизни простых людей, где вызов стихии бросают скандинавские викинги, женская красота возносится до высот Поднебесной, сквозь шум дождя доносится кубинская «Гуантанамера», а в ирландском пабе, как всегда, разгорается безудержное веселье…</p><p>Второе отделение представляет культуру многонационального Российского государства, раскрывает географию страны от Кавказский гор до Азиатских степей; объединяет народы от Северного ледовитого океана до Черного моря – людей разных национальностей и разных конфессий\".</p><p>По замыслу авторов программа должна стать важным «культурным мостом» между странами всего мира. Средствами хореографического искусства балет «Кострома» планирует объединить народы, подарить людям красоту и радость, дать возможность почувствовать себя частью большой семьи, где царят добро, уважение и любовь.</p>", "shortDescription": "Спектакль, который призван объединить все народы планеты. ", "min_price": 800, "max_price": 2800, "link": "https://kostromakoncert.ru/shows/event/917-TANTSEVALNAYA-UVERTYURA-MIRA", "needCheck": true, "status": "accepted", "updateDate": 1633075749103, "start": 1635609600000, "end": 1635699600000, "createDate": 1629476035388, "inAccepted": true, "acceptDate": 1633075749292, "image": {"author": "-", "name": "e66df7a83f857493e6099a775f4d7ecb.jpeg", "realName": "114.jpg", "source": "-"}, "photo": "https://pro.culture.ru/uploads/e66df7a83f857493e6099a775f4d7ecb.jpeg", "gallery": ["https://pro.culture.ru/uploads/99d997881e15f90e4152ba29d3240e32.jpeg", "https://pro.culture.ru/uploads/de5460e07d02126daf8da0d294f7bdaa.jpeg", "https://pro.culture.ru/uploads/cad4a12c96ad21bd988cd8e18d36b989.jpeg", "https://pro.culture.ru/uploads/f0cfa23c8f07b4399f75816a036d7a6f.jpeg", "https://pro.culture.ru/uploads/7ec75add75d42d598b2fc892e96ceb37.jpeg", "https://pro.culture.ru/uploads/fe0eade9c08ccd0182c0ee95c1a0016b.jpeg", "https://pro.culture.ru/uploads/efbc209a6871e3f767a0b287daf2253b.jpeg", "https://pro.culture.ru/uploads/8dfd782c1d1429c597eedac19dd70062.jpeg", "https://pro.culture.ru/uploads/a3bad6978b9d30f85315905d616b2008.jpeg"], "category": {"name": "Спектакли", "sysName": "spektakli"}, "time": {"start": "2021-10-30 16:00:00", "end": "2021-10-31 17:00:00"}}]}