{"11735": [{"id": 1518620, "name": "Концерт «Однажды в декабре»", "age": 0, "description": "<p>Конец декабря удивительное время, когда настроение улучшается в ожидании праздников вместе с новогодней суетой. Белый снег уже лежит плотным покрывалом на домах и деревьях. В потоке будничных дней с трудом находится время на покупку подарков и зимние забавы, и в этой суматохе случаются разные курьезные истории, особенно у творческих людей – в их головах, как известно, всегда творится волшебство.</p><p>Эстрадно-вокальная студия «Фиеста» под руководством композитора Елены Колпаковой представит сольный концерт «Однажды в декабре». В программе – отечественные и зарубежные хиты, авторские произведения и все это заправлено легкостью тонкой атмосферы новогоднего чуда и игры.<br /></p><p>На сцене солисты и ансамбль студии – лауреаты и обладатели Гран-при международных вокальных конкурсов, участники телепроектов.</p><p>Подробности – по тел.: +7 (495) 716-92-36.</p>", "shortDescription": "Выступление студии «Фиеста».", "min_price": 200, "max_price": 200, "link": "https://www.mos.ru/afisha/event/211241257/?utm_source=telegram&utm_medium=messenger&utm_campaign=tgpa", "status": "accepted", "updateDate": 1639809607537, "start": 1640440800000, "end": 1640446200000, "createDate": 1638974332283, "inAccepted": true, "acceptDate": 1639809607733, "image": {"author": "Культурный центр \"Лира\" ", "name": "a45a16ec8f50016f5b00c58a6e987d60.jpeg", "realName": "IMG_2085.JPG", "source": "Культурный центр \"Лира\" "}, "photo": "https://pro.culture.ru/uploads/a45a16ec8f50016f5b00c58a6e987d60.jpeg", "gallery": [], "category": {"name": "Концерты", "sysName": "koncerty"}, "time": {"start": "2021-12-25 14:00:00", "end": "2021-12-25 15:30:00"}}, {"id": 1458402, "name": "Мастер-класс «Рождественский венок»", "age": 12, "description": "<p>Мастер-класс по изготовлению рождественского венка проведет руководитель студии декоративно-прикладного творчества «Фантазеры» Наталья Галкина. </p><p>Украшать входную дверь вечнозеленым венком в канун праздника стали более 500 лет назад, примерно в то же время, когда и зародилась традиция наряжать новогодние ели. Круг – символ совершенства и вечности, надежды и нового счастья. Он также отражает годовой цикл – от весны до зимы и снова до весны.</p><p>Для создания венка потребуются две заготовки из картона в форме круга, елочные ветки, новогодние украшения, шишки, клей и клеевой пистолет. Участникам мастер-класса материалы предоставит организатор.</p><p>Одновременно в занятии могут участвовать не более 7 человек.</p>", "shortDescription": "Создание праздничного украшения.", "min_price": 1500, "max_price": 1500, "link": "https://www.mos.ru/afisha/event/188274257/", "status": "accepted", "updateDate": 1637315252744, "start": 1637478000000, "end": 1637485200000, "createDate": 1637053375604, "inAccepted": true, "acceptDate": 1637315252849, "image": {"author": "Культурный центр \"Лира\"", "name": "f2be4e7b38a8350403f3df6380cc7b1d.jpeg", "realName": "венок мк октябрь.jpg", "source": "Культурный центр \"Лира\""}, "photo": "https://pro.culture.ru/uploads/f2be4e7b38a8350403f3df6380cc7b1d.jpeg", "gallery": [], "category": {"name": "Обучение", "sysName": "obuchenie"}, "time": {"start": "2021-11-21 07:00:00", "end": "2021-11-21 09:00:00"}}, {"id": 1325888, "name": "Мастер-класс «Символ года»", "age": 12, "description": "<p>Для создания новогодней игрушки участникам творческого процесса потребуется материал, который будет предоставлен организатором мероприятия. Для творческой работы будет использоваться деревянная заготовка, клей, глина, акриловые краски, лак, ленты.</p><p>Мастер-класс состоит из нескольких этапов и <span>позволит участникам создать своими руками уникальный новогодний подарок. </span></p><p>Ведущая творческого процесса – руководитель студии декоративно-прикладного творчества «Фантазеры» Культурного центра «Лира» Наталья Галкина. </p>", "shortDescription": "Творческое занятие по созданию новогодней игрушки.", "min_price": 1500, "max_price": 1500, "link": "https://www.mos.ru/afisha/event/145606257/", "status": "accepted", "updateDate": 1631532386851, "start": 1639292400000, "end": 1639299600000, "createDate": 1631524831185, "inAccepted": true, "acceptDate": 1631604248296, "image": {"author": "Культурный центр \"Лира\"", "name": "f6bd91eb9dcae771b24edf14b354a5c5.jpeg", "realName": "IMG_0716.JPG", "source": "liracentre.ru"}, "photo": "https://pro.culture.ru/uploads/f6bd91eb9dcae771b24edf14b354a5c5.jpeg", "gallery": [], "category": {"name": "Обучение", "sysName": "obuchenie"}, "time": {"start": "2021-12-12 07:00:00", "end": "2021-12-12 09:00:00"}}, {"id": 1254229, "name": "Спектакль «Алиса в Стране чудес»", "age": 6, "description": "<p style=\"text-align:justify\"><span></span></p> <p><span>Все дети мечтают оказаться в фантастическом мире, полном чудес и превращений. Об этом точно знал английский писатель Льюис Кэрролл, который создал сказку о девочке Алисе, ставшей знаменитой и любимой детьми во всем мире. </span></p> <p><span>Алиса читает книгу, засыпает и попадает из самой обычной обстановки в невероятный, полный странных и причудливых людей и зверей мир. </span><span>Вместе с Алисой зрители встретят серьезного Белого Кролика, эпатажного Шляпника,<span> </span>невероятных королев и многих других сказочных героев, а также окунутся в<span> </span>таинственную музыку, насладятся необычными яркими декорациями, а глубокие голоса помогут перенестись в чудесный мир фантазии, причудливых грез и волшебства.</span></p>", "shortDescription": "Музыкальная постановка театра-студии «Комната».", "min_price": 500, "max_price": 500, "link": "https://www.mos.ru/afisha/event/137671257/", "status": "accepted", "updateDate": 1630317358304, "start": 1633161600000, "end": 1633165200000, "createDate": 1628081763983, "inAccepted": true, "acceptDate": 1630389216358, "image": {"author": "ГБУК г. Москвы \"КЦ \"Лира\"", "name": "a7bef15f57c35a05c27ef05ed9f0bd8f.jpeg", "realName": "IMG_8775.JPG", "source": "ГБУК г. Москвы \"КЦ \"Лира\""}, "photo": "https://pro.culture.ru/uploads/a7bef15f57c35a05c27ef05ed9f0bd8f.jpeg", "gallery": ["https://pro.culture.ru/uploads/58d04dcec04dab0fa0a653bfcb3c65a1.jpeg", "https://pro.culture.ru/uploads/24f04b7211884afd0b494fac2acbae88.jpeg"], "category": {"name": "Спектакли", "sysName": "spektakli"}, "time": {"start": "2021-10-02 08:00:00", "end": "2021-10-02 09:00:00"}}, {"id": 1254184, "name": "Спектакль «Голубая стрела»", "age": 6, "description": "<p><span>Эта история произошла под Рождество. Игрушки, выставленные на витрину магазина феи, совершают побег за мальчиком Франческо Монти, заглядевшемся на поезд «Голубая стрела». Он из небогатой семьи, и в этом году его мама не смогла позволить\n\nсебе \n\n купить подарок&nbsp;сыну. Смелые игрушки двинулись в путь, несмотря на все опасности, чтобы обрадовать малыша. Марта обнаруживает пропажу и, думая, что магазин ограбили, отправляется в погоню за «похитителями»…</span></p> <p><span>В увлекательном приключении зрители увидят генерала, машиниста, медведя, индейца и куклу и, конечно, верного щенка Кнопку.</span></p>", "shortDescription": "Постановка театральной студии «Дом», под руководством Олега Домбровского.", "min_price": 500, "max_price": 500, "link": "https://www.mos.ru/afisha/event/137636257/?utm_source=search&utm_term=serp", "status": "accepted", "updateDate": 1629209336411, "start": 1640275200000, "end": 1640797200000, "createDate": 1628081082700, "inAccepted": true, "acceptDate": 1629214162918, "image": {"author": "ГБУК г. Москвы \"КЦ \"Лира\"", "name": "c0b5c73790cdc5ba2d9122f9ebb67db5.jpeg", "realName": "IMG_9766.JPG", "source": "ГБУК г. Москвы \"КЦ \"Лира\""}, "photo": "https://pro.culture.ru/uploads/c0b5c73790cdc5ba2d9122f9ebb67db5.jpeg", "gallery": ["https://pro.culture.ru/uploads/24303067bbb4fa6ad1f606deacbf7061.jpeg", "https://pro.culture.ru/uploads/1ec182c2232236c2dd61b7d1f64e70a6.jpeg"], "category": {"name": "Спектакли", "sysName": "spektakli"}, "time": {"start": "2021-12-23 16:00:00", "end": "2021-12-29 17:00:00"}}, {"id": 1254081, "name": "Спектакль «Гости из космоса»", "age": 6, "description": "<p><span>Новая увлекательная история для детей и взрослых о том, как молодые и еще неопытные инопланетяне по глупости забрали себе микросхему, имеющую влияние на ход развития Вселенной, и попали на космический корабль. Началась настоящая погоня, спасаясь от которой героям пришлось облететь весь мир. Они попадут на удивительные планеты, познакомятся с их жителями, столкнутся со множеством препятствий, попадут в плен и лишь с помощью зрителей смогут из него выбраться. </span></p><p><span>Фантастический сюжет, много музыки и песен, спецэффекты и невероятные декорации – все это музыкальный шоу-спектакль «Гости из космоса».</span></p> <p><span></span></p><p style=\"text-align:justify\"><span></span></p>", "shortDescription": "Музыкальное шоу в двух действиях для детей.", "min_price": 500, "max_price": 500, "link": "https://www.mos.ru/afisha/event/137653257/?utm_source=search&utm_term=serp", "status": "accepted", "updateDate": 1629208310365, "start": 1638086400000, "end": 1638090000000, "createDate": 1628079428146, "inAccepted": true, "acceptDate": 1629214060308, "image": {"author": "ГБУК г. Москвы КЦ \"Лира", "name": "00896ed728710eb91251d6ead928061e.jpeg", "realName": "IMG_1308.JPG", "source": "ГБУК г. Москвы КЦ \"Лира"}, "photo": "https://pro.culture.ru/uploads/00896ed728710eb91251d6ead928061e.jpeg", "gallery": ["https://pro.culture.ru/uploads/964547924c727cdd3f5803178095e574.jpeg", "https://pro.culture.ru/uploads/a56716236e04a15a782d8e65d72c0301.jpeg"], "category": {"name": "Спектакли", "sysName": "spektakli"}, "time": {"start": "2021-11-28 08:00:00", "end": "2021-11-28 09:00:00"}}]}