{"11070": [{"id": 1476864, "name": "Программа «Disco дуэль»", "age": 12, "description": "<p style=\"margin-left:0px\"><span><span>Для жителей организована танцевальная конкурсно-игровая вечеринка в стиле</span><span> </span><span>стартинейджер с множеством музыкальных игр и зажигательных танцев. </span>На танцполе зажигают стильные и заводные персонажи, а значит, нескончаемая феерия музыки, танцев и веселья ожидает юных любителей дискотеки.</span></p><p style=\"margin-left:0px\"><span> Задорные танцевальные конкурсы под самые заводные хиты мировой музыки – это необыкновенный заряд позитива, который дарят детям жизнерадостные аниматоры. Но дуэль – это не только танцы, но музыкальные соревнования, игры, творческие викторины. Энергичные аниматоры заразят танцевальным настроением всех гостей, создадут незабываемое шоу.</span></p>", "shortDescription": "Конкурсно-игровое мероприятие, где найдется место танцам, песням и соревнованиям.", "min_price": 300, "max_price": 350, "link": "https://vmuzey.com/event/disco-duel", "status": "accepted", "updateDate": 1638536340850, "start": 1638770400000, "end": 1640005200000, "createDate": 1637667109448, "inAccepted": true, "acceptDate": 1638536344668, "image": {"author": "Лазарева Наталья", "name": "26ea086efa1f2d3c713cf4de246d3818.jpeg", "realName": "b5fa1236eb4264299f8384324a218491 (1).jpeg", "source": "Архив МКУК МПЦДМО"}, "photo": "https://pro.culture.ru/uploads/26ea086efa1f2d3c713cf4de246d3818.jpeg", "gallery": ["https://pro.culture.ru/uploads/c49a830d5d7d5aedc5457df8301f949e.jpeg", "https://pro.culture.ru/uploads/b86cedc781908aab41016a4895973729.jpeg", "https://pro.culture.ru/uploads/30a7bea6ce83a9ccef1b969c6fa78c68.jpeg"], "category": {"name": "Встречи", "sysName": "vstrechi"}, "time": {"start": "2021-12-06 06:00:00", "end": "2021-12-20 13:00:00"}}, {"id": 1474112, "name": "Программа «Пушкинский бал»", "age": 12, "description": "<p><span>Участие в бальной программе познакомит учащихся с эпохой </span><span>XVIII</span><span> </span><span>века. Ребята станут главными действующими лицами, научатся правилам этикета, узнают, как правильно здороваться, знакомиться, приглашать дам на танец, ухаживать за ними, поддерживать разговор, танцевать, держаться в обществе дам и т. д. </span></p><p><span>Также участники смогут поиграть в известные игры того времени, такие как «Ручеек», «Фанты» и др. Гости разучат элементы <span> </span>вальса, полонеза, польки и др., прочитают книги об известных людях, произведения писателей той эпохи. </span></p><p><span>Мероприятие формирует воспитание, основанное на умении ребят воспринимать окружающий мир, благодаря которому они имеют возможность познать лучшие образцы мировой художественной культуры через музыкальный материал, историко-бытовой танец, литературные и исторические источники.</span></p>", "shortDescription": "Создание необыкновенной, неповторимой атмосферы, где каждый и актер, и зритель одновременно.", "min_price": 300, "max_price": 350, "link": "https://vmuzey.com/event/pushkinskiy-bal-1", "status": "accepted", "updateDate": 1638535914170, "start": 1638356400000, "end": 1639749600000, "createDate": 1637587329700, "inAccepted": true, "acceptDate": 1638535918040, "image": {"author": "life.gubkin.ru", "name": "9bbce6036377a50aa72ecff02f49a9c7.png", "realName": "изображение_2021-11-30_082711.png", "source": "life.gubkin.ru"}, "photo": "https://pro.culture.ru/uploads/9bbce6036377a50aa72ecff02f49a9c7.png", "gallery": ["https://pro.culture.ru/uploads/239375c2a4196b793d02d536b5112498.jpeg", "https://pro.culture.ru/uploads/f0668b602cdf9b971c6f59800799e962.jpeg"], "category": {"name": "Встречи", "sysName": "vstrechi"}, "time": {"start": "2021-12-01 11:00:00", "end": "2021-12-17 14:00:00"}}]}