{"11619": [{"id": 1533087, "name": "Мастер-класс «Дыхание весны»", "age": 6, "description": "<p><span>В ожидании нежного весеннего праздникапод руководством опытного арт-педагога Светланы Морозовой пройдет цветочный мастер-класс. Участники творческой встречи создадут чудесный подарок к празднику 8 Марта – нежную композицию с живым гиацинтом в кашпо, декорированным своими руками! Такой милый подарок станет знаком любви и нежности сестре, подруге, маме или бабушке.</span></p> <p><span>Участники смогут создать весеннее настроение своими руками! </span><span>В работе будут использованы живые раннецветущие луковичные, прирядные материалы, декоративные элементы.</span></p>", "shortDescription": "Занятие по декору горшочка-кашпо с посадкой настоящего раннецветущего луковичного растения.", "min_price": 600, "max_price": 600, "link": "https://iframeab-pre1343.intickets.ru/node/12192566", "status": "accepted", "updateDate": 1640068777305, "start": 1646402400000, "end": 1646409600000, "createDate": 1639487837198, "inAccepted": true, "acceptDate": 1640068777352, "image": {"author": "Светлана Морозова", "name": "11e49a1b69ad1b7e05ce3b831ef731e1.jpeg", "realName": "3.jpg", "source": "фотоархив КЦ \"Москворечье\" "}, "photo": "https://pro.culture.ru/uploads/11e49a1b69ad1b7e05ce3b831ef731e1.jpeg", "gallery": [], "category": {"name": "Обучение", "sysName": "obuchenie"}, "time": {"start": "2022-03-04 14:00:00", "end": "2022-03-04 16:00:00"}}, {"id": 1533033, "name": "Мастер-класс «Фруктовая фантазия»", "age": 6, "description": "<p><span>Участники мастер-класса под руководством опытного педагога создадут своими руками очаровательный актуальный элемент интерьерного декора – керамическую фигурку в виде объемного фрукта: граната, яблока, груши…</span><span></span></p><p><span>В форме фрукта может быть выполнена ваза, сахарница, блюдо и многое другое. Участникам будет предложено поработать с белой глиной в жгутовой технике или с раскатным пластом. По желанию – декор по сырому цветной глазурью или глазуровка прозрачной глазурью. </span></p><p><span>Изделия пройдут двойной обжиг и вернутся к своим создателям.</span></p><p></p>", "shortDescription": "Создание декоративного интерьерного объекта в виде фрукта.", "min_price": 800, "max_price": 800, "link": "https://iframeab-pre1343.intickets.ru/node/12192515", "status": "accepted", "updateDate": 1640004334303, "start": 1644663600000, "end": 1644670800000, "createDate": 1639487379122, "inAccepted": true, "acceptDate": 1640004334393, "image": {"author": "Светлана Морозова", "name": "ce9231c71bf83bdadf5940a6e6aedff9.jpeg", "realName": "2.jpg", "source": "Фотоархив КЦ \"Москворечье\""}, "photo": "https://pro.culture.ru/uploads/ce9231c71bf83bdadf5940a6e6aedff9.jpeg", "gallery": [], "category": {"name": "Обучение", "sysName": "obuchenie"}, "time": {"start": "2022-02-12 11:00:00", "end": "2022-02-12 13:00:00"}}, {"id": 1532952, "name": "Мастер-класс «Ажурный подсвечник»", "age": 6, "description": "<p><span>Участники мастер-класса создадут оригинальной декоративный элемент – массивный и одновременно изящный подсвечник из натуральной белой глины. <span>Работа с раскатным глиняным пластом или жгутом в совокупности с резным декором позволит почувствовать себя настоящими волшебниками, создающими маленькое чудо своими руками. </span></span></p><p><span><span></span><span>Керамический подсвечник, созданный самостоятельно, создаст атмосферу сказочности и таинственности в вашем доме. Изделия пройдут двойной обжиг, что закалит их, и вернутся к своим создателям.</span><br /></span></p>", "shortDescription": "Изготовление оригинального керамического изделия. ", "min_price": 900, "max_price": 900, "link": "https://iframeab-pre1343.intickets.ru/node/12192369", "status": "accepted", "updateDate": 1640003676407, "start": 1642849200000, "end": 1642856400000, "createDate": 1639486422940, "inAccepted": true, "acceptDate": 1640003676506, "image": {"author": "Морозова Светлана", "name": "6bf89c59ce95bcff9c989474611b11f0.jpeg", "realName": "1.jpg", "source": "фотоархив КЦ \"Москворечье\""}, "photo": "https://pro.culture.ru/uploads/6bf89c59ce95bcff9c989474611b11f0.jpeg", "gallery": [], "category": {"name": "Обучение", "sysName": "obuchenie"}, "time": {"start": "2022-01-22 11:00:00", "end": "2022-01-22 13:00:00"}}, {"id": 1469563, "name": "Спектакль «Морозко»", "age": 0, "description": "<p>Старая русская народная сказка. Начинается как многие старинные русские сказки: «Живало, бывало…». И на этом сходство с остальными сказками заканчивается. </p> <p>Живет старик с дочкой Машенькой. Овдовел старик, да и женился во второй раз. А у его новой жены своя дочка. Вот и выходит, что Машенька живет с мачехой. Казалось бы, хорошо, что Машенька без ласки материнской не осталась, но не тут-то было. Здесь и начинается история. Невзлюбила мачеха падчерицу. Что родная дочь сделает – все хорошо, что Машенька – все плохо. А в конце концов и вовсе решила погубить падчерицу – отправила ее в лес на погибель. Может быть, на этом и закончилась бы сказка, но... Встретила Машенька в лесу Морозко. Справедливый Морозко понял, что Машенька добрая, умная, обходительная девица, уважает старших, веселая и работящая. И за все это наградил он Машеньку по-царски. Увидела все это злая мачеха, так зависть ее и заела. Отправила она свою родную дочку в лес за богатством! Но не тут-то было!</p> <p>Если у человека доброе отзывчивое сердце, Морозко обязательно поможет в беде и поддержит в радости. А если человек злой да жадный – получит по заслугам. </p>", "shortDescription": "Мудрая история о справедливости, доброте и бескорыстии.", "min_price": 600, "max_price": 1200, "link": "https://iframeab-pre1343.intickets.ru/node/12077028", "status": "accepted", "updateDate": 1637761724627, "start": 1640682000000, "end": 1640687400000, "createDate": 1637331450719, "inAccepted": true, "acceptDate": 1637761724687, "image": {"author": "Дмитрий Аксенов", "name": "098f711b75fa3037fd073f5db6fcb5d5.jpeg", "realName": "IMG_4730.jpg", "source": "Архив КЦ Москворечье"}, "photo": "https://pro.culture.ru/uploads/098f711b75fa3037fd073f5db6fcb5d5.jpeg", "gallery": [], "category": {"name": "Спектакли", "sysName": "spektakli"}, "time": {"start": "2021-12-28 09:00:00", "end": "2021-12-28 10:30:00"}}, {"id": 1451192, "name": "Программа «Танцевальная сказка»", "age": 0, "description": "<p><span>В Культурном центре<span> </span>«Москворечье» пройдет к</span><span>онцерт лауреата Премии Московского комсомола Московского городского творческого коллектива хореографического ансамбля «Ритмы детства» под руководством заслуженного работника культуры РСФСР лауреата премии правительства РФ «Душа России» В. Миллера.</span><span><br /> <span></span></span></p><p><span><span>В программе будут представлены лучшие номера прошлых лет, вошедшие в золотой репертуарный фонд этого прославленного коллектива: танцы народов мира, хореографические композиции на музыку П. Чайковского, Э. Грига, М. Глинки, Д. Шостаковича, В. Гаврилина, П. Мориа, А. Кудрявцева, А. Широкова, джазовая вариация на музыку Э. Л. Вебера, а также детские хореографические миниатюры на музыку Ю. Чичкова, В. Локтева.</span></span><span> </span><span>Зрители смогут насладиться как давно полюбившимися номерами, так и новыми постановками. </span></p>", "shortDescription": "Концерт Московского городского творческого коллектива хореографического ансамбля «Ритмы детства».", "min_price": 600, "max_price": 600, "link": "https://iframeab-pre1343.intickets.ru/node/12077112", "status": "accepted", "updateDate": 1637150172214, "start": 1638630000000, "end": 1638637200000, "createDate": 1636726150492, "inAccepted": true, "acceptDate": 1637150172318, "image": {"author": "Елена Градова", "name": "c979682348606e5bd2dd9265208bba62.jpeg", "realName": "IMG_1106.JPG", "source": "фотоархив КЦ Москворечье"}, "photo": "https://pro.culture.ru/uploads/c979682348606e5bd2dd9265208bba62.jpeg", "gallery": [], "category": {"name": "Концерты", "sysName": "koncerty"}, "time": {"start": "2021-12-04 15:00:00", "end": "2021-12-04 17:00:00"}}, {"id": 1277401, "name": "Концерт «Как долго я тебя искал»", "age": 16, "description": "<p>Алексей Брянцев – молодой исполнитель с неподражаемым бархатным баритоном, один из самых востребованных артистов российской эстрады. Его концерты проходят на одном дыхании. Своими романтичными песнями он погружает слушателей в мир музыки и волшебства.</p> <p>Новая концертная программа включает в себя песни из нового альбома, проверенные временем хиты и знаменитые дуэты. Полностью живое исполнение создает незабываемую атмосферу общения артиста со зрителем.</p> <p>Песни в исполнении Алексея Брянцева не раз становились лауреатами фестиваля «Шансон года», певец принимал участие в гала-концертах звезд шансона на фестивалях «Эх, разгуляй!» и «Славянский базар».</p>", "shortDescription": "Для гостей выступит молодой исполнитель Алексей Брянцев.", "min_price": 1500, "max_price": 2800, "link": "https://iframeab-pre1343.intickets.ru/node/11920034?SESSI5308db1b16f28d75231a28b7967b3df2=v42jeilst57l8l7fro58ddhq7o", "status": "accepted", "updateDate": 1635075145988, "start": 1645372800000, "end": 1645380000000, "createDate": 1629198734672, "inAccepted": true, "acceptDate": 1635075146215, "image": {"author": "Алексей Брянцев ", "name": "c3c978bf9bea34ebc7cdbd378b68b3f1.jpeg", "realName": "брянцев.jpg", "source": "https://yandex.ru/images/search?from=tabbar&text=%D0%B0%D0%BB%D0%B5%D0%BA%D1%81%D0%B5%D0%B9%20%D0%B1%D1%80%D1%8F%D0%BD%D1%86%D0%B5%D0%B2%20%D1%84%D0%BE%D1%82%D0%BE%20%D0%BF%D0%B5%D0%B2%D0%B5%D1%86&pos=26&img_url=https%3A%2F%2Fsun9-44.userapi.com%2FkU_Fli10iOBwLuPhecDjENyB6eDSnGqkJ0KL7g%2FDXJLEKoVUT4.jpg&rpt=simage&rlt_url=https%3A%2F%2Fstatic.vl.ru%2Fnews%2F1541228530896_default&ogl_url=https%3A%2F%2Fsun9-44.userapi.com%2FkU_Fli10iOBwLuPhecDjENyB6eDSnGqkJ0KL7g%2FDXJLEKoVUT4.jpg"}, "photo": "https://pro.culture.ru/uploads/c3c978bf9bea34ebc7cdbd378b68b3f1.jpeg", "gallery": [], "category": {"name": "Концерты", "sysName": "koncerty"}, "time": {"start": "2022-02-20 16:00:00", "end": "2022-02-20 18:00:00"}}, {"id": 1277307, "name": "Концерт «Крик души»", "age": 16, "description": "<p> Сольный концерт популярной российской исполнительницы Славы в Культурном центре «Москворечье». </p><p> </p><p>Концерт станет вторым событием такого масштаба в карьере артистки. Первым было нашумевшее шоу «Откровенно», которое Слава презентовала в октябре 2015 года. В рамках предыдущей программы не все идеи звезды удалось реализовать, поэтому новая программа под названием «Крик души» обещает стать еще более наполненной и грандиозной.</p> <p>На концерте прозвучат не только всем известные хиты, но и новые песни: «Однажды ты», «Твой поцелуй», «Верная», «Мы теперь одни» и самый свежий хит «Холод собачий», которые быстро завоевали любовь публики и несколько престижных премий в области популярной музыки.</p> <p>«Поплачем, посмеемся, попоем и потанцуем вместе…», – обещает артистка. Всегда открытая и искренняя со своими зрителями Слава готовит музыкальный вечер в формате задушевного разговора через песни, способные дотронуться до каждого сердца.</p> <p></p>", "shortDescription": "Сольная программа певицы Славы.", "min_price": 2500, "max_price": 5000, "link": "https://iframeab-pre1343.intickets.ru/node/11964967", "status": "accepted", "updateDate": 1629211248842, "start": 1634918400000, "end": 1634923800000, "createDate": 1629196932345, "inAccepted": true, "acceptDate": 1629211350234, "image": {"author": "Олеся Подлесная ", "name": "12dd033d79f20319a8df9b9cb56d3f33.jpeg", "realName": "Слава концерт.jpg", "source": "https://yandex.ru/images/search?from=tabbar&text=%D0%BF%D0%B5%D0%B2%D0%B8%D1%86%D0%B0%20%D1%81%D0%BB%D0%B0%D0%B2%D0%B0%20%D0%BD%D0%B0%20%D1%81%D1%86%D0%B5%D0%BD%D0%B5%20%D0%B3%D0%BE%D1%80%D0%B8%D0%B7%D0%BE%D0%BD%D1%82%D0%B0%D0%BB%D1%8C%D0%BD%D0%BE%D0%B5%20%D1%84%D0%BE%D1%82%D0%BE&pos=0&img_url=https%3A%2F%2Fapi.nsn.fm%2Fstorage%2Fmedialib%2F179458%2Fregular_image-5ac8a50ec70a55d3b6f5d9d831a40d2c.jpg&rpt=simage"}, "photo": "https://pro.culture.ru/uploads/12dd033d79f20319a8df9b9cb56d3f33.jpeg", "gallery": [], "category": {"name": "Концерты", "sysName": "koncerty"}, "time": {"start": "2021-10-22 16:00:00", "end": "2021-10-22 17:30:00"}}, {"id": 1272094, "name": "Спектакль «Пеппи Длинныйчулок»", "age": 6, "description": "<p> Увлекательный спектакль о Пеппи Длинныйчулок – самой сильной, веселой, смешной, доброй и справедливой девочке в мире, одной из самых фантастических героинь Астрид Линдгрен. </p><p>Это история о том, как с помощью наблюдательности, воображения и друзей разоблачить воришек, наказать нехорошего директора цирка и победить самого сильного силача. Да-да, Пеппи на все это способна, потому что она самая удивительная девочка на свете. И вместе с ней маленькие зрители смогут узнать не только о том, как удобнее есть блины или где на самом деле находится Индия, а также о том, что главные сокровища – это вовсе не золотые монетки, за которыми охотятся мошенники… Главные сокровища Пеппи – это ее дружба, благородство и щедрость. И если кому-то необходимо ее бескорыстное участие, то она, не задумываясь, придет на помощь.</p><p>Пеппи Длинныйчулок научит юных зрителей не только фантазировать и веселиться, но и быть смелыми, добрыми, отзывчивыми и верными друзьями. </p>", "shortDescription": "Постановка по произведению Астрид Линдгрен.", "min_price": 400, "max_price": 800, "link": "https://iframeab-pre1343.intickets.ru/node/11965197", "needCheck": true, "status": "accepted", "updateDate": 1629372388975, "start": 1633867200000, "end": 1633872600000, "createDate": 1628857172794, "inAccepted": true, "acceptDate": 1629372389022, "image": {"author": "Александр Москалев", "name": "e2942b8092ab3b986c3079ee20491c7a.jpeg", "realName": "large_886292_347687162021937_7637892453067060904_o.jpg", "source": "Фотоархив КЦ Москворечье"}, "photo": "https://pro.culture.ru/uploads/e2942b8092ab3b986c3079ee20491c7a.jpeg", "gallery": [], "category": {"name": "Спектакли", "sysName": "spektakli"}, "time": {"start": "2021-10-10 12:00:00", "end": "2021-10-10 13:30:00"}}, {"id": 1272038, "name": "Лекция «Мистика и ужас в русской мифологии»", "age": 16, "description": "<p> Специалист по славянскому фольклору и мифологии Александр Москалев расскажет о таком жанре устного народного творчества как былички и бывальщины. Вы узнаете, каких мистических существ боялись наши предки, кто такие заложные покойники и почему нельзя срывать колпак с колокольного мертвеца. Вместе с лектором вы вспомните, какие классические произведения русской литературы основаны на подсознательных страхах нашего народа, и отправитесь в путешествие по регионам России, в каждом из которых можно было встретить своего жуткого мифического персонажа. Наконец, вы узнаете, живы ли до сегодняшнего дня мрачные народные поверья и кем по-прежнему пугают детей в российской глубинке. </p>", "shortDescription": "Специалист по славянскому фольклору расскажет о таком жанре народного творчества, как былички.", "min_price": 500, "link": "https://iframeab-pre1343.intickets.ru/node/11965185", "needCheck": true, "status": "accepted", "updateDate": 1635075348157, "start": 1638201600000, "end": 1638205200000, "createDate": 1628856424809, "inAccepted": true, "acceptDate": 1635075348369, "image": {"author": "Александр Москалев", "name": "48c56d7d2bc9005f17ed5d1012e53370.jpeg", "realName": "_uktoplenitsya_4_771x517.jpg", "source": "Фотоархив КЦ Москворечье"}, "photo": "https://pro.culture.ru/uploads/48c56d7d2bc9005f17ed5d1012e53370.jpeg", "gallery": [], "category": {"name": "Обучение", "sysName": "obuchenie"}, "time": {"start": "2021-11-29 16:00:00", "end": "2021-11-29 17:00:00"}}, {"id": 1257201, "name": "Мастер-класс «Новогодняя свеча»", "age": 6, "description": "<p><span>Участники мастер-класса своими руками создадут удивительный элемент декора – насыпную свечу в оригинальном подсвечнике под руководством опытного арт-педагога Светланы Морозовой, руководителя творческой арт-лаборатории Hand Made. </span></p><p><span>Посетители задекорируют основу подсвечника и создадут свечу из гранулированного воска. </span><span>Насыпная свеча в нарядном подсвечнике может украсить любой интерьер, стать уютным дополнением праздничного убранства дома, стола или стать удивительным подарком для самых родных и близких.</span></p>", "shortDescription": "Посетители смогут изготовить праздничный сувенир.", "min_price": 350, "link": "https://iframeab-pre1343.intickets.ru/node/11956867", "status": "accepted", "updateDate": 1628675080040, "start": 1640354400000, "end": 1640361600000, "createDate": 1628192811809, "inAccepted": true, "acceptDate": 1628849899047, "image": {"author": "Светлана Морозова", "name": "efa206bb7512500ba9d70c033c5a5f35.jpeg", "realName": "свеча.jpg", "source": "фотоархив КЦ \"Москворечье\""}, "photo": "https://pro.culture.ru/uploads/efa206bb7512500ba9d70c033c5a5f35.jpeg", "gallery": [], "category": {"name": "Обучение", "sysName": "obuchenie"}, "time": {"start": "2021-12-24 14:00:00", "end": "2021-12-24 16:00:00"}}, {"id": 1257200, "name": "Мастер-класс «Сервировочная керамическая доска»", "age": 6, "description": "<p><span>На мастер-классе участники смогут своими руками изготовить прекрасный элемент сервировки стола под руководством опытного арт-педагога Светланы Морозовой, руководителя студии керамики «Майолика». Участники будут работать с белой глиной, декорировать изделие оттисками, штампами и кружевными узорами. Сервировочная доска используется для красивой подачи сырной нарезки, фруктов, канапе и станет настоящей изюминкой праздничного оформления стола, а также сможет стать прекрасным подарком родным и близким.</span></p>", "shortDescription": "Изготовление сервировочной доски из керамики.", "min_price": 700, "link": "https://iframeab-pre1343.intickets.ru/node/11956850", "status": "accepted", "updateDate": 1629194075444, "start": 1639220400000, "end": 1639227600000, "createDate": 1628192488626, "inAccepted": true, "acceptDate": 1629214022565, "image": {"author": "Дадаева Татьяна", "name": "b783e4a325f7456552cf8073414b3a45.jpeg", "realName": "сервировочная доска.jpg", "source": "фотоархив КЦ \"Москворечье\""}, "photo": "https://pro.culture.ru/uploads/b783e4a325f7456552cf8073414b3a45.jpeg", "gallery": [], "category": {"name": "Прочие", "sysName": "prochie"}, "time": {"start": "2021-12-11 11:00:00", "end": "2021-12-11 13:00:00"}}, {"id": 1257192, "name": "Мастер-класс «Лопаточка-оберег»", "age": 6, "description": "<p><span>Участники мастер-класса своими руками смогут создать яркий домашний оберег-лопатку под руководством опытного арт-педагога Светланы Морозовой, руководителя творческой арт-лаборатории Hand Made. </span></p><p><span>Оберег – предмет, оберегающий владельца от бед, защищает дом, приносит любовь, счастье. С давних веков дошел обычай украшать свои дома оберегами из природных </span><span>компонентов, которые символизируют здоровье, благополучие, счастье и достаток. В ходе мастер-класса участники познакомятся с древними обычаями предков. </span></p>", "shortDescription": "Посетители смогут изготовить интерьерное украшение.", "min_price": 200, "link": "https://iframeab-pre1343.intickets.ru/node/11956822", "status": "accepted", "updateDate": 1628674934506, "start": 1637330400000, "end": 1637337600000, "createDate": 1628191929824, "inAccepted": true, "acceptDate": 1628674934567, "image": {"author": "Светлана Морозова", "name": "059d1d3c5dabd2c8fc44ca4edad929d0.jpeg", "realName": "лапотка-оберег.jpg", "source": "Фотоархив КЦ \"Москворечье\""}, "photo": "https://pro.culture.ru/uploads/059d1d3c5dabd2c8fc44ca4edad929d0.jpeg", "gallery": [], "category": {"name": "Обучение", "sysName": "obuchenie"}, "time": {"start": "2021-11-19 14:00:00", "end": "2021-11-19 16:00:00"}}, {"id": 1257188, "name": "Мастер-класс «Керамический домик-кашпо»", "age": 6, "description": "<p><span>Участники мастер-класса своими руками смогут создать чудесный домик-кашпо под руководством опытного арт-педагога Светланы Морозовой, руководителя студии керамики «Майолика» Культурного центра «Москворечье». </span></p><p><span>Ребятам предстоит работа с раскатным глиняным пластом, а также знакомство с росписью ангобами по сырому. Ничем неограниченный полет фантазии создателя: любые размеры, любые цвета, любые формы, любой функционал. Домики всегда популярны и востребованы, а все потому, что дом – прекрасный символ уюта и очага. </span></p>", "shortDescription": "Гости смогут изготовить керамическую поделку.", "min_price": 700, "link": "https://iframeab-pre1343.intickets.ru/node/11956777", "status": "accepted", "updateDate": 1628674608716, "start": 1634382000000, "end": 1634389200000, "createDate": 1628191221942, "inAccepted": true, "acceptDate": 1628850057224, "image": {"author": "Светлана Морозова", "name": "8335ddd04598ebf062a18825653f58aa.jpeg", "realName": "домик кашпо.jpg", "source": "фотоархив КЦ \"Москворечье\""}, "photo": "https://pro.culture.ru/uploads/8335ddd04598ebf062a18825653f58aa.jpeg", "gallery": [], "category": {"name": "Обучение", "sysName": "obuchenie"}, "time": {"start": "2021-10-16 11:00:00", "end": "2021-10-16 13:00:00"}}]}