{"11556": [{"id": 1255845, "name": "Мастер-класс «Золотая осень»", "age": 12, "description": "<p> Мастер-класс по акварельной живописи от художницы Наталии Поляковой. Все желающие, без специальной подготовки, смогут за короткое время нарисовать пейзаж. Акварельная живопись – это не просто красивые картины, а настоящие эмоции, сила искусства, динамика и притягательность изображения. Акварель по своим свойствам удивительный материал, способный творить чудеса – создавать невероятные эффекты, объем, реалистичность и настроение. Картины, написанные акварельными красками, привлекают людей уникальной прозрачностью основы, легкостью и воздушностью оттенков. </p>", "shortDescription": "Гости смогут создать пейзаж.", "min_price": 1000, "max_price": 1000, "link": "https://www.mos.ru/afisha/event/154117257/", "status": "accepted", "updateDate": 1629808234102, "start": 1631952000000, "end": 1631955600000, "createDate": 1628156600280, "inAccepted": true, "acceptDate": 1629908994843, "image": {"author": "Дарья Хащанова", "name": "a14594cab27713c534ba79e713dc74ad.jpeg", "realName": "b58f70dbc353a944692f65ca15983b1b.jpeg", "source": "Фото учреждения"}, "photo": "https://pro.culture.ru/uploads/a14594cab27713c534ba79e713dc74ad.jpeg", "gallery": ["https://pro.culture.ru/uploads/61aef31f97074c76df8488750ed3ec8d.jpeg"], "category": {"name": "Обучение", "sysName": "obuchenie"}, "time": {"start": "2021-09-18 08:00:00", "end": "2021-09-18 09:00:00"}}]}