{"11590": [{"id": 1538331, "name": "Балет «Щелкунчик»", "age": 0, "description": "<p>«Щелкунчик» – балет П. И. Чайковского в двух актах на либретто М. Петипа по мотивам сказки Э. Т. А. Гофмана «Щелкунчик и Мышиный король».</p><p>Неизвестно, увидел бы свет знаменитый балет «Щелкунчик», если бы не директор Императорских театров Российской империи Иван Всеволожский.</p><p>Увлеченность Всеволожского французской культурой XVIII века отразилась в пышном оформлении и сказочных, рыцарских сюжетах спектаклей, которые ставились при нем. </p><p>За основу сюжета для балета Всеволожский взял не оригинальную сказку Гофмана, а ее пересказ под названием «История Щелкунчика», написанный Александром Дюма-отцом в 1845 году. По сюжету девочка Марихен Штальбаум получает в подарок довольно уродливую куклу – щипцы для колки орехов. В то время в Германии считалось, что щелкунчики приносят в дом удачу, поэтому дарить их было вполне обычным делом. Именно этот вариант сказки о чудесном превращении деревянной уродливой игрушки для колки орехов в прекрасного принца, по мнению Ивана Александровича, идеально соответствовал требованиям балетного театра. </p><p>Дополнительные изменения в либретто внес и хореограф Мариус Петипа: так, второй акт он полностью посвятил танцам, представляющим различные сладости. По замыслу автора Клара и Щелкунчик попадали в волшебную страну Конфитюренбург.</p><p>Балет уже более века с успехом идет на подмостках других стран – в разных постановках отличаются костюмы и прочтение хореографии, но все равно он остается празднично-волшебным «Щелкунчиком».</p>", "shortDescription": "Постановка в двух актах по мотивам сказки Э. Т. А. Гофмана.", "min_price": 950, "max_price": 950, "link": "https://iframeab-pre2925.intickets.ru/seance/12191660", "status": "accepted", "updateDate": 1640584813226, "start": 1641394800000, "end": 1641405600000, "createDate": 1639640731050, "inAccepted": true, "acceptDate": 1640154717236, "image": {"author": "фото из открытых источников", "name": "3c5652f62cd6f70bef68645c7a9ec8b1.jpeg", "realName": "0f496f_f63871dae460408abe86b36910246ca8~mv2.jpg", "source": "фото из открытых источников"}, "photo": "https://pro.culture.ru/uploads/3c5652f62cd6f70bef68645c7a9ec8b1.jpeg", "gallery": ["https://pro.culture.ru/uploads/401df6d6834cf7859684797f1d63ed1c.jpeg", "https://pro.culture.ru/uploads/13aa173979323d92dbeb221556521a5e.jpeg"], "category": {"name": "Спектакли", "sysName": "spektakli"}, "time": {"start": "2022-01-05 15:00:00", "end": "2022-01-05 18:00:00"}}, {"id": 1538292, "name": "Квест «Алиса в Стране чудес. Тайны Времени»", "age": 6, "description": "<p>«Алиса в Стране чудес» – сказка, написанная английским математиком, поэтом и прозаиком Чарльзом Лютвиджем Доджсоном под псевдонимом Льюис Кэрролл и изданная в 1865 году. В настоящее время произведение пользуется невероятным спросом как у юных читателей и зрителей, так и у взрослого населения.</p><p>Героев книги ждут новые, неожиданные приключения. Ведь в Стране чудес творится сплошная кутерьма! Шляпник опять поссорился со Временем, а Алиса... исчезла. В поисках подсказок вам предстоит спуститься в нору, побывать в Стране сновидений и даже пробраться в сад Червонной Королевы. И все это не покидая стен Дворца культуры. Гостей ждут полностью оборудованные комнаты, интересные загадки и встречи с любимыми героями.</p>", "shortDescription": "Чтобы выиграть, участникам необходимо помирить Шляпника со Временем и найти Алису.", "min_price": 500, "max_price": 500, "link": "https://w.intickets.ru/event/12194289?wkey=11122321", "status": "accepted", "updateDate": 1640081730769, "start": 1647705600000, "end": 1647709200000, "createDate": 1639640299116, "inAccepted": true, "acceptDate": 1640081734076, "image": {"author": "Анна Коновалова", "name": "288d745317214c7762ae58ea88342165.jpeg", "realName": "Алиса.jpg", "source": "фото из архива автора"}, "photo": "https://pro.culture.ru/uploads/288d745317214c7762ae58ea88342165.jpeg", "gallery": [], "category": {"name": "Прочие", "sysName": "prochie"}, "time": {"start": "2022-03-19 16:00:00", "end": "2022-03-19 17:00:00"}}, {"id": 1538200, "name": "Квест «Гарри Поттер. Тайна Грин-де-Вальда»", "age": 6, "description": "<p>Загадочная история мальчика, который выжил. Имя Гарри Поттера сейчас знакомо абсолютно каждому подростку в любом уголке планеты. Толпы фанатов организуют флешмобы, встречи, делают косплей. Фильмы стали культовыми, а герои, талантливо сыгранные известными актерами, полюбились и запомнились. </p><p>Ежегодно в феврале британское издательство Bloomsbury, в котором вышли все части книжной саги Джоан Роулинг о волшебнике Гарри Поттере, объявляет Всемирную ночь Гарри Поттера. В этот день по всей Великобритании, а также в других странах мира проходят мероприятия, посвященные маленькому волшебнику и миру, созданному Джоан Роулинг. </p><p>Участники смогут полностью погрузиться в атмосферу школы чародейства и волшебства и почувствовать себя подлинными участниками событий. Юным магам предстоит бороться со злодеяниями Грин-де-Вальда, который добрался до школы «Хогвартс». Участникам предстоит разгадывать ребусы, учиться варить настоящие зелья и внимательно слушать умудренных опытом профессоров.</p>", "shortDescription": "Путешествие по вселенной Гарри Поттера. Участникам необходимо узнать тайну злодеяний Грин-де-Вальда.", "min_price": 500, "max_price": 500, "link": "https://iframeab-pre2925.intickets.ru/event/12194330/", "status": "accepted", "updateDate": 1640586013137, "start": 1644076800000, "end": 1644080400000, "createDate": 1639639421589, "inAccepted": true, "acceptDate": 1640080987537, "image": {"author": "Иван Труханов", "name": "53195c9ce8fc47ef7202241777722ed5.jpeg", "realName": "Гарри Поттер.jpg", "source": "фото из архива фотографа"}, "photo": "https://pro.culture.ru/uploads/53195c9ce8fc47ef7202241777722ed5.jpeg", "gallery": [], "category": {"name": "Встречи", "sysName": "vstrechi"}, "time": {"start": "2022-02-05 16:00:00", "end": "2022-02-05 17:00:00"}}, {"id": 1537154, "name": "Квиз «Проквиз»", "age": 12, "description": "<p>Сегодня одна из важнейших тем для молодежи – профессиональное самоопределение и карьера. Молодые люди стремятся получить самые востребованные навыки. Все больший вес приобретают специалисты, обладающие узкими знаниями и умеющие находить нестандартные методы решения рабочих задач.</p> <p>Квиз-игра направлена на развитие навыков системного мышления учеников старшей и средней школы. Первая часть мероприятия – блицопрос «Корабль знаний», включающий 12 занимательных вопросов на тему образования, soft и hard skills и рынка профессий; вторая часть – интерактивная лекция «Как сохранять концентрацию и работоспособность в век информационной перегруженности». Третья часть – кейс по мультимедийной журналистике.</p>", "shortDescription": "Участников ждет мероприятие, приуроченное ко Дню студента.", "min_price": 200, "link": "https://iframeab-pre2925.intickets.ru/event/12194270/", "status": "accepted", "updateDate": 1640584813261, "start": 1642867200000, "end": 1642874400000, "createDate": 1639580925045, "inAccepted": true, "acceptDate": 1640242205617, "image": {"author": "Иван Труханов", "name": "f29037a9c1e844be6bd7f45762006f73.jpeg", "realName": "ПРОКВИЗ.jpg", "source": "фото из свободных источников"}, "photo": "https://pro.culture.ru/uploads/f29037a9c1e844be6bd7f45762006f73.jpeg", "gallery": [], "category": {"name": "Встречи", "sysName": "vstrechi"}, "time": {"start": "2022-01-22 16:00:00", "end": "2022-01-22 18:00:00"}}, {"id": 1466012, "name": "Концерт «Будет светло!»", "age": 12, "description": "<p>Организаторы приглашают на концерт ведущего творческого коллектива города Москвы трио «Талисман» с участием шоу-группы «Восторг». В программе прозвучат только лучшие хиты от 70-х годов до настоящего времени, включая песни из репертуара ансамблей «Самоцветы», «Пламя», «Синяя птица», Аллы Пугачевой, и многих других.</p><p>Гости услышат известные и любимые поколениями композиции: «Трава у дома», «Три белых коня», «От Волги до Енисея», «Червона рута», «Потолок ледяной», «Летящей походкой», «Подмосковные ночи», «Снег кружится», «Мир не прост», «Восход солнца», «Калина», The Best.<br /></p>", "shortDescription": "Программа вокального трио «Талисман» с участием шоу-группы «Восторг».", "min_price": 100, "max_price": 150, "link": "https://iframeab-pre2925.intickets.ru/seance/11962055", "status": "accepted", "updateDate": 1637830400928, "start": 1639152000000, "end": 1639159200000, "createDate": 1637238592710, "inAccepted": true, "acceptDate": 1637830400994, "image": {"author": "Коновалова Анна", "name": "35ad4db9bca39a52aca5ded460d7bab6.jpeg", "realName": "_DSC1620.jpg", "source": "Фотография из личных источников автора"}, "photo": "https://pro.culture.ru/uploads/35ad4db9bca39a52aca5ded460d7bab6.jpeg", "gallery": ["https://pro.culture.ru/uploads/18cd1ee033e5f60fd200f7a993f6a514.jpeg"], "category": {"name": "Концерты", "sysName": "koncerty"}, "time": {"start": "2021-12-10 16:00:00", "end": "2021-12-10 18:00:00"}}, {"id": 1345582, "name": "Спектакль «Размороженный»", "age": 12, "description": "<p>Внезапное событие потрясает жизнь самой обыкновенной еврейской семьи Авраама Кальмана: на Северном полюсе найден замороженный дедушка его жены, пролежавший во льду более сотни лет! А еще эта комедия о том, как важно уважать даже странные обычаи любых культур и религий, об умении посмеяться над собой и о способности разных людей уживаться друг с другом.</p><p> К созданию спектакля приложили руку профессионалы эксцентрической комедии.</p><p> В главных ролях – Александр Морозов («Кривое зеркало») и Мария Берсенева («Маргоша»). <br /></p><p>Продолжительность – 2 часа 20 минут с антрактом.</p>", "shortDescription": "Современная комедия о временах и нравах.", "min_price": 450, "max_price": 850, "link": "https://iframeab-pre2925.intickets.ru/seance/12014222", "needCheck": true, "status": "accepted", "updateDate": 1636480436172, "start": 1638115200000, "end": 1638123600000, "createDate": 1632324937614, "inAccepted": true, "acceptDate": 1636480436181, "image": {"author": "Фотография из свободных источников ", "name": "4fd65b0749c8db21fd85839d21c74f03.jpeg", "realName": "скрин59.jpg", "source": "Фотография из свободных источников"}, "photo": "https://pro.culture.ru/uploads/4fd65b0749c8db21fd85839d21c74f03.jpeg", "gallery": [], "category": {"name": "Спектакли", "sysName": "spektakli"}, "time": {"start": "2021-11-28 16:00:00", "end": "2021-11-28 18:20:00"}}, {"id": 1277788, "name": "Экскурсия «Героизм советского народа»", "age": 6, "description": "<p>Комната боевой славы создана во Дворце культуры «Капотня» в канун празднования 60-летия Победы в Великой Отечественной войне 1941-1945 гг. За истекшие годы в ней был собран ценнейший материал о воинах, оформлены стенды, альбомы о ветеранах войны, витрины с экспонатами – немыми свидетелями боев. </p><p>Именно в этом выставочном пространстве пройдет полутрочасовая лекция – экскурсия, во время которой лектор расскажет историю каждого имеющегося экспоната, а также поговорит со слушателями об основных этапах Великой Отечественной войны, идеологии и культуре в годы войны и героизме советского народа.</p>", "shortDescription": "Знакомство с экспонатами Дворца культуры.", "min_price": 50, "max_price": 50, "link": "https://iframeab-pre2925.intickets.ru/event/11968432", "needCheck": true, "status": "accepted", "updateDate": 1632838443737, "start": 1635771600000, "end": 1636988400000, "createDate": 1629204167151, "inAccepted": true, "acceptDate": 1632838443904, "image": {"author": "https://dkkapotnya.ru/prostranstva", "name": "62583f7587b2d4bd5fd54e4abd1875a0.jpeg", "realName": "_DSC5848.jpg", "source": "https://dkkapotnya.ru/prostranstva"}, "photo": "https://pro.culture.ru/uploads/62583f7587b2d4bd5fd54e4abd1875a0.jpeg", "gallery": ["https://pro.culture.ru/uploads/75df8eb1b7e0c3907c21c99338a21529.jpeg", "https://pro.culture.ru/uploads/94f7d1e5ba7b88547ade4ef6b886900b.jpeg", "https://pro.culture.ru/uploads/f320cd211fa3378e0751c7e2fb1c7bf9.jpeg", "https://pro.culture.ru/uploads/f53140aad3568210df3c83eeb070515d.jpeg"], "category": {"name": "Экскурсии", "sysName": "ekskursii"}, "time": {"start": "2021-11-01 13:00:00", "end": "2021-11-15 15:00:00"}}, {"id": 1267761, "name": "Квест «Мертвые души. Том II»", "age": 12, "description": "<p>Самое таинственное произведение мирового классика ужасов Николая Васильевича Гоголя, которое то ли было, а то ли нет. Второй том «Мертвых душ» повествует о всей тяжести жизни самого писателя, но в чем же вопрос? А в том, что душа писателя до сих пор не может успокоиться и бродит рядом с камином, в котором, по приданию, и был сожжен единственный экземпляр этого произведения. Что делать семье, которая купила этот особняк и хочет спокойно и красиво жить? Путей всего два – дописать 2 том и отдать Гоголю, чтобы завершить незаконченные дела, или попытаться найти тот самый первый экземпляр рукописи. А вдруг он сохранился?</p>", "shortDescription": "Путешествие по мотивам произведения Николая Васильевича Гоголя.", "min_price": 500, "max_price": 500, "link": "https://iframeab-pre2925.intickets.ru/event/11962232", "status": "accepted", "updateDate": 1632838412691, "start": 1637251200000, "end": 1637776800000, "createDate": 1628693541461, "inAccepted": true, "acceptDate": 1632838412820, "image": {"author": "http://tg45.ru/kvesty/astral/", "name": "5f176e9a3a8217a3430fc22f735fb81e.jpeg", "realName": "WhatsApp Image 2021-08-17 at 12.46.09.jpeg", "source": "http://tg45.ru/kvesty/astral/"}, "photo": "https://pro.culture.ru/uploads/5f176e9a3a8217a3430fc22f735fb81e.jpeg", "gallery": [], "category": {"name": "Встречи", "sysName": "vstrechi"}, "time": {"start": "2021-11-18 16:00:00", "end": "2021-11-24 18:00:00"}}, {"id": 1267749, "name": "Концерт «Не дадим забыть...»", "age": 6, "description": "<p>Нельзя забыть ту страшную войну, нельзя восполнить горечь той утраты, но люди жили и живут сейчас, а песни те согреют всегда. <br /> Песни военных лет давно занимают особое место в сердце каждого человека. </p><p>Дворец культуры «Капотня» предлагает окунуться в атмосферу, царившую после победного сражения в одном из окопов, и послушать в живом исполнении любимые песни солдат, а также некоторые песни, написанные уже после, но раскрывающие тему войны. «Катюша», «Журавли», «От героев былых времен», «Казаки в Берлине» и, конечно, «День победы» – эти и многие другие песни прозвучат в исполнении сотрудников Дворца культуры на концерте «Не дадим забыть…».</p>", "shortDescription": "Концерт военных песен.", "min_price": 100, "max_price": 150, "link": "https://iframeab-pre2925.intickets.ru/event/11962258", "status": "accepted", "updateDate": 1635937841846, "start": 1638460800000, "end": 1638464400000, "createDate": 1628693159855, "inAccepted": true, "acceptDate": 1635937841974, "image": {"author": "https://instagram.com/trukhanovph?utm_medium=copy_link", "name": "dc0e497153c6de950f590053403d9105.jpeg", "realName": "WhatsApp Image 2021-08-06 at 14.03.40.jpeg", "source": "https://instagram.com/trukhanovph?utm_medium=copy_link"}, "photo": "https://pro.culture.ru/uploads/dc0e497153c6de950f590053403d9105.jpeg", "gallery": [], "category": {"name": "Концерты", "sysName": "koncerty"}, "time": {"start": "2021-12-02 16:00:00", "end": "2021-12-02 17:00:00"}}, {"id": 1267740, "name": "Квест «Нераскрытые дела Шерлока Холмса»", "age": 12, "description": "<p>Литера «М», а соответственно и сам профессор Мориарти, ушли в архив. Но преступная паутина без своего главаря стала полностью неуправляемой и неподчиняющейся никакой логике. Даже великому Шерлоку Холмсу не удалось до конца разобраться во всех хитросплетениях сюжета. Время прошло, главный сысчик Лондона ушел на покой, а преступность разрослась по всему миру. </p><p>Игрокам предстоит закончить начатые дела Холмса и разгадать, что же общего в украденной диадеме, разбитом бюсте Маргарет Тетчер, затопленном королевском судне прямо на регате, а также наконец прекратить преступную деятельность синдиката.</p>", "shortDescription": "Игра по мотивам произведений Артура Конана Дойла.", "min_price": 500, "max_price": 500, "link": "https://iframeab-pre2925.intickets.ru/event/11962206", "needCheck": true, "status": "accepted", "updateDate": 1632838388676, "start": 1639065600000, "end": 1639677600000, "createDate": 1628692838129, "inAccepted": true, "acceptDate": 1632838388890, "image": {"author": "https://yandex.ru/maps/org/sherlok_kholms_masonskiy_zagovor/201663946926/gallery/?ll=50.079197%2C53.180810&tab=gallery&z=17", "name": "8bc5a8ee5cdf7ed6c8351218436c66f1.jpeg", "realName": "5ae21adbe84df940530486.jpg", "source": "https://yandex.ru/maps/org/sherlok_kholms_masonskiy_zagovor/201663946926/gallery/?ll=50.079197%2C53.180810&tab=gallery&z=17"}, "photo": "https://pro.culture.ru/uploads/8bc5a8ee5cdf7ed6c8351218436c66f1.jpeg", "gallery": [], "category": {"name": "Встречи", "sysName": "vstrechi"}, "time": {"start": "2021-12-09 16:00:00", "end": "2021-12-16 18:00:00"}}, {"id": 1267726, "name": "Квест «Нехорошая квартира»", "age": 12, "description": "<p>«Однажды весною, в час небывало жаркого заката, в Москве, на Патриарших прудах, появились два гражданина».<br /> Так начинается одно из самых мистических произведений М.А.Булгакова «Мастер и Маргарита», которое или любят или ненавидят – равнодушных нет. <br /> Квест «Нехорошая квартира» – это история в виде иммерсионного театрализованного действия, где вы становитесь участником жизни великого писателя, погружаетесь в сюжет его произведений, которые часто были списаны с реальности. Кот Бегемот, Азазель и Гелла проведут вас на бал к самому Волонду, Мастер прочитает свое новое творение, Иешуа направит на путь истинный, а Берлиоз и Иван Бездомный затянут в свой спор по поводу современного литературного творчества. Но не стоит поддаваться этой идиллии, ведь Аннушка уже разлила масло, а значит приключения только начинаются.</p>", "shortDescription": "Игра по мотивам романа Михаила Афанасьевича Булгакова «Мастер и Маргарита».", "min_price": 500, "max_price": 500, "link": "https://iframeab-pre2925.intickets.ru/event/11962246", "needCheck": true, "status": "accepted", "updateDate": 1633676010103, "start": 1635004800000, "end": 1635012000000, "createDate": 1628692560564, "inAccepted": true, "acceptDate": 1633676010210, "image": {"author": "https://bulgakovmuseum.ru/", "name": "6d94390b40121c5d805bfcf801eb2592.jpeg", "realName": "WhatsApp Image 2021-08-06 at 15.36.29.jpeg", "source": "https://bulgakovmuseum.ru/"}, "photo": "https://pro.culture.ru/uploads/6d94390b40121c5d805bfcf801eb2592.jpeg", "gallery": [], "category": {"name": "Встречи", "sysName": "vstrechi"}, "time": {"start": "2021-10-23 16:00:00", "end": "2021-10-23 18:00:00"}}]}