{"11609": [{"id": 1521613, "name": "Мастер-класс «Сиреневый аромат»", "age": 12, "description": "<p> В рамках цикла художественных мастер-классов от Мастерской солнц состоится занятие по живописи. Участники будут писать картину в технике масляной живописи.</p><p> Гости создадут свою картину с помощью разноцветных красок, изготовленных из сухих красящих пигментов, наполнителей и легко высыхающих в обычных условиях растительных масел. Основным инструментом для написания картин маслом станет мастихин – особый мастерок с металлической фигурной лопаткой.<br /><br /> Пошаговые мастер-классы от Мастерской солнца помогут освоить методику искусства живописи, пробудят скрытые таланты, придадут творческой уверенности и наполнят желанием пробовать нечто новое. <br /></p>", "shortDescription": "Встреча с Анной Назаровой.", "min_price": 1500, "max_price": 1500, "link": "https://iframeab-pre2620.intickets.ru/seance/12092682/", "status": "accepted", "updateDate": 1639819401337, "start": 1653134400000, "end": 1653138000000, "createDate": 1639057564504, "inAccepted": true, "acceptDate": 1639819401682, "image": {"author": "Ушакова Ксения", "name": "4fc6ec3950153ab1578d427f6cef006a.jpeg", "realName": "i58vYmxr1Cs.jpg", "source": "https://vk.com/album-58359101_280071972"}, "photo": "https://pro.culture.ru/uploads/4fc6ec3950153ab1578d427f6cef006a.jpeg", "gallery": [], "category": {"name": "Обучение", "sysName": "obuchenie"}, "time": {"start": "2022-05-21 12:00:00", "end": "2022-05-21 13:00:00"}}, {"id": 1521569, "name": "Мастер-класс «Первого мая привет»", "age": 12, "description": "<p> В рамках цикла художественных мастер-классов от Мастерской солнца состоится занятие по живописи. Участники будут писать картину в технике жостовской росписи. Русский художественный промысел формирует красочные цветочные узоры, которые украшены прелестными деталями. </p><p>Для создания картины юные художники будут использовать определенные беличьи кисти и специальные краски, которые разводят скипидаром или льняным маслом. </p><p>Пошаговые мастер-классы от Мастерской солнца помогут освоить методику искусства живописи, пробудят скрытые таланты, придадут творческой уверенности и наполнят желанием пробовать нечто новое. <br /></p>", "shortDescription": "Встреча с Анной Назаровой.", "min_price": 1500, "max_price": 1500, "link": "https://iframeab-pre2620.intickets.ru/seance/12092670/", "status": "accepted", "updateDate": 1639819311457, "start": 1651406400000, "end": 1651410000000, "createDate": 1639056859239, "inAccepted": true, "acceptDate": 1639819311657, "image": {"author": "Ушакова Ксения", "name": "42501d33989ea87a6d5064058c25b3bc.jpeg", "realName": "PGmR0JKAx2s.jpg", "source": "https://vk.com/albums-58359101"}, "photo": "https://pro.culture.ru/uploads/42501d33989ea87a6d5064058c25b3bc.jpeg", "gallery": [], "category": {"name": "Обучение", "sysName": "obuchenie"}, "time": {"start": "2022-05-01 12:00:00", "end": "2022-05-01 13:00:00"}}, {"id": 1521538, "name": "Мастер-класс «Сакура в цвету»", "age": 12, "description": "<p> Участники будут писать картину в технике энкаустики. Рисование горячим воском подразумевает использование утюга и паяльника вместо кисти. Выполненные подобным образом работы отличаются цветовой насыщенностью, контрастностью, выраженной текстурой и высокой стойкостью к воздействию влажности и света. </p><p>На этой встрече каждый желающий сможет создать яркую картину с цветущей сакурой.</p><p> Пошаговые мастер-классы от Мастерской солнца помогут освоить методику искусства живописи, пробудят скрытые таланты, придадут творческой уверенности и наполнят желанием пробовать нечто новое.<br /></p>", "shortDescription": "Встреча из цикла мастер-классов с Анной Назаровой.", "min_price": 1500, "max_price": 1500, "link": "https://iframeab-pre2620.intickets.ru/seance/12092654/", "status": "accepted", "updateDate": 1639818977308, "start": 1650110400000, "end": 1650114000000, "createDate": 1639056327640, "inAccepted": true, "acceptDate": 1639818977429, "image": {"author": "Ушакова Ксения", "name": "9b7154e5067acde9f96fada066b0e8d1.jpeg", "realName": "I_kRcWJKnj8.jpg", "source": "https://vk.com/albums-58359101"}, "photo": "https://pro.culture.ru/uploads/9b7154e5067acde9f96fada066b0e8d1.jpeg", "gallery": [], "category": {"name": "Обучение", "sysName": "obuchenie"}, "time": {"start": "2022-04-16 12:00:00", "end": "2022-04-16 13:00:00"}}, {"id": 1521451, "name": "Мастер-класс «Я – художник«. Южное солнце»", "age": 6, "description": "<p> Состоится мастер-класс из тематического цикла «Я – художник» под чутким руководством профессиональной художницы Ольги Бакицкой, на котором все желающие смогут освоить технику пастельной живописи. Участникам удасться освоить навыки пастели, которая способна передать фактуру любого материала. </p><p>Все желающие смогут создать свою картину, где они изобразят южное солнце и прохладные тени на ступенях крымской улочки. Профессиональный художник расскажет обо всех особенностях рисования в указанной технике, а также научит аккуратно и красиво писать картины.</p><p> По завершении мастер-класса участники получат необходимые знания и навыки по живописи, создадут универсальные яркие и сочные картины, которые в дальнейшем смогут послужить как элементом декора в различных помещениях, так и подарком к абсолютно любому празднику. <br /></p>", "shortDescription": "Занятие по живописи.", "min_price": 1000, "max_price": 1000, "link": "https://iframeab-pre2620.intickets.ru/event/12183217/", "status": "accepted", "updateDate": 1639819169743, "start": 1647171000000, "end": 1647174600000, "createDate": 1639055112921, "inAccepted": true, "acceptDate": 1639819169868, "image": {"author": "Ушакова Ксения", "name": "e6003b92489024b4d210fb346393bdc7.jpeg", "realName": "Msepv71CJzU.jpg", "source": "https://vk.com/albums-58359101"}, "photo": "https://pro.culture.ru/uploads/e6003b92489024b4d210fb346393bdc7.jpeg", "gallery": [], "category": {"name": "Обучение", "sysName": "obuchenie"}, "time": {"start": "2022-03-13 11:30:00", "end": "2022-03-13 12:30:00"}}, {"id": 1520972, "name": "Мастер-класс «Я – художник». Натюрморт с тюльпанами»", "age": 6, "description": "<p> В Культурном центре «Дружба» состоится мастер-класс из тематического цикла «Я – художник» под чутким руководством профессиональной художницы Ольги Бакицкой, на котором все желающие смогут освоить технику акриловой живописи. Особенность такой техники – это вариативность, возможность наносить краску тонким слоем и пастозными мазками. </p><p>Участники напишут нежный букет весенних цветов, постараются передать фактуру лепестков тюльпана и яркий блеск солнца на поверхности вазы. Свою работу они будут создавать акриловыми красками, используя для этого грунтованный картон. Опытный мастер, профессиональный художник Ольга Бакицкая расскажет о всех особенностях рисования в этой технике, а также научит аккуратно и красиво писать картины. </p><p> В завершение мастер-класса участники получат необходимые знания и навыки по живописи. Создадут универсальные, яркие и сочные картины, которые в дальнейшем смогут послужить как элементом декора в различных помещениях, так и подарком к абсолютно любому празднику. <br /></p>", "shortDescription": "Занятие по живописи от Ольги Бакицкой. ", "min_price": 1000, "max_price": 1000, "link": "https://iframeab-pre2620.intickets.ru/seance/12183197/", "status": "accepted", "updateDate": 1639814212851, "start": 1644751800000, "end": 1644755400000, "createDate": 1639048814517, "inAccepted": true, "acceptDate": 1639814213102, "image": {"author": "Ушакова Ксения", "name": "6afff54f9bc0458c219b6548a6f40704.jpeg", "realName": "pvG-Rzyin78.jpg", "source": "https://vk.com/album-58359101_268937638"}, "photo": "https://pro.culture.ru/uploads/6afff54f9bc0458c219b6548a6f40704.jpeg", "gallery": [], "category": {"name": "Обучение", "sysName": "obuchenie"}, "time": {"start": "2022-02-13 11:30:00", "end": "2022-02-13 12:30:00"}}, {"id": 1290570, "name": "Концерт «Пушкин в музыке»", "age": 12, "description": "<p>Творчество великого поэта вдохновляло многих композиторов, которые создавали шедевры вокального искусства. В концерте прозвучат романсы М.И. Глинки, А. Даргомыжского, Н.А. Римского-Корсакова, арии из опер П.И. Чайковского «Евгений Онегин» и «Пиковая Дама», фрагменты опер «Борис Годунов» М.П. Мусоргского и «Руслан и Людмила» М.И. Глинки. Многие русские композиторы оставили богатейшее наследие – удивительные образцы камерного вокального творчества. Высокое искусство русского классического романса, соединенное с золотой россыпью Пушкинской неповторимой лирики, составляет единое гармоничное целое. Неизъяснимая прелесть произведений этого жанра со временем все больше привлекает сердца профессионалов и любителей музыки. Порою кажется, что некоторые лирические шедевры великого поэта словно ожидали именно этого филигранного музыкального воплощения, духовного соответствия гения и волшебства музыки в романсах русских композиторов.</p>", "shortDescription": "Литературно-музыкальная программа, где прозвучат произведения композиторов по творчеству Пушкина.", "min_price": 450, "max_price": 450, "link": "https://iframeab-pre2620.intickets.ru/seance/11972538", "status": "accepted", "updateDate": 1639146854583, "start": 1634313600000, "end": 1639760400000, "createDate": 1629831878122, "inAccepted": true, "acceptDate": 1630388731234, "image": {"author": "Ушакова Ксения Валерьевна", "name": "a1dff44e51e1485556d53d18f93644f2.jpeg", "realName": "fgjjX2ergMc.jpg", "source": "https://vk.com/album-58359101_261110937"}, "photo": "https://pro.culture.ru/uploads/a1dff44e51e1485556d53d18f93644f2.jpeg", "gallery": [], "category": {"name": "Концерты", "sysName": "koncerty"}, "time": {"start": "2021-10-15 16:00:00", "end": "2021-12-17 17:00:00"}}, {"id": 1290565, "name": "Концерт «КиноJazz»", "age": 12, "description": "<p> Музыканты представят музыку, которой проникнуто большинство культовых кинолент от великого «немого» до культовых бродвейских мюзиклов – «В джазе только девушки», «Шербургские зонтики», «Кошки», «Чикаго» из оперы «Порги и Бесс», из мюзикла «The Roar Of The Greasepaint – The Smell Of The Crowd», и многих других. Луи Армстронг, Мэрлин Монро, Лайза Миннелли, Барбра Стрейзанд, Гленн Миллер – их музыка способна до глубины души тронуть любого, она захватила ум и сознание многих поколений и до сих пор не отпускает. В этом и есть особая сила музыкального искусства. В завершении вечера музыканты исполнят мелодию «Let it snow! Let it snow! Let it snow!».<br /></p>", "shortDescription": "Вечер джазовой музыки из кинофильмов.", "min_price": 450, "max_price": 450, "link": "https://iframeab-pre2620.intickets.ru/seance/11972630", "status": "accepted", "updateDate": 1639146854583, "start": 1639065600000, "end": 1639069200000, "createDate": 1629831506879, "inAccepted": true, "acceptDate": 1630388759059, "image": {"author": "Мирошниченко Ирина Николаевна", "name": "5332a31088d3986a49588881f8541256.jpeg", "realName": "YOdQJx8eCRM.jpg", "source": "https://vk.com/album-58359101_258175739"}, "photo": "https://pro.culture.ru/uploads/5332a31088d3986a49588881f8541256.jpeg", "gallery": [], "category": {"name": "Концерты", "sysName": "koncerty"}, "time": {"start": "2021-12-09 16:00:00", "end": "2021-12-09 17:00:00"}}, {"id": 1290564, "name": "Концерт «Романсиада»", "age": 12, "description": "<p>Для ценителей русского романса пройдет вечер классической музыки «Романсиада». На сцену выйдут как начинающие, так и профессиональные исполнители русской классики. Романсы, звучащие со сцены, расскажут зрителям короткие истории о любви, ревности и дружбе, о неразделенности чувств и разлуке, а также о тоске по Родине и красоте родной природы, которые станут близки и понятны каждому слушателю. </p><p> Сентиментальность и романтика, нежность и лирика – вот неизменные составляющие концертов романса, где звучат прекрасные произведения как прошлой эпохи, так и современных авторов и композиторов. </p>", "shortDescription": "В программе – известные романсы.", "min_price": 450, "max_price": 450, "link": "https://iframeab-pre2620.intickets.ru/seance/12183229/", "status": "accepted", "updateDate": 1639574071928, "start": 1635523200000, "end": 1643389200000, "createDate": 1629831443482, "inAccepted": true, "acceptDate": 1639574072071, "image": {"author": "Фризоргер Татьяна Ивановна", "name": "578e3b3f7de4d118a1ba5e96fafa3560.jpeg", "realName": "SdoNodk96vs.jpg", "source": "https://vk.com/album-58359101_277994419"}, "photo": "https://pro.culture.ru/uploads/578e3b3f7de4d118a1ba5e96fafa3560.jpeg", "gallery": [], "category": {"name": "Концерты", "sysName": "koncerty"}, "time": {"start": "2021-10-29 16:00:00", "end": "2022-01-28 17:00:00"}}, {"id": 1290560, "name": "Мастер-класс «Я – художник. Морозные сумерки и зимнее солнце»", "age": 12, "description": "<p> В Культурном центре «Дружба» состоится мастер-класс из тематического цикла: «Я – художник», под чутким руководством профессиональной художницы Ольги Бакицкой, на котором все желающие смогут освоить технику – гуашь.<br /> Гуашь – живописная техника, которая способна передать фактуру любого материала. На мастер-классе участники создадут таинственное, красочное состояние природы на плоскости белого листа. Опытный мастер, профессиональный художник Ольга Бакицкая расскажет о всех особенностях рисования в указанной технике, а также научит аккуратно и красиво писать картины.<br />По завершению мастер-класса участники получат необходимые знания и навыки по живописи. Создадут универсальные, яркие и сочные картины, которые в дальнейшем смогут послужить, как элементом декора в различных помещениях, так и подарком к абсолютно любому празднику. </p>", "shortDescription": "Мастер-класс из тематического цикла «Я – художник» под руководством художницы Ольги Бакицкой.", "min_price": 1000, "max_price": 1000, "link": "https://iframeab-pre2620.intickets.ru/seance/11972637", "status": "accepted", "updateDate": 1639146854583, "start": 1639308600000, "end": 1639319400000, "createDate": 1629830964626, "inAccepted": true, "acceptDate": 1631718518056, "image": {"author": "Ушакова Ксения Валерьевна", "name": "32782ee3534c3a4f13b236166bae5838.jpeg", "realName": "NUFBFH6w9dI.jpg", "source": "https://vk.com/album-58359101_270014879"}, "photo": "https://pro.culture.ru/uploads/32782ee3534c3a4f13b236166bae5838.jpeg", "gallery": [], "category": {"name": "Обучение", "sysName": "obuchenie"}, "time": {"start": "2021-12-12 11:30:00", "end": "2021-12-12 14:30:00"}}, {"id": 1290559, "name": "Мастер-класс «Я – художник: Цветок лотоса»", "age": 12, "description": "<p>В Культурном центре «Дружба» состоится мастер-класс из тематического цикла: «Я – художник», под чутким руководством профессиональной художницы Ольги Бакицкой, на котором все желающие смогут освоить технику – акварель.<br /> Акварель – нежная, прозрачная техника, требующая аккуратности и внимательности. На мастер-классе участники усвоят принципы компоновки и технические особенности акварельной техники. Опытный мастер, профессиональный художник Ольга Бакицкая расскажет о всех особенностях рисования в технике «Акварель», научит аккуратно и красиво писать картины.<br />По завершению мастер-класса участники получат необходимые знания и навыки по живописи. Создадут универсальные, яркие и сочные картины, которые в дальнейшем смогут послужить, как элементом декора в различных помещениях, так и подарком к абсолютно любому празднику.<br /></p>", "shortDescription": "Мастер-класс из тематического цикла «Я – художник» под руководством художницы Ольги Бакицкой.", "min_price": 1000, "max_price": 1000, "link": "https://iframeab-pre2620.intickets.ru/seance/11972619", "status": "accepted", "updateDate": 1639146854583, "start": 1636889400000, "end": 1636900200000, "createDate": 1629830825638, "inAccepted": true, "acceptDate": 1630579034191, "image": {"author": "Мирошниченко Ирина Николаевна", "name": "91d2cd29c9f54881b440fad66fab5661.jpeg", "realName": "qT2fBO3u8qs.jpg", "source": "https://vk.com/albums-58359101"}, "photo": "https://pro.culture.ru/uploads/91d2cd29c9f54881b440fad66fab5661.jpeg", "gallery": [], "category": {"name": "Обучение", "sysName": "obuchenie"}, "time": {"start": "2021-11-14 11:30:00", "end": "2021-11-14 14:30:00"}}, {"id": 1290554, "name": "Программа «Музыкальный понедельник»", "age": 12, "description": "<p> Концерт скрипичной музыки. Прозвучат произведения Сарасате, Сен-Санса, Дебюси, Дворжака</p><p> Эмоциональный, величественный и захватывающий концерт давно стал фаворитом аудитории. Один из критиков сравнил музыку концерта с «живописными скандинавскими зимними пейзажами, на которых художники посредством утонченной игры белого на белом добиваются редких, подчас гипнотических и мощных эффектов». </p><p> Концерт скрипичной музыки полон счастливых мелодических находок – от тончайшей лирики до озорства, гротеска, сарказма, с использованием художественных средств (характерная интервалика, неистощимая ритмическая изобретательность, темброво-колористические новшества, гармоническая терпкость, четкость формы). <br /></p>", "shortDescription": "Концерт скрипичной музыки. Прозвучат произведения Сарасате, Сен-Санса, Дебюси, Дворжака.", "min_price": 450, "max_price": 450, "link": "https://iframeab-pre2620.intickets.ru/seance/11972605", "needCheck": true, "status": "accepted", "updateDate": 1639146854583, "start": 1635782400000, "end": 1637343000000, "createDate": 1629830437518, "inAccepted": true, "acceptDate": 1636370090908, "image": {"author": "Ушакова Ксения Валерьевна", "name": "4cf7ac81eebee815d4a0ed59e8d3039e.jpeg", "realName": "qrocKS3mMkk.jpg", "source": "https://vk.com/album-58359101_266965828"}, "photo": "https://pro.culture.ru/uploads/4cf7ac81eebee815d4a0ed59e8d3039e.jpeg", "gallery": [], "category": {"name": "Концерты", "sysName": "koncerty"}, "time": {"start": "2021-11-01 16:00:00", "end": "2021-11-19 17:30:00"}}, {"id": 1290553, "name": "Концерт духовной музыки", "age": 12, "description": "<p>Концерт в рамках Международного Фестиваля хорового искусства им. Павла Чеснокова. В концерте прозвучит русская духовная музыка. Имя композитора хорового дирижера Павла Григорьевича Чеснокова широко известно. Этот выдающийся музыкальный деятель родился в Подмосковье, близ города Воскресенска, ныне Истры. На родине Чеснокова и состоялся первый фестиваль, носящий его имя. Он заложил в России хоровые певческие традиции, которыми пользуются все русские хоры. Неоценим и его вклад в церковный музыкальный репертуар. Чесноков оставил в наследство огромное количество музыкальных трудов. Несмотря на простоту изложения и доступность исполнения – это действительно высокохудожественные произведения, без которых не обходится ни один хор в мире. <br /></p>", "shortDescription": "Программа в рамках Международного фестиваля хорового искусства им. Павла Чеснокова.", "min_price": 450, "max_price": 450, "link": "https://iframeab-pre2620.intickets.ru/seance/11972511", "status": "accepted", "updateDate": 1639146854583, "start": 1634918400000, "end": 1634923800000, "createDate": 1629830332249, "inAccepted": true, "acceptDate": 1630389753957, "image": {"author": "Мирошниченко Ирина Николаевна", "name": "042c0ba4da2e02b52ed0a3f0391109d3.jpeg", "realName": "H4fN0AHvCsE.jpg", "source": "https://vk.com/album-58359101_268179615"}, "photo": "https://pro.culture.ru/uploads/042c0ba4da2e02b52ed0a3f0391109d3.jpeg", "gallery": [], "category": {"name": "Концерты", "sysName": "koncerty"}, "time": {"start": "2021-10-22 16:00:00", "end": "2021-10-22 17:30:00"}}, {"id": 1290552, "name": "Концерт O sole mio", "age": 12, "description": "<p>«O sole mio» вечер неаполитанской музыки. В концерте прозвучат неаполитанские песни в исполнении солистов московских музыкальных театров. </p><p> </p><p>Институализация неаполитанской песни как некоего самостоятельного явления в итальянской народной музыке произошла в 1830-х годах, когда в Неаполе начали проводиться ежегодные песенные конкурсы. Фестиваль неаполитанской песни проводился в неизменной форме на протяжении 120 лет. Неаполитанские песни в классическом их виде сочинялись вплоть до периода Второй мировой войны. Авторами значительного их количества являются Сальваторе Ди Джакомо , Либеро Бовио , Эрнесто Муроло , Марио (настоящее имя Джованни Гаэта).</p><p> Корпус классических неаполитанских песен насчитывает многие сотни названий, десятки из которых исполняются многочисленными артистами до сих пор. Неаполитанская песня имеет всемирную известность в первую очередь благодаря тому, что избранные образцы этого жанра включают в свои концертные репертуары знаменитые оперные теноры. <br /></p><p></p><p> </p>", "shortDescription": "Неаполитанские песни в исполнении солистов московских музыкальных театров.", "min_price": 450, "max_price": 450, "link": "https://iframeab-pre2620.intickets.ru/seance/11972378", "status": "accepted", "updateDate": 1639146854583, "start": 1633708800000, "end": 1633712400000, "createDate": 1629830189383, "inAccepted": true, "acceptDate": 1630389742938, "image": {"author": "Мирошниченко Ирина Николаевна", "name": "828f3187011433496f864f6168dfda93.jpeg", "realName": "4TEQ8O-gD0Q.jpg", "source": "https://vk.com/album-58359101_268179615"}, "photo": "https://pro.culture.ru/uploads/828f3187011433496f864f6168dfda93.jpeg", "gallery": [], "category": {"name": "Концерты", "sysName": "koncerty"}, "time": {"start": "2021-10-08 16:00:00", "end": "2021-10-08 17:00:00"}}, {"id": 1290551, "name": "Программа #читаеткоекто", "age": 12, "description": "<p>В концертном зале Культурного центра «Дружба» пройдет поэтический вечер в исполнении российского актера театра и кино, известного по ролям в таких фильмах, как «18-14», «Корабль», «Кремлевские курсанты» и «Елки», а также телеведущего детской программы «Давайте рисовать» канала «Карусель» – Сергея Друзьяка. Из уст самого «Каляки-Маляки» прозвучат литературные произведения: Гессе «Степной волк», «Пилигримы» Бродского, фрагменты маленьких трагедий Пушкина, а также произведения Карамзина, Цветаевой, Ростана, Хармса и других известных литературных авторов. Выступления будут сопровождаться поэтическими видеороликами Сергея Друзьяка, одно из которых стало для него экспериментальным на монолог Бориса Годунова из пьесы Алексея Константиновича Толстого, написанная и впервые опубликованная в 1868 году; вторая часть драматической трилогии, первой частью которой стала трагедия «Смерть Иоанна Грозного», а заключительной – «Царь Борис».</p>", "shortDescription": "Поэтический вечер в исполнении российского актера театра и кино Сергея Друзьяка.", "min_price": 450, "max_price": 450, "link": "https://iframeab-pre2620.intickets.ru/seance/11972350", "status": "accepted", "updateDate": 1639146854583, "start": 1632668400000, "end": 1632672000000, "createDate": 1629830087279, "inAccepted": true, "acceptDate": 1629977362407, "image": {"author": "Татьяна Дадаева", "name": "3de23c12cde21b461795f4d4c9271abf.jpeg", "realName": "фойе.jpg", "source": "фотография фойе учреждения"}, "photo": "https://pro.culture.ru/uploads/3de23c12cde21b461795f4d4c9271abf.jpeg", "gallery": [], "category": {"name": "Встречи", "sysName": "vstrechi"}, "time": {"start": "2021-09-26 15:00:00", "end": "2021-09-26 16:00:00"}}]}