{"12214": [{"id": 1548380, "name": "Спектакль «Касатка»", "age": 12, "description": "<p> Комедия о любви и стремлении каждого человека делать в жизни собственный выбор. Комедийные ситуации вплетаются в непростые судьбы людей. Каждый герой в конце концов оказывается на распутье: жить в покое и комфорте или отдать предпочтение любви и свободе.</p><p>Старая любовь не ржавеет, а лишь покрывается слоем новых впечатлений. Но их, как пыль, так легко сдуть даже обычному ветерку. Случайная встреча двух молодых пар, одна из которых готовится к свадьбе, становится тем самым легким ветерком. И вот уже сложились новые союзы.</p>", "shortDescription": "Комедия «красного графа» Алексея Толстого о том, что время расставляет все на свои места.", "min_price": 250, "max_price": 400, "link": "https://bileton.ru/events/kasatka-60402", "status": "accepted", "updateDate": 1640598446806, "start": 1643382000000, "end": 1645981200000, "createDate": 1640065639547, "inAccepted": true, "acceptDate": 1640350765690, "image": {"author": "Ю.Исмагилова", "name": "e34f1cfab5721c6732a8a13c8f25bc0a.jpeg", "realName": "511e2cd0724d805878beefb8418a590d.jpeg", "source": "архив театра"}, "photo": "https://pro.culture.ru/uploads/e34f1cfab5721c6732a8a13c8f25bc0a.jpeg", "gallery": [], "category": {"name": "Спектакли", "sysName": "spektakli"}, "time": {"start": "2022-01-28 15:00:00", "end": "2022-02-27 17:00:00"}}, {"id": 1470106, "name": "Спектакль «Новогодний детектив»", "age": 0, "description": "<p> Лесной переворот чуть было не случился. Руки у злой жительницы леса давно чесались восстановить свою собственную «темную справедливость». Протянула она когтистые лапы к оружию массового лесного поражения. И что тут началось…</p><p>Спокойствие, конечно, в заснеженном царстве восстановили первейшие помощники Деда Мороза. А уж главному волшебнику осталось только посохом ударить об землю и подарками всех одарить. </p><p>Сказка с интерактивом. Дети смогут не только пассивно посмотреть спектакль, но и активно выражать эмоции, приплясывать, подпевать.</p>", "shortDescription": "Новогоднее представление.", "min_price": 250, "max_price": 250, "link": "https://bileton.ru/events/novogodniy-detektiv-58108", "status": "accepted", "updateDate": 1640613793071, "start": 1640091600000, "end": 1641724200000, "createDate": 1637395157086, "inAccepted": true, "acceptDate": 1639190795279, "image": {"author": "Ю.Исмагилова", "name": "95654a5faf55d326751648a8e6826e83.jpeg", "realName": "IMG_1099.JPG", "source": "архив театра"}, "photo": "https://pro.culture.ru/uploads/95654a5faf55d326751648a8e6826e83.jpeg", "gallery": [], "category": {"name": "Спектакли", "sysName": "spektakli"}, "time": {"start": "2021-12-21 13:00:00", "end": "2022-01-09 10:30:00"}}, {"id": 1464995, "name": "Спектакль «Скрипка Ротшильда»", "age": 12, "description": "<p>Гробовшик по прозвищу Бронза на закате жизни осознает: жизнь прошла в сплошных убытках, без пользы и удовольствия. Он не любил окружающих, ущемлял во всем жену. И лишь перед ее кончиной понял, что не сделал для той, что была заботлива и покорна, ничего доброго. Да время вспять не повернешь.</p><p>Жил себе человек, поживал, доски строгал, копейки считал, хлеб жевал. А как умер, то и словом единым его никто не вспомнит. Останется память лишь об одном поступке – завещении скрипки человеку, которого он раньше ненавидел.</p><p>История о суете, пустой жизни, опилках быта и вечной музыке.</p>", "shortDescription": "Трагикомедия.", "min_price": 250, "max_price": 400, "link": "https://bileton.ru/events/skripka-rotshilda-58366", "needCheck": true, "status": "accepted", "updateDate": 1640598662632, "start": 1638889200000, "end": 1645376400000, "createDate": 1637227097242, "inAccepted": true, "acceptDate": 1639566929179, "image": {"author": "Д.Гапонов", "name": "4715f5f77dd2b31f9af5fc8710ceef9c.jpeg", "realName": "00040374.JPG", "source": "архив театра"}, "photo": "https://pro.culture.ru/uploads/4715f5f77dd2b31f9af5fc8710ceef9c.jpeg", "gallery": [], "category": {"name": "Спектакли", "sysName": "spektakli"}, "time": {"start": "2021-12-07 15:00:00", "end": "2022-02-20 17:00:00"}}, {"id": 1457926, "name": "Спектакль «Внеклассная классика»", "age": 12, "description": "<p> Произведения школьной литературы оживают на сцене театра. Правда, это не полное представление содержания произведений, а актерская читка. Здесь обозначены ключевые моменты, цитаты. Все декорации и костюмы условные. Представление дополняет урок литературы, не заменяя его. </p><p>В этот раз актеры и режиссеры театра взялись за работу над «Преступлением и наказанием» Федора Достоевского. Автор характеризовал роман как психологический отчет одного преступления. Актеры как раз пытаются театральными средствами иллюстрировать тот самый портрет.</p><p></p>", "shortDescription": "Читка по произведению Ф. Достоевского.", "min_price": 250, "max_price": 250, "link": "https://bileton.ru/events/proekt-vneklassnaya-klassika-60607", "status": "accepted", "updateDate": 1640598446196, "start": 1639468800000, "end": 1645527600000, "createDate": 1637047543874, "inAccepted": true, "acceptDate": 1640590598302, "image": {"author": "Ю. Исмагилова", "name": "b725532bccc14f37849bb921a800a6ed.jpeg", "realName": "IMG_9675.JPG", "source": "архив театра"}, "photo": "https://pro.culture.ru/uploads/b725532bccc14f37849bb921a800a6ed.jpeg", "gallery": [], "category": {"name": "Спектакли", "sysName": "spektakli"}, "time": {"start": "2021-12-14 08:00:00", "end": "2022-02-22 11:00:00"}}, {"id": 1373082, "name": "Спектакль «Божьи одуванчики»", "age": 12, "description": "<p>Две весьма немолодые женщины живут в бывшей коммуналке. Они не растратили молодого задора, девичьей непосредственности и сохранили в себе интеллигентность и чувство юмора.</p><p>Внезапно, когда обеим уже глубоко за 60, главные героини решили, что в их квартире совершенно не хватает мужского плеча, внимания и сердца хотя бы одного представителя сильной половины человечества. </p><p>В пьесе А. Иванова выписаны яркие характеры, которые умело воплощают артисты театра. В спектакле есть и горький юмор, и сила духа, и незатейливые бытовые проблемы. Обычно по ним взгляд любого человека скользит, не цепляясь. А в «Божьих одуванчиках» все это подано выпукло, заставляет приглядеться к тем, кто живет вокруг.</p>", "shortDescription": "Грустная комедия о поисках семейного счастья.", "min_price": 250, "max_price": 400, "link": "https://bileton.ru/events/bozhi-oduvanchiki-58368", "status": "accepted", "updateDate": 1640598662019, "start": 1637420400000, "end": 1644687000000, "createDate": 1633522332981, "inAccepted": true, "acceptDate": 1639126140055, "image": {"author": "Денис Гапонов", "name": "ae0d890e0d0fc407b05bf75e159e7f97.jpeg", "realName": "божьи одуванчики.jpg", "source": "архив театра"}, "photo": "https://pro.culture.ru/uploads/ae0d890e0d0fc407b05bf75e159e7f97.jpeg", "gallery": [], "category": {"name": "Спектакли", "sysName": "spektakli"}, "time": {"start": "2021-11-20 15:00:00", "end": "2022-02-12 17:30:00"}}, {"id": 1354859, "name": "Мастер-классы «Попробуй!»", "age": 12, "description": "<p>Серия мастер-классов от актеров, режиссеров и иных сотрудников творческих специальностей Бугульминского театра им. А. В. Баталова.</p><p>Участники мастер-классов во время занятий смогут потренироваться в овладении основами актерского мастерства; научится правильно дышать, выразительно говорить; познать себя, научатся раскрепощаться. Проект «Попробуй» включает в себя развитие зрительского внимания, раскодировки режиссерского замысла при просмотре спектаклей.</p><p>Мастер-классы проходят раз в неделю. Их ведут актеры, имеющие в своем багаже опыт преподавания в театральных студиях города.</p>", "shortDescription": "Занятия по актерскому мастерству.", "min_price": 150, "max_price": 150, "link": "https://bileton.ru/events/proekt-poprobuy-54494#places", "status": "accepted", "updateDate": 1633090774810, "start": 1633248000000, "end": 1637481600000, "createDate": 1632757920329, "inAccepted": true, "acceptDate": 1633090774824, "image": {"author": "Ю.Исмагилова", "name": "39f9b38afbb637573bb0d1214070a9a0.jpeg", "realName": "IMG_5362.JPG", "source": "архив театра"}, "photo": "https://pro.culture.ru/uploads/39f9b38afbb637573bb0d1214070a9a0.jpeg", "gallery": [], "category": {"name": "Обучение", "sysName": "obuchenie"}, "time": {"start": "2021-10-03 08:00:00", "end": "2021-11-21 08:00:00"}}, {"id": 1337341, "name": "Спектакль «Танцы во время Луназы»", "age": 16, "description": "<p> Пятеро сестер Мандей. У них совершенно нормальное желание нравиться мужчинам, быть рядом со своим единственным, дарить ему тепло и детей. Но что-то в определенный момент идет не так, мужчины выбирают других – молодых, стройных, способных искренне смеяться и принимать самостоятельные решения. Что не так с сестрами Мандей? </p><p>Они такие бойкие, жизнелюбивые, работящие и такие разные, но похожие в одном – бесконечно одиноки. Каждая прячется в своем мире, строит воздушные замки и живет в них. На деле же все лопается, как мыльный пузырь.</p>", "shortDescription": "Психологическая драма.", "min_price": 250, "max_price": 400, "link": "https://bileton.ru/events/tancy-vo-vremya-lunazy-53308", "status": "accepted", "updateDate": 1635368412859, "start": 1633705200000, "end": 1634490000000, "createDate": 1631983639975, "inAccepted": true, "acceptDate": 1635368412867, "image": {"author": "Денис Гапонов", "name": "5fb84b574239670081297d64ae741eba.jpeg", "realName": "праздник.jpg", "source": "архив театра"}, "photo": "https://pro.culture.ru/uploads/5fb84b574239670081297d64ae741eba.jpeg", "gallery": [], "category": {"name": "Спектакли", "sysName": "spektakli"}, "time": {"start": "2021-10-08 15:00:00", "end": "2021-10-17 17:00:00"}}, {"id": 1234972, "name": "Спектакль «Поэты Серебряного века»", "age": 6, "description": "<p> Спектакль «Поэты Серебряного века» пользуется огромным успехом и востребованностью у зрителя. Он как для подростков, изучающих литературу в школе, так и для взрослых, интересующихся поэзией. </p><p>Интересная постановка в рамках семейного просмотра. Звучат стихи поэтов Серебряного века: С. Есенина, М. Цветаевой, В. Маяковского, Н. Гумилева, Б. Пастернака, А. Блока, А. Ахматовой, З. Гиппиус. </p><p>Особенность постановки в том, что в стихотворную ткань вплетается действие, включены факты биографий сложных судеб поэтов, трагическое преломление их в истории России. Любовь и дружба как неотъемлемая часть жизни. Зрители вместе с актерами разгадывают тайну творчества, человеческих взлетов и падений. </p>", "shortDescription": "Литературно-музыкальная композиция.", "min_price": 150, "max_price": 150, "link": "https://bileton.ru/events/poety-serebryanogo-veka-60603", "needCheck": true, "status": "accepted", "updateDate": 1640598445384, "start": 1638363600000, "end": 1645201800000, "createDate": 1627043590902, "inAccepted": true, "acceptDate": 1638166763492, "image": {"author": "Ю.Исмагилова", "name": "d0fc5d85c23a8d770fdff6ba9d7cc04f.jpeg", "realName": "поэты серебряного века.jpg", "source": "архив театра"}, "photo": "https://pro.culture.ru/uploads/d0fc5d85c23a8d770fdff6ba9d7cc04f.jpeg", "gallery": [], "category": {"name": "Спектакли", "sysName": "spektakli"}, "time": {"start": "2021-12-01 13:00:00", "end": "2022-02-18 16:30:00"}}, {"id": 1234957, "name": "Спектакль «Сотворившая чудо»", "age": 12, "description": "<p>В молодой семье рождается дочь. В младенчестве она заболевает. Девочку удается вылечить, но она теряет способность слышать и видеть. Родители жалеют ее, во всем потакают, но тем самым только портят характер ребенка. Эллен растет с чувством вседозволенности, может позволить себе шарить руками в тарелках родителей, выбирая куски повкуснее.</p><p>Анни Салливан берется обучать слепоглухого ребенка. Но ее методы кажутся родителям слишком жесткими. Тем более что молодая учительница попросила изолировать ее с маленькой Эллен от общества.</p><p> Пьеса основана на реальной истории. Эллен в действительности стала первым слепоглухим человеком, получившим высшее образование. Значительно позже Марк Твен сказал, что в XIX веке было два по-настоящему великих человека – Наполеон и Эллен Келлер. <br /></p>", "shortDescription": "Драма по пьесе У. Гибсона.", "min_price": 250, "max_price": 400, "link": "https://bileton.ru/events/sotvorivshaya-chudo-58367", "status": "accepted", "updateDate": 1640598661815, "start": 1636902000000, "end": 1642870800000, "createDate": 1627043237149, "inAccepted": true, "acceptDate": 1639126152473, "image": {"author": "Д. Гапонов", "name": "d4bcb5a2f1fcbec16f33c494230f3afb.jpeg", "realName": "сотворившая.jpg", "source": "архив театра"}, "photo": "https://pro.culture.ru/uploads/d4bcb5a2f1fcbec16f33c494230f3afb.jpeg", "gallery": [], "category": {"name": "Спектакли", "sysName": "spektakli"}, "time": {"start": "2021-11-14 15:00:00", "end": "2022-01-22 17:00:00"}}, {"id": 1234950, "name": "Спектакль «Казанское полотенце»", "age": 12, "description": "<p>Вечная история Ромео и Джульетты в изложении классика татарской драматургии Карима Тинчурина. Пьеса была написана 100 лет назад и до сей поры не переводилась на русский язык. Бугульминский театр взял на себя смелость показать драгоценную реликвию татарского народа русскоговорящему зрителю. </p><p>В постановке причудливым узором переплетаются современный взгляд на быт и костюмы героев с историческим наследием исполнения лирических песен, пластики, законов жизни того времени.</p><p>Спектакль о пылкой любви двух молодых сердец.</p>", "shortDescription": "Музыкальная комедия.", "min_price": 250, "max_price": 400, "link": "https://bileton.ru/events/kazanskoe-polotence-58361", "status": "accepted", "updateDate": 1640598660602, "start": 1636210800000, "end": 1641488400000, "createDate": 1627043107079, "inAccepted": true, "acceptDate": 1639490147795, "image": {"author": "Д.Гапонов", "name": "37113d4a50514216b637859a99808330.jpeg", "realName": "казанское полотенце.jpg", "source": "архив театра"}, "photo": "https://pro.culture.ru/uploads/37113d4a50514216b637859a99808330.jpeg", "gallery": [], "category": {"name": "Спектакли", "sysName": "spektakli"}, "time": {"start": "2021-11-06 15:00:00", "end": "2022-01-06 17:00:00"}}, {"id": 1234944, "name": "Спектакль «Прощай, конферансье»", "age": 12, "description": "<p>История о разножанровых артистах, шагнувших из мирной профессии прямо в пекло войны, став фронтовой концертной бригадой.</p><p> Но даже война не нарушила внутреннего содержания сильных духом людей. В грохоте орудий настоящие музыканты слышат ноты и отличают по гулу, еще не видя объекты, свои самолеты от вражеских. И ведь не ошибаются. Абсолютный слух. А еще не пропадает умение шутить, когда в миллиметре от смерти находишься. Есть в пьесе очень важный монолог конферансье о душе народа-победителя. О том, что можно в плен взять, расстрелять, на сцену народ смешить вытолкнуть, но в душу влезть нельзя. «Душа – территория неоккупируемая!» <br /></p><p></p>", "shortDescription": "Постановка-концерт по пьесе Г. Горина.", "min_price": 250, "max_price": 400, "link": "https://bileton.ru/events/proschay-konferanse-59929", "status": "accepted", "updateDate": 1640598748075, "start": 1634310000000, "end": 1646830800000, "createDate": 1627042947618, "inAccepted": true, "acceptDate": 1639216096907, "image": {"author": "Д.Гапонов", "name": "12ccd791494b06fd7204616f5e38b0f3.jpeg", "realName": "конферансье.jpg", "source": "архив театра"}, "photo": "https://pro.culture.ru/uploads/12ccd791494b06fd7204616f5e38b0f3.jpeg", "gallery": [], "category": {"name": "Спектакли", "sysName": "spektakli"}, "time": {"start": "2021-10-15 15:00:00", "end": "2022-03-09 13:00:00"}}, {"id": 1234923, "name": "Спектакль «Бешеные деньги»", "age": 12, "description": "<p>Героев пьесы Александра Островского «Бешеные деньги» объединяет жажда денег, богатства и праздной жизни. Дворянин Телятев, живущий на широкую ногу, но только лишь в долг. Родовитый барин Кучумов, чье богатство лишь в связях со стороны матери и жены. Провинциал Савва Васильков, которого знакомые шутки ради представляют как миллионера. </p><p>На мнимый шелест купюр слетаются, как бабочки на свет, не менее алчные героини. Это девица на выданье Лидия Юрьевна, мечтающая о безбедной жизни, и ее мамаша Надежда Антоновна, желающая поживиться на удачном замужестве дочери. Все главные герои делают вид, что наивны и добры, а сами мечтают лишь о деньгах.</p><p>Островский будто заглянул в будущее и списал картинку с дней нынешних.</p>", "shortDescription": "Бессмертная комедия классика русской драматургии А. Островского.", "min_price": 250, "max_price": 400, "link": "https://bileton.ru/events/beshenye-dengi-60602", "status": "accepted", "updateDate": 1640598445183, "start": 1633791600000, "end": 1644771600000, "createDate": 1627042479446, "inAccepted": true, "acceptDate": 1640590715485, "image": {"author": "Д.Гапонов", "name": "d5645c5faf7c88eb9865a3f7dd048eb6.jpeg", "realName": "бешеные деньги.jpg", "source": "архив театра"}, "photo": "https://pro.culture.ru/uploads/d5645c5faf7c88eb9865a3f7dd048eb6.jpeg", "gallery": [], "category": {"name": "Спектакли", "sysName": "spektakli"}, "time": {"start": "2021-10-09 15:00:00", "end": "2022-02-13 17:00:00"}}, {"id": 1119424, "name": "Спектакль «Иван-царевич и Царевна-лягушка»", "age": 0, "description": "<p>В постановке «Иван-царевич и Царевна лягушка» гармонично переплетаются архаика и актуальность, что делает сказку интересной для юных зрителей и узнаваемой для их родителей. Язык народной сказки переложен автором пьесы Игорем Миногиным на современный лад. Режиссер Владимир Пряхин дополнил классические образы злых волшебников деталями, присущими XIX веку. Получилось забавно и злободневно. </p><p>Спектакль – о поиске счастья и о длинном пути испытаний на пути к нему. За счастье нужно бороться, поймав удачу за хвост, необходимо ее суметь уберечь. Сказка получилась музыкальной и густонаселенной. Она полна превращений, где каждый герой удивляет своим обликом и появлением на сцене. </p><p>Итак, в некотором царстве, в некотором государстве, жил-был Царь-батюшка, было у него трое сыновей…</p>", "shortDescription": "Старая сказка на современный лад.", "min_price": 200, "max_price": 200, "link": "https://bileton.ru/events/ivan-carevich-i-carevna-lyagushka-60601", "needCheck": true, "status": "accepted", "updateDate": 1640598444981, "start": 1622365200000, "end": 1644746400000, "createDate": 1621326191520, "inAccepted": true, "acceptDate": 1639217003606, "image": {"author": "Д.Гапонов", "name": "a81aa023432824e0b09b20dbfd6a7ecb.jpeg", "realName": "лягушка.jpg", "source": "архив театра"}, "photo": "https://pro.culture.ru/uploads/a81aa023432824e0b09b20dbfd6a7ecb.jpeg", "gallery": [], "category": {"name": "Спектакли", "sysName": "spektakli"}, "time": {"start": "2021-05-30 09:00:00", "end": "2022-02-13 10:00:00"}}, {"id": 1119356, "name": "Спектакль «Номер с фруктами»", "age": 12, "description": "<p>Пятеро главных персонажей по очереди сходятся в пространстве одного гостиничного номера. Следуют основному закону комедии положений: больше трех не собираться. Место действия – гостиничный номер. Именно из-за того, что каждый что-то не знает о другом, его мыслях, мотивации поступков, и возникают комичные положения.</p><p>Двери то в номер, то в ванную, то в спальню периодически распахиваются, впускают все новые подробности, запутывают сюжет. Шесть дверей создают в постановке ощущение стремительно меняющегося пространства и времени. Оформление дверей выполнено в стиле брит-поп-арта с легким намеком на комиксы, что так же близко прологу из фильма «Четыре комнаты». </p>", "shortDescription": "Комедия положений.", "min_price": 250, "max_price": 600, "link": "https://bileton.ru/events/nomer-s-fruktami-60604", "needCheck": true, "status": "accepted", "updateDate": 1640598748472, "start": 1621782000000, "end": 1645290000000, "createDate": 1621325552170, "inAccepted": true, "acceptDate": 1639489785109, "image": {"author": "Д. Гапонов", "name": "05442f1f39de3e7781eb9a7e04bfae82.jpeg", "realName": "номер с фруктами.jpg", "source": "архив театра"}, "photo": "https://pro.culture.ru/uploads/05442f1f39de3e7781eb9a7e04bfae82.jpeg", "gallery": [], "category": {"name": "Спектакли", "sysName": "spektakli"}, "time": {"start": "2021-05-23 15:00:00", "end": "2022-02-19 17:00:00"}}, {"id": 1055415, "name": "Спектакль «Храбрец-удалец»", "age": 0, "description": "<p>Сказка о гостеприимной Мухе-цокотухе, ее трусливых гостях и храбром Комарике. Инсценировка произведения самого издаваемого в XX веке детского автора Корнея Чуковского. </p><p>Ритмичная, с моментально меняющимися декорациями на сцене, постановка будет интересна и родителям, и детям, выросшим с гаджетами в руках. Однако учит она бессмертным вещам: друг познается в беде, не доверяй первому встречному, помогай не за награду и почести. </p><p>Артисты сразу на сцене обговаривают условия существования и контакта со зрителями, открыто примеряя на себя роль персонажей, тем самым показывают зрителям, что все это вполне могло случиться и в обычной жизни.</p>", "shortDescription": "Сказка по мотивам стихотворений К. Чуковского.", "min_price": 150, "max_price": 150, "link": "https://bileton.ru/events/hrabrec-udalec-58370", "status": "accepted", "updateDate": 1640598662428, "start": 1621155600000, "end": 1643536800000, "createDate": 1618461362238, "inAccepted": true, "acceptDate": 1639125192715, "image": {"author": "Юлия Исмагилова", "name": "ecc4a1c2024442e2a9b6f3290723bc02.jpeg", "realName": "IMG_0289.jpg", "source": "архив театра"}, "photo": "https://pro.culture.ru/uploads/ecc4a1c2024442e2a9b6f3290723bc02.jpeg", "gallery": [], "category": {"name": "Спектакли", "sysName": "spektakli"}, "time": {"start": "2021-05-16 09:00:00", "end": "2022-01-30 10:00:00"}}, {"id": 1023757, "name": "Спектакль «Красавчик с гречишного поля»", "age": 0, "description": "<p>Этакий эпатажный и гламурный, как стилист Сергей Зверев, жил-поживал на гречишном поле самовлюбленный Василек. Зеркальце, расческа, укладка – без этого смысла жизни не видел. Папа его – седовласый долгожитель Одуванчик – сына любил не за красоту, а просто потому, что он его сынок родной, несмышленый еще, жизни не знающий. Оттого и отпустил его по миру погулять: на других посмотреть, себя показать. </p><p>Василек, как в сказках да жизни водится, попал со своим характером в передрягу, но характер свой не изменил. Вздумал он мезальянс устроить. Замахнулся, надо сказать, далече – на саму дочь царя Пиона. Представился не иначе как Висасуалием четвертым. Сказка о том, что счастье не живет где-то высоко-высоко, в поднебесье, оно рядом, просто стоит оглядеться.</p>", "shortDescription": "Сказка для семейного просмотра.", "min_price": 200, "link": "https://bileton.ru/events/krasavchik-s-grechishnogo-polya-60605", "needCheck": true, "status": "accepted", "updateDate": 1640598445783, "start": 1619341200000, "end": 1645351200000, "createDate": 1617198245626, "inAccepted": true, "acceptDate": 1637043115913, "image": {"author": "Денис Гапонов", "name": "583f2c88670b659250ea8597a8e681b3.jpeg", "realName": "красавчик с гречишного поля.jpg", "source": "архив БГРДТ"}, "photo": "https://pro.culture.ru/uploads/583f2c88670b659250ea8597a8e681b3.jpeg", "gallery": [], "category": {"name": "Спектакли", "sysName": "spektakli"}, "time": {"start": "2021-04-25 09:00:00", "end": "2022-02-20 10:00:00"}}, {"id": 1023704, "name": "Спектакль «Три толстяка»", "age": 6, "description": "<p>Несколько поколений детей выросли на сказке Ю. Олеши. Сопереживали смелым и благородным героям: канатоходцу Тибулу, маленькой танцовщице Суок, оружейнику Просперо, Доктору Гаспару и их друзья. Подсмеивались и люто ненавидели Трех Толстяков и тех, кто комфортно живет в царстве бездельников и обжор. Сказка по-прежнему не оставляет равнодушным детей и их родителей, хотя здесь нет чудес, каких не случалось бы в жизни.</p><p>Тонкие метафоры автора Юрия Олеши воплощают в реальную картинку артисты бугульминского театра вместе с режиссером Р. Файздрахмановым<br /></p>", "shortDescription": "Сказка для детей.", "min_price": 200, "max_price": 200, "link": "https://bileton.ru/events/tri-tolstyaka-60609", "needCheck": true, "status": "accepted", "updateDate": 1640598446596, "start": 1618131600000, "end": 1645956000000, "createDate": 1617197582860, "inAccepted": true, "acceptDate": 1633607485397, "image": {"author": "Денис Гапонов", "name": "3ea6713790e44b183e9637b36a1b3cf3.jpeg", "realName": "три толстяка.jpg", "source": "архив БГРДТ"}, "photo": "https://pro.culture.ru/uploads/3ea6713790e44b183e9637b36a1b3cf3.jpeg", "gallery": [], "category": {"name": "Спектакли", "sysName": "spektakli"}, "time": {"start": "2021-04-11 09:00:00", "end": "2022-02-27 10:00:00"}}, {"id": 888485, "name": "Спектакль «Голубцы по объявлению»", "age": 6, "description": "<p>Некогда любящая и любимая супруга решает пристроить свою вторую половину в рабочем состоянии в хорошие руки. В судьбе героев происходит неожиданный поворот. За мужчиной приходят сразу трое желающих. Люди всегда думают, что чужое ярче, лучше, интереснее и соблазнительнее...</p><p>Комедия близка по духу к Рязановским «Служебному роману» или «Вокзалу для двоих», когда смеешься над ситуациями и репликами и одновременно понимаешь, что одиночество в мире, полном живых людей, может толкнуть и не на такие поступки.</p>", "shortDescription": "Комедия в духе Эльдара Рязанова.", "min_price": 250, "max_price": 400, "link": "https://bileton.ru/events/golubcy-po-obyavleniyu-58360", "status": "accepted", "updateDate": 1640598740150, "start": 1613833200000, "end": 1648125000000, "createDate": 1610534977754, "inAccepted": true, "acceptDate": 1639217147547, "image": {"author": "А.Акимова", "name": "e0bfbd9b3a9d57503c970ce9e4f95d47.jpeg", "realName": "голубцы по объявлению.jpg", "source": "архив БГРДТ им.А.Баталова"}, "photo": "https://pro.culture.ru/uploads/e0bfbd9b3a9d57503c970ce9e4f95d47.jpeg", "gallery": [], "category": {"name": "Спектакли", "sysName": "spektakli"}, "time": {"start": "2021-02-20 15:00:00", "end": "2022-03-24 12:30:00"}}, {"id": 888266, "name": "Спектакль «Бог ездит на велосипеде»", "age": 12, "description": "<p>Отцы и дети, век 21. Современная пьеса о взаимоотношениях родителей и подростков, детей и окружающего взрослого мира, представителей поколения диджитал внутри своей структуры.</p><p>Разобраться в этом нельзя за те 80 минут, что идет спектакль. Но можно посмотреть на ребят 14-16 лет, сняв очки своей взрослости, встав с ними на один уровень. Только в этом случае можно понять, что творится в душах подростков, какие бесы и ангелы в них обитают.</p><p>Тема подростков, их взаимоотношений с окружающим миром существовала всегда, а в последние годы стала на пике популярности в театральной среде. Родители, привыкшие с рождения детей определять какие колготы купить чадам, каким супчиком накормить, в какое время вывести гулять, шли бы и дальше по накатанному пути, но вдруг… Вдруг оказывается, что ребенок повзрослел и хочет сам выбирать себе друзей, музыку, предмет для сдачи ЕГЭ.</p>", "shortDescription": "Подростковый бунт.", "min_price": 250, "max_price": 400, "link": "https://bileton.ru/events/bog-ezdit-na-velosipede-60608", "status": "accepted", "updateDate": 1640598446398, "start": 1611500400000, "end": 1645804800000, "createDate": 1610531549792, "inAccepted": true, "acceptDate": 1633589063398, "image": {"author": "Денис Гапонов", "name": "43acaefd31b4ffd641be898c00be9064.jpeg", "realName": "бог ездит.jpg", "source": "архив театра"}, "photo": "https://pro.culture.ru/uploads/43acaefd31b4ffd641be898c00be9064.jpeg", "gallery": [], "category": {"name": "Спектакли", "sysName": "spektakli"}, "time": {"start": "2021-01-24 15:00:00", "end": "2022-02-25 16:00:00"}}, {"id": 811546, "name": "Спектакль «Повелитель мух»", "age": 12, "description": "<p>Все вроде бы так весело начиналось. Они оказались совершенно одни на необитаемом острове: без взрослых и их нравоучений, на золотом песке и с сочными фруктами на многочисленных деревьях. Однако темная сущность человеческой личности вышла вперед, и вот уже это два противоборствующих лагеря.</p><p>Опьяненные вседозволенностью мальчишки становятся страшным орудием против цивилизации и самих себя. Зверь есть в каждом, но когда и почему он выходит наружу? На эти вопросы актеры и зрители будут искать ответы вместе. И, может быть, стоит чаще задавать эти вопросы самим себе, чтобы не происходило «озверение» рода человеческого.</p>", "shortDescription": "Постановка по пьесе английского классика У. Голдинга.", "min_price": 250, "max_price": 400, "link": "https://bileton.ru/events/povelitel-muh-59831", "status": "accepted", "updateDate": 1640598739942, "start": 1607871600000, "end": 1645704000000, "createDate": 1605177964648, "inAccepted": true, "acceptDate": 1639206975341, "image": {"author": "Денис Гапонов", "name": "f2560ec48aa0219fe8b8187b21a9a21e.jpeg", "realName": "мухи.jpg", "source": "архив театра"}, "photo": "https://pro.culture.ru/uploads/f2560ec48aa0219fe8b8187b21a9a21e.jpeg", "gallery": [], "category": {"name": "Спектакли", "sysName": "spektakli"}, "time": {"start": "2020-12-13 15:00:00", "end": "2022-02-24 12:00:00"}}, {"id": 811438, "name": "Спектакль «Долгожитель»", "age": 6, "description": "<p>Сделано в СССР – сделано на совесть. Эту марку, как знак качества, держит и бугульминский театр, обращаясь к классикам советской комедии Б. Рацеру и В. Константинову. Пьеса о 70-х годах, когда свершались великие открытия не ради денег, а для пользы человечества. Герои комедии – люди с распахнутыми душами и беззлобным юмором. Сегодня таких как раз не хватает.</p><p>Молодой учитель Леонид влюбляется в случайную приезжую красавицу-студентку Юлю и хочет задержать ее в своей деревне. Но как? Наука геронтология и приятель Костя приходят на помощь. И внезапно в деревне объявляется новый веселый, неунывающий, любвеобильный долгожитель.</p><p>Простая и добрая история с необычным сюжетом окунет зрителей в неповторимую атмосферу времен СССР.</p>", "shortDescription": "Пьеса о 70-х годах прошлого столетия, когда люди были проще и наивнее, скромнее и добрее.", "min_price": 250, "max_price": 400, "link": "https://bileton.ru/events/dolgozhitel-58363", "status": "accepted", "updateDate": 1640598719805, "start": 1605970800000, "end": 1645034400000, "createDate": 1605175830840, "inAccepted": true, "acceptDate": 1639489807402, "image": {"author": "Д. Гапонов", "name": "380b6a38862971732ad3d84ec807ea97.jpeg", "realName": "c10c30a5af100e66d102898a88a9f74c.jpeg", "source": "архив театра"}, "photo": "https://pro.culture.ru/uploads/380b6a38862971732ad3d84ec807ea97.jpeg", "gallery": [], "category": {"name": "Спектакли", "sysName": "spektakli"}, "time": {"start": "2020-11-21 15:00:00", "end": "2022-02-16 18:00:00"}}]}