{"10470": [{"id": 1296296, "name": "Мастер-класс «Основы звукорежиссуры»", "age": 12, "description": "<p><span>Звукорежиссер – первый человек в любом проекте, отвечающий за качественное звучание, будь то прямой эфир, кинофильм, концертная площадка или театральные шоу. В любом месте, где есть звук и музыка, необходим такой профессионал. Этот специалист должен иметь хорошие знания в области звукозаписи, воспроизведения, редактирования и микширования. Для профессии звукорежиссер требуется отличный слух, чувство такта и развитые коммуникативные навыки. </span></p><p><span>Мастер-класс «Основы звукорежиссуры» состоит из таких дисциплин, как сведение фонограмм, звукозапись в студии, звуковая обработка и другие практикумы. </span><span>Мастер-класс представлен в виде непрерывного тренинга, начиная с самых первых занятий. Подобный подход помогает максимально быстро влиться в будущую профессию, и в целом узнать с чего все начинать. </span></p><p><span></span><span>Мастер-класс «Основы звукорежиссуры» проходит на современной технике: микрофоны, акустические системы, и т.д.</span></p><p><span></span></p>", "shortDescription": "Мастер-класс знакомит с профессией звукорежиссер.", "min_price": 600, "max_price": 600, "link": "https://www.mos.ru/afisha/event/155682257/", "status": "accepted", "updateDate": 1630151153220, "start": 1632394800000, "end": 1632398400000, "createDate": 1630055176427, "inAccepted": true, "acceptDate": 1630266090291, "image": {"author": "Легещич Алевтина", "name": "c832c298be0146f7a3af40dbc56ccc64.jpeg", "realName": "IMG_2065.jpg", "source": "ГБУК г.Москвы \"ЦБС ЮВАО\""}, "photo": "https://pro.culture.ru/uploads/c832c298be0146f7a3af40dbc56ccc64.jpeg", "gallery": [], "category": {"name": "Обучение", "sysName": "obuchenie"}, "time": {"start": "2021-09-23 11:00:00", "end": "2021-09-23 12:00:00"}}]}