{"107": [{"id": 1513247, "name": "Фотовыставка «Когда сугробы были большими»", "age": 0, "description": "<p>Анатолий Бурьбо более 50 лет посвятил фотожурналистике. Его фотографии участвовали более чем в 70 различных международных и всесоюзных конкурсах, выставках, печатались в фотожурналах Европы, Азии, Америки, Австралии. Удостоен звания «Мастер высшего класса».<br /></p><p>Снежная, морозная зима – одно из любимейших времен года. Советскую детвору практически невозможно было вытащить с улицы. С утра до поздних сумерек дети играли в снежки, лепили снежных баб, строили снежные крепости. И даже сильные морозы не всегда заставляли ребятню отсиживаться по домам. Родителям иногда стоило больших трудов зазвать ребят домой.<br /></p><p>В экспозиции «Когда сугробы были большими» представлены фотографии, на которых запечатлены зимние прогулки. Дети на снимках прыгают в сугробы, играют в снежки, катаются на санках, коньках, лыжах, играют в хоккей, лепят снеговиков. Прочувствуйте атмосферу настоящей зимы!</p>", "shortDescription": "Экспозиция белгородского фотографа, заслуженного работника культуры Анатолия Бурьбо.", "min_price": 30, "max_price": 100, "link": "https://bel.cultreg.ru/events/112988/fotovystavka-kogda-sugroby-byli-bolshimi", "status": "accepted", "updateDate": 1639327187174, "start": 1638860400000, "end": 1643558400000, "createDate": 1638866097419, "inAccepted": true, "acceptDate": 1639327190576, "image": {"author": "Анатолий Бурьбо", "name": "42756bb9713bc2279ec871ede37efffb.jpeg", "realName": "693 (1).jpg", "source": "http://bf-gallery.ru/"}, "photo": "https://pro.culture.ru/uploads/42756bb9713bc2279ec871ede37efffb.jpeg", "gallery": ["https://pro.culture.ru/uploads/3e5917a8a9e03001ea1a7d3fd31fd119.jpeg", "https://pro.culture.ru/uploads/51b18ce26441e29efbd8b1302f11126b.jpeg", "https://pro.culture.ru/uploads/fc39e4ec35f499f40d33a0ded863f4a4.jpeg"], "category": {"name": "Выставки", "sysName": "vystavki"}, "time": {"start": "2021-12-07 07:00:00", "end": "2022-01-30 16:00:00"}}, {"id": 1442046, "name": "Выставка «Студийный портрет XIX–XXI века»", "age": 0, "description": "<p><span>Фотовыставка знакомит со снимками фотомастеров конца XIX – начала XXI веков и современными студийными портретами. В экспозицию вошли более 60 фоторабот, снятых в старинных фотоателье. Со старых снимков смотрят гимназисты и юные девушки, дворяне и купцы, служащие, горничные и приказчики – свидетели ушедшей эпохи. Во второй части экспозиции представлены современные студийные портреты.</span></p> <p><span><span> </span>Портретная съемка остается одним из самых популярных жанров с момента изобретения фотографии. Вот уже третье столетие люди стремятся сохранить знаковые моменты и дорогих им людей в постановочных студийных фотографиях</span></p>", "shortDescription": "Посетители увидят старинные фотографии и узнают их историю.", "min_price": 50, "max_price": 100, "link": "https://bel.cultreg.ru/events/104300/fotovystavka-studiinyi-portret-xix-xxi-veka", "status": "accepted", "updateDate": 1636975097590, "start": 1636959600000, "end": 1640530800000, "createDate": 1636525167525, "inAccepted": true, "acceptDate": 1636975097650, "image": {"author": "Неизвестен ", "name": "79b073be7adba02d5c7c82358b41f8d8.jpeg", "realName": "img553 30х45 +1914г.jpg", "source": "МБУК \"Белгородская галерея фотоискусства им. В.А. Собровина\""}, "photo": "https://pro.culture.ru/uploads/79b073be7adba02d5c7c82358b41f8d8.jpeg", "gallery": ["https://pro.culture.ru/uploads/c7fe6b2329fc4021446cd9d32c19adf9.jpeg"], "category": {"name": "Выставки", "sysName": "vystavki"}, "time": {"start": "2021-11-15 07:00:00", "end": "2021-12-26 15:00:00"}}, {"id": 1407047, "name": "Выставка «Петербург. От рассвета до заката»", "age": 0, "description": "<p style=\"margin-left:0px\">Фотовыставка А. Закоморного показывает Санкт-Петербург будничный, не помпезный, город для жизни современного человека во всем его разнообразии. Практически на всех фотографиях присутствует человек, спешащий по своим делам, порой уже не замечающий красоту и величие этого прекрасного места. Но в объективе фотографа-путешественника этот факт приобретает особый смысл. Люди – это основная, если не сказать главная часть города. Именно они создают историю, наполняют жизнью улицы и проспекты. Фотографии, укарашенные живой музыкой города, показывают, насколько гармоничен Петербург, сочетающий в себе величие и простоту.</p> <p style=\"margin-left:0px\">От рассвета до заката люди гуляют, наблюдают, фокусируются на деталях и восхищаются панорамными видами. В любую погоду, в любое время суток этот город прекрасен. А когда наступает ночь, приходит время разведения мостов.</p>", "shortDescription": "Представлены фотографии города.", "min_price": 50, "max_price": 100, "link": "https://bel.cultreg.ru/events/101543/vystavka-peterburg-ot-rassveta-do-zakata", "status": "accepted", "updateDate": 1635486705030, "start": 1636009200000, "end": 1638284400000, "createDate": 1634821271172, "inAccepted": true, "acceptDate": 1635486705039, "image": {"author": "Андрей Закоморный", "name": "85e2d28eeccb4d940cb503f75e00dee6.jpeg", "realName": "закоморный (2).jpg", "source": "Андрей Закоморный"}, "photo": "https://pro.culture.ru/uploads/85e2d28eeccb4d940cb503f75e00dee6.jpeg", "gallery": ["https://pro.culture.ru/uploads/f100bec664edc45cba0fff4b4b8c54cc.jpeg", "https://pro.culture.ru/uploads/e5fbfc6b53c21b2730baa80db237e572.jpeg"], "category": {"name": "Выставки", "sysName": "vystavki"}, "time": {"start": "2021-11-04 07:00:00", "end": "2021-11-30 15:00:00"}}, {"id": 1404698, "name": "Выставка «Студийный портрет XIX–XXI века»", "age": 0, "description": "<p><span>Фотовыставка знакомит со снимками фотомастеров конца XIX – начала XXI века и современными студийными портретами. В экспозицию вошло более 60 фоторабот, снятых в старинных фотоателье. Со старых снимков на вас смотрят гимназисты и юные девушки, дворяне и купцы, служащие, горничные и приказчики – свидетели ушедшей эпохи. Во второй части экспозиции представлены современные студийные портреты.</span></p> <p><span><span> </span>Портретная съемка остается одним из самых популярных жанров с момента изобретения фотографии. Вот уже третье столетие люди стремятся сохранить знаковые моменты и дорогих им людей в постановочных студийных фотографиях. </span></p>", "shortDescription": "Старинные и современные портреты.", "min_price": 50, "max_price": 100, "link": "https://bel.cultreg.ru/events/101571/vystavka-studiinyi-portret-xix-xxi-veka", "status": "accepted", "updateDate": 1635486711197, "start": 1635231600000, "end": 1636383600000, "createDate": 1634741604508, "inAccepted": true, "acceptDate": 1635486711214, "image": {"author": "Неизвестен", "name": "5e0df44855dd4f81abe62559f0adafae.jpeg", "realName": "img553 30х45 +1914г.jpg", "source": "МБУК \"Белгородская галерея фотоискусства им. В.А. Собровина\""}, "photo": "https://pro.culture.ru/uploads/5e0df44855dd4f81abe62559f0adafae.jpeg", "gallery": [], "category": {"name": "Выставки", "sysName": "vystavki"}, "time": {"start": "2021-10-26 07:00:00", "end": "2021-11-08 15:00:00"}}, {"id": 1358825, "name": "Выставка «Станислав Косенков. Взгляд в бесконечность»", "age": 0, "description": "<p><span> 11 октября 2021 года Станиславу Косенкову исполнилось бы 80 лет. Это</span><span> выдающийся художник-график, автор талантливых иллюстраций к произведениям Александра Пушкина, Федора Достоевского, <span> </span>Николая Лескова и других известных русских поэтов и писателей. Работы Косенкова имеют мировую известность, они подняли престиж и значимость русской графики в мировом сообществе. Произведения художника хранятся в фондах 20 российских и зарубежных музеев. </span></p> <p><span>На фотовыставке представлены более 35 черно-белых фотографий. Произведения и мастерские художника запечатлены в работах 6 признанных мастеров художественной фотографии: Павла Кривцова, Леонида Тучнина, Анатолия Лукьянова, Леонида Гильмана, Бориса Ечина и Юрия Коренько.<span> </span>Фотографии иллюстрируют жизнь художника с 1960-х годов, на которые приходится начало его творческого пути, <span> </span>и до 1990-х – последних лет жизни.</span></p>", "shortDescription": "Фотоэкспозиция, посвященная памяти заслуженного художника России Станислава Косенкова.", "min_price": 100, "max_price": 100, "link": "https://bel.cultreg.ru/events/91761/vystavka-stanislav-kosenkov-vzglyad-v-beskonechnost", "status": "accepted", "updateDate": 1633701632776, "start": 1633676400000, "end": 1635778800000, "createDate": 1632909889238, "inAccepted": true, "acceptDate": 1633701632782, "image": {"author": "Борис Ечин", "name": "f62daa8626d071f266c793460b1f44bf.jpeg", "realName": "Борис Ечин.jpg", "source": "МБУК \"Белгордская галеря фотоискусства им. В.А. Собровина\""}, "photo": "https://pro.culture.ru/uploads/f62daa8626d071f266c793460b1f44bf.jpeg", "gallery": ["https://pro.culture.ru/uploads/9b73855c439a9ac33cbf82d0a1f53f72.jpeg"], "category": {"name": "Выставки", "sysName": "vystavki"}, "time": {"start": "2021-10-08 07:00:00", "end": "2021-11-01 15:00:00"}}, {"id": 1284080, "name": "Фотовыставка «Город: отношения и формы»", "age": 6, "description": "<p><span>На выставке представлено около ста работ участников фотоклуба. История Выборгского фотоклуба насчитывает более 65 лет, он был образован в далеком 1953 году. </span><span>Со дня основания клуб активно участвует во многих всероссийских и международных конкурсах и выставках, где неоднократно удостаивался высоких наград.</span><span></span></p> <p><span>Представленные работы – свидетельства разнообразия чувств, которые испытывает фотограф, выстраивающий общение с пространством города посредством фотокамеры. Его палитру впечатлений составляют наслаждение динамикой архитектуры и ощущение тоски, вызванное серой повседневностью, завороженность геометрией улиц и одновременно усталость от их суеты.</span><span> <span>Каждый из фотографов, участвующих в выставке, по-своему вступает в диалог с урбанистическим пространством, а представленные фотографии в итоге становятся символическим</span> <span>портретом города. </span></span></p>", "shortDescription": "Экспозиция фотографий участников фотоклуба Выборгского дворца культуры.", "min_price": 50, "max_price": 100, "link": "https://bel.cultreg.ru/events/91173/fotovystavka-gorod-otnosheniya-i-formy", "needCheck": true, "status": "accepted", "updateDate": 1631535178294, "start": 1630393200000, "end": 1633017600000, "createDate": 1629459323814, "inAccepted": true, "acceptDate": 1631542163935, "image": {"author": "Александра Кирилова", "name": "5732afe6b7979ec0cc93f0a3242ce96c.jpeg", "realName": "Кириллова_1.jpg", "source": "Александра Кирилова"}, "photo": "https://pro.culture.ru/uploads/5732afe6b7979ec0cc93f0a3242ce96c.jpeg", "gallery": ["https://pro.culture.ru/uploads/37beb7eafbe10398cac197d0be3a92c8.jpeg"], "category": {"name": "Выставки", "sysName": "vystavki"}, "time": {"start": "2021-08-31 07:00:00", "end": "2021-09-30 16:00:00"}}, {"id": 1259009, "name": "Выставка «Белгород. С любовью!»", "age": 0, "description": "<p style=\"text-align:justify\">В экспозиции представлено 30 черно-белых и цветных фотографий, сделанных в 70–80-е годы прошлого века. </p><p style=\"text-align:justify\">Автор фотографий Анатолий Георгиевич Бурьбо родился 9 августа 1929 года в селе Полтавка. Учился в ремесленном училище, затем в машиностроительном техникуме, долгое время работал на Ташкентской студии документальных фильмов. С 1970 года жизнь Анатолия Бурьбо неразрывно связана с Белгородом. Благодаря ему можно увидеть, каким был город в 70–80-х годах. </p> <p style=\"text-align:justify\">«Настоящий мастер фотографии умеет так подметить мгновение жизни, что запоминается оно надолго. Именно таким даром обладал Анатолий Бурьбо. Снимки Анатолия Георгиевича – всегда динамичны, глубокомысленны, нередко пронизаны тонким юмором, лукавинкой. Порой кажется, что каждый кадр автор долго репетировал: уж так все удачно сочетается. Но всмотришься внимательно и поймешь, что он просто удачно схватил момент...», – эти слова принадлежат бывшему секретарю правления областной организации Союза журналистов СССР Ярославу Косьминову.</p>", "shortDescription": "Фотографии города Белгорода 1970–1980 годов, сделанные Анатолием Бурьбо.", "min_price": 50, "max_price": 100, "link": "https://bel.cultreg.ru/events/89215/vystavka-belgorod-s-lyubovyu", "needCheck": true, "status": "accepted", "updateDate": 1630316637463, "start": 1628751600000, "end": 1633014000000, "createDate": 1628254484013, "inAccepted": true, "acceptDate": 1630390697446, "image": {"author": "Анатолий Бурьбо", "name": "ecc35228eb0580dc7645d16137705dc5.jpeg", "realName": "img049 40х47+.jpg", "source": "МБУК \"Белгородская галерея фотоискусства им. В.А.Собровина\""}, "photo": "https://pro.culture.ru/uploads/ecc35228eb0580dc7645d16137705dc5.jpeg", "gallery": ["https://pro.culture.ru/uploads/caa2f615f2184b5a01ea98147418eeb5.jpeg", "https://pro.culture.ru/uploads/f56fa04ffe862712d427e03248528abb.jpeg"], "category": {"name": "Выставки", "sysName": "vystavki"}, "time": {"start": "2021-08-12 07:00:00", "end": "2021-09-30 15:00:00"}}]}