{"11956": [{"id": 1351612, "name": "Спектакль «Без вины виноватые»", "age": 16, "description": "<p>Премьера спектакля «Без вины виноватые» посвящается 40-летию театра «Сфера» и предваряет 200-летний юбилей великого русского драматурга А. Н. Островского.</p><p></p><p></p><p>Островский в «Сфере» – автор любимый и не случайный. Представители театрального сообщества сходятся в мнении, что именно Александр Коршунов сегодня – тот мастер, который находит ключ к произведениям классиков, благодаря которому они звучат современно и глубоко. В его спектаклях находят гармонию лучшие традиции русского психологического театра и поиск нового театрального языка. В послужном списке Коршунова множество сыгранных персонажей Островского, а также постановки его пьес на сценах «Сферы», Малого театра и ВТУ им. М.С. Щепкина. В этот раз Александр Коршунов обратился к одной из самых репертуарных пьес русского театра «Без вины виноватые».</p><p></p><p></p><p>В основе сюжета – судьба молодой девушки Любови Отрадиной. Брошенная женихом Муровым ради богатой невесты и потерявшая маленького сына, она, несмотря на выпавшие на ее долю беды, стала известной театральной актрисой. Спустя семнадцать лет, после долгих скитаний, став знаменитой актрисой Еленой Ивановной Кручининой, она возвращается в родной город и узнает, что после тяжелой болезни ребенок ее выжил и был втайне отдан на воспитание чужим людям. Сыном Кручининой оказывается провинциальный актер Григорий Незнамов, служащий в театре ее родного города…</p><p></p>", "shortDescription": "Постановка по произведению Александра Островского.", "min_price": 1000, "max_price": 2500, "link": "https://www.spheratheatre.ru/performances/bez-viny-vinovatye/", "status": "accepted", "updateDate": 1639753994339, "start": 1640444400000, "end": 1645898400000, "createDate": 1632585088308, "inAccepted": true, "acceptDate": 1639753998787, "image": {"author": "М. Гальцова", "name": "3e0e0a327dc90129c3198057d836557a.jpeg", "realName": "008_MARU1620.jpg", "source": "https://www.spheratheatre.ru/"}, "photo": "https://pro.culture.ru/uploads/3e0e0a327dc90129c3198057d836557a.jpeg", "gallery": [], "category": {"name": "Спектакли", "sysName": "spektakli"}, "time": {"start": "2021-12-25 15:00:00", "end": "2022-02-26 18:00:00"}}, {"id": 1071074, "name": "Спектакль «По снегу... Колымские рассказы»", "age": 16, "description": "<p>В год 110-летия со дня рождения Варлама Шаламова впервые в репертуар театра вошел спектакль по его рассказам. Эта постановка стала для Марии Аврамковой, актрисы и режиссера, второй режиссерской работой.</p><p>«Колымские рассказы» – это попытка поставить и решить какие-то важные нравственные вопросы времени, вопросы, которые просто не могут быть разрешены на другом материале. Вопрос встречи человека и мира, борьба человека с государственной машиной, правда этой борьбы, борьбы за себя, внутри себя – и вне себя. Возможно ли активное влияние на свою судьбу, перемалываемую зубьями государственной машины, зубьями зла? Постановка рассказывает об иллюзорности и тяжести надежды, о возможности опереться на другие силы, чем надежда.</p><p>Варлам Шаламов – советский прозаик и поэт, создатель одного из литературных циклов о жизни заключенных советских исправительно-трудовых лагерей в 1930–1956 годах. «Колымские рассказы» – первый сборник его рассказов, в котором отражена жизнь заключенных ГУЛАГа. Эта книга – художественное осмысление всего увиденного и пережитого Шаламовым за 17 лет, проведенных им в заключении.</p>", "shortDescription": "Постановка по колымским рассказам Варлама Шаламова.", "min_price": 1500, "max_price": 1500, "link": "https://www.spheratheatre.ru/performances/po-snegu-kolymskie-rasskazy/", "needCheck": true, "status": "accepted", "updateDate": 1640641954719, "start": 1624723200000, "end": 1645729200000, "createDate": 1619007325835, "inAccepted": true, "acceptDate": 1637675951070, "image": {"author": "К.Исакова", "name": "c24dcc95efc7efd1c85660ba1f3727cf.jpeg", "realName": "Исакова-полн (1).jpg", "source": "https://www.spheratheatre.ru"}, "photo": "https://pro.culture.ru/uploads/c24dcc95efc7efd1c85660ba1f3727cf.jpeg", "gallery": ["https://pro.culture.ru/uploads/83f592e046f4601f052d75ebc9813c89.jpeg", "https://pro.culture.ru/uploads/85ff60d9029c65e3298a2ceb14e1c51a.jpeg", "https://pro.culture.ru/uploads/4a59bce7fc4257b09434f3ef4559eba3.jpeg", "https://pro.culture.ru/uploads/a8dcec056fd4d301470aef45bba95ae6.jpeg", "https://pro.culture.ru/uploads/8c6cba5f4528ed0e956e7d893ab82f23.jpeg", "https://pro.culture.ru/uploads/bb490d8c8428b425299e6305bdfbae65.jpeg"], "category": {"name": "Спектакли", "sysName": "spektakli"}, "time": {"start": "2021-06-26 16:00:00", "end": "2022-02-24 19:00:00"}}, {"id": 1068549, "name": "Спектакль «Портрет Дориана Грея»", "age": 16, "description": "<p>Юный красавец Дориан Грей поддается всем греховным искушениям жизни, но на его прекрасном лице ни время, ни порок не оставляют следа. В чем его секрет и чем он заплатит за вечную молодость и красоту? </p><p>«Каждый человек видит в Дориане Грее свои собственные грехи. В чем состоят грехи Дориана Грея, не знает никто. Тот, кто находит их, привнес их сам», – писал О. Уайльд редактору газеты «Скотс обсервер» в 1890 году.</p><p> В 2021 году исполняется 130 лет со дня написания единственного опубликованного романа Оскара Уайльда, ставшего самым успешным произведением автора. </p><p>Это уже вторая работа режиссера Глеба Черепанова в «Сфере». Он выпускник Театрального института имени Б. В. Щукина (режиссерская мастерская Валерия Фокина). За плечами молодого режиссера постановки в Московском художественном театре имени А. П. Чехова (знаменитый «Контрабас» с Константином Хабенским), Et Cetera, Московском театре О. Табакова и многих других. </p>", "shortDescription": "Современная интерпретация известного романа О. Уайльда.", "min_price": 1000, "max_price": 2500, "link": "https://www.spheratheatre.ru/performances/portret-doriana-greya/", "needCheck": true, "status": "accepted", "updateDate": 1640641958236, "start": 1620835200000, "end": 1645815600000, "createDate": 1618927779815, "inAccepted": true, "acceptDate": 1639036453600, "image": {"author": "И.Ефремова", "name": "2181f56b40c62f65109c78021fa25efe.jpeg", "realName": "IMG_7898_очищен.jpg", "source": "https://www.spheratheatre.ru"}, "photo": "https://pro.culture.ru/uploads/2181f56b40c62f65109c78021fa25efe.jpeg", "gallery": ["https://pro.culture.ru/uploads/39bfe77a003603527ea600a0b60504bc.jpeg", "https://pro.culture.ru/uploads/a15c5009753e9d9ccdbb278779b9750c.jpeg", "https://pro.culture.ru/uploads/4e8194d28696fc3871e89bc51c66aae8.jpeg", "https://pro.culture.ru/uploads/d987a7750c21636e77dc6e2fc9eda312.jpeg", "https://pro.culture.ru/uploads/0b7beb8e71b47bb3fb681cef9e510507.jpeg"], "category": {"name": "Спектакли", "sysName": "spektakli"}, "time": {"start": "2021-05-12 16:00:00", "end": "2022-02-25 19:00:00"}}, {"id": 850141, "name": "Спектакль «Продавец дождя»", "age": 16, "description": "<p>Спектакль «Продавец дождя» поставлен по пьесе американского драматурга Ричарда Нэша. Эта история о том, как в маленьком городе, изнывающем от жары, появляется странный незнакомец, объявляющий себя продавцом дождя, переведена более чем на 40 языков и ставилась по всему миру. Премьера состоялась в Нью-Йорке в 1954 году и с тех пор имеет большой сценический успех.</p><p>Александр Коршунов о спектакле: «У Давида Самойлова в известном стихотворении есть такие слова: «Мы с тобой в чудеса не верим, // Оттого их у нас не бывает... Пьеса Ричарда Нэша «Продавец дождя» – о вере в чудо, любви и надежде вопреки всему. Умная и тонкая, она полна добра и чудесного юмора. Сегодня именно такая пьеса в репертуаре «Сферы», мне думается, и нужна, и своевременна».</p>", "shortDescription": "В городке, изнывающем от жары, появляется странный незнакомец, объявляющий себя продавцом дождя...", "min_price": 1000, "max_price": 2500, "link": "https://www.spheratheatre.ru/performances/prodavets-dozhdya/", "needCheck": true, "status": "accepted", "updateDate": 1640641954272, "start": 1610809200000, "end": 1645556400000, "createDate": 1607429405408, "inAccepted": true, "acceptDate": 1637675066331, "image": {"author": "А.Либков", "name": "d51edc48bf2fc72832e87398a3f19d58.jpeg", "realName": "wofs3hLIIgk.jpg", "source": "https://www.spheratheatre.ru/"}, "photo": "https://pro.culture.ru/uploads/d51edc48bf2fc72832e87398a3f19d58.jpeg", "gallery": ["https://pro.culture.ru/uploads/7037c5b69645eec068a3e973604c3537.jpeg", "https://pro.culture.ru/uploads/d689c2fb0927202560387223b14e5622.jpeg", "https://pro.culture.ru/uploads/c751ca7180fb1cce95cb4d194969cc96.jpeg", "https://pro.culture.ru/uploads/eb77d023c3e28b32ad1a8df94780c618.jpeg", "https://pro.culture.ru/uploads/4ee519fd25de3fbcaaf3b87693fa7155.jpeg"], "category": {"name": "Спектакли", "sysName": "spektakli"}, "time": {"start": "2021-01-16 15:00:00", "end": "2022-02-22 19:00:00"}}, {"id": 755652, "name": "Спектакль «Красотка и семья»", "age": 16, "description": "<p>Сюжет комедии напоминает лихой водевиль. </p><p>Англия. 1918 год. Внезапно с войны возвращается муж главной героини, который несколько лет считался погибшим. За это время его возлюбленная уже успела выйти повторно замуж за его лучшего друга. Двое мужчин наперебой соперничают в благородстве, уступая Викторию друг другу. </p><p>Кого же выберет эксцентричная Виктория? Сочетая бережное отношение к произведению Моэма и бьющую через край творческую энергию молодых актеров, спектакль наполнен по-английски элегантным и по-русски искрометным юмором.</p>", "shortDescription": "Искрометная комедия Екатерины Еланской по пьесе Сомерсета Моэма.", "min_price": 1000, "max_price": 2500, "link": "https://www.spheratheatre.ru/performances/krasotka-i-semya/", "needCheck": true, "status": "new", "updateDate": 1640641924334, "start": 1604419200000, "end": 1642615200000, "createDate": 1601629883487, "inAccepted": true, "acceptDate": 1635885010055, "image": {"author": "Ксения Исакова", "name": "ce8413c6a19b0de84c22e369adcb140b.jpeg", "realName": "6db89cb674b61c0be94cbcb2994c966d.jpg", "source": "https://www.spheratheatre.ru/performances/krasotka-i-semya/"}, "photo": "https://pro.culture.ru/uploads/ce8413c6a19b0de84c22e369adcb140b.jpeg", "gallery": ["https://pro.culture.ru/uploads/e982fa5d9b1f773dd62ce2e0ffcb880c.jpeg", "https://pro.culture.ru/uploads/70ceeb0497c87db01815f82d07f386b0.jpeg", "https://pro.culture.ru/uploads/00d5c904c35b56321aecc782880da7a9.jpeg", "https://pro.culture.ru/uploads/0cc2789f06cdc0ae13a06a13f3f4355f.jpeg", "https://pro.culture.ru/uploads/6cf044d2e92ebe473a7a6ec6feeab4a9.jpeg", "https://pro.culture.ru/uploads/4f0904eb86127f4c241136da103fea33.jpeg"], "category": {"name": "Спектакли", "sysName": "spektakli"}, "time": {"start": "2020-11-03 16:00:00", "end": "2022-01-19 18:00:00"}}, {"id": 741752, "name": "Спектакль «Чудаки и зануды»", "age": 12, "description": "<p>«Чудаки и зануды» – спектакль для всей семьи о том, как обрести гармонию, открыть любовь в себе, к себе и к большой неизведанной Вселенной. История об открытиях юной девочки, о связях родных людей, поисках понимания и любви. Режиссер Юлия Беляева соединила прозу Ульфа Старка с поэзией Тумаса Транстремера, создав необычный сценический синтез.</p><p>Ульф Старк – известный шведский писатель, лауреат множества литературных премий: «Мне кажется, большинство моих книг – о дружбе, о детях, которые общаются и вместе решают свои проблемы. В «Чудаках и занудах» герои – подростки. Это такой особый возраст, когда человек очень остро чувствует, что он один на этом свете. Но, что важно, все мои герои нравственно очень сильные…».</p>", "shortDescription": "О том, как непросто взрослеть, как трудно принять себя и обрести гармонию с миром.", "min_price": 1000, "max_price": 2500, "link": "https://www.spheratheatre.ru/performances/chudaki-i-zanudy/", "status": "accepted", "updateDate": 1640641909126, "start": 1604073600000, "end": 1641749400000, "createDate": 1600611489460, "inAccepted": true, "acceptDate": 1635885678982, "image": {"author": "М.Львова", "name": "2b0fe2a2455cab921863bf44951c0890.jpeg", "realName": "P9300653.jpg", "source": "https://www.spheratheatre.ru/performances/chudaki-i-zanudy/"}, "photo": "https://pro.culture.ru/uploads/2b0fe2a2455cab921863bf44951c0890.jpeg", "gallery": ["https://pro.culture.ru/uploads/873a760f03130be554a3917fd1aa6988.jpeg", "https://pro.culture.ru/uploads/495412834a545818c8a681e7483b9ba9.jpeg", "https://pro.culture.ru/uploads/631be412fde881c68aecf97a06b6e7eb.jpeg", "https://pro.culture.ru/uploads/8d4706bd54a9e8957576eb3d5ffcbbff.jpeg", "https://pro.culture.ru/uploads/9b9f382122f605dbdc5182561cbd004b.jpeg", "https://pro.culture.ru/uploads/0f03ab88f906c9252d6f9962d0f7e11f.jpeg", "https://pro.culture.ru/uploads/afa9d44a6eea51a4dc93428970329159.jpeg"], "category": {"name": "Спектакли", "sysName": "spektakli"}, "time": {"start": "2020-10-30 16:00:00", "end": "2022-01-09 17:30:00"}}, {"id": 741739, "name": "Спектакль «Вишневый сад»", "age": 16, "description": "<p>«Вишневый сад» – одно из самых замечательных и всегда современных произведений Антона Павловича Чехова. Постановка пьесы Александром Коршуновым очень интересна и в чем-то необычна. В ней нет избитых штампов, а все происходящее в спектакле близко и понятно, забываешь, что пьеса написана более ста лет назад.</p><p> Это комедия и драма одновременно – рассказ о добрых интеллигентных людях, теряющих свое поместье, свой родной сад и вместе с этим теряющих и самих себя… Великолепно использована картина Архиреева «Вишневый сад», показывающая единство сада и дома. На протяжении всего спектакля обстановка меняется, перенося воображение то в сад, то снова в дом. И конечно, музыка, звучащая в спектакле, чудесно дополняет действие.</p>", "shortDescription": "Вечная история Антона Чехова в постановке Александра Коршунова.", "min_price": 1000, "max_price": 2500, "link": "https://www.spheratheatre.ru/performances/vishnevyy-sad/", "needCheck": true, "status": "new", "updateDate": 1640641922862, "start": 1601395200000, "end": 1642532400000, "createDate": 1600610350959, "inAccepted": true, "acceptDate": 1635885727128, "image": {"author": "И. Ефремова", "name": "b73418f699c5e7e12b21adc8f35466d6.jpeg", "realName": "a97a5615078398d8e5c0dd7e506c03df.jpeg", "source": "https://www.spheratheatre.ru/performances/vishnevyy-sad/"}, "photo": "https://pro.culture.ru/uploads/b73418f699c5e7e12b21adc8f35466d6.jpeg", "gallery": ["https://pro.culture.ru/uploads/df569fdea02da8534864a1a4779094e3.jpeg", "https://pro.culture.ru/uploads/27c0b2a28e65f564da70c1899d2d9980.jpeg", "https://pro.culture.ru/uploads/1866ad0a2bbd5d38af6a3ae016ac5719.jpeg", "https://pro.culture.ru/uploads/0cacf50615393919a161fc93d084d63f.jpeg", "https://pro.culture.ru/uploads/f410363e0aa0ff30cfccfdad234c28cf.jpeg", "https://pro.culture.ru/uploads/52e13c33bed8e5e2d8f1cd747a4e13b9.jpeg", "https://pro.culture.ru/uploads/0bcf5896f95019b825039a11059e316e.jpeg"], "category": {"name": "Спектакли", "sysName": "spektakli"}, "time": {"start": "2020-09-29 16:00:00", "end": "2022-01-18 19:00:00"}}, {"id": 741726, "name": "Спектакль «Наши за границей»", "age": 16, "description": "<p>Молодой купец Николай Иванович и его жена Глафира Семеновна едут в свое первое путешествие в Париж. Окрыленные ожиданиями, они простодушно удивляются всем чудесам французской земли, устремляясь навстречу новым впечатлениям. Однако очень скоро чужбина покажется уже не такой гостеприимной, и герои отправляются назад со святым убеждением, что «в гостях хорошо, а дома лучше».</p><p>У Екатерины Еланской получился спектакль легкий, смешной и чуть романтичный. Эдакая фарфоровая игрушечка. Бонбоньерка. Актеры с видимым удовольствием отрабатывают множество игровых ситуаций, очаровывая изяществом и яркостью. Режиссер выстраивает загадочный, волшебный и немного чудной мир Парижа, так смутивший наивного купца и его жену...</p>", "shortDescription": "История приключений молодой русской купеческой семьи в Париже в 1900 году.", "min_price": 1500, "max_price": 1500, "link": "https://www.spheratheatre.ru/performances/nashi-za-granitsey/", "needCheck": true, "status": "accepted", "updateDate": 1640641903323, "start": 1603209600000, "end": 1644000000000, "createDate": 1600608888985, "inAccepted": true, "acceptDate": 1636477606447, "image": {"author": "М.Львова", "name": "3da6d5996244d2e00bf06fa9f2f1d0f7.jpeg", "realName": "Наши за границей.jpg", "source": "https://www.spheratheatre.ru/performances/nashi-za-granitsey/"}, "photo": "https://pro.culture.ru/uploads/3da6d5996244d2e00bf06fa9f2f1d0f7.jpeg", "gallery": ["https://pro.culture.ru/uploads/4b273fb594a01f59580f58156d08d100.jpeg", "https://pro.culture.ru/uploads/ce23183218d5769b0ffe9c4556284731.jpeg", "https://pro.culture.ru/uploads/5b704cd4a0e2e1dc63495efc3c7e5569.jpeg", "https://pro.culture.ru/uploads/c3c387fe2c9e74671a82181b3d0343ed.jpeg", "https://pro.culture.ru/uploads/e5de3a8c2475fe419c6a118405cbd8b1.jpeg", "https://pro.culture.ru/uploads/e69c00cafc17caed572e7bafd314d3b4.jpeg"], "category": {"name": "Спектакли", "sysName": "spektakli"}, "time": {"start": "2020-10-20 16:00:00", "end": "2022-02-04 18:40:00"}}, {"id": 741723, "name": "Спектакль «Маленький принц»", "age": 12, "description": "<p>Прекрасная, вечная, грустная и светлая философская сказка о чистоте детской души. Пока в человеке сидит ребенок, он сохраняет способность искренне плакать и искренне радоваться, не дает своему сердцу черстветь и довольствоваться уже достигнутым.</p><p>Милый, трогательный спектакль, действие которого проникает за грань сознания и переносит в далекое детство, туда, где можно разговаривать с мальчиком, что прилетел с далекой планеты, где этот мальчик откроет перед тобой вечные и мудрые тайны жизни, которые потом ты будешь постигать всю жизнь, возвращаясь к ним день ото дня в своей памяти и вновь и вновь удивляясь тому, насколько был прав голубоглазый принц с волосами спелой пшеницы…</p>", "shortDescription": "Прекрасная, вечная, грустная и светлая философская сказка о чистоте детской души.", "min_price": 1000, "max_price": 2500, "link": "https://www.spheratheatre.ru/performances/malenkiy-prints/", "status": "accepted", "updateDate": 1640641840144, "start": 1603209600000, "end": 1640800800000, "createDate": 1600608293403, "inAccepted": true, "acceptDate": 1635885181971, "image": {"author": "И.Ефремова", "name": "a5bf205d85a0199f876548e6abc5b25a.jpeg", "realName": "Маленький принц.jpg", "source": "https://www.spheratheatre.ru/performances/malenkiy-prints/"}, "photo": "https://pro.culture.ru/uploads/a5bf205d85a0199f876548e6abc5b25a.jpeg", "gallery": ["https://pro.culture.ru/uploads/87dc5a24c8f8702a0e8020e8642f856f.jpeg", "https://pro.culture.ru/uploads/deb6888100e161c326802ea91a3807c2.jpeg", "https://pro.culture.ru/uploads/de1721a44bd7aa480bce9a2fc32b153b.jpeg"], "category": {"name": "Спектакли", "sysName": "spektakli"}, "time": {"start": "2020-10-20 16:00:00", "end": "2021-12-29 18:00:00"}}, {"id": 741718, "name": "Спектакль «Старший сын»", "age": 16, "description": "<p>Это история о том, как два молодых человека почти случайно оказались холодным весенним вечером в глухом пригороде. Опоздав на последнюю электричку, в поисках тепла и ночлега они постучались в незнакомую квартиру и… один из них, в отсутствие хозяина дома и главы этого семейства, назвался его внебрачным сыном. И им поверили. Ситуация становится еще более удивительной, когда в вымышленное родство начинает верить и сам автор этой выдумки.</p><p>«Театр Александра Коршунова – это театр человека, потому спектакли его всегда о душе, чувствах, человеческих слабостях и привязанностях. Человек слаб и нуждается в опоре. В спектакле по Вампилову эта опора – семья. «Старший сын» – спектакль-посвящение», – говорит Елизавета Авдошина, журналист, театральный критик.</p>", "shortDescription": "Постановка Александра Коршунова по одноименной пьесе Александра Вампилова.", "min_price": 1000, "max_price": 2500, "link": "https://www.spheratheatre.ru/performances/starshiy-syn/", "needCheck": true, "status": "accepted", "updateDate": 1640641917654, "start": 1601481600000, "end": 1645380000000, "createDate": 1600607782794, "inAccepted": true, "acceptDate": 1637674925735, "image": {"author": "М.Львова", "name": "b1a74f4629a620a6d322a1a3f23c8042.jpeg", "realName": "PC220495.jpg", "source": "https://www.spheratheatre.ru/performances/starshiy-syn/"}, "photo": "https://pro.culture.ru/uploads/b1a74f4629a620a6d322a1a3f23c8042.jpeg", "gallery": ["https://pro.culture.ru/uploads/396a31d7ef3929486838370521d760db.jpeg", "https://pro.culture.ru/uploads/f00e928c22cea5066e6b1305b9a818ba.jpeg", "https://pro.culture.ru/uploads/80117ca9cb6b937f4e4e1671f5c1f9c2.jpeg", "https://pro.culture.ru/uploads/d3ca981e69c1412725a62ab867c57801.jpeg"], "category": {"name": "Спектакли", "sysName": "spektakli"}, "time": {"start": "2020-09-30 16:00:00", "end": "2022-02-20 18:00:00"}}, {"id": 741705, "name": "Спектакль «Честный аферист»", "age": 16, "description": "<p>Главный герой спектакля – брачный аферист, который приносит одиноким дамам радость общения, а заодно покрывает свои расходы финансовой помощью своих невест, поставив на поток любовные письма, вздохи и свидания. Однако вскоре ему пришлось свернуть свое предприятие, потому что романтический сердцеед неожиданно и серьезно влюбился.</p><p>«Честный аферист» – это ироничное водевильное действо, похожее на старые романтические комедии Голливуда. Это трогательный спектакль о любви и о том, что делает с молодыми циничными героями внезапно возникшее чувство. </p><p>«Спектакль стал последней постановкой основателя «Сферы» Екатерины Еланской. Екатерина Ильинична, всегда умевшая блистательно делать тонкие и умные спектакли о человеческих отношениях, и в этой работе осталась верна себе», – Юлия Арсеньева, театральный критик.</p>", "shortDescription": "Веселая и легкая постановка о любви.", "min_price": 1000, "max_price": 2500, "link": "https://www.spheratheatre.ru/performances/chestnyy-aferist/", "status": "new", "updateDate": 1640641912966, "start": 1602604800000, "end": 1642012200000, "createDate": 1600605797543, "inAccepted": true, "acceptDate": 1635884998693, "image": {"author": "И.Ефремова", "name": "a6a930ac33bbe4590ebdf5d9031eb48a.jpeg", "realName": "12087211_939529952759978_805620351864055793_o.jpg", "source": "https://www.spheratheatre.ru/performances/chestnyy-aferist/"}, "photo": "https://pro.culture.ru/uploads/a6a930ac33bbe4590ebdf5d9031eb48a.jpeg", "gallery": ["https://pro.culture.ru/uploads/f9444c8cbe8b058ecad326247ac9cbc7.jpeg", "https://pro.culture.ru/uploads/0f87cece2ea14963f01dc6352b2538b1.jpeg", "https://pro.culture.ru/uploads/e86526ba6999dbc7ddc4ae8f866baea3.jpeg", "https://pro.culture.ru/uploads/5f290051906fd670d7b3767c8391e334.jpeg", "https://pro.culture.ru/uploads/bc0c8bdf659cf117222be22f4027828e.jpeg", "https://pro.culture.ru/uploads/f1f633360a493ccbdc9652ac255a402f.jpeg", "https://pro.culture.ru/uploads/f6ba5c775f5c4e3383b972180b9e8458.jpeg"], "category": {"name": "Спектакли", "sysName": "spektakli"}, "time": {"start": "2020-10-13 16:00:00", "end": "2022-01-12 18:30:00"}}, {"id": 741697, "name": "Спектакль «Почему спешат часы»", "age": 18, "description": "<p>Он – бухгалтер. Она – домохозяйка. Они познакомились случайно. У обоих сложившиеся жизни – семья, дети… Но судьбоносная встреча переворачивает все. Дальнейшее существование друг без друга невозможно! Что обретут? Что потеряют? Чем обернется для каждого из них это желанное страстное чувство?</p><p>Это тонкий, эмоциональный спектакль с улыбкой и грустью, с надеждой и печалью. Артисты театра Елена Елова, Дмитрий Новиков, Владимир Аносов и Алексей Голубев – в новой редакции спектакля Екатерины Еланской.</p><p>Спектакль создан совместно с театром жанровых миниатюр «Листья».</p>", "shortDescription": "Новая редакция спектакля Екатерины Еланской «Там же, тогда же».", "min_price": 1500, "max_price": 1500, "link": "https://www.spheratheatre.ru/performances/pochemu-speshat-chasy/", "status": "accepted", "updateDate": 1640641943202, "start": 1602432000000, "end": 1645984200000, "createDate": 1600605018464, "inAccepted": true, "acceptDate": 1637674780319, "image": {"author": "И.Ефремова", "name": "c6884eeedd36fb823d1f0f39b7b3e595.jpeg", "realName": "9dc18e2ce0c65768f1976188202f1b3f.jpeg", "source": "https://www.spheratheatre.ru"}, "photo": "https://pro.culture.ru/uploads/c6884eeedd36fb823d1f0f39b7b3e595.jpeg", "gallery": ["https://pro.culture.ru/uploads/3637955f5037294cde6b9513135fc34c.jpeg", "https://pro.culture.ru/uploads/0ecc0de862ccf0b0ce418fbffb2ed1ac.jpeg", "https://pro.culture.ru/uploads/f0feb8d8f718c20d7cdb93ae9be58ff4.jpeg"], "category": {"name": "Спектакли", "sysName": "spektakli"}, "time": {"start": "2020-10-11 16:00:00", "end": "2022-02-27 17:50:00"}}, {"id": 741411, "name": "Спектакль «Дачники»", "age": 16, "description": "<p>В год 150-летия Максима Горького Александр Коршунов, главный режиссер театра «Сфера», народный артист России, обратился к одной из его лучших пьес – «Дачники»: «Это пронзительно серьезная пьеса. В ней много ассоциаций, попаданий в наше время, болевых точек. Это разговор о роли интеллигенции, ее ответственности и связи с народом, ее миссионерских задачах, которые всегда лежали на русской интеллигенции, а сегодня, на мой взгляд, забыты… Что с нами случилось? Неужели невозможно сохранить силу своей души?».</p><p>События далекого времени оказываются очень близкими. В спектакле показаны люди-дачники – часть русской интеллигенции, которая не может найти себя, чувствует страх перед жизнью, перед ответственностью за свои поступки. Жизнь для них представляется «чудовищем, которое вечно требует жертв». Они суетятся, много рассуждают, но почти никто не способен на поступок. Но что-то притягивает в этих образах. Возможно, это их до боли знакомая современность. Героев пьесы немного жалко – ведь они начинали свою жизнь с прекрасного, а в итоге остаются дачниками, временно и бесцельно живущими на земле. Главное для них – это отдохнуть от событий и утроить себе рай на земле, то есть (по их мнению) сытую и счастливую жизнь, которой они достойны за прежние страдания.</p>", "shortDescription": "По пьесе Максима Горького в постановке Александра Коршунова.", "min_price": 1000, "max_price": 2500, "link": "https://www.spheratheatre.ru/performances/dachniki/", "needCheck": true, "status": "new", "updateDate": 1640641919909, "start": 1601218800000, "end": 1642357800000, "createDate": 1600524322201, "inAccepted": true, "acceptDate": 1636477622041, "image": {"author": "Ю.Ласкорунская", "name": "6ace9534e8a631316748cd814d121d13.jpeg", "realName": "53814333_2357312820999441_3212655380156907520_o.jpg", "source": "https://www.spheratheatre.ru/performances/dachniki/"}, "photo": "https://pro.culture.ru/uploads/6ace9534e8a631316748cd814d121d13.jpeg", "gallery": ["https://pro.culture.ru/uploads/f7921c46ddd5b14e845a5dbbd7958a32.jpeg", "https://pro.culture.ru/uploads/262d2fc1e6ae3e53bb2c2a01ea851deb.jpeg", "https://pro.culture.ru/uploads/fac61b50ee528eb942829a64d1979bfc.jpeg", "https://pro.culture.ru/uploads/73bebf450504a88c22c0a1f56e542eab.jpeg", "https://pro.culture.ru/uploads/81572b89fa50fa70a2e7f179ef364e67.jpeg", "https://pro.culture.ru/uploads/723af26ee014992f054990b2e68f7061.jpeg"], "category": {"name": "Спектакли", "sysName": "spektakli"}, "time": {"start": "2020-09-27 15:00:00", "end": "2022-01-16 18:30:00"}}, {"id": 741394, "name": "Спектакль «Дядюшкин сон»", "age": 16, "description": "<p>В уездный город Мордасов в дом к Марье Александровне Москалевой попадает престарелый князь К. Хозяйка решает любыми средствами выдать за него свою 23-летнюю красавицу-дочь, которой здесь не находится достойной партии... </p><p>На что человек имеет право пойти ради достижения своих целей? И принесет ли ожидаемый результат эта погоня за счастьем? И в чем оно – настоящее счастье?</p><p>«Это классический образец уютного русского психологического театра, где за каждым героем скрывается своя история, которая будет ясна зрителю, даже в случае со второстепенными персонажами. Это нежное отношение к тексту Достоевского и проживание актерами своих маленьких и больших ролей…» – Карина Чаплинская, портал localdramaqueen. </p>", "shortDescription": "На что человек имеет право пойти ради достижения своих целей?...", "min_price": 1000, "max_price": 2500, "link": "https://www.spheratheatre.ru/performances/dyadyushkin-son/", "needCheck": true, "status": "new", "updateDate": 1640641956154, "start": 1601132400000, "end": 1643397000000, "createDate": 1600520527738, "inAccepted": true, "acceptDate": 1636477641211, "image": {"author": "А.Либков", "name": "bb028a64a11bf9e190ce99e7cd0e8e4c.jpeg", "realName": "web.jpg", "source": "https://www.spheratheatre.ru/performances/dyadyushkin-son/"}, "photo": "https://pro.culture.ru/uploads/bb028a64a11bf9e190ce99e7cd0e8e4c.jpeg", "gallery": ["https://pro.culture.ru/uploads/d3c2c89468e481e58e32d59781db50f8.jpeg", "https://pro.culture.ru/uploads/5fdb5981c2bdb1a8646a8f22e02bc94c.jpeg", "https://pro.culture.ru/uploads/92579f0da9f719b00d62e4911ce59590.jpeg", "https://pro.culture.ru/uploads/6de80e67e26d8f4cc51dd06674a20255.jpeg", "https://pro.culture.ru/uploads/7733b139763bde03846777b34c79a013.jpeg", "https://pro.culture.ru/uploads/6faef21e349df2402c2bb4b800d11cc3.jpeg", "https://pro.culture.ru/uploads/d90cddc6eca21c88f1c865f5aa7bb9c5.jpeg", "https://pro.culture.ru/uploads/934fc5aa85ca595df1457b433b8258a9.jpeg"], "category": {"name": "Спектакли", "sysName": "spektakli"}, "time": {"start": "2020-09-26 15:00:00", "end": "2022-01-28 19:10:00"}}, {"id": 741390, "name": "Спектакль «Раскас»", "age": 16, "description": "<p>Добрый, веселый и живой спектакль по семи рассказам Василия Шукшина поставила режиссер Юлия Беляева. Подлинная деревенская жизнь с ее уникальным юмором, простотой, самобытностью, узнаваемыми шукшинскими образами рождается в сферическом пространстве театра и становится ярким, искрометным, колоритным и очень душевным спектаклем.</p><p>«Семь рассказов Шукшина собраны в утонченную литературную композицию. Все части, которые без перерыва, одним махом играются перед зрителем, объединяет тема любви – она здесь по-шукшински разная, но всегда нравственно чистая и требовательная... То покажется тихим счастьем полного взаимопонимания и завидного терпения («Светлые души»), то мучительным самоистязанием («Жена мужа в Париж провожала»), то приторным самолюбованием («Чередниченко и цирк»), то долголетней и трогательной привычкой в браке («Одни») или необъяснимой страстью с первого взгляда («Степкина любовь»)», – Елизавета Авдошина, журналист, театральный критик.</p>", "shortDescription": "Концерт сельской самодеятельности в семи частях без антракта.", "min_price": 1000, "max_price": 2500, "link": "https://www.spheratheatre.ru/performances/raskas/", "needCheck": true, "status": "accepted", "updateDate": 1640641950565, "start": 1602172800000, "end": 1645035600000, "createDate": 1600519753272, "inAccepted": true, "acceptDate": 1637675178553, "image": {"author": "В.Майоров", "name": "162bbb8ecca1919f12ce75843c644862.jpeg", "realName": "PC7A8304.jpg", "source": "https://www.spheratheatre.ru/performances/raskas/"}, "photo": "https://pro.culture.ru/uploads/162bbb8ecca1919f12ce75843c644862.jpeg", "gallery": ["https://pro.culture.ru/uploads/cf0a8ebffc31bb48f7abbea80d60138e.jpeg", "https://pro.culture.ru/uploads/5f21665f0f83a26cd71607d10ade8e1e.jpeg", "https://pro.culture.ru/uploads/67aabbc1b3ce239ecd7ac13b525aeb76.jpeg", "https://pro.culture.ru/uploads/0c05e42c29f1f7c1d056fc711fa66847.jpeg", "https://pro.culture.ru/uploads/a8edcd65623830790e0a7119320efdc9.jpeg", "https://pro.culture.ru/uploads/993c3b8cedb4d3966bff528bb4511f9f.jpeg", "https://pro.culture.ru/uploads/778fce561453307940ffbf2d49994804.jpeg"], "category": {"name": "Спектакли", "sysName": "spektakli"}, "time": {"start": "2020-10-08 16:00:00", "end": "2022-02-16 18:20:00"}}, {"id": 741375, "name": "Спектакль «Пенелопа на все времена»", "age": 16, "description": "<p>Спектакль Екатерины Еланской «Пенелопа на все времена» посвящен вечной и всегда актуальной проблеме: как сохранить чувство надолго, навсегда, до гробовой доски? Возможно ли это без слез, обмана, измен, компромиссов? Это живой и вечный круг проблем, сопутствующих всем влюбленным парам.</p><p>Умный, далеко не безгрешный отец советует страдающей, готовой на развод дочери не отчаиваться и не разводиться, не доискиваться правды и не ловить обманщика-супруга на лжи, не ставить ультиматумов, а напротив, всемерно способствовать его преступной страсти, всячески ее поощрять, даже создавать условия для ее «реализации». </p><p>В точности исполнив отцовский рецепт, супруга одерживает победу. Неверный и хитроумный доктор О'Фаррел возвращен в лоно семьи. Не уничтоженная, а обновленная, обостренная ситуацией измены, игры, притворства, сознанием вины прежняя любовь возвращается и торжествует.</p>", "shortDescription": "Поиск ответа на вечный вопрос о том, как сохранить чувство любви мужчины и женщины.", "min_price": 1000, "max_price": 2500, "link": "https://www.spheratheatre.ru/performances/penelopa-na-vse-vremena/", "needCheck": true, "status": "accepted", "updateDate": 1638372272031, "start": 1602086400000, "end": 1638383400000, "createDate": 1600517076123, "inAccepted": true, "acceptDate": 1635885623028, "image": {"author": "Р.Мохань", "name": "5038325e7d6e4ab5ad55495d5fd713a7.jpeg", "realName": "MHN_0306.jpg", "source": "https://www.spheratheatre.ru/performances/penelopa-na-vse-vremena/"}, "photo": "https://pro.culture.ru/uploads/5038325e7d6e4ab5ad55495d5fd713a7.jpeg", "gallery": ["https://pro.culture.ru/uploads/2b687b569b4d68a7ad7ec7b5d6e7ba29.jpeg", "https://pro.culture.ru/uploads/6ac0be51fc6cd2c9e940f39d74e32fb2.jpeg", "https://pro.culture.ru/uploads/c100800a2829631f3124c9b5eb4d1408.jpeg", "https://pro.culture.ru/uploads/39e23a13ab2275fd79b90f31cab34d29.jpeg", "https://pro.culture.ru/uploads/66f93668a142d8af5b7113308d00462d.jpeg", "https://pro.culture.ru/uploads/3a4e1e34a254aa365c66a10d7bcbc381.jpeg", "https://pro.culture.ru/uploads/945c6cfe71cba99f4ec72017c8f2007c.jpeg"], "category": {"name": "Спектакли", "sysName": "spektakli"}, "time": {"start": "2020-10-07 16:00:00", "end": "2021-12-01 18:30:00"}}, {"id": 741358, "name": "Спектакль «Гиперболоид инженера Гарина»", "age": 16, "description": "<p>1920-е года XX века. Амбициозный советский инженер Петр Гарин конструирует адское оружие, после чего, используя деньги алчного и беспринципного американского миллионера Роллинга и вооружившись поддержкой не менее амбициозной дамы полусвета Зои Монроз, начинает планомерно и довольно успешно подминать под себя мировую экономику и общественное устройство.</p><p> Для противодействия мировому злу из Советского Союза по пятам за Гариным по всему свету следует сотрудник Петроградского уголовного розыска Василий Шельга.</p>", "shortDescription": "Постановка Глеба Черепанова по одноименной повести Алексея Толстого.", "min_price": 1000, "max_price": 2500, "link": "https://www.spheratheatre.ru/performances/giperboloid-inzhenera-garina/", "needCheck": true, "status": "new", "updateDate": 1637675899931, "start": 1600963200000, "end": 1642705200000, "createDate": 1600515623939, "inAccepted": true, "acceptDate": 1635885748147, "image": {"author": "Александр Либков", "name": "923dafab146d01ea462860ce612ec14f.jpeg", "realName": "LOR_7258_web.jpg", "source": "https://www.spheratheatre.ru/performances/giperboloid-inzhenera-garina/"}, "photo": "https://pro.culture.ru/uploads/923dafab146d01ea462860ce612ec14f.jpeg", "gallery": ["https://pro.culture.ru/uploads/c7fe57ab67299481405089e9a03c9909.jpeg", "https://pro.culture.ru/uploads/da98c7e74fade36378dbf4de12057825.jpeg", "https://pro.culture.ru/uploads/eb8d8619983f5d63534fb46090750e09.jpeg", "https://pro.culture.ru/uploads/32efaf06cc564e600c37d36d515e1f13.jpeg"], "category": {"name": "Спектакли", "sysName": "spektakli"}, "time": {"start": "2020-09-24 16:00:00", "end": "2022-01-20 19:00:00"}}, {"id": 741046, "name": "Спектакль «Академия смеха»", "age": 16, "description": "<p>На Камерной сцене театра «Сфера» появился спектакль «Академия смеха» по пьесе японского драматурга Коки Митани в постановке режиссера Владимира Даная. Художник спектакля – Анастасия Ахмедова. Это вторая работа Даная в «Сфере» – с 2014 года в театре с большим успехом идет спектакль «Безотцовщина» по одноименной пьесе Антона Чехова.</p><p>«Академия смеха» Коки Митани – это философская комедия о цензоре и талантливом драматурге, остроумный парадокс, в котором тема противостояния художника и власти оборачивается совершенно неожиданной стороной.</p>", "shortDescription": "Комедия по пьесе японского драматурга Коки Митани.", "min_price": 1500, "max_price": 1500, "link": "https://www.spheratheatre.ru/performances/akademiya-smekha/", "needCheck": true, "status": "accepted", "updateDate": 1640641918196, "start": 1601740800000, "end": 1645378200000, "createDate": 1600441262489, "inAccepted": true, "acceptDate": 1637675120031, "image": {"author": "Роман Островский", "name": "226f83400c48fe5c3aa81921884d236b.jpeg", "realName": "Академия смеха.jpg", "source": "https://www.spheratheatre.ru/performances/akademiya-smekha/"}, "photo": "https://pro.culture.ru/uploads/226f83400c48fe5c3aa81921884d236b.jpeg", "gallery": ["https://pro.culture.ru/uploads/2311ab8ad238cb9edfa395604a00f686.jpeg", "https://pro.culture.ru/uploads/0867f204fdeb0a076c06d70b27f4f450.jpeg", "https://pro.culture.ru/uploads/45530e9cb6077b19906f97915268bb4c.jpeg"], "category": {"name": "Спектакли", "sysName": "spektakli"}, "time": {"start": "2020-10-03 16:00:00", "end": "2022-02-20 17:30:00"}}, {"id": 741040, "name": "Спектакль «Обыкновенная история»", "age": 16, "description": "<p>Романтичный юноша Александр Адуев приезжает из провинции в Петербург к своему богатому дяде и сталкивается с реалиями жизни расчетливых и прагматичных горожан. </p><p>«Режиссер крайне бережно обращается с историческим материалом. Никакого заигрывания с современностью, все четко, как написано у Гончарова. Только вопросы, которые возникают у зрителя во время просмотра, и сегодня не теряют своей остроты. Как приспособиться в современном мире? Как добиться успеха и сохранить репутацию честного человека? Можно ли жертвовать своими чувствами, а главное, стоит ли это делать? В спектакле четких ответов не прозвучит. Существует лишь выбор каждого», – Анна Владимирова, журналист, театральный критик.</p>", "shortDescription": "Постановка о поиске счастья, выборе жизненного пути, любви и утраченных иллюзиях.", "min_price": 1000, "max_price": 2500, "link": "https://www.spheratheatre.ru/performances/obyknovennaya-istoriya/", "needCheck": true, "status": "accepted", "updateDate": 1640641945176, "start": 1601823600000, "end": 1645641000000, "createDate": 1600440849833, "inAccepted": true, "acceptDate": 1637675001747, "image": {"author": "Сергей Петров ", "name": "71cdb7f6c1f364bb4cc69dac4931734e.jpeg", "realName": "b8be5b403ac84577ed6f867ecf860c8f.jpeg", "source": "https://www.spheratheatre.ru/performances/obyknovennaya-istoriya/"}, "photo": "https://pro.culture.ru/uploads/71cdb7f6c1f364bb4cc69dac4931734e.jpeg", "gallery": ["https://pro.culture.ru/uploads/f7dd8ed6c34173ba58b76355a9233717.jpeg", "https://pro.culture.ru/uploads/ccaa3440ff1fa4db296441641c2e5002.jpeg", "https://pro.culture.ru/uploads/420f234ed45d326bc3ede3bffd2da177.jpeg", "https://pro.culture.ru/uploads/1ccf037e2d8562b64477f9254ba3caed.jpeg", "https://pro.culture.ru/uploads/0f52401061887433e885be248ad784f0.jpeg", "https://pro.culture.ru/uploads/bc074487b4d11018267322a85dd0d26b.jpeg"], "category": {"name": "Спектакли", "sysName": "spektakli"}, "time": {"start": "2020-10-04 15:00:00", "end": "2022-02-23 18:30:00"}}, {"id": 741022, "name": "Спектакль «Нездешний вечер»", "age": 16, "description": "<p>«Нездешний вечер» 1981 года был первым спектаклем «Сферы» в постановке Екатерины Еланской. Тогда в нем участвовали такие большие мастера, как Лилия Толмачева, Александр Лазарев, Геннадий Бортников, Евгений Киндинов – единственный на сегодня участник этого спектакля. </p><p>В основе спектакля – проза Марины Цветаевой, ее рассказ о поэтическом вечере 1916 года в Петербурге – островке души и поэзии в разгар войны, воспоминания о котором согревали ее всю жизнь: «…Начало января 1916 года, начало последнего года старого мира. Разгар войны. Темные силы. Сидели и читали стихи. Последние стихи… у последних каминов…».</p><p>В 2013 году Александр Коршунов вернул спектакль в репертуар «Сферы», сегодня в нем принимают участие не только артисты труппы, но и приглашенные актеры.</p>", "shortDescription": "Восстановление, новая редакция одного из первых спектаклей «Сферы» Екатерины Еланской.", "min_price": 1000, "max_price": 2500, "link": "https://www.spheratheatre.ru/performances/nezdeshniy-vecher/", "needCheck": true, "status": "accepted", "updateDate": 1636570292694, "start": 1601737200000, "end": 1639159200000, "createDate": 1600439868114, "inAccepted": true, "acceptDate": 1636570292702, "image": {"author": "Ирина Ефремова", "name": "87ae4cf54c2bb67d7950318c38da4921.jpeg", "realName": "IMG_1452.jpg", "source": "https://www.spheratheatre.ru/performances/nezdeshniy-vecher/"}, "photo": "https://pro.culture.ru/uploads/87ae4cf54c2bb67d7950318c38da4921.jpeg", "gallery": ["https://pro.culture.ru/uploads/5b931a83234024c22ad32e351d600294.jpeg", "https://pro.culture.ru/uploads/4b0c3951acc8e202bb94140706fe4c7f.jpeg", "https://pro.culture.ru/uploads/4309013bf2e2a198bcfa34a4cfb11a5a.jpeg", "https://pro.culture.ru/uploads/7a0cd496187c8e42b8576d82faf0eb00.jpeg", "https://pro.culture.ru/uploads/6805f5ba724b0cd6b62179ca2ca2ee09.jpeg", "https://pro.culture.ru/uploads/50289114eb016d77b2799e971594dc74.jpeg"], "category": {"name": "Спектакли", "sysName": "spektakli"}, "time": {"start": "2020-10-03 15:00:00", "end": "2021-12-10 18:00:00"}}, {"id": 741002, "name": "Спектакль «Гнездо перелетных птиц»", "age": 16, "description": "<p>«Гнездо перелетных птиц» – результат творческого взаимодействия режиссера Константина Демидова и актрисы «Сферы» Виктории Склянченковой, автора идеи и инсценировки спектакля. Это история одновременно и об Аркадии Аверченко, и о рождении его театра в Константинополе, и о тех людях, которые встречались на его пути. Спектакль выстраивается вокруг истории создания театра-кабаре «Гнездо перелетных птиц». Здесь и драматизм самой жизни, и комичность бытовых сцен, и лирические отступления в исполнении Александра Вертинского. </p><p>«Мы все пришли в кабаре, чтобы увидеть новые пьесы Аверченко, послушать Вертинского и посмеяться от души. Перед нами проносится калейдоскоп веселых историй: шутливый шантаж в поезде, разоблачение возлюбленного, отчаянные попытки самоубийства», – Татьяна Панкова, театральный блогер.</p>", "shortDescription": "Театр. Юмор. Кабаре.", "min_price": 1000, "max_price": 2500, "link": "https://www.spheratheatre.ru/performances/gnezdo-perelyotnyh-ptic", "needCheck": true, "status": "accepted", "updateDate": 1640641906251, "start": 1601568000000, "end": 1641661200000, "createDate": 1600438782098, "inAccepted": true, "acceptDate": 1635885555731, "image": {"author": "Александр Иванишин", "name": "0f0c40125cc5e2779f18f3ced5376eb0.jpeg", "realName": "1.jpg", "source": "https://www.spheratheatre.ru/performances/gnezdo-perelyotnyh-ptic/"}, "photo": "https://pro.culture.ru/uploads/0f0c40125cc5e2779f18f3ced5376eb0.jpeg", "gallery": ["https://pro.culture.ru/uploads/c6635c0e5a9de03265b8d0061bfe64ac.jpeg", "https://pro.culture.ru/uploads/94380dd9b0f4525a3d1aa313c723cd44.jpeg", "https://pro.culture.ru/uploads/ff1145f0a8581aad7c80ed5263a0b6d2.jpeg", "https://pro.culture.ru/uploads/13e2791a55a027054d52eb39111064d2.jpeg", "https://pro.culture.ru/uploads/a5b8402f1979cf5952100ad1929f44aa.jpeg"], "category": {"name": "Спектакли", "sysName": "spektakli"}, "time": {"start": "2020-10-01 16:00:00", "end": "2022-01-08 17:00:00"}}, {"id": 740758, "name": "Спектакль «Лес»", "age": 16, "description": "<p> Спектакль «Лес», действие которого разворачивается в усадьбе Гурмыжских, погружает зрителей в общество приходящего в упадок дворянства и дельцов нового времени. Здесь деньги решают гораздо больше, чем чувства человека, здесь правит бал лицемерие помещицы Гурмыжской и ее ухажера Буланова. В усадьбу возвращается племянник Гурмыжской трагик Несчастливцев и проявляет все грехи и пороки этого общества.</p><p>Новая постановка Сергея Виноградова оставляет удивительное послевкусие и еще раз убеждает, что театр «Сфера» – это высочайшая планка профессионализма и полная отдача актеров на сцене. А зрителям новый спектакль подарит глубокие впечатления, почву для размышлений и удовлетворение от бережного обращения с классикой.</p>", "shortDescription": "Александр Островский возвратился в «Сферу» и снова украсил репертуар театра.", "min_price": 1000, "max_price": 2500, "link": "https://www.spheratheatre.ru/performances/les/", "needCheck": true, "status": "accepted", "updateDate": 1640641952252, "start": 1601049600000, "end": 1645293600000, "createDate": 1600430986545, "inAccepted": true, "acceptDate": 1637674479555, "image": {"author": "Сергей Чалый", "name": "6040b4168f5aa76121c0df6609f471f7.jpeg", "realName": "2.jpg", "source": "https://www.spheratheatre.ru/performances/les/"}, "photo": "https://pro.culture.ru/uploads/6040b4168f5aa76121c0df6609f471f7.jpeg", "gallery": ["https://pro.culture.ru/uploads/b68771c311fde1c673a77cd15e83580a.jpeg", "https://pro.culture.ru/uploads/af8d56e8bab93de37b8deb7539834f0e.jpeg", "https://pro.culture.ru/uploads/e3f91a447b11e9ab9e20625d20f2b2c7.jpeg", "https://pro.culture.ru/uploads/12db9d98f6764bd1f03f971cb8d9baca.jpeg", "https://pro.culture.ru/uploads/61a6a1d69220c885438a22f92d3af086.jpeg", "https://pro.culture.ru/uploads/60bdda01a6406407f0fdc228feec2c6d.jpeg", "https://pro.culture.ru/uploads/bd48d5d4b543eec3356850907e8e9fce.jpeg"], "category": {"name": "Спектакли", "sysName": "spektakli"}, "time": {"start": "2020-09-25 16:00:00", "end": "2022-02-19 18:00:00"}}, {"id": 738899, "name": "Спектакль «Затейник»", "age": 16, "description": "<p>Два приятеля спустя годы встречаются в санатории на берегу Черного моря. Один из них, Валентин, – преуспевающий чиновник, женатый человек, приехал на море отдохнуть. А второй, Сергей, – одинокий массовик-затейник, он на этой базе отдыха работает и живет…</p><p>Это история о любви и страхе, об их силе и первенстве, о том, что деятельная любовь может оказаться совсем не во благо… На пятачке сцены театра «Сфера» родился большой и значительный спектакль. Он теплый по атмосфере, живой, сильный по актерской работе и колоссальный по эмоциональному воздействию. А главное, этот спектакль напоминает: во все времена есть преграды, с которыми нужно бороться за любовь, но за нее обязательно нужно бороться.</p>", "shortDescription": "Душевная постановка Александра Коршунова по малоизвестной пьесе Виктора Розова.", "min_price": 1000, "max_price": 2500, "link": "https://www.spheratheatre.ru/performances/zateynik/", "needCheck": true, "status": "accepted", "updateDate": 1640641942705, "start": 1601654400000, "end": 1645728000000, "createDate": 1600336391955, "inAccepted": true, "acceptDate": 1637674547894, "image": {"author": "Ольга Швецова", "name": "9f057bf9a8e1e3d43a31e7803961d320.jpeg", "realName": "113f839c33960adf3ce3e71335c31cee.jpg", "source": "https://www.spheratheatre.ru/performances/zateynik/"}, "photo": "https://pro.culture.ru/uploads/9f057bf9a8e1e3d43a31e7803961d320.jpeg", "gallery": ["https://pro.culture.ru/uploads/fa3e115b9ff4bdb4a77a4f89c3979aa3.jpeg", "https://pro.culture.ru/uploads/4c54c84339a12042f31be36f163a4258.jpeg", "https://pro.culture.ru/uploads/80f0ba2b8fdfb4b7d4d3ae342167b9d6.jpeg", "https://pro.culture.ru/uploads/05b65441d217213e95f614fe0dac637c.jpeg", "https://pro.culture.ru/uploads/542e43fe2557c83c293351dc742625c2.jpeg", "https://pro.culture.ru/uploads/8a8a51afdee393af42657d2ba28d55a3.jpeg"], "category": {"name": "Спектакли", "sysName": "spektakli"}, "time": {"start": "2020-10-02 16:00:00", "end": "2022-02-24 18:40:00"}}, {"id": 445861, "name": "Спектакль «Живой театр Екатерины Еланской»", "age": 12, "description": "<p>13 сентября 2019 года исполнилось 90 лет со дня рождения Екатерины Ильиничны Еланской – талантливой актрисы, выдающегося режиссера, основателя Московского драматического театра «Сфера».</p><p>В этом году театр повторяет вечер, спектакль-посвящение «Живой театр Екатерины Еланской», созданный специально к 90-летию со дня рождения Екатерины Ильиничны. В спектакле примет участие практически вся труппа «Сферы», режиссер постановки – народный артист России Александр Коршунов.</p><p>В спектакле будут показаны фрагменты спектаклей Екатерины Ильиничны «В лесах и на горах», «Доктор Живаго», «Театральный роман» и другие.</p>", "shortDescription": "Постановка-посвящение Екатерине Еланской.", "min_price": 1000, "max_price": 2500, "link": "https://www.spheratheatre.ru/performances/zhivoy-teatr-ekateriny-elanskoy-2019/", "status": "accepted", "updateDate": 1629098807052, "start": 1568390400000, "end": 1631642400000, "createDate": 1562839576079, "inAccepted": true, "acceptDate": 1629126246831, "image": {"author": "И.Ефремова", "name": "b86c5e566220ed74a990e49664ac35a2.jpeg", "realName": "70640554_2464002050312753_6296436701774479360_o.jpg", "source": "https://www.spheratheatre.ru"}, "photo": "https://pro.culture.ru/uploads/b86c5e566220ed74a990e49664ac35a2.jpeg", "gallery": ["https://pro.culture.ru/uploads/1558789981eebdb3dd8397b16180e123.jpeg", "https://pro.culture.ru/uploads/1beca3bbcf5f52843bbf11892cdc8b57.jpeg", "https://pro.culture.ru/uploads/b3ed9c37747637bf22b6cfee3c6a334d.jpeg", "https://pro.culture.ru/uploads/174c85cf43cea784bbe67b8079e7e9bc.jpeg", "https://pro.culture.ru/uploads/280b943d05da40993409aef61fa9a6aa.jpeg", "https://pro.culture.ru/uploads/99de7f6e8a1ddf464329bb03cdb822bb.jpeg", "https://pro.culture.ru/uploads/5506bf76d5c7485cbfe2e2808ca94771.jpeg", "https://pro.culture.ru/uploads/914496acf52b86a25dae310b9753f3a2.jpeg", "https://pro.culture.ru/uploads/45ff0b7154ef2c5fd2ec5df905064d10.jpeg"], "category": {"name": "Спектакли", "sysName": "spektakli"}, "time": {"start": "2019-09-13 16:00:00", "end": "2021-09-14 18:00:00"}}, {"id": 9023, "name": "Спектакль «Записки сумасшедшего»", "age": 12, "description": "<p>История трагической судьбы «маленького человека», история больного сознания как следствие болезни самого общества. Зрители, пришедшие на спектакль Камерной сцены «Сферы», попадают в комнату Поприщина. Он сам стоит в дверях не театрального зала, а именно своего убогого жилища, и даже перекрывает ее рукой, словно давно уже ждет здесь, на пороге, нежеланных гостей. Мрачно пьет воду из кружки, а затем долго-долго разглядывает посетителей. Многие даже не понимают, что спектакль уже начался... </p><p>Для Сергея Рудзевича герой Поприщина – серьезная, крупная работа. Актер соединяет здесь мастерство и легкость, эксцентричность и глубокий драматизм. Его Поприщин весел и кокетлив, по-балетному пластичен, его движения изящны, а глаза задорно блестят. Поначалу даже не замечаешь, как начинается распад его сознания, как все сильнее уходит он в другой мир. Уход его – спасение. Потому что таким, как он, людям без кожи, очень остро воспринимающим все вокруг, слишком тяжело жить здесь...</p>", "shortDescription": "История трагической судьбы «маленького человека».", "min_price": 1500, "max_price": 1500, "link": "https://www.spheratheatre.ru/performances/zapiski-sumasshedshego/", "needCheck": true, "status": "accepted", "updateDate": 1639661944272, "start": 1508688000000, "end": 1645035600000, "createDate": 1442502794761, "inAccepted": true, "acceptDate": 1637674591111, "image": {"author": "В.Шульц", "name": "ca359bc2f5425f7b0b199c0294e505b4.jpg", "realName": "Реклама5.jpg", "source": "https://www.spheratheatre.ru"}, "photo": "https://pro.culture.ru/uploads/ca359bc2f5425f7b0b199c0294e505b4.jpg", "gallery": ["https://pro.culture.ru/uploads/3403aeea0fa4aaa4166ab82309c85ef1.jpg", "https://pro.culture.ru/uploads/9030679c5f595c20fcb31c45b3da020c.jpg", "https://pro.culture.ru/uploads/06d92c7124852af92c508abd20de322c.jpg"], "category": {"name": "Спектакли", "sysName": "spektakli"}, "time": {"start": "2017-10-22 16:00:00", "end": "2022-02-16 18:20:00"}}, {"id": 8982, "name": "Спектакль «Мурли»", "age": 6, "description": "<p><span>Действие происходит в голландском городке, где коты живут среди людей, а люди − среди котов. Кошка по имени Мурли превращается в девушку, но по-прежнему понимает язык кошек и в душе все-таки остается немного кошкой. </span><span>Она удивляет всех вокруг своими поступками, попадает в курьезные и веселые переделки.</span></p><p><span>Мир людей ей кажется странным и сложным, но он начинает ей нравиться, потому что здесь девушка-кошка узнала, что такое дружба, верность и любовь. </span></p><p><span>Зрителей позабавят песни-мурлыканья и грациозные перелеты кошек-людей с одной импровизированной крыши на другую.</span></p>", "shortDescription": "Сказочная комедия о кошках для детей и их родителей.", "min_price": 1000, "max_price": 2500, "link": "https://www.spheratheatre.ru/performances/murli/", "status": "accepted", "updateDate": 1640641859647, "start": 1509465600000, "end": 1644084000000, "createDate": 1442496640018, "inAccepted": true, "acceptDate": 1635885222538, "image": {"author": "И.Ефремова", "name": "2150cc1f47a1e6069f1b77bc84dec8fd.jpg", "realName": "IMG_8677.jpg", "source": "https://www.spheratheatre.ru/"}, "photo": "https://pro.culture.ru/uploads/2150cc1f47a1e6069f1b77bc84dec8fd.jpg", "gallery": ["https://pro.culture.ru/uploads/f2d4a3bed441c084a1fffa1d4eb4f480.JPG", "https://pro.culture.ru/uploads/7f8487b469093c82796e51bb28aa2ef8.JPG", "https://pro.culture.ru/uploads/29d1db0caa7e846a540709f1eaf4505c.JPG", "https://pro.culture.ru/uploads/f87c1fb6a8a319dbd25d62793c3e4691.JPG", "https://pro.culture.ru/uploads/de623177bc81dac414ee943e3cceab9d.JPG", "https://pro.culture.ru/uploads/0da8eee544ad2a1a0466c4a93c15dee2.JPG"], "category": {"name": "Спектакли", "sysName": "spektakli"}, "time": {"start": "2017-10-31 16:00:00", "end": "2022-02-05 18:00:00"}}]}