{"11930": [{"id": 1415730, "name": "Концерт «Геннадий Шишлин. А мы с тобой поем...»", "age": 12, "description": "<p>В палитре песенной ярмарки будут звучать незабываемые и полюбившиеся зрителям песни Геннадия «Искупай меня Русь», «В омутах!», «Я твой сын», «Пой, казачка», «Сторона-сторонушка», «Играй, гармошечка!», «Спой мне песню, Валентина», а также прозвучат совершенно новые композиции, которые порадуют зрителя неожиданной гранью творчества замечательного композитора и певца.<br /></p><p>Самые лучшие свои песни Геннадий посвящает своей музе, заслуженной артистке России Валентине Ворониной. Многие годы этот творческий союз дарит зрителям незабываемую красоту песен в их исполнении, глубочайшую культуру и глубину каждого прочтения песни. <br /></p><p>Поздравить музыканта с днем рождения, спеть и даже станцевать с ним придут многочисленные друзья и коллеги: Алла Омелюта, Илья Ушуллу, Оксана Невежина, Московский театр «Варьете» Ю. Черенкова, танцевальный ансамбль «Зия», фолк-группа «Русский праздник».<br /> </p><p>Ведущая концерта – певица, артистка эстрады и дочь Геннадия Анастасия Шишлина.</p>", "shortDescription": "Выступление заслуженного артиста России Геннадия Шишлина.", "min_price": 500, "max_price": 2000, "link": "https://mosconcert.com/buy-tickets/?performance_id=4445423", "status": "accepted", "updateDate": 1637852888589, "start": 1637856000000, "end": 1637863200000, "createDate": 1635238866182, "inAccepted": true, "acceptDate": 1636294801221, "image": {"author": "Москонцерт", "name": "7490267de423713627e29ba7990a776f.jpeg", "realName": "73a12e33-3691-47ff-9a1d-76107545df89 - копия (2).JPG", "source": "https://mosconcert.com/"}, "photo": "https://pro.culture.ru/uploads/7490267de423713627e29ba7990a776f.jpeg", "gallery": [], "category": {"name": "Концерты", "sysName": "koncerty"}, "time": {"start": "2021-11-25 16:00:00", "end": "2021-11-25 18:00:00"}}, {"id": 1264670, "name": "Программа «Бархатный сезон»", "age": 12, "description": "<p>«Бархатный сезон» – так назвала свою юбилейную программу Нина Шацкая, которая внесла глубокий смысл в это название. Концерт&nbsp;о богатом разнообразии творчества, о жизни, и недаром он проходит ранней осенью, как бы подчеркивая основательный багаж, результат большого многогранного творческого пути. </p><p>В этот вечер будут звучать только песни в исполнении Нины Шацкой и музыкального коллектива под управлением Владимира Агафонникова. В репертуаре концерта «Бархатный сезон» прозвучат романсы, джаз, русские песни. Харизма, образ, подача артистки воцаряют ее, как звезду, на трон «дивы», за певицей уже давно закрепилось определение «дива русского романса». </p><p>Отличительная черта творчества артистки – необычные трактовки традиционных произведений, синтез разных жанров и, что наиболее важно, высочайшая исполнительская культура! Городской романс певица сочетает с утонченными джазовыми аранжировками. Как личность самобытная, неординарная и в хорошем смысле дерзкая Нина не боится экспериментов, полагаясь на свой безупречный вкус и природную музыкальность! На ее счету уникальные сольные программы, объединенные общей тональностью и тематикой: «Музыка любви», «Коварство и любовь», «Осенний триптих», «Колдунья» и многие другие. </p>", "shortDescription": "Заслуженная артистка России Нина Шацкая исполяет русские романсы и джазовые композиции.", "min_price": 500, "max_price": 2500, "link": "https://mosconcert.com/buy-tickets/?performance_id=4372772", "status": "accepted", "updateDate": 1628930584132, "start": 1632063600000, "end": 1632072600000, "createDate": 1628595794025, "inAccepted": true, "acceptDate": 1628930584142, "image": {"author": "Москонцерт", "name": "1aaa0830938bf7d90dadb88039cd1eab.jpeg", "realName": "Mos.ru_1600x1067.jpg", "source": "https://mosconcert.com"}, "photo": "https://pro.culture.ru/uploads/1aaa0830938bf7d90dadb88039cd1eab.jpeg", "gallery": [], "category": {"name": "Концерты", "sysName": "koncerty"}, "time": {"start": "2021-09-19 15:00:00", "end": "2021-09-19 17:30:00"}}, {"id": 1258965, "name": "Балет «Спящая красавица»", "age": 6, "description": "<p>«Спящая красавица» – выдающийся балет на музыку Петра Ильича Чайковского, который еще называют энциклопедией классического танца. Замысел балета по сказке Шарля Перро «Красавица спящего леса» (1697) принадлежал князю Всеволожскому. Он решил воссоздать придворный балетный спектакль Франции XVII–XVIII веков. Первые афиши представления определяли жанр зрелища как балет-феерию. Сюжет балета, как и первоначальный постановщик Мариус Петипа, родом из Франции. Но за более чем сто лет сценической жизни «Спящая красавица» неоднократно меняла свой облик по мановению руки хореографов.</p> <p>Этот шедевр балетного искусства, впервые поразивший умы и сердца в 1890 году, по сей день неизменно восхищает даже самого искушенного из современных зрителей. Музыка, написанная Чайковским по просьбе князя Всеволожского, стала одной из самых светлых партитур композитора, воплощая его мечту об идеальном мироздании.</p><p></p>", "shortDescription": "Театр балета классической хореографии La Classique представляет спектакль.", "min_price": 800, "max_price": 2500, "link": "https://mosconcert.com/buy-tickets/?performance_id=4256195", "status": "accepted", "updateDate": 1640642090311, "start": 1636300800000, "end": 1668882600000, "createDate": 1628253900566, "inAccepted": true, "acceptDate": 1630833285184, "image": {"author": "Москонцерт", "name": "4015f7f4842b3b47a97fd33886302f81.jpeg", "realName": "без имени (249 of 780).jpg", "source": "https://mosconcert.com"}, "photo": "https://pro.culture.ru/uploads/4015f7f4842b3b47a97fd33886302f81.jpeg", "gallery": ["https://pro.culture.ru/uploads/af376fa2fd6228ddee17f4cb3f48830b.jpeg", "https://pro.culture.ru/uploads/9774570949959bd588f3b32d94aeb923.jpeg", "https://pro.culture.ru/uploads/bce4cbaed0286bb6c91ad6cdb378a88b.jpeg", "https://pro.culture.ru/uploads/951f7967be2bca0f8d35d970737e1d1b.jpeg", "https://pro.culture.ru/uploads/534e5ef231622811e91602ee995bce1f.jpeg", "https://pro.culture.ru/uploads/d6ab8349b696afa9874fb9ff32313608.jpeg", "https://pro.culture.ru/uploads/8f7a3881c99786cd838a28b8a8047603.jpeg", "https://pro.culture.ru/uploads/e6e9fbefd3b0c9485c3ae2fb6dd0cdf7.jpeg"], "category": {"name": "Спектакли", "sysName": "spektakli"}, "time": {"start": "2021-11-07 16:00:00", "end": "2022-11-19 18:30:00"}}, {"id": 1258431, "name": "Балет «Лебединое озеро»", "age": 12, "description": "<p>В основу сюжета положена старинная легенда о прекрасной принцессе Одетте, превращенной в лебедя проклятием злого колдуна Ротбарта. Чары колдуна действуют днем, но с приходом ночи белый лебедь превращается в девушку. Принц Зигфрид, очарованный необыкновенной красотой девушки, влюбляется в Одетту и обещает разрушить злые чары колдуна Ротбарта. Принц побеждает колдуна, злые чары разрушены. Одетта и Зигфрид радостно встречают первые лучи солнца в окружении подруг.</p><p>На сцене балет представит Государственный московский театр балета классической хореографии (Moscow Ballet La Classique). Главную партию в спектакле исполняет звезда международных конкурсов Диана Еремеева.</p><p>Музыка – П. И. Чайковский. Хореография – Мариус Петипа.</p>", "shortDescription": "Знаменитый балет в постановке Театра балета классической хореографии.", "min_price": 800, "max_price": 2500, "link": "https://mosconcert.com/buy-tickets/?performance_id=4245858", "status": "accepted", "updateDate": 1640642105974, "start": 1632499200000, "end": 1669573800000, "createDate": 1628246927405, "inAccepted": true, "acceptDate": 1630315123075, "image": {"author": "Москонцерт", "name": "c73535f882c13030f471595b26ead9f3.jpeg", "realName": "озеро8_compressed.jpg", "source": "https://mosconcert.com"}, "photo": "https://pro.culture.ru/uploads/c73535f882c13030f471595b26ead9f3.jpeg", "gallery": ["https://pro.culture.ru/uploads/795fb9d2e02fee7d2d4bf939df0b3c65.jpeg", "https://pro.culture.ru/uploads/1916843bd6bd2b0b786f4dc9087403bf.jpeg", "https://pro.culture.ru/uploads/5368ef2d0460a0e3c719971ab7bd92dd.jpeg", "https://pro.culture.ru/uploads/af8faf69c96460748559f8030a9ad2ee.jpeg", "https://pro.culture.ru/uploads/fa865141f1904de5851719be7e3b69ac.jpeg", "https://pro.culture.ru/uploads/6caab8e62f563216f2ea5f2d4c059fa0.jpeg", "https://pro.culture.ru/uploads/2dced1f92f14b135ebd510f5e9c13181.jpeg", "https://pro.culture.ru/uploads/bdfe86d88e04cd0ed0ee8470b2d763b1.jpeg", "https://pro.culture.ru/uploads/6c159656d75ed8885cfdb281487443ac.jpeg", "https://pro.culture.ru/uploads/87fbb5a329698d6c31c1b267e1f2bd9d.jpeg"], "category": {"name": "Спектакли", "sysName": "spektakli"}, "time": {"start": "2021-09-24 16:00:00", "end": "2022-11-27 18:30:00"}}, {"id": 1258353, "name": "Вечер одноактных балетов «Кармен», «Пахита» и «Вальпургиева ночь»", "age": 0, "description": "<p>Одноактный балет знаменитого кубинского хореографа Альберто Алонсо «Кармен» поставлен на основе одноименной оперы Жоржа Бизе.</p><p>В центре балета – трагическая судьба цыганки Кармен и полюбившего ее солдата Хозе, которого Кармен покидает ради молодого Тореро. Либретто балета по мотивам новеллы Проспера Мериме написал его постановщик Альберто Алонсо.</p><p>Гран-па из балета «Пахита» – это финальная часть полномасштабного спектакля, приуроченная к свадьбе главных героев – заброшенной волей судьбы в цыганский табор аристократки Пахиты и сына генерала Люсьена де Эрвильи. В основе сюжета лежит новелла Мигеля Сервантеса «Цыганочка». Действие происходит в Испании.<br /></p><p></p><p>«Вальпургиева ночь» – это балетная сцена, которую Шарль Гуно дописал для второй редакции своей оперы «Фауст», созданной по мотивам одноименной трагедии Иоганна Вольфганга Гете.</p><p>По сюжету оперы сцена «Вальпургиевой ночи» разворачивается во владениях Мефистофеля, когда он стремится отвлечь мысли Фауста от Маргариты и предлагает ему насладиться всеми благами мира ...</p><p>Эпизод впервые был показан на сцене Парижской оперы в 1869 году и с тех пор превратился в самостоятельный одноактный балет и общепризнанный шедевр мирового балетного искусства.</p>", "shortDescription": "Театр балета классической хореографии, отмечающий в этом году свое 30-летие, представляет премьеру!", "min_price": 800, "max_price": 2500, "link": "https://mosconcert.com/buy-tickets/?performance_id=4244339", "status": "accepted", "updateDate": 1640642091227, "start": 1634400000000, "end": 1667673000000, "createDate": 1628245403737, "inAccepted": true, "acceptDate": 1630872199878, "image": {"author": "Москонцерт", "name": "35db84cb6d3955ffb36bd330d2774128.jpeg", "realName": "1600кармен.jpg", "source": "https://mosconcert.com"}, "photo": "https://pro.culture.ru/uploads/35db84cb6d3955ffb36bd330d2774128.jpeg", "gallery": [], "category": {"name": "Спектакли", "sysName": "spektakli"}, "time": {"start": "2021-10-16 16:00:00", "end": "2022-11-05 18:30:00"}}, {"id": 983974, "name": "Спектакль «Дон Кихот»", "age": 12, "description": "<p>Балет «Дон Кихот» представит Московский государственный театр балета классической хореографии La Classique под руководством Элика Меликова.</p><p>Темпераментный, яркий балет на музыку Людвига Минкуса наполнен пламенными испанскими танцами и мало похож на роман Сервантеса. В романе в основу сюжета положена история печального рыцаря Дон Кихота, странствующего по свету, чтобы совершать подвиги и благородные поступки. В балете Дон Кихот становится второстепенным персонажем, а сюжет сосредоточивается на любовной истории дочери трактирщика Китри и цирюльника Базиля. </p><p>Хореография – Мариус Петипа, Александр Горский, редакция – Серж Мангетт.</p><p>Либретто Мариуса Петипа по одноименному роману Мигеля де Сервантеса.</p><p>Балет в трех действиях с двумя антрактами.</p>", "shortDescription": "Постановка по классическому произведению М. Сервантеса.", "min_price": 800, "max_price": 2500, "link": "https://mosconcert.com/product/don-kihot/", "needCheck": true, "status": "accepted", "updateDate": 1640642101084, "start": 1617465600000, "end": 1665945000000, "createDate": 1615286164265, "inAccepted": true, "acceptDate": 1630058840641, "image": {"author": "Москонцерт", "name": "eb1e89e40ec13b85b82e0c4296dec7ad.jpeg", "realName": "7T6B9012.jpg", "source": "https://mosconcert.com"}, "photo": "https://pro.culture.ru/uploads/eb1e89e40ec13b85b82e0c4296dec7ad.jpeg", "gallery": [], "category": {"name": "Спектакли", "sysName": "spektakli"}, "time": {"start": "2021-04-03 16:00:00", "end": "2022-10-16 18:30:00"}}, {"id": 909972, "name": "Балет «Щелкунчик»", "age": 6, "description": "<p>Знаменитый сюжет великого русского классика является одним из самых узнаваемых произведений мирового репертуара. «Щелкунчик» притягивает внимание зрителей на всех континентах уже более ста лет.</p><p>Несмотря на то, что в основе сюжета лежит детская сказка, ни один взрослый не откажется окунуться в атмосферу волшебства и фантазий! Тем более, если на сцене – один из лучших танцевальных коллективов Театр балета классической хоеографии La Classique под руководством Элика Меликова.</p><p>Даже у избалованной балетом столичной публики эта постановка в классическом исполнении пользуется неизменным успехом, да еще и в таких невероятных декорациях, которые предлагает театр. В них чувствуется рука мастера. Элик Меликов – академик-художник, работающий для самых известных театров – от Большого до Королевского балета Дании и театра балета Бостона. А в прошлом году труппа провела продолжительные гастроли в Австралии, Новой Зеландии и Италии, где была восторженно принята не только публикой, но и балетными критиками.</p>", "shortDescription": "Незабываемое приключение и красивая рождественская сказка.", "min_price": 800, "max_price": 2500, "link": "https://mosconcert.com/product/shchelkunchik/", "needCheck": true, "status": "accepted", "updateDate": 1640641964849, "start": 1612713600000, "end": 1644084000000, "createDate": 1611660302386, "inAccepted": true, "acceptDate": 1635244349937, "image": {"author": "Москонцерт", "name": "fd8d74b32736d613f62ab36f65fff5a8.jpeg", "realName": "1600-Щелкунчик.jpg", "source": "https://mosconcert.com"}, "photo": "https://pro.culture.ru/uploads/fd8d74b32736d613f62ab36f65fff5a8.jpeg", "gallery": [], "category": {"name": "Спектакли", "sysName": "spektakli"}, "time": {"start": "2021-02-07 16:00:00", "end": "2022-02-05 18:00:00"}}, {"id": 486432, "name": "Балет «Щелкунчик»", "age": 6, "description": "<p>Таинственное мерцание Феи Драже, затаенные шорохи мышиного войска, волшебная елка – эти чудеса поражают воображение и заставляют сердце биться сильнее. Балет «Щелкунчик», увлекающий ребенка и заставляющий его сопереживать героям спектакля, дарит детям незабываемые эмоции и дает почувствовать себя участниками театрального процесса. </p><p>Шоу-спектакль, основанный на великом балете П. И. Чайковского и специально адаптированный для детей, в исполнении Театра балета классической хореографии под руководством Элика Меликова La Classique. В основе постановки лежит либретто Мариуса Петипа и хореография Василия Вайнонена в редакции В. Ковтуна. Грандиозное танцевальное шоу, которое придется по душе и детям, и взрослым и положит начало продолжительной любви к балету как к жанру и к чудесной сказке Амадея Гофмана о девочке и заколдованном принце.</p><p>В фойе юных зрителей встречают Дед Мороз и Снегурочка.</p><p>Вниманию родителей: подарочный сладкий набор в стоимость билетов не входит. </p>", "shortDescription": "Незабываемое новогоднее приключение в самой красивой рождественской сказке.", "min_price": 800, "max_price": 3500, "link": "https://mosconcert.com/buy-tickets/?performance_id=4256243", "status": "accepted", "updateDate": 1640642105399, "start": 1572508800000, "end": 1641726000000, "createDate": 1570452272971, "inAccepted": true, "acceptDate": 1631033376632, "image": {"author": "Москонцерт", "name": "1b654d794a12259cd57c4f8c70547972.jpeg", "realName": "6_compressed.jpg", "source": "https://mosconcert.com"}, "photo": "https://pro.culture.ru/uploads/1b654d794a12259cd57c4f8c70547972.jpeg", "gallery": ["https://pro.culture.ru/uploads/629b9efe1562b1e408ee3550531050e9.jpeg", "https://pro.culture.ru/uploads/a6b9df3286ed7b385de76ad2e5c8c923.jpeg", "https://pro.culture.ru/uploads/1ff20d73e0f3e482519ba6d094cc1775.jpeg", "https://pro.culture.ru/uploads/5e0c8a6b1727d555a3442ca6a0428279.jpeg", "https://pro.culture.ru/uploads/3717fe669490781eb3ba859ff63f3921.jpeg"], "category": {"name": "Спектакли", "sysName": "spektakli"}, "time": {"start": "2019-10-31 08:00:00", "end": "2022-01-09 11:00:00"}}, {"id": 75093, "name": "Мюзикл «Московская история 1205»", "age": 6, "description": "<p>Класс 10 «Б» разорван на два клана, отличников и двоечников, вражда между которыми переросла в настоящую «междоусобную» войну, в нее втянуты и учителя, и директор школы.</p><p>Отчаяние, любовь и «страсти-мордасти» – все смешалось в таком переполохе. Что же означает таинственный номер 1205? Номер школы, где разыгрывается драматическая история? Может, это пять минут после полудня или начало большой перемены? Решать вам…</p><p>Совершенно неординарный подход к старой как мир истории, талантливейшая музыка, остроумный текст, щедрая искрометная игра актеров делают спектакль увлекательным, провокационным и поучительным.</p>", "shortDescription": "История Ромео и Джульетты разворачивается в современной московской школе.", "min_price": 500, "max_price": 2000, "link": "https://iframeab-pre1620.intickets.ru/event/10848607", "needCheck": true, "status": "accepted", "updateDate": 1640641960482, "start": 1512810000000, "end": 1643556600000, "createDate": 1478972731887, "inAccepted": true, "acceptDate": 1630873688411, "image": {"author": "ДМТЮА", "name": "770f0a5d8420d8f4658b8234cbb11094.jpeg", "realName": "9ef5f3c97efbab8a94b540239290a7e8.jpg", "source": "https://dmtya.ru/"}, "photo": "https://pro.culture.ru/uploads/770f0a5d8420d8f4658b8234cbb11094.jpeg", "gallery": ["https://pro.culture.ru/uploads/821102d05ff8e424ac1b9c126e047fb0.jpeg", "https://pro.culture.ru/uploads/0648e7efcbf1d45cdcd14256fa903e90.jpeg", "https://pro.culture.ru/uploads/0730e19d18fd5201b61d16953050e11f.jpeg", "https://pro.culture.ru/uploads/2402ffd065a308103dbbaf382a42ec07.jpeg", "https://pro.culture.ru/uploads/ee9bca3e80061692e839b70a449c1d8e.jpeg", "https://pro.culture.ru/uploads/ae59a59386310cd27fbc23f7e2ae04de.jpeg"], "category": {"name": "Спектакли", "sysName": "spektakli"}, "time": {"start": "2017-12-09 09:00:00", "end": "2022-01-30 15:30:00"}}, {"id": 44526, "name": "Балет «Жизель»", "age": 6, "description": "<p>Признанный шедевр хореографии, половина действия которого происходит на кладбище (со всеми вытекающими последствиями), завораживает зрителей по всему миру уже почти 180 лет. И с годами его слава только растет!</p><p>Нетленная история любви графа и крестьянки с элементами сверхъестественного... Театр балета классической хореографии представляет «Жизель» – фантастический балет в двух актах.</p><ul><li>либретто Теофиля Готье и Жюля-Анри де Сен-Жоржа.</li><li>музыка Адольфа Адана;</li><li>хореография Жана Коралли, Жюля Перро, Мариуса Петипа;</li><li>хореографическая редакция М. Лавровского.</li></ul><p>Через год после парижской премьеры, в 1842 г., «Жизель» была показана в Петербурге, чуть позже – в Москве. С тех пор этот балет никогда надолго не покидал русской сцены и обрел выдающихся исполнительниц заглавной роли, чья слава затмила славу первой Жизели – знаменитой Карлотты Гризи. В Большом театре эта партия украшала репертуар практически всех ведущих балерин. В прошлом веке ее танцевали Марина Семенова, Галина Уланова, Марина Кондратьева, Екатерина Максимова, Наталия Бессмертнова, Людмила Семеняка. Из сентиментально-красивой истории об обманутой любви «Жизель» постепенно превратилась в поэму о доверии, которое было предано, и любви, которая оказалась сильнее смерти.</p>", "shortDescription": "Постановка театра балета классической хореографии La Classique.", "min_price": 500, "max_price": 2500, "link": "https://mosconcert.com/buy-tickets/?performance_id=4245767", "status": "accepted", "updateDate": 1640642079369, "start": 1500393600000, "end": 1670176800000, "createDate": 1463991547324, "inAccepted": true, "acceptDate": 1630576596966, "image": {"author": "Москонцерт", "name": "6a3337d41591d8345e6b2f24adc4284a.jpg", "realName": "жизель.jpg", "source": "https://mosconcert.com"}, "photo": "https://pro.culture.ru/uploads/6a3337d41591d8345e6b2f24adc4284a.jpg", "gallery": ["https://pro.culture.ru/uploads/f2e66f9293e01127e0f31a9801178a15.jpg", "https://pro.culture.ru/uploads/90d60608aebbd8fb4b44c9d4f6a212b3.jpeg", "https://pro.culture.ru/uploads/82cd22612c09562a5011ef5d3fcddd80.jpeg", "https://pro.culture.ru/uploads/ca41d2f594bdea7bcf78bc83d4930c63.jpeg", "https://pro.culture.ru/uploads/6fafdd63afc80c4d8af051b16b05c928.jpeg", "https://pro.culture.ru/uploads/311baeb048008d6c417a3a92f2a52c69.jpeg", "https://pro.culture.ru/uploads/e8c867f6c566ff139ccf9e51dfe00d45.jpeg", "https://pro.culture.ru/uploads/874abf1aa84d09b7dcab4231fc93624c.jpeg"], "category": {"name": "Спектакли", "sysName": "spektakli"}, "time": {"start": "2017-07-18 16:00:00", "end": "2022-12-04 18:00:00"}}]}