{"12669": [{"id": 1509126, "name": "Программа «Новогодняя»", "age": 0, "description": "<p> «Новогодний переполох», Л. Токарева, интерактивный спектакль. Герои представления увлекут больших и маленьких зрителей в волшебный мир новогодней сказки. Зрители смогут окунуться в праздничную атмосферу приключений, поучаствовать в интересных конкурсах. Действие будет происходить возле нарядной и волшебной новогодней елки на большой сцене. С появлением Деда Мороза и Снегурочки начнется настоящий праздник с песнями и танцами. <br /></p><p>«Подарок для мухи», А. Лузгин, сказка. Огромную радость доставит детям необыкновенная история, рассказанная А. Лузгиным, по мотивам популярного произведения К. Чуковского про Муху, которая приобрела самовар и созвала на чаепитие всех своих друзей. Зрители узнают о чудесном спасении Мухи из лап злодея Паука и об отважном, храбром Комарике –женихе.</p>", "shortDescription": "Праздничное представление для детей и взрослых.", "min_price": 350, "max_price": 450, "link": "https://tobteatr.kto72.ru/events/", "needCheck": true, "status": "accepted", "updateDate": 1640172830461, "start": 1640354400000, "end": 1641456900000, "createDate": 1638772381790, "inAccepted": true, "acceptDate": 1639995234052, "image": {"author": "Ольга Мачитова", "name": "4d8963c1f4d10c39be3fc3920bfe2231.jpeg", "realName": "k6txe1gAALw.jpg", "source": "https://vk.com/photo-20278120_457251528"}, "photo": "https://pro.culture.ru/uploads/4d8963c1f4d10c39be3fc3920bfe2231.jpeg", "gallery": [], "category": {"name": "Праздники", "sysName": "prazdniki"}, "time": {"start": "2021-12-24 14:00:00", "end": "2022-01-06 08:15:00"}}, {"id": 1425586, "name": "Концерт «Его величество мюзикл»", "age": 6, "description": "<p> </p><p>Новый проект в жанре классического концерта, на протяжении которого яркие, харизматичные, не будем скромничать, талантливые представители так любимого многими жанра – мюзикла не только споют, но и поделятся с уважаемой публикой своими воспоминаниями, забавными случаями из невероятно интересной закулисной жизни, которая, согласитесь, всегда вызывала неподдельный интерес у зрительской аудитории.</p><p>Эта смелая, дерзкая и в то же время культурная группа друзей-единомышленников, за плечами которых общие проекты, внушительный опыт прожитых на сцене судеб и, конечно же, та степень уверенности, которая позволяет им воспарить над обыденностью жизни…</p><p></p>", "shortDescription": "Программа в жанре творческого вечера.", "min_price": 800, "max_price": 2500, "link": "https://tgf.kto72.ru/events/buy/5167/", "status": "accepted", "updateDate": 1639042811941, "start": 1639490400000, "end": 1639580400000, "createDate": 1635510165287, "inAccepted": true, "acceptDate": 1639042812070, "image": {"author": "Наталья Федорец", "name": "38ae06c044042f64aee8f03b15740110.jpeg", "realName": "246246911_387175786389891_438068476492952383_n.jpg", "source": "Наталья Федорец"}, "photo": "https://pro.culture.ru/uploads/38ae06c044042f64aee8f03b15740110.jpeg", "gallery": [], "category": {"name": "Концерты", "sysName": "koncerty"}, "time": {"start": "2021-12-14 14:00:00", "end": "2021-12-15 15:00:00"}}, {"id": 1385292, "name": "Спектакль «Геркулес и Авгиевы конюшни»", "age": 12, "description": "<p>Многим хорошо известны мифические двенадцать подвигов Геркулеса. Один из них – очищение авгиевых конюшен. Однако наделенный нечеловеческой силой Геркулес показывает, что умеет работать не только руками, но и головой. Легкого театрального жанра зрителю предложено не будет, – античный мир, который кажется таким далеким, одновременно затрагивает извечные проблемы современности – несвоевременные путаные решения властей, денежные проблемы и, конечно, любовные переживания.<br /> Режиссер-постановщик – Петр Норец</p><p><strong></strong></p>", "shortDescription": "Постановка по пьесе Фридриха Дюрренматта.", "min_price": 250, "max_price": 450, "link": "https://tobteatr.kto72.ru/events/buy/5146/?date=06-11-2021", "status": "accepted", "updateDate": 1634276018465, "start": 1636203600000, "end": 1636297200000, "createDate": 1634036128764, "inAccepted": true, "acceptDate": 1634276018473, "image": {"author": "Сергей Здановский", "name": "106ae5910e299014733a465b59d4ff8e.jpeg", "realName": "20140903-A0018233.jpg", "source": "Из архива Тобольского драматического театра"}, "photo": "https://pro.culture.ru/uploads/106ae5910e299014733a465b59d4ff8e.jpeg", "gallery": [], "category": {"name": "Спектакли", "sysName": "spektakli"}, "time": {"start": "2021-11-06 13:00:00", "end": "2021-11-07 15:00:00"}}, {"id": 1378391, "name": "Спектакль «Скамейка»", "age": 16, "description": "<p>\nВечер. Парк. Скамейка. Он и Она. Конечно, речь пойдет о любви. Но где \nлюбовь, там часто находится место предательству, лжи и даже страху. \nСтраху одиночества, страху быть нелюбимыми. Так и наши герои слово за \nслово пытаются зацепиться за еще один шанс быть любимыми, который им \nдаёт жизнь. Но смогут ли они справиться с этой задачей? Ведь за один \nвечер им предстоит посмотреть на все, что было до, заглянуть в себя. \nСвидетелем такой случайной, а может не случайной встречи становится \nскамейка.<br />\n <br />\n Создатели спектакля:<br />\n <br />\n Режиссер-постановщик - Заслуженный деятель искусств, лауреат Государственной премии РФ Михаил Поляков.<br /></p>", "shortDescription": "Мелодрама по произведению Александра Гельмана.", "min_price": 400, "max_price": 400, "link": "https://tobteatr.kto72.ru/events/buy/5135/", "needCheck": true, "status": "accepted", "updateDate": 1640173840402, "start": 1634475600000, "end": 1641392400000, "createDate": 1633689475704, "inAccepted": true, "acceptDate": 1637910458695, "image": {"author": "Сергей Здановский", "name": "78606c08132e48d3736247314416c4f7.jpeg", "realName": "Театр-(7-из-7).jpg", "source": "Из архива Тобольского драматического театра"}, "photo": "https://pro.culture.ru/uploads/78606c08132e48d3736247314416c4f7.jpeg", "gallery": [], "category": {"name": "Спектакли", "sysName": "spektakli"}, "time": {"start": "2021-10-17 13:00:00", "end": "2022-01-05 14:20:00"}}, {"id": 1377397, "name": "Концерт «Аргишти – сердцем на Восток»", "age": 0, "description": "<p>Любовь к дудуку и желание расширить его возможности позволяют музыканту Аргишти успешно экспериментировать в разных стилях. Например, сочетать дудук с органом и электронной музыкой. Его музыку можно отнести к направлению world music (этно), в ней также слышатся отголоски джаза, фьюжн и неоклассики. Звуковые композиции в концертах Аргишти порой сопровождаются притчами, слайд-шоу, песочным шоу или живописью на воде.<br /> </p><p>Исполнитель также мастерски владеет еще более древними инструментами, такими как армянская флейта блур, персидский нэй и арабский нэй. В дискографии исполнителя – 10 альбомов, среди которых присутствуют «Абрикосовые мелодии», «Выше Арарата», «Первый ереванский снег», «Паломничество к себе», «Искренность. Сейчас», «В начале было дыхание», «Трубка мира».<br /></p>", "shortDescription": "В программе прозвучат народные мелодии Армении, классические и авторские композиции.", "min_price": 200, "max_price": 300, "link": "https://tobteatr.kto72.ru/events/buy/5138/?date=11-11-2021", "status": "accepted", "updateDate": 1634095578097, "start": 1636639200000, "end": 1636644600000, "createDate": 1633675614996, "inAccepted": true, "acceptDate": 1634095578106, "image": {"author": "Интернет, свободный доступ", "name": "a1e2ef7d33f638154c0de2e08699a9c3.jpeg", "realName": "argishti.jpg", "source": "Интернет, свободный доступ"}, "photo": "https://pro.culture.ru/uploads/a1e2ef7d33f638154c0de2e08699a9c3.jpeg", "gallery": [], "category": {"name": "Концерты", "sysName": "koncerty"}, "time": {"start": "2021-11-11 14:00:00", "end": "2021-11-11 15:30:00"}}, {"id": 1329355, "name": "Спектакль «Неугомонный дух»", "age": 12, "description": "<p> «Неугомонный дух» ― это комедийный микс, замешенный на мистике и любви. Автор словно предчувствовал, что мир сойдет с ума от гадалок, экстрасенсов и прочих хиромантов. Преуспевающий писатель Чарльз Кэндемин решил посмеяться над потусторонним миром и вызвал дух бывшей жены. После этого жизнь для него превратилась в настоящий ад… Одна нелепость накладывается на другую, и реалист Кэндемин понимает, что шутить с привидениями ему вовсе не стоило.</p><p>Создатели спектакля: <br /> <br /> Режиссер-постановщик – Игорь Колдачев <br /> Режиссер по пластике – Лиана Токарева <br /> Художник-постановщик – Елена Малова <br /> Художник мультимедиа – Даниил Немцев <br /> Художник по свету – Александр Овчинников <br /> Автор перевода – Вячеслав Новицкий </p>", "shortDescription": "Мелодраматическая мистика по пьесе Ноэла Кауарда в двух актах.", "min_price": 250, "max_price": 450, "link": "https://tobteatr.kto72.ru/events/buy/5106/?date=15-10-2021", "needCheck": true, "status": "accepted", "updateDate": 1632898956677, "start": 1634306400000, "end": 1634396400000, "createDate": 1631622099200, "inAccepted": true, "acceptDate": 1632898956685, "image": {"author": "Сергей Здановский", "name": "3d2f568c6d8427b7f259be8453ddb2af.jpeg", "realName": "Театр-(3-из-7).jpg", "source": "Из архива Тобольского драматического театра"}, "photo": "https://pro.culture.ru/uploads/3d2f568c6d8427b7f259be8453ddb2af.jpeg", "gallery": [], "category": {"name": "Спектакли", "sysName": "spektakli"}, "time": {"start": "2021-10-15 14:00:00", "end": "2021-10-16 15:00:00"}}, {"id": 1266596, "name": "Спектакль «Когда наступает вечер»", "age": 16, "description": "<p>Спектакль адресован любопытной молодежи и тем, кому за..., всем, кому важен разговор о «вневременных» проблемах: о жизни и смерти, о вечности и смысле жизни. Вечер. Он наступает для каждого, живущего на этой планете, но только разумное существо может объяснить и понять его. И наступает вечер для героев постанвки Мультика, Ганы, Гастрита. Сегодня нет ничего лучше, как сидеть в тишине театрального зала и слушать, какое было утро и день отцов и дедов. Ведь когда-нибудь для каждого человека наступит его вечер. </p><p>Постановка – Валерия Медведева;</p><p>Сценография и костюмы – Риты Медведевой;</p><p> Музыкальное оформление – Сергей Белоусов.</p>", "shortDescription": "Лирическая комедия по произведению Алексея Дударева.", "min_price": 350, "max_price": 350, "link": "https://tobteatr.kto72.ru/events/buy/4764/?date=12-09-2021", "status": "accepted", "updateDate": 1629378508810, "start": 1631451600000, "end": 1638716400000, "createDate": 1628672255128, "inAccepted": true, "acceptDate": 1631624197836, "image": {"author": "Ольга Мачитова", "name": "0b720b2008df0852e6e6d2c6a518c15c.jpeg", "realName": "05e1517575915ff7b912ddba8b92ed25.jpeg", "source": "https://vk.com/album-20278120_278410544"}, "photo": "https://pro.culture.ru/uploads/0b720b2008df0852e6e6d2c6a518c15c.jpeg", "gallery": [], "category": {"name": "Спектакли", "sysName": "spektakli"}, "time": {"start": "2021-09-12 13:00:00", "end": "2021-12-05 15:00:00"}}, {"id": 1266560, "name": "Спектакль «Меж юношей безумных...»", "age": 12, "description": "<p>Если Лев Толстой – один из гостей на вечеринке золотой молодежи XIX века, разве вечер может быть томным?<br /></p><p>Три линии времени. Две географические точки – Москва и Тобольск. Сенатская площадь, декабристы и ссылка в Сибирь. Вихрь грандиозных исторических событий, за которыми стоят… самые обычные люди. Люди, которым свойственно мечтать, отчаиваться, любить, ошибаться, бороться и искать.<br /></p><p>История в людях. И люди в истории. Театр в кино. И кино в театре.</p><p>Режиссер-постановщик – Станислав Губанищев.</p><p>Художник-постановщик – Ольга Трофимова.</p>", "shortDescription": "Историческая хроника Станислава Губанищева и Ольги Пономаревой.", "min_price": 200, "max_price": 400, "link": "https://tobteatr.kto72.ru/events/", "status": "accepted", "updateDate": 1640349971373, "start": 1631451600000, "end": 1648222800000, "createDate": 1628671757106, "inAccepted": true, "acceptDate": 1640349971557, "image": {"author": "Ольга Мачитова", "name": "d22e3ad28ad42b78b2c839800446f734.jpeg", "realName": "096eeff300aaaba39e4a16058ea7a3dd.jpeg", "source": "https://vk.com/album-20278120_279946171"}, "photo": "https://pro.culture.ru/uploads/d22e3ad28ad42b78b2c839800446f734.jpeg", "gallery": [], "category": {"name": "Спектакли", "sysName": "spektakli"}, "time": {"start": "2021-09-12 13:00:00", "end": "2022-03-25 15:40:00"}}, {"id": 1266519, "name": "Спектакль «Ню»", "age": 16, "description": "<p>Автор выбрал тему любви в человеческой судьбе и всё, что прилагается к ней: верность, предательство, совесть и малодушие, жизненный расчёт и сокрушительные иллюзии.</p><p> А впрочем, есть просто мужчина и женщина, диалог двух любящих душ, каждая из которых ещё смотрит в прошлое, связавшее их когда-то. Между ними двадцать с лишним лет разлуки. Они борются с невозможностью исполнения последней надежды быть вместе теперь и навсегда. «Ню» – это половина имени. Он так называл её когда-то.</p><p>Все желающие приглашаются на спектакль.</p>", "shortDescription": "Лирическая комедия Сергея Грязнова в двух действиях.", "min_price": 400, "max_price": 400, "link": "https://tobteatr.kto72.ru/events/", "needCheck": true, "status": "accepted", "updateDate": 1640173244819, "start": 1631282400000, "end": 1641741000000, "createDate": 1628671101074, "inAccepted": true, "acceptDate": 1639059052549, "image": {"author": "Дарья Федотова", "name": "ca911ed14af90f51d2062ca3a8a15338.jpeg", "realName": "7e38abce09db41dc75caeaf86b189764.jpg", "source": "https://vk.com/album-20278120_246774721"}, "photo": "https://pro.culture.ru/uploads/ca911ed14af90f51d2062ca3a8a15338.jpeg", "gallery": [], "category": {"name": "Спектакли", "sysName": "spektakli"}, "time": {"start": "2021-09-10 14:00:00", "end": "2022-01-09 15:10:00"}}, {"id": 1266476, "name": "Спектакль «Наташина мечта»", "age": 16, "description": "<p>Три девушки, три истории жизни: пьеса Ярославы Пулинович, поставленная Тобольским драматическим театром имени Ершова, заставит задуматься о происходящем вокруг и лучше понять себя. </p><p>Три монолога-исповеди, три судьбы, три жизни. Три Наташи. Такие разные, но необыкновенно похожие стремлением найти счастье.</p><p>Спектакль современный, с глубокими проблемами 16-летних девочек, которым нужна любовь, понимание и помощь.</p><p>Режиссер-постановщик – Константин Рехтин. </p><p> Действующие лица и исполнители:</p><ul><li>Ирина Полыгалова;</li><li>Виктория Гутмахер;</li><li>Татьяна Ручнева.</li></ul>", "shortDescription": "Монологи о любви.", "min_price": 300, "max_price": 300, "link": "https://tobteatr.kto72.ru/events/buy/4126/?date=09-09-2021", "status": "accepted", "updateDate": 1629378666033, "start": 1631196000000, "end": 1637854800000, "createDate": 1628670419944, "inAccepted": true, "acceptDate": 1631624263767, "image": {"author": "Григорий Чарков", "name": "9279ee294f97ef4f7f868f5365d2f0b7.jpeg", "realName": "26405ab6d8d657d24de12edb2061a14a.jpeg", "source": "https://vk.com/album-20278120_253344173"}, "photo": "https://pro.culture.ru/uploads/9279ee294f97ef4f7f868f5365d2f0b7.jpeg", "gallery": [], "category": {"name": "Спектакли", "sysName": "spektakli"}, "time": {"start": "2021-09-09 14:00:00", "end": "2021-11-25 15:40:00"}}, {"id": 1266438, "name": "Спектакль «Однажды Гоголь вышел из кареты»", "age": 16, "description": "<p>Однажды, уже незадолго до своей кончины, Гоголь отправляется из Петербурга повидать родную Малороссию, по пути останавливается в гостинице, где и происходит действие будущего спектакля. Там он встречает трактирного слугу, ярого поклонника творчества писателя.</p><p> Его собственный слуга по совместительству является и личным психоаналитиком гения, а с Гоголем происходят все более странные вещи. Так или иначе, но жизнь уже никогда не будет прежней...</p><p>Режиссер-постановщик – заслуженный артист России Станислав Губанищев. </p><p>Художник-постановщик – Ольга Трофимова.</p><p>Композитор – Дамир Гарифуллин. </p><p>Постановщик вокальных номеров – Наталия Пономарева. </p><p>Режиссер по пластике – Лиана Токарева.</p><p>Художник по свету – Александр Овчинников. </p><p>Художник медиаконтента – Даниил Немцев.</p> <p><strong></strong></p>", "shortDescription": "Инсценировка Станислава Губанищева по произведениям Николая Гоголя.", "min_price": 350, "max_price": 350, "link": "https://tobteatr.kto72.ru/events/", "needCheck": true, "status": "accepted", "updateDate": 1640173151203, "start": 1633870800000, "end": 1642345200000, "createDate": 1628669908498, "inAccepted": true, "acceptDate": 1639059139475, "image": {"author": "Ольга Мачитова", "name": "53ddf733e5000e5469d5a374ac36127e.jpeg", "realName": "672a360aade28bf52b8aa43b97afe87e.jpeg", "source": "https://vk.com/album-20278120_275350762"}, "photo": "https://pro.culture.ru/uploads/53ddf733e5000e5469d5a374ac36127e.jpeg", "gallery": [], "category": {"name": "Спектакли", "sysName": "spektakli"}, "time": {"start": "2021-10-10 13:00:00", "end": "2022-01-16 15:00:00"}}, {"id": 1266392, "name": "Спектакль «Странная пара»", "age": 12, "description": "<p>Это сценическая версия пьесы современного американского классика Нила Саймона. Что такое семейные отношения? Что такое семейный развод? Катастрофа, крушение всех главных опор в жизни или широко распахнутая дверь в новую свободу? </p><p>Герои пьесы, два друга, только что расстались со своими женами и решили начать жизнь вместе, обустраивая ее так, как им всегда хотелось... Улыбка, смех и юмор этой пьесы в том, что, когда двое мужчин начинают жить вместе в одной квартире, повторяется та же самая ситуация, что и в бывшей семье при разводе. </p><p>Так почему же семьи разводятся? Кто виноват? – Посмотрите спектакль. Возможно, вы найдете ответ.</p> <p><strong></strong></p>", "shortDescription": "Смешная лирическая комедия в двух действиях.", "min_price": 200, "max_price": 400, "link": "https://tobteatr.kto72.ru/events/buy/4130/?date=04-09-2021", "status": "accepted", "updateDate": 1631623700558, "start": 1630760400000, "end": 1639233900000, "createDate": 1628669169198, "inAccepted": true, "acceptDate": 1631624284156, "image": {"author": "Фото Дарьи Федотовой", "name": "19a694327bdb88419449a37887c6c77b.jpeg", "realName": "f66037a512ba3a24f5c27847a7139a62.jpeg", "source": "https://vk.com/album-20278120_233788900"}, "photo": "https://pro.culture.ru/uploads/19a694327bdb88419449a37887c6c77b.jpeg", "gallery": [], "category": {"name": "Спектакли", "sysName": "spektakli"}, "time": {"start": "2021-09-04 13:00:00", "end": "2021-12-11 14:45:00"}}, {"id": 1266357, "name": "Спектакль «Медведь»", "age": 12, "description": "\n\n<p>Спектакль по этой пьесе состоялся в Тобольске 3 марта 1918 года в домашнем театре семьи Романовых при участии бывшего царя Николая II и двух его дочерей. В Тобольске Николай II со своим семейством находился в ссылке.</p><p>Вниманию зрителей предложена художественная версия-фантазия, как это могло быть. Поэтому в постановке, кроме бывшего царя Николая Александровича и его дочери Ольги, ещё участвуют учительница царских детей Битнер К. М., жительница Тобольска Старуха и Василий Панкратов – комиссар по охране опального царя и его семьи.</p><p>«Медведь» – история невероятная! Это единственная маленькая пьеса А. П. Чехова, где всё кончается благополучно. Она учит верить в безусловность любимых и близких людей и создавать мир земных облаков и купидонов, ведь браки совершаются на небесах! В чеховской записной книжке есть заметка: «тогда человек станет лучше».</p>\n\n", "shortDescription": "Посвящен 100-летию пребывания семьи Николая Романова в Тобольской ссылке.", "min_price": 400, "max_price": 400, "link": "https://tobteatr.kto72.ru/events/buy/4182/?date=03-09-2021", "needCheck": true, "status": "accepted", "updateDate": 1640173200242, "start": 1630677600000, "end": 1647699300000, "createDate": 1628668623398, "inAccepted": true, "acceptDate": 1639059093510, "image": {"author": "Григорий Чарков", "name": "11e0c36551f8ead08f5835c77d28fa5a.jpeg", "realName": "9aa3b048fe03512009f1613be6c2bcad.jpeg", "source": "https://vk.com/album-20278120_252633745"}, "photo": "https://pro.culture.ru/uploads/11e0c36551f8ead08f5835c77d28fa5a.jpeg", "gallery": [], "category": {"name": "Спектакли", "sysName": "spektakli"}, "time": {"start": "2021-09-03 14:00:00", "end": "2022-03-19 14:15:00"}}, {"id": 1266306, "name": "Спектакль «Тетки»", "age": 12, "description": "<p>В центре сюжета находятся старинный дом и его обитательницы – милые, забавные старушки. Именно они оказываются запутанными в круговерть событий, связанных с желанием слишком многих людей завладеть родовым гнездом, расположенным, к несчастью, в центре города на элитной земле. Зрителей ждут встречи с мошенниками, милицией, племянниками. Спектакль не обойдется без отравлений и преследований, без переодеваний и разоблачений.</p><p> Режиссер-постановщик – Валерий Медведев. </p><p>Художник-постановщик – заслуженный работник культуры Российской Федерации Виктор Моор.</p>", "shortDescription": "Домашняя комедия Александра Коровкина.", "min_price": 200, "max_price": 400, "link": "https://tobteatr.kto72.ru/events/", "status": "accepted", "updateDate": 1629464764140, "start": 1634475600000, "end": 1636733700000, "createDate": 1628667891057, "inAccepted": true, "acceptDate": 1631625347532, "image": {"author": "Сергей Здановский", "name": "5f51272178d6dd8a4c0878616b3e82cf.jpeg", "realName": "2c54aefd73078b4ad7b998088bf15dcb.jpeg", "source": "https://vk.com/album-20278120_248154074"}, "photo": "https://pro.culture.ru/uploads/5f51272178d6dd8a4c0878616b3e82cf.jpeg", "gallery": [], "category": {"name": "Спектакли", "sysName": "spektakli"}, "time": {"start": "2021-10-17 13:00:00", "end": "2021-11-12 16:15:00"}}, {"id": 1266229, "name": "Спектакль «Дураки вы, мужики»", "age": 16, "description": "<p> Обменные Большие гастроли Дзержинского театра драмы. На этот раз драматург рассказывает простую деревенскую историю о двух подругах – Галине и Нине. Об их семейной жизни – заботах, проблемах, скандалах и любви. У одной муж загулял, другая узнала о своем любимом такое, что и выговорить стыдно. А тут еще в доме появилась молодая разлучница… Но в этой истории нет места слезам и переживаниям. Наоборот, здоровый юмор помогает разрешить множество проблем, чему в не малой степени способствует колоритный образ местного старожила – деда Федота.</p>", "shortDescription": "Комедия Александра Коровкина.", "min_price": 200, "max_price": 400, "link": "https://tobteatr.kto72.ru/events/", "status": "accepted", "updateDate": 1629978605096, "start": 1632056400000, "end": 1632063600000, "createDate": 1628666653933, "inAccepted": true, "acceptDate": 1631626259716, "image": {"author": "Из архива Дзержинского драматического театра", "name": "b92124387958aaa716cb8b437859f567.jpeg", "realName": "Дураки вы мужики     2.jpg", "source": "Из архива Дзержинского драматического театра"}, "photo": "https://pro.culture.ru/uploads/b92124387958aaa716cb8b437859f567.jpeg", "gallery": [], "category": {"name": "Спектакли", "sysName": "spektakli"}, "time": {"start": "2021-09-19 13:00:00", "end": "2021-09-19 15:00:00"}}, {"id": 1266059, "name": "Спектакль «А зори здесь тихие»", "age": 12, "description": "<p> Обменные Большие гастроли Дзержинского театра драмы. «А зори зесь тихие...», пожалуй, одно из самых известных произведений советской литературы о войне. Трагичность и камерность истории, яркие образы, живой и образный язык сделали книгу любимой у читателей самых разных поколений. В немалой степени этой популярности поспособствовал замечательный фильм Станислава Ростоцкого, снятый в далеком 1972 году.<br />Эта постановка будет попыткой взглянуть на военную историю из ХХI века, попытаться понять намного ли отличаются сегодняшние молодые люди от своих ровесников тех грозных лет.<br />В начале июня 1942 года пять зенитчиц и их командир, старшина Васков, отправившись в разведку, неожиданно обнаруживают, что в этой, казалось бы, еще далекой от фронта местности, высадился немецкий десант. Об этом необходимо сообщить в штаб. Но маленький отряд отрезан от своих. Васкову и девушкам предстоит предотвратить диверсию, но заплатить за это высшую цену…<br /> </p>", "shortDescription": "Постановка по произведению Бориса Васильева.", "min_price": 200, "max_price": 400, "link": "https://tobteatr.kto72.ru/events/", "status": "accepted", "updateDate": 1629969592711, "start": 1631970000000, "end": 1631977200000, "createDate": 1628663771560, "inAccepted": true, "acceptDate": 1631626242781, "image": {"author": "Из архива Дзержинского драматического театра", "name": "9b68b013fb756a80d9d40c0c02c3f9b6.jpeg", "realName": "Зори   1.jpg", "source": "Из архива Дзержинского драматического театра"}, "photo": "https://pro.culture.ru/uploads/9b68b013fb756a80d9d40c0c02c3f9b6.jpeg", "gallery": [], "category": {"name": "Спектакли", "sysName": "spektakli"}, "time": {"start": "2021-09-18 13:00:00", "end": "2021-09-18 15:00:00"}}, {"id": 1266023, "name": "Спектакль «Капитанская дочка»", "age": 12, "description": "<p> Обменные Большие гастроли Дзержинского театра драмы. «Капитанская дочка» – не из тех книг, чья участь пылится на книжных полках. История о том, как сложно сделать выбор между велением долга и велением сердца, о том, как страшен, кровав и бессмыслен бунт, актуальна во все времена и сегодняшнее – не исключение. Молодой дворянин Петр Гринев отправляется на службу в отдаленную крепость, попадает в буран и спасает от холода случайного встречного. Впоследствии тот окажется предводителем крестьянского восстания и отплатит за добро: оценив честность и прямоту Гринева, Емельян Пугачев спасет его от расправы, а потом освободит из плена его невесту. </p>", "shortDescription": "Постановка Александра Расева по произведению Александра Пушкина.", "min_price": 200, "max_price": 400, "link": "https://tobteatr.kto72.ru/events/", "status": "accepted", "updateDate": 1629355140263, "start": 1631887200000, "end": 1631894400000, "createDate": 1628663116964, "inAccepted": true, "acceptDate": 1631623762981, "image": {"author": "Из архива Дзержинского театра драмы", "name": "bd5040c120e395214d5832b815372085.jpeg", "realName": "0dd0f9bdae2e16b5461fe4d72e1f519f.jpeg", "source": "https://www.dzerteatr.ru/pressa/kapitan.html"}, "photo": "https://pro.culture.ru/uploads/bd5040c120e395214d5832b815372085.jpeg", "gallery": [], "category": {"name": "Спектакли", "sysName": "spektakli"}, "time": {"start": "2021-09-17 14:00:00", "end": "2021-09-17 16:00:00"}}, {"id": 1263073, "name": "Балет «Щелкунчик»", "age": 6, "description": "<p> Русский Классический балет «Звезды Москвы» (театр классического балета «Moscow State Ballet») под руководством Л.Титовой представляет балет «Щелкунчик» на музыку П. И. Чайковского. <br /></p><p>«Moscow State Ballet» создан усилиями молодых, активных, креативных профессионалов. Приоритетные направления деятельности театра – сохранение лучших традиций отечественной школы классического балета, развитие новых направлений хореографии в тесном контакте с западными партнерами, просвещение, приобщение к прекрасному искусству подрастающего поколения, популяризация русской культуры по всему миру.</p><p>«Moscow State Ballet» создает полнометражные балеты, оснащенные красочными декорациями и костюмами, наиболее полно передающими дух той или иной эпохи. Театр также работает с современными мультимедийными технологиями – в новых спектаклях активно используются видеопроекции.</p><p>Русский балет – это прежде всего чувства, эмоции, сокровенные порывы души, выраженные через танец. Труппа состоит из выпускников лучших хореографических школ России, которые, помимо высокого уровня технического мастерства, обладают умением полностью перевоплощаться на сцене.</p>", "shortDescription": "Постановка для всей семьи.", "min_price": 600, "max_price": 1600, "link": "https://tgf.kto72.ru/events/buy/4880/", "status": "accepted", "updateDate": 1632898582684, "start": 1635343200000, "end": 1635523200000, "createDate": 1628573318206, "inAccepted": true, "acceptDate": 1632898582692, "image": {"author": "http://euro-concerts.com/index.php/en/shows/item/47-nutcracker", "name": "06df774e3f6439512442c34d33a68016.jpeg", "realName": "The-Nutcracker1.jpg", "source": "http://euro-concerts.com/index.php/en/shows/item/47-nutcracker"}, "photo": "https://pro.culture.ru/uploads/06df774e3f6439512442c34d33a68016.jpeg", "gallery": [], "category": {"name": "Концерты", "sysName": "koncerty"}, "time": {"start": "2021-10-27 14:00:00", "end": "2021-10-29 16:00:00"}}, {"id": 943934, "name": "Спектакль «Прошлым летом в Чулимске»", "age": 12, "description": "<p>Где самое злачное место в таежном самобытном городке? Где кипит жизнь? Конечно, у окошка буфетчицы. Истинную хозяйку здесь с первого взгляда и не разглядишь, будничная проза жизни часто заставляет забыть про нее – про любовь. Непросто складывается жизнь. Хотят душевные силы подняться и воспрять на людском обиталище, да благое невдомек. И в неверии правда, и в истине ложь, а там и до греха близко...</p><p>Режиссер-постановщик – народный артист России Владимир Орел.</p><p>Художник-постановщик – Алексей Паненков.</p>", "shortDescription": "Драма по произведению Александра Вампилова.", "min_price": 200, "max_price": 350, "link": "https://tobteatr.kto72.ru/events/", "needCheck": true, "status": "accepted", "updateDate": 1640173088407, "start": 1613484000000, "end": 1647184500000, "createDate": 1613298109829, "inAccepted": true, "acceptDate": 1639060866821, "image": {"author": "Из архива Тобольского драматического театра", "name": "8294516af4271a7b9e00235e1f24be88.jpeg", "realName": "7pXr0x8hQQM (1) 1.jpg", "source": "https://vk.com/club20278120?w=wall-20278120_18566%2Fall"}, "photo": "https://pro.culture.ru/uploads/8294516af4271a7b9e00235e1f24be88.jpeg", "gallery": [], "category": {"name": "Спектакли", "sysName": "spektakli"}, "time": {"start": "2021-02-16 14:00:00", "end": "2022-03-13 15:15:00"}}, {"id": 915317, "name": "Спектакль «Сумасшедшее воскресенье»", "age": 12, "description": "<p> Зритель попадает в 40–50-е годы XX столетия. Представленные образы и ситуации, искрометный юмор обеспечат позитив и прекрасное настроение. </p><p>История, происшедшая в советском доме отдыха «Сыроежки», близка многим. Усилия главного героя, агента по снабжению Зайцева, по поиску важного чиновника – товарища Миусова – для получения его подписи на документе обернулась множеством самых невероятных происшествий. </p><p>Постановка и сценография – Михаил Поляков, заслуженный деятель искусств, лауреат Государственной премии РФ.</p><p>Художник по костюмам – Ольга Трофимова. </p>", "shortDescription": "Vintage-комедия Валентина Катаева.", "min_price": 200, "max_price": 350, "link": "https://tobteatr.kto72.ru/events/", "needCheck": true, "status": "accepted", "updateDate": 1640173039779, "start": 1612533600000, "end": 1644158100000, "createDate": 1611904484555, "inAccepted": true, "acceptDate": 1639113462700, "image": {"author": "Дмитрий Алферов", "name": "3e76458355b520bd1da948f86adeb5cf.jpeg", "realName": "1-1.jpg", "source": "https://vk.com/album-20278120_253093363"}, "photo": "https://pro.culture.ru/uploads/3e76458355b520bd1da948f86adeb5cf.jpeg", "gallery": [], "category": {"name": "Спектакли", "sysName": "spektakli"}, "time": {"start": "2021-02-05 14:00:00", "end": "2022-02-06 14:35:00"}}, {"id": 880001, "name": "Спектакль «Рождественская история»", "age": 0, "description": "<p>Это яркий, зрелищный спектакль для детей и взрослых в исполнении тобольских артистов. В давние времена на Руси в специальном ящике, который называли «вертеп», разыгрывали сценки о рождении Христа с помощью деревянных кукол. Наверное, каждый ребенок сегодня знает историю появления на свет младенца Иисуса. Но в спектакле вы сможете увидеть злодея Ирода, восседающего на троне, и в бессилии своем смешно дергающего ногами. Встретите ад, в котором вечно поджаривается воин царя-злодея и многое-многое другое…</p>", "shortDescription": "Вертепное представление в стиле русского народного театра.", "min_price": 300, "max_price": 300, "link": "https://tobteatr.kto72.ru/events/", "needCheck": true, "status": "accepted", "updateDate": 1640173779291, "start": 1609927200000, "end": 1641465900000, "createDate": 1609406725986, "inAccepted": true, "acceptDate": 1637911369483, "image": {"author": "Из архива Тобольского драматического театра", "name": "a140ffeb460ec3210bb81e51f32b9439.jpeg", "realName": "z_732c76e0.jpg", "source": "https://vk.com/album-20278120_118219734"}, "photo": "https://pro.culture.ru/uploads/a140ffeb460ec3210bb81e51f32b9439.jpeg", "gallery": [], "category": {"name": "Спектакли", "sysName": "spektakli"}, "time": {"start": "2021-01-06 10:00:00", "end": "2022-01-06 10:45:00"}}, {"id": 826655, "name": "Спектакль «Точка зрения»", "age": 16, "description": "<p>Каждый человек видит окружающую действительность по-своему. Для кого-то жизнь – постоянное самосовершенствование, движение вперед, новые увлечения, интересы, романтика. Хватает людей и с совершенно противоположной точкой зрения, видящих все в мрачных тонах, истекающих ядом человеконенавистничества. И во все времена спор между оптимистами и пессимистами не прекращается. А что будет, если с помощью волшебства попробовать рассудить такой спор в современное время? </p><p>Режиссер-постановщик – заслуженный деятель искусств, лауреат Государственной премии России Михаил Поляков.</p><p>Художник-постановщик – Ольга Трофимова.</p>", "shortDescription": "Комедия по повести-сказке Василия Шукшина.", "min_price": 200, "max_price": 400, "link": "https://tobteatr.kto72.ru/events/", "needCheck": true, "status": "accepted", "updateDate": 1640173620563, "start": 1606485600000, "end": 1645197900000, "createDate": 1606139701869, "inAccepted": true, "acceptDate": 1637912609399, "image": {"author": "Фото Дарьи Федотовой", "name": "84502e0de6e2f51cba36c394e5ffeb6b.jpeg", "realName": "e--mI97oj1k.jpg", "source": "https://vk.com/album-20278120_263293613"}, "photo": "https://pro.culture.ru/uploads/84502e0de6e2f51cba36c394e5ffeb6b.jpeg", "gallery": [], "category": {"name": "Спектакли", "sysName": "spektakli"}, "time": {"start": "2020-11-27 14:00:00", "end": "2022-02-18 15:25:00"}}, {"id": 826355, "name": "Спектакль «Три мушкетера»", "age": 12, "description": "<p>Это современный пластический спектакль, где сохранена авантюрная атмосфера. </p><p>Франция, апрель 1625 года. Король воевал с кардиналом, испанцы вели войну с королем. Горожане вооружались против воров, бродяг, слуг, а иногда – против владетельных вельмож, время от времени – против короля, но против кардинала или испанцев – никогда. </p><p>В силу этой привычки, услышав шум и не увидев ни испанцев, ни слуг герцога Ришелье, горожане устремились к гостинице «Вольный мельник». И только там всем стала ясна причина суматохи: молодой человек, почти мальчик, по имени д’Артаньян. </p><p>Вас ожидают смертельные предательства и заговоры, вечная дружба и преданность, искренняя любовь и дворцовые интриги, лихие погони и дуэли. Актеры дерзко и увлеченно фехтуют и флиртуют. Д’Артаньян, Атос, Портос и Арамис – один за всех и все за одного!</p>", "shortDescription": "Литературный экшн Александра Рязанцева по произведению Александра Дюма.", "min_price": 200, "max_price": 400, "link": "https://tobteatr.kto72.ru/events/", "needCheck": true, "status": "accepted", "updateDate": 1640173729681, "start": 1606568400000, "end": 1644076200000, "createDate": 1606133397870, "inAccepted": true, "acceptDate": 1637911885487, "image": {"author": "Фото Ольги Мачитовой", "name": "0ff0db99760f7bb2f481cf35f117429c.jpeg", "realName": "F8AjIWAbwG0.jpg", "source": "https://vk.com/album-20278120_270721455"}, "photo": "https://pro.culture.ru/uploads/0ff0db99760f7bb2f481cf35f117429c.jpeg", "gallery": [], "category": {"name": "Спектакли", "sysName": "spektakli"}, "time": {"start": "2020-11-28 13:00:00", "end": "2022-02-05 15:50:00"}}, {"id": 797700, "name": "Спектакль «Пикник»", "age": 12, "description": "<p>Однажды к главному герою этой пьесы на передовую приезжают родители и устраивают воскресный пикник прямо на поле боя, восторгаясь прекрасной возможностью выехать на природу! Откровенный разговор о войне, которая уничтожает человеческие отношения, общение в традиционной форме. Для того чтобы выжить в условиях, когда все диктуют деньги и безрассудство, есть только одна возможность – самозащита, – через невежество, иронию, цинизм, ограниченность в своем мирке. Жизнеутверждающая атмосфера постановки, множество современных технических решений захватывают внимание зрителя на протяжении всего времени действия. </p><p>Режиссер-постановщик – Петр Васильев.</p><p>Художник-постановщик – Алевтина Торик.</p><p>Действующие лица и исполнители:</p><ul><li>Сапо – Иван Ручнев;</li><li>Сепо – Андрей Михалев;</li><li>Сеньор Тепан – Павел Жук;</li><li>Сеньора Тепан – Наталия Пономарева;</li><li>Санитар – Николай Кашевский;</li><li>Санитар – Игорь Колдачев.</li></ul>", "shortDescription": "Парадокс Фернандо Аррабаля.", "min_price": 300, "max_price": 300, "link": "https://tobteatr.kto72.ru/events/buy/4745/?date=26-09-2021", "needCheck": true, "status": "accepted", "updateDate": 1640173669518, "start": 1604840400000, "end": 1644762600000, "createDate": 1604342331450, "inAccepted": true, "acceptDate": 1637912443341, "image": {"author": "Дарья Федотова", "name": "3559286124c0c43ca0d1d9dfa65149dd.jpeg", "realName": "2bXULpKlgdQ.jpg", "source": "https://vk.com/album-20278120_236268933"}, "photo": "https://pro.culture.ru/uploads/3559286124c0c43ca0d1d9dfa65149dd.jpeg", "gallery": [], "category": {"name": "Спектакли", "sysName": "spektakli"}, "time": {"start": "2020-11-08 13:00:00", "end": "2022-02-13 14:30:00"}}, {"id": 791454, "name": "Спектакль «Слуга двух господ»", "age": 12, "description": "«Слуга двух господ» – постановка, выросшая из вариаций на темы народного итальянского театра. В основе сюжета – история о разлученных влюбленных, которым мешают пожениться упрямые родители. В центре событий оказывается Труффальдино, плутоватый и находчивый слуга. Стремясь заработать, он умудряется служить и угождать сразу двум господам. Изворотливый, предприимчивый Труффальдино находит выход из самых рискованных, невероятных и смешных ситуаций, в которые попадает. Стараясь исключить встречу Флориндо и Беатриче, которым служит одновременно, он постоянно путает их письма и вещи, в результате чего господа в конце концов находят друг друга.", "shortDescription": "Комедия Карло Гольдони.", "min_price": 200, "max_price": 400, "link": "https://tobteatr.kto72.ru/events/", "needCheck": true, "status": "accepted", "updateDate": 1640173567284, "start": 1604149200000, "end": 1645719000000, "createDate": 1603895247111, "inAccepted": true, "acceptDate": 1637913393862, "image": {"author": "Дарья Федотова", "name": "d759544537b17ffe445379f5400951e3.jpeg", "realName": "OHCdeC4xM4w.jpg", "source": "https://vk.com/album-20278120_245446470"}, "photo": "https://pro.culture.ru/uploads/d759544537b17ffe445379f5400951e3.jpeg", "gallery": [], "category": {"name": "Спектакли", "sysName": "spektakli"}, "time": {"start": "2020-10-31 13:00:00", "end": "2022-02-24 16:10:00"}}, {"id": 791422, "name": "Спектакль «Почти рождественский рассказ»", "age": 16, "description": "<p>Эдуарда Акопова знают как автора сценариев к известным советским фильмам «Будьте моим мужем», «Человек с бульвара Капуцинов», «Сдается квартира с ребенком» и другим. Идут его пьесы и на театральной сцене.</p><p>Создана классическая новогодняя сказка для взрослых, немного печальная история о людях, в жизни которых все пошло не так, как им хотелось бы, но не мешает им по-детски ждать чуда и мечтать об исполнении желаний. Но счастье приходит только к тем, кто заслужил его, кто верит, любит и не боится тратить душевные силы.</p><p>Режиссер-постановщик – Валерий Медведев. Сценография и костюмы – Виктор Моор.</p>", "shortDescription": "Лирическая комедия с элементами мелодрамы.", "min_price": 200, "max_price": 400, "link": "https://tobteatr.kto72.ru/events/", "status": "accepted", "updateDate": 1629226672458, "start": 1604066400000, "end": 1640442600000, "createDate": 1603894521766, "inAccepted": true, "acceptDate": 1631623072838, "image": {"author": "Ольга Мачитова", "name": "f842962230341ebb533d518a6b4e0334.jpeg", "realName": "TvQh7cljK2Y.jpg", "source": "https://vk.com/album-20278120_274832070"}, "photo": "https://pro.culture.ru/uploads/f842962230341ebb533d518a6b4e0334.jpeg", "gallery": [], "category": {"name": "Спектакли", "sysName": "spektakli"}, "time": {"start": "2020-10-30 14:00:00", "end": "2021-12-25 14:30:00"}}, {"id": 781297, "name": "Спектакль «На бойком месте»", "age": 16, "description": "<p>В этом спектакле есть все, что должно быть в хорошей классической комедии: настоящий юмор, лишенный натужного комикования; яркие характеры, сыгранные живо и неоднозначно; сегодняшние акценты, вполне обоснованно извлеченные из самого текста.</p><p> Так, хитрый и хваткий жулик Бессудный, прикидывающийся этаким дремуче простодушным мужиком, с холодным равнодушием заставляет и жену, и сестру весьма фривольно развлекать потенциальных жертв. Правда, обе они тоже не лыком шиты. И если откровенно ушлая, цепкая бабенка Евгения всегда была примером изворотливости и лживости, то ее тихая, скромная свояченица обычно оказывалась лишь жертвой чужих интриг. </p><p>Здесь все лицедействуют почем зря, используя по полной программе преимущества «бойкого места».</p>", "shortDescription": "Комедия по произведению Александра Островского.", "min_price": 200, "max_price": 350, "link": "https://tobteatr.kto72.ru/events/", "needCheck": true, "status": "accepted", "updateDate": 1632898182178, "start": 1603544400000, "end": 1636902300000, "createDate": 1603377765015, "inAccepted": true, "acceptDate": 1632898182185, "image": {"author": "Ольга Мачитова", "name": "051c3a9019d0112d5c2fe5edf1672780.jpeg", "realName": "iWBTmrvYol8.jpg", "source": "https://vk.com/album-20278120_270854719"}, "photo": "https://pro.culture.ru/uploads/051c3a9019d0112d5c2fe5edf1672780.jpeg", "gallery": [], "category": {"name": "Спектакли", "sysName": "spektakli"}, "time": {"start": "2020-10-24 13:00:00", "end": "2021-11-14 15:05:00"}}, {"id": 781225, "name": "Спектакль «Бесприданник»", "age": 16, "description": "<p>Четверо дам – известная писательница, успешная предпринимательница, скромная библиотекарша и даже деревенская бабка – претендуют на одного жениха. Они встретились в брачном агентстве, где каждая из них хочет представить жениху «товар лицом». Даже секретарша фирмы не устояла, выставила свою кандидатуру на конкурс. И мужчина-то не бог весть что: трижды разведен, без жилья и как-будто без материальных благ... Чем только привлек он женские сердца? И кого выберет себе в спутницы жизни? </p><p>Комедия о желании любви и семейном счастье, полная забавных ситуаций, не оставит зрителей равнодушными. Абсурдность современной жизни, непредсказуемость смешных и нелепых диалогов рождают удивительно зажигательную атмосферу постановки в виде фарса.</p><p>Режиссер-постановщик – Елена Воронович.</p>", "shortDescription": "Комедия Людмилы Разумовской.", "min_price": 200, "max_price": 400, "link": "https://tobteatr.kto72.ru/events/buy/3984/?date=23-10-2021", "status": "accepted", "updateDate": 1631624036515, "start": 1605276000000, "end": 1638546300000, "createDate": 1603375934791, "inAccepted": true, "acceptDate": 1631624036526, "image": {"author": "Дмитрий Алферов", "name": "c2f8538a4221f2f606c28e76d1b0efe2.jpeg", "realName": "bYqpmLQsOuY.jpg", "source": "https://vk.com/album-20278120_268343844"}, "photo": "https://pro.culture.ru/uploads/c2f8538a4221f2f606c28e76d1b0efe2.jpeg", "gallery": [], "category": {"name": "Спектакли", "sysName": "spektakli"}, "time": {"start": "2020-11-13 14:00:00", "end": "2021-12-03 15:45:00"}}, {"id": 768443, "name": "Спектакль «Моя жена – лгунья»", "age": 16, "description": "<p>Сюжет этой комедии довольно прост: как избежать развода, когда муж постоянно ревнует свою жену, принимая за измену любой, даже самый невинный поступок? А все потому, что молодая жена любит проводить время с друзьями и бывать в обществе. Чтобы не огорчать мужа и не подвести друзей, ей приходится придумывать различные оправдания, но тот принимает их за женские уловки и обвиняет свою любимую во лжи. </p><p>Терпение ревнивца мужа лопнуло, когда он узнает, что его жена завтракала в ресторане наедине с каким-то незнакомым мужчиной. Завязывается в высшей степени как драматическая, так и комедийная ситуация, из которой герои с помощью своих друзей непременно выйдут победителями и хэппи-энд завершит эту цепь обманов, недоразумений и размолвок.</p>", "shortDescription": "Комедия М. Мэйо и М. Эннекена о семейной жизни.", "min_price": 200, "max_price": 350, "link": "https://tobteatr.kto72.ru/events/buy/3988/?date=23-04-2021", "needCheck": true, "status": "accepted", "updateDate": 1632898156241, "start": 1602856800000, "end": 1636210800000, "createDate": 1602597565584, "inAccepted": true, "acceptDate": 1632898156249, "image": {"author": "Сергей Здановский", "name": "4ec0494a22e140440a8f8cdfcff1508d.jpeg", "realName": "MdN0jHvgQqY.jpg", "source": "https://vk.com/album-20278120_250091508"}, "photo": "https://pro.culture.ru/uploads/4ec0494a22e140440a8f8cdfcff1508d.jpeg", "gallery": [], "category": {"name": "Спектакли", "sysName": "spektakli"}, "time": {"start": "2020-10-16 14:00:00", "end": "2021-11-06 15:00:00"}}, {"id": 603950, "name": "Творческая встреча из цикла «О том, о сем»", "age": 16, "description": "<p>Аудитории расскажут о ситуации непростого нравстсвенного выбора. </p><p>Каждому человеку дается путь, неповторимый и уникальный. В один чудесный день мужчина и женщина встретились и полюбили, после приняли решение идти к мечте вместе. Жажда славы, признания и денег движет молодыми артистами. Какова цена? Являются ли главными успех, слава, признание? Преодолевая много трудностей – унижение, голод, невостребованность, жесткая конкуренция, – они на гребне славы. Азарт ставит серьезный вопрос: «Стоит ли успех жизни?». </p><p>Вечер завершится обсуждением рассмотренной темы и профессионального пути артистки.</p>", "shortDescription": "Посетители смогут ближе познакомиться с творчеством актрисы Марины Некрасовой.", "min_price": 200, "max_price": 200, "link": "https://tobteatr.kto72.ru/events/buy/4033/?date=02-12-2021", "status": "accepted", "updateDate": 1637677570301, "start": 1599832800000, "end": 1638457200000, "createDate": 1584093685267, "inAccepted": true, "acceptDate": 1637677570388, "image": {"author": "Из архива Тобольского драматического театра", "name": "19b000d458c5f5ef66d26c9de9aec018.jpeg", "realName": "VNPwzxIPcAY.jpg", "source": "Из архива Тобольского драматического театра"}, "photo": "https://pro.culture.ru/uploads/19b000d458c5f5ef66d26c9de9aec018.jpeg", "gallery": [], "category": {"name": "Встречи", "sysName": "vstrechi"}, "time": {"start": "2020-09-11 14:00:00", "end": "2021-12-02 15:00:00"}}, {"id": 572947, "name": "Спектакль «Сибирский соловей»", "age": 12, "description": "<p> Почти водевиль по пьесе Петра Васильева «А-ля Алябьев».</p><p>Александр Александрович Алябьев – гусар, композитор и – тоболяк. Впервые большой друг Тобольского драматического театра Петр Васильев сумел изучить и описать его непростую судьбу. Вас ждет настоящий бал, где блистают дамы, достойны кавалеры, а жизнь – великолепна! Все желающие приглашаются на спектакль, пусть он станет общим праздником... </p><p>Создатели спектакля: режиссер-постановщик – Петр Васильев, художник – Алевтина Торик, композитор – Николай Морозов, режиссер по пластике – Игорь Григурко.</p>", "shortDescription": "Спектакль посвящен судьбе известного русского композитора А. Алябьева.", "min_price": 200, "max_price": 400, "link": "https://tobteatr.kto72.ru/events/", "needCheck": true, "status": "accepted", "updateDate": 1640173412831, "start": 1581771600000, "end": 1646579400000, "createDate": 1580983438220, "inAccepted": true, "acceptDate": 1637913722310, "image": {"author": "Сергей Здановский", "name": "148e8800e691416994ed7c0bfd56e1ee.jpeg", "realName": "3dYHK5QYHJQ.jpg", "source": "https://vk.com/album-20278120_247967439"}, "photo": "https://pro.culture.ru/uploads/148e8800e691416994ed7c0bfd56e1ee.jpeg", "gallery": [], "category": {"name": "Спектакли", "sysName": "spektakli"}, "time": {"start": "2020-02-15 13:00:00", "end": "2022-03-06 15:10:00"}}, {"id": 510746, "name": "Спектакль «Новогодние приключения Елки»", "age": 0, "description": "<p>Зимний лес. Дровосек. Синица с Сорокой громко распевают, обещая нам сюрприз. Дровосек огорчен, потому что не нашел ни одной иголочки в лесу. Хитрая Лиса сообщает, что одна Елочка все-таки есть, но она бегающая, поймать ее трудно. Вот и сюрприз – бегающая Елочка и приключения ее, в которых участвуют и Заяц, и Лиса, и Дровосек, и Сорока, и Ворона, и Синица. Елочку поймали, но победила дружба, и настоящий праздник новогодний она своим друзьям устроила. </p><p>Постановка главного режиссера Тобольского драматического театра Валерия Медведева. </p>", "shortDescription": "Музыкальная сказка Ольги Розум.", "min_price": 250, "max_price": 400, "link": "https://tobteatr.kto72.ru/events/buy/4097/?date=08-01-2022", "needCheck": true, "status": "accepted", "updateDate": 1640172977413, "start": 1578726000000, "end": 1641714600000, "createDate": 1573129058296, "inAccepted": true, "acceptDate": 1639113468212, "image": {"author": "Ольга Мачитова", "name": "e7526098117d46d02536d864e1c3b698.jpeg", "realName": "12.jpg", "source": "Из архива Тобольского драматического театра"}, "photo": "https://pro.culture.ru/uploads/e7526098117d46d02536d864e1c3b698.jpeg", "gallery": [], "category": {"name": "Спектакли", "sysName": "spektakli"}, "time": {"start": "2020-01-11 07:00:00", "end": "2022-01-09 07:50:00"}}, {"id": 505331, "name": "Спектакль «Сказка о царе Салтане»", "age": 6, "description": "<p>Спектакль поставила команда из Санкт-Петербурга: режиссер Петр Васильев, художник Алевтина Торик (оба – лауреаты российской национальной театральной премии «Золотая маска»), композитор Николай Морозов и режиссер по пластике Игорь Григурко.</p><p>Зрителей ждет красивая музыкальная постановка с множеством ярких игровых и пластических моментов. Каков в действительности царь Салтан? Что задумали Ткачиха, Повариха и сватья баба Бабариха? В сказке отображена широкая палитра человеческих эмоций, она создана для семейного просмотра.</p>", "shortDescription": "Музыкальная сказка по одноименному произведению Александра Пушкина.", "min_price": 200, "max_price": 400, "link": "https://tobteatr.kto72.ru/events/", "needCheck": true, "status": "accepted", "updateDate": 1640173510072, "start": 1572699600000, "end": 1645886100000, "createDate": 1572420693358, "inAccepted": true, "acceptDate": 1637913541755, "image": {"author": "Григорий Чарков", "name": "58c0a7f2ce645fdc404e43c717610400.jpeg", "realName": "OMnBTSUSoFg.jpg", "source": "https://vk.com/album-20278120_268105495"}, "photo": "https://pro.culture.ru/uploads/58c0a7f2ce645fdc404e43c717610400.jpeg", "gallery": ["https://pro.culture.ru/uploads/3532fb702ddccf14ad8a486b1dbd3d04.jpeg", "https://pro.culture.ru/uploads/3d26396a59ec5a397f467a6646e309b5.jpeg", "https://pro.culture.ru/uploads/5e843666912c2cca3d493f6f34b6a7b7.jpeg", "https://pro.culture.ru/uploads/3301a2c2611449c87a207006ddc93008.jpeg"], "category": {"name": "Спектакли", "sysName": "spektakli"}, "time": {"start": "2019-11-02 13:00:00", "end": "2022-02-26 14:35:00"}}, {"id": 477550, "name": "Спектакль «Горе от ума»", "age": 12, "description": "<p> </p><p>Настоящая дружба предполагает умение говорить и слышать собеседника. Поэтому для юнцов и не только создан спектакль в форме диалога со зрителем «Горе от ума» – путешествие по главным жизненным вехам известного поэта, дипломата, ученого Александра Грибоедова. Зрители становятся соучастниками действия, погружаются в события, происходившие в России XIX столетия, примеряют на себя образы актрис, дуэлянтов, богинь… </p><p>Кто знает, может быть, после просмотра спектакля кто-то заново откроет для себя волшебный мир литературы?</p>", "shortDescription": "Диалог со зрителем. Инсценировка С. Губанищева и Ю. Пронина по произведению А. Грибоедова.", "min_price": 400, "max_price": 400, "link": "https://tobteatr.kto72.ru/events/", "needCheck": true, "status": "accepted", "updateDate": 1640172925395, "start": 1569592800000, "end": 1645281900000, "createDate": 1569137838201, "inAccepted": true, "acceptDate": 1639113470918, "image": {"author": "Григорий Чарков", "name": "59a8cf377d5daf9c10a9d0ce711c472c.jpeg", "realName": "DSC_0125 1500х1000.jpg", "source": "Из архива Тобольского драматического театра"}, "photo": "https://pro.culture.ru/uploads/59a8cf377d5daf9c10a9d0ce711c472c.jpeg", "gallery": [], "category": {"name": "Спектакли", "sysName": "spektakli"}, "time": {"start": "2019-09-27 14:00:00", "end": "2022-02-19 14:45:00"}}, {"id": 469636, "name": "Спектакль «Ахматова. Свидетель»", "age": 12, "description": "<p>Третий сезон совместного проекта фестиваля-школы «Territoriя» и компании «СИБУР» создал для зрителей Тобольского драматического театра им. П. П. Ершова спектакль в постановке артиста театра и кино Дмитрия Сердюка. </p><p>В разные периоды жизни Анне Андреевне помогали литературные секретари, так что образ свидетеля – это, скорее, собирательный образ тех, кто наблюдал поэта за работой в течение жизни. В композицию вошли и практически никогда не звучавшие со сцены детские стихи Ахматовой, и давно ставшее классикой стихотворение «Сжала руки под темной вуалью…», и отрывки из поздних произведений: фрагменты «Реквиема» и автобиографической прозы. Музыку специально для спектакля написал композитор и гитарист Федор Журавлев. </p><p>В спектакле принимают участие артисты Тобольского драматического театра: Альбина Шафирова, Владислав Железняков, Алексей Лалаев и музыкант Дамир Гарифуллин.</p>", "shortDescription": "Музыкально-поэтическая постановка, посвященная Анне Ахматовой.", "min_price": 400, "max_price": 400, "link": "https://tobteatr.kto72.ru/events/", "needCheck": true, "status": "accepted", "updateDate": 1640173359504, "start": 1568383200000, "end": 1647094800000, "createDate": 1567771598632, "inAccepted": true, "acceptDate": 1637913935307, "image": {"author": "Из архива Тобольского драматического тетра", "name": "8d87d57557412fa407aeaef02e16db8d.jpeg", "realName": "3 1500х1000.jpg", "source": "Из архива Тобольского драматического тетра"}, "photo": "https://pro.culture.ru/uploads/8d87d57557412fa407aeaef02e16db8d.jpeg", "gallery": [], "category": {"name": "Спектакли", "sysName": "spektakli"}, "time": {"start": "2019-09-13 14:00:00", "end": "2022-03-12 14:20:00"}}, {"id": 305032, "name": "Спектакль «Конёк-горбунок»", "age": 6, "description": "<p>Сохраняя красоту и своеобразие первоисточника, юмор, философию и волшебные образы, сочиненные автором, спектакль Дмитрия Писарева подарит зрителям неожиданные сюрпризы. </p><p>Дети увидят яркую и захватывающую историю, взрослые оценят интересные повороты событий и добрую иронию. Стихотворная форма и неповторимая образность произведения Петра Ершова подсказали музыкальное и пластическое решение спектакля. «Конек-горбунок» в версии Молодежного театра – это «чудесатая» небылица со смыслом, это сказочная вселенная и бесконечный космос русского мира!</p>", "shortDescription": "Молодёжный театр приглашает в чудесный мир сказки Петра Ершова!", "min_price": 300, "max_price": 450, "link": "https://chelgmt.ru/performances/konyek-gorbunok/", "needCheck": true, "status": "accepted", "updateDate": 1639740540201, "start": 1543039200000, "end": 1647588000000, "createDate": 1539455712368, "inAccepted": true, "acceptDate": 1638269982129, "image": {"author": "Игорь Шутов", "name": "b03e9be7bb7633a20d7dfaae3ee1212c.jpg", "realName": "Конёк-Горбунок - обложка.jpg", "source": "https://chelgmt.ru/performances/konyek-gorbunok/"}, "photo": "https://pro.culture.ru/uploads/b03e9be7bb7633a20d7dfaae3ee1212c.jpg", "gallery": [], "category": {"name": "Спектакли", "sysName": "spektakli"}, "time": {"start": "2018-11-24 06:00:00", "end": "2022-03-18 07:20:00"}}, {"id": 9801, "name": "Спектакль «Лев Гурыч Синичкин»", "age": 12, "description": "<p>Лиза Синичкина мечтает стать актрисой как ее отец. И тот стремится помочь своей талантливой дочери. Однако творческая судьба зависит не только от ее таланта. Чего только не стоит на артистическом пути к славе: театральные интриги, своенравные директора, могущественные связи театральной примадонны, флирты поклонников...</p><p>Юная героиня легко и весело преодолевает все трудности и становится настоящей актрисой, звездой театральной сцены.</p><p>Режиссер-постановщик – заслуженный деятель искусств России, лауреат Государственной премии России Михаил Поляков. </p>", "shortDescription": "Комедия Алексея Бонди.", "min_price": 200, "max_price": 400, "link": "https://tobteatr.kto72.ru/events/buy/4315/?date=03-04-2021", "status": "accepted", "updateDate": 1629448749097, "start": 1443704400000, "end": 1635604200000, "createDate": 1443069602362, "inAccepted": true, "acceptDate": 1631625125756, "image": {"author": "Ольга Трофимова", "name": "c719e94c626f7d58bc49ef5ab4fca911.jpeg", "realName": "8zVrqdzYI7o.jpg", "source": "https://vk.com/album-20278120_191021029"}, "photo": "https://pro.culture.ru/uploads/c719e94c626f7d58bc49ef5ab4fca911.jpeg", "gallery": [], "category": {"name": "Спектакли", "sysName": "spektakli"}, "time": {"start": "2015-10-01 13:00:00", "end": "2021-10-30 14:30:00"}}]}