{"11690": [{"id": 1333811, "name": "Экскурсия «Погружение с гидронавтом»", "age": 0, "description": "<p> Музей Мирового океана приглашает калининградцев и гостей города посетить экспозицию «Глубина». Один из главных экспонатов – глубоководный обитаемый аппарат «Мир-1». <span>С применением ГОА «Мир-1» и «Мир-2» проведено 35 экспедиций в Атлантический, Тихий и Индийский океаны, из них девять экспедиций по ликвидации последствий аварий атомных подводных лодок (АПЛ) «Комсомолец» и «Курск». </span></p><p><span>А</span>ппараты принимали участие в съемках фильма «Титаник», получившего 11 премий «Оскар». Режиссер фильма Джеймс Кэмерон неоднократно бывал в Музее Мирового океана. Экскурсия «Погружение с гидронавтом» – уникальная возможность почувствовать себя настоящим ученым, увидеть знаменитый аппарат изнутри, узнать о его устройстве и технических возможностях.</p><p> Количество мест в группе – не более двух человек. </p><p></p>", "shortDescription": "Интерактивная программа в глубоководный обитаемый аппарат «Мир-1».", "min_price": 1500, "max_price": 1500, "link": "http://tickets-pc.world-ocean.ru", "status": "accepted", "updateDate": 1633674360199, "start": 1633442400000, "end": 1635260400000, "createDate": 1631784346730, "inAccepted": true, "acceptDate": 1633674360213, "image": {"author": "Сергей Овчинников", "name": "12d234d27a4a6f19b60e6529b5b70315.jpeg", "realName": "Экспозиция Глубина.jpg", "source": "архив Музея Мирового океана"}, "photo": "https://pro.culture.ru/uploads/12d234d27a4a6f19b60e6529b5b70315.jpeg", "gallery": [], "category": {"name": "Экскурсии", "sysName": "ekskursii"}, "time": {"start": "2021-10-05 14:00:00", "end": "2021-10-26 15:00:00"}}]}