{"12244": [{"id": 1374832, "name": "Встреча «Знай историю своего района!»", "age": 12, "description": "<p><span>Целью мероприятия является воспитание чувства патриотизма и гражданственности у молодежи. Мероприятие представляет собой историко-литературную встречу, на которой участники познакомятся с историей района, в котором они проживают, а также литературным фондом библиотеки на историческую и краеведческую тему. </span><span>Историко-литературная встреча будет<span> </span>посвящена одному из центральных районов города Казани, столицы Татарстана – Ново-Савиновскому. </span><span></span></p> <p><span>На мероприятии участники узнают, <span> </span>какие здесь были поселения и как раньше назывались нынешние улицы. Смогут посмотреть старинные фотографии домов и улиц того времени, познакомиться с краеведческой литературой библиотеки. Это станет интересным путешествием во времени,</span><span> в котором </span><span>участники получат ответы на вопросы: когда и по какой причине исчезли леса на правобережье Казанки? что за легенды сохранились про деревню Савиново, для чего в свое время возник<span> </span>перевоз у «островков» и другие?</span></p> <p><span><span> </span></span><span>Основная задача мероприятия – заинтересовать детей историей района и города, в котором они проживают, привить детям любовь к родному краю, изучению истории, культуры, литературы. </span><span></span></p>", "shortDescription": "Историко-литературная программа.", "min_price": 150, "link": "https://kzn.kassir.ru/obrazovanie/znay-istoriyu-svoego-rayona#916868", "status": "accepted", "updateDate": 1634121467252, "start": 1638273600000, "end": 1638277200000, "createDate": 1633593852066, "inAccepted": true, "acceptDate": 1634121467272, "image": {"author": "ГБУК РТ \"Республиканская юношеская библиотека\"", "name": "8ab160870dd6eb27296375925b42fc86.jpeg", "realName": "IMG_7385.JPG", "source": "ГБУК РТ \"Республиканская юношеская библиотека\""}, "photo": "https://pro.culture.ru/uploads/8ab160870dd6eb27296375925b42fc86.jpeg", "gallery": ["https://pro.culture.ru/uploads/065d3b2d50cfed7d9b3f49354848f50d.jpeg", "https://pro.culture.ru/uploads/01d4df31466016ed9dbafc046969e152.jpeg"], "category": {"name": "Встречи", "sysName": "vstrechi"}, "time": {"start": "2021-11-30 12:00:00", "end": "2021-11-30 13:00:00"}}, {"id": 1374621, "name": "Воркшоп «Почувствуй себя звездой»", "age": 12, "description": "<p><span> Командообразующее мероприятие, которое помогает молодежи раскрыть творческий потенциал каждого участника. </span></p> <p><span><span> </span>Используется игровая форма проведения мероприятия, ведущий дает задания, направляет и помогает в их подготовке и выполнении, вдохновляя и поддерживая. Во время встречи происходит взаимодействие участников в предлагаемых обстоятельствах по одному, по два человека, группой по пять, семь человек, всей группой.</span></p> <p><span>В результате выполнения заданий: </span></p> <p><span>– раскрывается творческий потенциал каждого участника, повышается самооценка;</span></p> <p><span>– благодаря физическому и психологическому раскрепощению проявляется творческий потенциал участников, становится легче коммуникация;</span></p> <p><span>– активируется адекватная самооценка;</span></p> <p><span>– формируются партнерские взаимоотношения в коллективе;</span></p> <p><span>– становится понятна ценность КАЖДОГО участника;</span></p> <p><span>– каждому<span> </span>участнику предоставляется возможность открыть свой внутренний ресурс.</span></p> <p><span>В ходе проведения мероприятия используются литературные произведения М.Джалиля и Г.Тукая. </span></p> <p><span>После гарантировано успешного выполнения всех заданий, каждый участник почувствует себя звездой!</span></p>", "shortDescription": "Командообразующее мероприятие.", "min_price": 150, "link": "https://kzn.kassir.ru/obrazovanie/pochuvstvuy-sebya-zvezdoy-vorkshop#916857", "status": "accepted", "updateDate": 1634121746001, "start": 1636718400000, "end": 1636722000000, "createDate": 1633591056762, "inAccepted": true, "acceptDate": 1634121746168, "image": {"author": "ГБУК РТ \"Республиканская юношеская библиотека\"", "name": "de4ef1642489cbed84538bafbb48d00e.jpeg", "realName": "5a84ee8d7c4178f904f5d3f10654f953.jpeg", "source": "ГБУК РТ \"Республиканская юношеская библиотека\""}, "photo": "https://pro.culture.ru/uploads/de4ef1642489cbed84538bafbb48d00e.jpeg", "gallery": ["https://pro.culture.ru/uploads/bb80abc984f226714317c4f714a311f6.jpeg", "https://pro.culture.ru/uploads/c1aa78c401efe9858cfe85647b7733a9.jpeg"], "category": {"name": "Встречи", "sysName": "vstrechi"}, "time": {"start": "2021-11-12 12:00:00", "end": "2021-11-12 13:00:00"}}, {"id": 1374506, "name": "Программа «Народы республики – разнообразие традиций и единство культур»", "age": 12, "description": "<p>Мероприятие включает в себя:</p> <ol><li>Интерактивную игру «Летопись Республики».</li><li>Занимательный кроссворд.</li><li>Книжно-иллюстративную выставку «Республика Татарстан: разнообразие традиций и единство культур».</li><li>Мастер-класс «Рисуем герб Республики».</li></ol> <p>В ходе интерактивной игры участники познакомятся с яркими событиями, интересными личностями, важными историческими событиями, выдающимися деятелями, о которых в разные времена писали в журнале «Татарстан».</p> <p>На мастер-классе участники нарисуют герб Татарстана с использованием элементов национального орнамента.</p> <p>На книжно-иллюстративной выставке можно будет познакомиться с литературой и иллюстративными материалами, которые отражают многообразие и мирное сосуществование народов на территории Республики Татарстан.</p>", "shortDescription": "Познавательное мероприятие, посвященное Году родных языков и народного единства.", "min_price": 150, "max_price": 177, "link": "https://kzn.kassir.ru/obrazovanie/narodyi-respubliki--raznoobrazie-traditsiy-i-edinstvo-kultur#916858", "status": "accepted", "updateDate": 1634537084740, "start": 1635422400000, "end": 1635426000000, "createDate": 1633589465505, "inAccepted": true, "acceptDate": 1634537084752, "image": {"author": " ГБУК РТ \"Республиканская юношеская библиотека\" ", "name": "aa2ac0da1ce9638a57f1c3a36227c099.jpeg", "realName": "c6b78ed21a4230079272e7263a10d1b3.jpeg", "source": " ГБУК РТ \"Республиканская юношеская библиотека\""}, "photo": "https://pro.culture.ru/uploads/aa2ac0da1ce9638a57f1c3a36227c099.jpeg", "gallery": ["https://pro.culture.ru/uploads/82cdde652b3b59a3e98fbadce6de7263.jpeg"], "category": {"name": "Встречи", "sysName": "vstrechi"}, "time": {"start": "2021-10-28 12:00:00", "end": "2021-10-28 13:00:00"}}]}