{"12383": [{"id": 1475515, "name": "Спектакль «Остров сокровищ»", "age": 6, "description": "<p>Рассказывает режиссер Олег Степанов: «Кто не мечтал о морском путешествии на таинственный остров? Вместе с героями знаменитого романа Роберта Льюиса Стивенсона зрители отправятся навстречу незабываемым и очень опасным приключениям! Героев ждут палящее солнце и шум морских волн, романтика путешествий и, конечно, знаменитое пиратское «Йо-хо-хо!..». Юный Джим Хокинс случайно становится обладателем карты, на которой указан путь к сокровищам, на поиски которых он отправляется в компании доктора Ливси, сквайра Трелони и капитана Смолетта. Джиму предстоит раскрыть пиратский заговор, спасти друзей от неминуемой гибели, и вместе со своими спутниками стать обладателем легендарного клада капитана Флинта. А главное, понять, что самое большое сокровище на свете – это не золото и серебро, а стремление к своей мечте, храбрость, мужество и дружба».</p>", "shortDescription": "Пиратский боевик по роману Р. Л. Стивенсона.", "min_price": 400, "link": "https://dramteatr18.ru/repertoire/743", "status": "accepted", "updateDate": 1638782401474, "start": 1641452400000, "end": 1641456000000, "createDate": 1637651295494, "inAccepted": true, "acceptDate": 1638782402068, "image": {"author": "Игорь Тюлькин", "name": "9ad3b5d2fb8136c947f4d89d9525aa3e.jpeg", "realName": "IMGL8743.jpg", "source": "https://dramteatr18.ru/repertoire/743"}, "photo": "https://pro.culture.ru/uploads/9ad3b5d2fb8136c947f4d89d9525aa3e.jpeg", "gallery": [], "category": {"name": "Спектакли", "sysName": "spektakli"}, "time": {"start": "2022-01-06 07:00:00", "end": "2022-01-06 08:00:00"}}, {"id": 1475439, "name": "Спектакль «Маугли»", "age": 6, "description": "<p><span>Это сказка о приключениях мальчика, попавшего в джунгли. Семья волков приютила и воспитала его. Волки назвали своего необычного собрата лягушонком – Маугли. С тех пор мальчик живет по законам джунглей. Друзья-звери – медведь Балу и пантера Багира – обучают его разным премудростям. Мальчик растет, помогая животным и птицам, прислушиваясь к советам мудрых представителей природы. </span></p><p><span>Но у Маугли есть и заклятый враг – тигр Шер-Хан. Когда-то родители вынуждены были оставить мальчика в джунглях, спасаясь от преследования Шер-Хана. И вот теперь <span> </span>Маугли предстоит жестокая битва...</span></p>", "shortDescription": "По сказке Р. Киплинга.", "min_price": 400, "max_price": 400, "link": "https://dramteatr18.ru/hall/Drama20/264", "status": "accepted", "updateDate": 1637913469276, "start": 1641193200000, "end": 1641196800000, "createDate": 1637650317894, "inAccepted": true, "acceptDate": 1637913469324, "image": {"author": "Игорь Тюлькин", "name": "f332c03ca86ea7781428ebf0fa290de7.jpeg", "realName": "IMG_5014.jpg", "source": "https://dramteatr18.ru/repertoire/742"}, "photo": "https://pro.culture.ru/uploads/f332c03ca86ea7781428ebf0fa290de7.jpeg", "gallery": [], "category": {"name": "Спектакли", "sysName": "spektakli"}, "time": {"start": "2022-01-03 07:00:00", "end": "2022-01-03 08:00:00"}}, {"id": 1454422, "name": "Спектакль «Проделки маленькой колдуньи»", "age": 0, "description": "<p><span>Каждый ребенок знает, как выглядит настоящая колдунья. Это такая старуха в остроконечной шляпе, которая живет в избушке посреди леса, варит в котле зелье из змей и лягушек и делает всем гадости...</span></p><p><span> Но времена меняются, и если кое-что из этого по-прежнему правда, то вот по поводу «старухи» – извините, полная ерунда! Колдунья из этой сказки <span> </span><span> </span>–совершенно юная особа, ей и полтораста годков не стукнуло! Стать настоящей ведьмой ей только предстоит. А что для этого нужно делать? Конечно же, учиться, учиться и учиться! Вот только учиться делать гадости<span> </span>маленькой колдунье не очень нравится. Ведь гораздо интересней<span> </span>учиться помогать и спасать – детей, зверей и даже целый лес!..</span><span></span></p> <p><span>По словам режиссера Алексея Тетюева, только театр может вернуть в детство и заставить вновь поверить в сказку! <span> </span>Этот спектакль-игра <span> </span>предназначен для всех, кто готов отпустить свою фантазию в полет, отправиться в волшебную страну и творить чудеса вместе с актерами.</span><span></span></p><p><span></span></p><p></p>", "shortDescription": "Клоунада-фантазия для детей от 0 до 100 лет.", "min_price": 400, "max_price": 400, "link": "https://dramteatr18.ru/repertoire/5605", "status": "accepted", "updateDate": 1639144095543, "start": 1640152800000, "end": 1641628800000, "createDate": 1636961652639, "inAccepted": true, "acceptDate": 1639144095632, "image": {"author": "Игорь Тюлькин", "name": "0862110ac231c3cb71c9973a59d1ee88.jpeg", "realName": "IMG_4285.jpg", "source": "https://dramteatr18.ru/repertoire/5605"}, "photo": "https://pro.culture.ru/uploads/0862110ac231c3cb71c9973a59d1ee88.jpeg", "gallery": [], "category": {"name": "Спектакли", "sysName": "spektakli"}, "time": {"start": "2021-12-22 06:00:00", "end": "2022-01-08 08:00:00"}}, {"id": 1442596, "name": "Спектакль «Крыша, или Невероятные события парижского предместья»", "age": 18, "description": "<p>С судьбою, как известно, шутки плохи! Зато она любит шутить с людьми. </p><p>Мог ли представить законопослушный гражданин и бывший учитель французского, чем обернется его вполне невинный и даже добродетельный поступок? Он всего-то подвез в машине «девушку в беде», с которой случайно столкнулся на окраине булонского леса. И вот уже двери его тихого одинокого дома не закрываются от наплыва неожиданных гостей. Мирные сувениры используются совсем не по назначению. А сам он осваивает сразу несколько новых «профессий», обогащает словарный запас и узнает, что слово «крыша» имеет не одно значение!<br /> </p>", "shortDescription": "Постановка по мотивам французских комедий.", "min_price": 500, "max_price": 1000, "link": "https://dramteatr18.ru/repertoire/6015", "status": "accepted", "updateDate": 1638450913685, "start": 1639146600000, "end": 1643907600000, "createDate": 1636531106971, "inAccepted": true, "acceptDate": 1637567707403, "image": {"author": "Игорь Тюлькин", "name": "b578d5edde96fce9b20b32dfc64e184a.jpeg", "realName": "IMG_9635.jpg", "source": "https://dramteatr18.ru/repertoire/6015"}, "photo": "https://pro.culture.ru/uploads/b578d5edde96fce9b20b32dfc64e184a.jpeg", "gallery": [], "category": {"name": "Спектакли", "sysName": "spektakli"}, "time": {"start": "2021-12-10 14:30:00", "end": "2022-02-03 17:00:00"}}, {"id": 1264611, "name": "Спектакль «Ножницы»", "age": 16, "description": "<p>Совершено загадочное убийство. В числе подозреваемых – торговец антиквариатом, амбициозная красотка, местная дива с туманным прошлым и эксцентричный хозяин парикмахерского салона. Кто же из них настоящий преступник? Решать вам! Конечно, для этого вам не понадобятся суперспособности великих детективов. Достаточно интуиции. Вот потому-то ответы в разных случаях могут быть совершенно разными.</p><p>Пьеса «Ножницы» не просто стирает грань между сценой и зрительным залом. Она дает зрителю право голоса: именно от реакции публики зависит финал детективного расследования. А актеры готовы импровизировать, чтобы убедительно доказать вину именно того из подозреваемых, на кого укажет коллективное мнение.</p><p>В США спектакль Shear Madness (в русском переводе – «Ножницы») еще в конце прошлого века был занесен в Книгу Рекордов Гиннеса как самая «долгоиграющая» немузыкальная постановка. В XXI веке популярность пьесы Пауля Портнера докатилась и до России.</p>", "shortDescription": "Комедия-детектив в двух действиях по пьесе Пауля Портнера.", "min_price": 500, "max_price": 1000, "link": "https://dramteatr18.ru/repertoire/3727", "needCheck": true, "status": "accepted", "updateDate": 1638450865859, "start": 1637332200000, "end": 1643994000000, "createDate": 1628595219140, "inAccepted": true, "acceptDate": 1637587136684, "image": {"author": "И.Тюлькин", "name": "a6caa40e00ea340430880aba1d00693c.jpeg", "realName": "50b5ab4ea11bdc0d67f5f68c19fc3d29.jpeg", "source": "https://dramteatr18.ru/repertoire/3727"}, "photo": "https://pro.culture.ru/uploads/a6caa40e00ea340430880aba1d00693c.jpeg", "gallery": [], "category": {"name": "Спектакли", "sysName": "spektakli"}, "time": {"start": "2021-11-19 14:30:00", "end": "2022-02-04 17:00:00"}}, {"id": 1264608, "name": "Спектакль «Чудики»", "age": 16, "description": "<p>В спектакль вошли 9 рассказов В. М. Шукшина: «Чудик», «Степкина любовь», «Операция Ефима Пьяных», «Критики» «Мой зять украл машину дров», «Материнское сердце», «Танцующий Шива», «Бессовестные», «Чередниченко и цирк».</p><p>Кто они такие, эти исконно-русские «чудики»? Как простота, наивность и неискушенность русской души порой вступает в конфликт с жестокими законами этого несовершенного мира? И почему, например, жажда справедливости или слепая вера в доброе и вечное в нашем прагматичном обществе воспринимается как «чудаковатость»? </p><p>Для старшего поколения этот спектакль – возможность заглянуть в недавнее прошлое и вспомнить свою молодость, для нового поколения – открыть для себя удивительный мир Василия Шукшина.</p>", "shortDescription": "Нео-бытовая комедия по рассказам В. М. Шукшина.", "min_price": 500, "max_price": 1000, "link": "https://dramteatr18.ru/repertoire/5545", "needCheck": true, "status": "accepted", "updateDate": 1638450818283, "start": 1632493800000, "end": 1645205400000, "createDate": 1628595182934, "inAccepted": true, "acceptDate": 1637587297108, "image": {"author": "И.Тюлькин", "name": "f2c832475d2b82b4ae9e3de7efba8616.jpeg", "realName": "IMG_8733.jpg", "source": "https://dramteatr18.ru/"}, "photo": "https://pro.culture.ru/uploads/f2c832475d2b82b4ae9e3de7efba8616.jpeg", "gallery": [], "category": {"name": "Спектакли", "sysName": "spektakli"}, "time": {"start": "2021-09-24 14:30:00", "end": "2022-02-18 17:30:00"}}, {"id": 1264580, "name": "Спектакль «Вий / За чертой»", "age": 16, "description": "<p> Главные герои спектакля – молодые люди, еще недавно бывшие подростками. Их повседневная жизнь в бурсе, учеба, зубрежка, конфликты, драки, влюбленности – стержень спектакля. Это история про их ошибки и заблуждения, страхи и комплексы. Столкновения с иным миром – метафора инициации молодых людей, проходящих испытания жизнью как она есть: сложной, противоречивой, не укладывающийся в готовые схемы. Три однокашника выходят из пределов своей «альма матер» и дальше из пути разделяются. У одного бесы крадут грамоту и он оказывается вынужден сыграть с ними в опасную игру по их правилам. Второй идет к любимой, воссоединиться с которой им мешает ее отец, но помогает утопленница. Третий заходит дальше всех и идет искоренять зло в глухую провинциальную деревушку с заброшенной церковью, где его ждет нечто с опущенными веками... </p>", "shortDescription": "Ночные кошмары и сладкие сны в двух действиях по произведениям Н. Гоголя и Н. Помяловского.", "min_price": 450, "max_price": 1000, "link": "https://dramteatr18.ru/repertoire/5473", "needCheck": true, "status": "accepted", "updateDate": 1638451178842, "start": 1637159400000, "end": 1644080400000, "createDate": 1628594881354, "inAccepted": true, "acceptDate": 1637586933129, "image": {"author": "И.Тюлькин", "name": "12710b4baf64ec8fe9b56a7a9bf12541.jpeg", "realName": "IMG_6704.jpg", "source": "https://dramteatr18.ru/repertoire/5473"}, "photo": "https://pro.culture.ru/uploads/12710b4baf64ec8fe9b56a7a9bf12541.jpeg", "gallery": [], "category": {"name": "Спектакли", "sysName": "spektakli"}, "time": {"start": "2021-11-17 14:30:00", "end": "2022-02-05 17:00:00"}}, {"id": 1264502, "name": "Спектакль «Гамлет»", "age": 0, "description": "<p>Рядом с Эльсинором, королевским дворцом датских монархов, солдаты ночных караулов несколько раз видели призрака, удивительно похожего на недавно умершего короля. Новость доходит до принца Гамлета, сына покойного короля, он решает увидеть призрака. Встреча с ним приводит принца в ужас и полное смятение – призрак рассказал ему о том, что был убит своим братом Клавдием, нынешним королем, влившим ему в ухо яд во время сна. Тень отца Гамлета завещает сыну месть. Гамлет решает притворяться безумцем, чтобы получить неопровержимые доказательства вины Клавдия.</p><p>«Гамлет» – самая знаменитая пьеса мировой драматургии. В ней как в зеркале отражается каждая эпоха. Каждое время выбирает своего «Гамлета». История мести, любви, борьбы за власть, предательства и верности, наконец, история человеческого духа – за четыре века театры предлагали самые различные версии. Каким предстанет Гамлет в начале XXI века в постановке Дениса Хусниярова, молодого режиссера, номинанта «Золотой маски»?</p>", "shortDescription": "Трагедия Вильяма Шекспира в одном действии.", "min_price": 400, "max_price": 500, "link": "https://dramteatr18.ru/repertoire/3", "needCheck": true, "status": "accepted", "updateDate": 1636356251446, "start": 1634913000000, "end": 1644685200000, "createDate": 1628594109346, "inAccepted": true, "acceptDate": 1636356251774, "image": {"author": "И.Тюлькин", "name": "4ec61f373dc0cd02c5bde0e03dfd838f.jpeg", "realName": "IMG_7547.jpg", "source": "https://dramteatr18.ru/repertoire/3"}, "photo": "https://pro.culture.ru/uploads/4ec61f373dc0cd02c5bde0e03dfd838f.jpeg", "gallery": [], "category": {"name": "Спектакли", "sysName": "spektakli"}, "time": {"start": "2021-10-22 14:30:00", "end": "2022-02-12 17:00:00"}}, {"id": 1264452, "name": "Спектакль «Алексей Каренин»", "age": 16, "description": "<p>Лонг-лист фестиваля «Золотая маска» 2021 года. Лауреат Международного фестиваля русских театров национальных республик России и зарубежных стран «Мост дружбы» (Йошкар-Ола) 2020.</p><p>«Все счастливые семьи похожи друг на друга, каждая несчастная семья несчастлива по-своему», – так начинается роман Льва Толстого «Анна Каренина». Казалось бы, про него известно все: красавица Анна полюбила блестящего офицера Вронского, а бесчувственный муж-сухарь не дает ей развода, разлучает с сыном...</p><p>Но драматург Василий Сигарев и режиссер Константин Солдатов смотрят на эту ситуацию совсем с другой стороны – глазами Алексея Каренина. И тогда раскрывается еще одна драма, драма не менее сильного чувства – любви мужа, пытающегося отстоять свою семью, свое счастье.</p>", "shortDescription": "Сцены из супружеской жизни по роману Льва Толстого.", "min_price": 500, "max_price": 600, "link": "https://dramteatr18.ru/repertoire/3768", "needCheck": true, "status": "accepted", "updateDate": 1638450526413, "start": 1635604200000, "end": 1645810200000, "createDate": 1628593546976, "inAccepted": true, "acceptDate": 1637588239103, "image": {"author": "С.Рогозин", "name": "5eda44e51864cfa13d20113818422b75.jpeg", "realName": "DSC_2867.jpg", "source": "https://dramteatr18.ru/repertoire/3768"}, "photo": "https://pro.culture.ru/uploads/5eda44e51864cfa13d20113818422b75.jpeg", "gallery": [], "category": {"name": "Спектакли", "sysName": "spektakli"}, "time": {"start": "2021-10-30 14:30:00", "end": "2022-02-25 17:30:00"}}, {"id": 1264356, "name": "Спектакль «Ревизор»", "age": 12, "description": "<p>Спектакль Архангельского театра драмы им. М. В. Ломоносова.</p><p>«Ревизор» – это вечная классика, и она не теряет своей актуальности. То, над чем Николай Васильевич смеялся, что его раздражало и что он не любил в нашем обществе и высмеивал в пьесе, – сохранилось и по сей день.</p><p>Андрей Тимошенко, главный режиссер театра: «Эта комедия – по-современному динамичная, эксцентричная, смешная, острая, с активным действием. На сцене вы увидите не музейную реконструкцию, а живых, узнаваемых персонажей, с которыми встречаемся в жизни. Костюмы, декорации, предлагаемые обстоятельства пьесы, – из 19-го века, а актерское существование – из 21-го».</p><p>Спектакль сделан в стиле современного игрового театра.</p>", "shortDescription": "Комедия в двух действиях Николая Гоголя.", "min_price": 500, "max_price": 1000, "link": "https://dramteatr18.ru/hall/Drama20/177", "needCheck": true, "status": "accepted", "updateDate": 1638534188145, "start": 1649341800000, "end": 1649350800000, "createDate": 1628592445091, "inAccepted": true, "acceptDate": 1633673018550, "image": {"author": "И.Тюлькин", "name": "6fa2f6087b6b5e3e06954339a58cb2fd.jpeg", "realName": "Ревизор для афиши.jpg", "source": "https://dramteatr18.ru/special_projects/5575"}, "photo": "https://pro.culture.ru/uploads/6fa2f6087b6b5e3e06954339a58cb2fd.jpeg", "gallery": [], "category": {"name": "Спектакли", "sysName": "spektakli"}, "time": {"start": "2022-04-07 14:30:00", "end": "2022-04-07 17:00:00"}}, {"id": 1264331, "name": "Спектакль «Черная курица, или Подземные жители»", "age": 6, "description": "<p>Спектакль Архангельского театра драмы им. М. В. Ломоносова.</p><p>Существуют ли чудеса в действительности? Ожившая сказка, карнавал загадочных и притягательных образов из детства, история о дружбе и предательстве – все это в старинной фантастической сказке Антония Погорельского. Маленький мальчик однажды спас от смерти черную курицу, которая оказалась заколдованным министром Подземного королевства. И как же изменилась жизнь мальчика после этого!</p><p>На показ спектакля «Черная курица, или Подземные жители» приглашаются все желающие!</p>", "shortDescription": "Старинная сказка Антония Погорельского.", "min_price": 400, "max_price": 400, "link": "https://dramteatr18.ru/hall/Drama20/172", "needCheck": true, "status": "accepted", "updateDate": 1638534109015, "start": 1649487600000, "end": 1649491200000, "createDate": 1628592149150, "inAccepted": true, "acceptDate": 1638534027592, "image": {"author": "И.Тюлькин", "name": "011838a007cf3d4001ca150ec811d9d1.jpeg", "realName": "Черная курица для афиши.jpg", "source": "https://dramteatr18.ru/special_projects/5576"}, "photo": "https://pro.culture.ru/uploads/011838a007cf3d4001ca150ec811d9d1.jpeg", "gallery": [], "category": {"name": "Спектакли", "sysName": "spektakli"}, "time": {"start": "2022-04-09 07:00:00", "end": "2022-04-09 08:00:00"}}, {"id": 1264304, "name": "Спектакль «Скупой, или Школа лжи»", "age": 12, "description": "<p>Спектакль Архангельского театра драмы им. М. В. Ломоносова.</p><p>Это одна из лучших пьес Мольера, одна из четырех его «золотых» комедий. Главный герой Гарпагон – богатый и очень скупой человек. Своих детей он держит в крайней нужде, а кроме того решил их тоже выгодно пристроить: для дочери в женихи нашел состоятельного старика, для сына – не бедную вдовушку в возрасте. Самому же ему нравится молодая девушка Марианна, с которой он и намерен обручиться. Однако прекрасным планам богатого скупердяя не суждено сбыться…</p>", "shortDescription": "Комедия в двух действиях по пьесе Жана-Батиста Мольера.", "min_price": 500, "max_price": 1000, "link": "https://dramteatr18.ru/hall/Drama20/176", "status": "accepted", "updateDate": 1638534080276, "start": 1649514600000, "end": 1649523600000, "createDate": 1628591812135, "inAccepted": true, "acceptDate": 1633673321511, "image": {"author": "И.Тюлькин", "name": "389682cb6299172969f05dda62b675ec.jpeg", "realName": "40a0467578ca88a16ca6d7d3e97c59cf.jpeg", "source": "https://dramteatr18.ru/special_projects/5573"}, "photo": "https://pro.culture.ru/uploads/389682cb6299172969f05dda62b675ec.jpeg", "gallery": [], "category": {"name": "Спектакли", "sysName": "spektakli"}, "time": {"start": "2022-04-09 14:30:00", "end": "2022-04-09 17:00:00"}}, {"id": 1264216, "name": "Спектакль «Ромео и Джульетта»", "age": 12, "description": "<p> «Ромео и Джульетта» – одна из пьес, которые чаще всего ставятся на сценах театров. Четыреста лет прошло с тех пор, как была написана эта трагедия, но интерес к истории любви юных Ромео и Джульетты не угасает. Потрясающая искренность и сила первого чувства, свойственная людям всех веков и поколений, по-прежнему вызывает горячий отклик в наших сердцах. И пусть современные молодые люди внешне во многом отличаются от юных шекспировских героев, но они также любят, верят, жертвуют и восхищаются этим огромным миром, который подарила им сама Жизнь, сама Любовь! </p>", "shortDescription": "Трагедия Вильяма Шекспира в двух действиях.", "min_price": 350, "max_price": 500, "link": "https://dramteatr18.ru/repertoire/8", "needCheck": true, "status": "accepted", "updateDate": 1636356521768, "start": 1633098600000, "end": 1644512400000, "createDate": 1628590856771, "inAccepted": true, "acceptDate": 1636356521976, "image": {"author": "И.Тюлькин", "name": "cfca677b034b596cc52ecffcf1accf20.jpeg", "realName": "219bab8c65cbfe572eac1c66b63e645a.jpeg", "source": "https://dramteatr18.ru/repertoire/8"}, "photo": "https://pro.culture.ru/uploads/cfca677b034b596cc52ecffcf1accf20.jpeg", "gallery": [], "category": {"name": "Спектакли", "sysName": "spektakli"}, "time": {"start": "2021-10-01 14:30:00", "end": "2022-02-10 17:00:00"}}, {"id": 1264181, "name": "Спектакль «Ужин дураков»", "age": 16, "description": "<p>Раз в неделю компания влиятельных господ устраивает ужин, на который каждый участник должен привести с собой одного дурака. Тот, чей «экземпляр» окажется самым убедительным, выигрывает приз. Когда очередь пригласить гостя дошла до Пьера, он очень обрадовался. Ведь накануне Пьер как раз познакомился с умопомрачительным, фантастическим дураком Франсуа Пиньоном. Но позвав его на ужин, Пьер и представить себе не мог, чем это для него обернется…<br /></p><p>Французский сценарист, драматург и режиссер Франсис Вебер хорошо знаком российским зрителям. Этот известный мастер изящных комедий написал сценарии и снял такие фильмы как «Высокий блондин в черном ботинке», «Игрушка», «Папаши», «Невезучие», «Зануда», «Ягуар», в которых снимались звезды французского кинематографа Пьер Ришар, Жан Рено, Жерар Депардье, Жак Брель, Лино Вентура.</p>", "shortDescription": "Комедия в двух действиях по пьесе Франсиса Вебера.", "min_price": 400, "max_price": 800, "link": "https://dramteatr18.ru/repertoire/734", "needCheck": true, "status": "accepted", "updateDate": 1638451338533, "start": 1633012200000, "end": 1645723800000, "createDate": 1628590401992, "inAccepted": true, "acceptDate": 1631534063959, "image": {"author": "И.Тюлькин", "name": "87f88f389d1484f37d5818e03edb271f.jpeg", "realName": "IMG_9771.jpg", "source": "https://dramteatr18.ru/repertoire/734"}, "photo": "https://pro.culture.ru/uploads/87f88f389d1484f37d5818e03edb271f.jpeg", "gallery": [], "category": {"name": "Спектакли", "sysName": "spektakli"}, "time": {"start": "2021-09-30 14:30:00", "end": "2022-02-24 17:30:00"}}, {"id": 1264117, "name": "Спектакль «Идеальный муж»", "age": 16, "description": "<p>Сразу после выхода в 1895 году пьеса «Идеальный муж» стала чрезвычайно популярной. Запутанный сюжет, динамически развивающиеся события, остроумные диалоги и неожиданная развязка вовлекают зрителей в действие.</p><p>Сэр Роберт Чилтерн – преуспевающий политик с безупречной репутацией. Леди Чилтерн, обожающая своего супруга, – воплощение добродетели. Но оказывается, что даже в таком идеальном семействе есть свои скелеты в шкафу. Появление загадочной миссис Чивли грозит разрушить не только карьеру сэра Роберта, но и семейное благополучие. Существуют ли идеальные люди? Возможны ли идеальные отношения? Способны ли герои простить любимому человеку его ошибки и несовершенства?</p>", "shortDescription": "Ироническая комедия по пьесе Оскара Уайльда.", "min_price": 500, "max_price": 1000, "link": "https://dramteatr18.ru/repertoire/5127", "needCheck": true, "status": "accepted", "updateDate": 1638450683623, "start": 1632666600000, "end": 1644771600000, "createDate": 1628589499679, "inAccepted": true, "acceptDate": 1637587590010, "image": {"author": "И.Тюлькин", "name": "fe836036576342c8daee01c9efe3649c.jpeg", "realName": "3a396590365744b9574ec7add7e2afb4.jpeg", "source": "https://dramteatr18.ru/repertoire/5127"}, "photo": "https://pro.culture.ru/uploads/fe836036576342c8daee01c9efe3649c.jpeg", "gallery": [], "category": {"name": "Спектакли", "sysName": "spektakli"}, "time": {"start": "2021-09-26 14:30:00", "end": "2022-02-13 17:00:00"}}, {"id": 1264068, "name": "Спектакль «Трактирщица»", "age": 16, "description": "<p>Италия… Солнце… Прекрасный сад… Это мир очаровательной Мирандолины – хозяйки гостиницы. Она умна и обаятельна, любезна со всеми и насмешлива. В нее влюблены все мужчины. Все? Да, кроме одного. Ярого женоненавистника. Но если женщина захочет, она покорит даже самое каменное сердце! А что при этом происходит с ее собственным сердцем?</p><p>Рассказывает режиссер Алессандра Джунтини: «В этой пьесе все вертится вокруг Мирандолины. Нам хотелось взглянуть на нее по-новому: кто она такая и каким может быть ее мир. Она защищает свою свободу, запрещая себе любить. А можно ли любить и при этом быть свободной? Несмотря на то, что пьеса написана Гольдони около 300 лет назад, мне показалось, что она перекликается с творчеством другого итальянского гения – режиссера Федерико Феллини. Они близки в отношении к искусству, женщинам, их привлекает игровое начало, в своем творчестве они где-то остались детьми. Поэтому на сцене Италия Гольдони XVIII века соединится с Италией Феллини ХХ столетия».</p>", "shortDescription": "Комедия в двух действиях по пьесе Карло Гольдони.", "min_price": 500, "max_price": 1000, "link": "https://dramteatr18.ru/repertoire/4520", "needCheck": true, "status": "accepted", "updateDate": 1638451252610, "start": 1631889000000, "end": 1645981200000, "createDate": 1628588859987, "inAccepted": true, "acceptDate": 1636356334372, "image": {"author": "И.Тюлькин", "name": "6a0b9f6775319748ffa0ce189eabffef.jpeg", "realName": "40ac6854e9d43277d46d367773c7f5f2.jpeg", "source": "https://dramteatr18.ru/repertoire/4520"}, "photo": "https://pro.culture.ru/uploads/6a0b9f6775319748ffa0ce189eabffef.jpeg", "gallery": [], "category": {"name": "Спектакли", "sysName": "spektakli"}, "time": {"start": "2021-09-17 14:30:00", "end": "2022-02-27 17:00:00"}}, {"id": 1263990, "name": "Спектакль «Двенадцатая ночь»", "age": 12, "description": "<p>В сказочной шекспировской Иллирии нет места для скучных государственных дел, здесь не надо думать о хлебе насущно. Это благодатный край романтических страстей, это шекспировская мечта о рае на земле. Конечно, иногда на этот сказочный «остров любви» обрушиваются шторма, которые выбрасывают на берег прекраснейших девушек. Им приходится облачаться в мужское одеяние, поступать на службу к местным правителям, очаровывать непреклонных вдов, драться на дуэлях и… неожиданно обретать утонувших братьев… </p><p>Приглашаются все желающие на спектакль!</p>", "shortDescription": "Утопическая комедия в двух действиях по пьесе В. Шекспира.", "min_price": 500, "max_price": 1000, "link": "https://dramteatr18.ru/repertoire/3139", "status": "accepted", "updateDate": 1638774098033, "start": 1633185000000, "end": 1644598800000, "createDate": 1628587747377, "inAccepted": true, "acceptDate": 1636356476075, "image": {"author": "И.Тюлькин", "name": "cd738add10ba8825f123a95b28772858.jpeg", "realName": "7077f6c64369b2ae36d3e80445d20624.jpeg", "source": "https://dramteatr18.ru/repertoire/3139#gallery_video-16"}, "photo": "https://pro.culture.ru/uploads/cd738add10ba8825f123a95b28772858.jpeg", "gallery": [], "category": {"name": "Спектакли", "sysName": "spektakli"}, "time": {"start": "2021-10-02 14:30:00", "end": "2022-02-11 17:00:00"}}, {"id": 1149255, "name": "Спектакль «Аленький цветочек»", "age": 6, "description": "<p>Отправляясь в дальние странствия, купец пообещал привезти дочерям все, что им захочется. Старшие сестры заказали наряды да украшения, а вот младшая, Аленушка, попросила привезти аленький цветочек… Выполнить ее просьбу оказалось очень непросто. Оказалось, что цветок принадлежит чудовищу, которое согласилось отпустить купца лишь с условием, что одна из его дочерей должна добровольно прибыть к нему во дворец. Если в течение трех дней ни одна из дочерей не захочет отправляться во дворец, то купец должен сам вернуться, и тогда его казнят смертью лютою. Согласившись и дав честное слово, купец получает золотой перстень: кто наденет его на правый мизинец, мгновенно перенесется куда пожелает…<br /></p>", "shortDescription": "Постановка по сказке С. Аксакова.", "min_price": 400, "max_price": 400, "link": "https://dramteatr18.ru/repertoire/739", "status": "accepted", "updateDate": 1638452559121, "start": 1623996000000, "end": 1640426400000, "createDate": 1622527098559, "inAccepted": true, "acceptDate": 1638452559188, "image": {"author": "Игорь Тюлькин", "name": "c6edfa8fb0bcc76c6a9b2be53ce3f7c7.jpeg", "realName": "a6b7fde28e22fee6f32b0ced14421e81.jpeg", "source": "https://dramteatr18.ru/repertoire/739"}, "photo": "https://pro.culture.ru/uploads/c6edfa8fb0bcc76c6a9b2be53ce3f7c7.jpeg", "gallery": [], "category": {"name": "Спектакли", "sysName": "spektakli"}, "time": {"start": "2021-06-18 06:00:00", "end": "2021-12-25 10:00:00"}}, {"id": 1147258, "name": "Спектакль «Баба Шанель»", "age": 16, "description": "<p>Гости увидят спектакль Архангельского театра драмы им. М. В. Ломоносова.</p><p>Вокальный ансамбль «Наитие» празднует 10-летний юбилей – с песнями, баяном и... спорами о славе. Участницам коллектива далеко за 60, но так хочется жить, любить и быть любимыми. Тем более что руководитель ансамбля – молодой баянист Сергей, к которому все тайно испытывают пылкие чувства.</p><p> «В спектакле много смешного, лиричного, грустного и светлого. И несмотря на всю комичность ситуации, он проникнут человеколюбием, теплотой и добротой», – отмечает режиссер Андрей Тимошенко.</p>", "shortDescription": "Комедия по пьесе Николая Коляды.", "min_price": 500, "max_price": 1000, "link": "https://dramteatr18.ru/hall/Drama20/173", "status": "accepted", "updateDate": 1640356791667, "start": 1649428200000, "end": 1649437200000, "createDate": 1622445466476, "inAccepted": true, "acceptDate": 1640356791739, "image": {"author": "Екатерина Чащина", "name": "b5d6478bc19cb9dd818b1a09b186230e.jpeg", "realName": "Шанель для афиши.jpg", "source": "https://arhdrama.culture29.ru/afisha/repertoire/1310/"}, "photo": "https://pro.culture.ru/uploads/b5d6478bc19cb9dd818b1a09b186230e.jpeg", "gallery": [], "category": {"name": "Спектакли", "sysName": "spektakli"}, "time": {"start": "2022-04-08 14:30:00", "end": "2022-04-08 17:00:00"}}, {"id": 995036, "name": "Спектакль «Красная Шапочка»", "age": 0, "description": "<p>Всем известна сказка про Красную Шапочку. Каждая страна и каждая эпоха рассказывают ее по-своему. Настя, героиня спектакля, живет в XXI веке и, конечно, тоже знает эту сказку. И все-таки, когда бабушка позвонила ей и пригласила в гости, она, надев свою любимую красную шапочку, отправилась в путь. И, конечно, встретила в лесу Волка. А потом еще и Бабу-ягу, и Бармалея, и даже Атамана с его сорока разбойниками! Но если у девочки доброе сердце и она хочет помочь друзьям, то никакие сказочные злодеи ее не испугают.</p>", "shortDescription": "Современная интерпретация сказки.", "min_price": 400, "max_price": 400, "link": "https://dramteatr18.ru/repertoire/741", "status": "accepted", "updateDate": 1637324289949, "start": 1621666800000, "end": 1641542400000, "createDate": 1615809896693, "inAccepted": true, "acceptDate": 1637324290107, "image": {"author": "Игорь Тюлькин", "name": "46e3d4f19279590edd6634a8151e34e4.jpeg", "realName": "IMG_6373.jpg", "source": "https://dramteatr18.ru/repertoire/741"}, "photo": "https://pro.culture.ru/uploads/46e3d4f19279590edd6634a8151e34e4.jpeg", "gallery": [], "category": {"name": "Спектакли", "sysName": "spektakli"}, "time": {"start": "2021-05-22 07:00:00", "end": "2022-01-07 08:00:00"}}, {"id": 937211, "name": "Спектакль «Здравствуйте, я ваша тетя!»", "age": 12, "description": "<p>Знаменитая английская комедия впервые была поставлена в Лондоне в конце XIX века и побила все рекорды по числу посмотревших ее зрителей. Первая бродвейская постановка шла четыре сезона подряд. Фильм с Александром Калягиным в главной роли, снятый по мотивам этой комедии, стал одним из любимейших у российского зрителя. Пьеса практически не сходит со сцены, обретая новую жизнь на разных театральных площадках в новых интерпретациях и решениях, но всегда оставаясь интригующей для поклонников азартного игрового театра. </p><p>Два оксфордских студента – Джек и Чарли – ждут в гости своих подруг. Но у девушек очень строгий опекун, он не разрешает им оставаться с молодыми людьми наедине. К счастью, вот-вот должна приехать тетушка Чарли. Но… тетушка задерживается, и чтобы не сорвать долгожданное свидание, друзья уговаривают своего товарища Бабса сыграть роль тетушки…</p><p> Действие музыкального красочного спектакля постановщики перенесли во вторую половину ХХ века. А значит, будут музыка, танцы, мода стиляг и, конечно, любовная романтика.</p>", "shortDescription": "Романтическая комедия в двух действиях по пьесе Б. Томаса.", "min_price": 400, "max_price": 600, "link": "https://dramteatr18.ru/repertoire/738", "needCheck": true, "status": "new", "updateDate": 1637588124953, "start": 1615473000000, "end": 1643387400000, "createDate": 1612940277658, "inAccepted": true, "acceptDate": 1632128394315, "image": {"author": "Игорь Тюлькин", "name": "895a54a5e1366273fa1923cf587da554.jpeg", "realName": "IMG_4613.jpg", "source": "https://dramteatr18.ru/repertoire/738"}, "photo": "https://pro.culture.ru/uploads/895a54a5e1366273fa1923cf587da554.jpeg", "gallery": [], "category": {"name": "Спектакли", "sysName": "spektakli"}, "time": {"start": "2021-03-11 14:30:00", "end": "2022-01-28 16:30:00"}}, {"id": 912340, "name": "Спектакль «Тартюф»", "age": 16, "description": "<p>«Тартюф» – одно из самых известных произведений Жана-Батиста Мольера, выдающегося классика французской литературы. Эта комедия с успехом ставится на мировых сценах, начиная с эпохи Людовика XIV и заканчивая современностью. Способность Тартюфа находить выход из любой расставленной ловушки, его невероятные превращения, яркое и смешное действие – это именно то, что позволяет шедевру Мольера уже три с половиной века не сходить с театральных подмостков.</p><p>Для режиссера Владимира Золотаря это абсолютно современная история. Поэтому он не одевает персонажей в кринолины и парики. Главный герой – Оргон – живет в доме-саду, в окружении прекрасных женщин-цветов. То, что он приводит в этот дом Тартюфа, – его своеобразный мужской бунт. И начинается игра – поединок мира мужского и мира женского. В ход идут трюки и уловки, розыгрыши и обманы...</p>", "shortDescription": "Комедия в двух действиях по пьесе Ж.-Б. Мольера.", "min_price": 400, "max_price": 600, "link": "https://dramteatr18.ru/hall/Drama20/215", "needCheck": true, "status": "new", "updateDate": 1637588178161, "start": 1614522600000, "end": 1643475600000, "createDate": 1611751760424, "inAccepted": true, "acceptDate": 1632136917754, "image": {"author": "Игорь Тюлькин", "name": "64b8425c52ac654eb8774bce3300d708.jpeg", "realName": "IMGL5946.jpg", "source": "https://dramteatr18.ru/repertoire/6"}, "photo": "https://pro.culture.ru/uploads/64b8425c52ac654eb8774bce3300d708.jpeg", "gallery": [], "category": {"name": "Спектакли", "sysName": "spektakli"}, "time": {"start": "2021-02-28 14:30:00", "end": "2022-01-29 17:00:00"}}, {"id": 912004, "name": "Спектакль «Вальмон, или Дон Жуан по-французски»", "age": 18, "description": "<p>Маркиза де Мертей узнает, что бросивший ее любовник Жеркур намерен жениться на юной Сесиль. Желая отомстить Жеркуру, она просит своего давнего друга и известного сердцееда де Вальмона соблазнить невинную Сесиль. Де Вальмон соглашается, хотя перед собой он поставил более сложную задачу – добиться взаимности добродетельной и любящей мужа президентши де Турвель…</p><p>К чему приведут эти любовные поединки? Победят ли искренние чувства? Или придется расплачиваться разбитыми сердцами и искалеченными судьбами? </p><p>Режиссер Яков Ломкин и художник Арина Слободяник погружают зрителей в «лабиринты страсти», из которых невозможно выйти тем же самым человеком, каким вошел.</p>", "shortDescription": "Наваждения любви с антрактом по роману Шодерло де Лакло «Опасные связи».", "min_price": 500, "max_price": 1000, "link": "https://dramteatr18.ru/affiche", "needCheck": true, "status": "accepted", "updateDate": 1638450748254, "start": 1613831400000, "end": 1645896600000, "createDate": 1611746134003, "inAccepted": true, "acceptDate": 1637587447755, "image": {"author": "Игорь Тюлькин", "name": "c3868e71c976ecdd4dc796f85f2d3829.jpeg", "realName": "IMG_4442.jpg", "source": "https://dramteatr18.ru/repertoire/4216"}, "photo": "https://pro.culture.ru/uploads/c3868e71c976ecdd4dc796f85f2d3829.jpeg", "gallery": [], "category": {"name": "Спектакли", "sysName": "spektakli"}, "time": {"start": "2021-02-20 14:30:00", "end": "2022-02-26 17:30:00"}}, {"id": 911959, "name": "Спектакль «Странная миссис Сэвидж»", "age": 12, "description": "<p>Самая известная пьеса американского драматурга Джона Патрика практически не сходит с театральных подмостков. Остроумные диалоги, занимательная интрига и самое главное – теплота и доброта – обеспечивают ей неизменный успех у зрителя.</p><p>Приемные дети миссис Сэвидж ради денег готовы на все. А она создает фонд, чтобы осуществлять заветные мечты самых разных людей, делая их счастливыми. За такие странные прихоти дети помещают ее в лечебницу для душевнобольных. Оказавшись в «Светлых грёзах», миссис Сэвидж мстит своим опекунам весьма оригинальным способом. Алчность детей заставляет их совершать самые экстравагантные поступки. Так что остается вопрос, кто же здесь по-настоящему безумен?</p>", "shortDescription": "Сентиментальная комедия в двух действиях по пьесе Д. Патрика.", "min_price": 500, "max_price": 1000, "link": "https://dramteatr18.ru/repertoire/1496", "needCheck": true, "status": "new", "updateDate": 1637587750094, "start": 1613745000000, "end": 1643562000000, "createDate": 1611745202966, "inAccepted": true, "acceptDate": 1632128463564, "image": {"author": "Игорь Тюлькин", "name": "8741ce62287e97891ea2d64807f9fa89.jpeg", "realName": "IMG_6611.JPG", "source": "https://dramteatr18.ru/repertoire/1496"}, "photo": "https://pro.culture.ru/uploads/8741ce62287e97891ea2d64807f9fa89.jpeg", "gallery": [], "category": {"name": "Спектакли", "sysName": "spektakli"}, "time": {"start": "2021-02-19 14:30:00", "end": "2022-01-30 17:00:00"}}, {"id": 908341, "name": "Спектакль «Инспектор на десерт»", "age": 16, "description": "<p>Инспектор Раффинг приезжает в поместье Рейвенскрофт, чтобы расследовать несчастный случай. Или все-таки убийство?.. Оказавшись в окружении пяти женщин, он очень скоро он понимает, что каждая из них ему лжет. Казалось бы, это классический английский детектив. Но и здесь не все так просто.</p><p>Рассказывает автор, Дон Нигро: «Каждая пьеса – тайна, загадка, требующая разрешения. Каждая пьеса – лабиринт мотивов. Ты начинаешь с одного вопроса, а заканчиваешь, скорее всего, другим. Или обнаруживаешь, что потерялся в лабиринте возможностей. Инспектор Раффинг продвигаясь по лабиринту, обнаруживает, что любое расследование рано или поздно становится расследованием самого себя».</p>", "shortDescription": "Триллер в двух следственных действиях по пьесе Д. Нигро.", "min_price": 500, "max_price": 600, "link": "https://dramteatr18.ru/repertoire/4361", "needCheck": true, "status": "accepted", "updateDate": 1638450626987, "start": 1613226600000, "end": 1644169200000, "createDate": 1611580604689, "inAccepted": true, "acceptDate": 1637587659638, "image": {"author": "Игорь Тюлькин", "name": "552e1a4b44de403fbc4146e2508df948.jpeg", "realName": "IMG_3547.jpg", "source": "https://dramteatr18.ru/repertoire/4361"}, "photo": "https://pro.culture.ru/uploads/552e1a4b44de403fbc4146e2508df948.jpeg", "gallery": [], "category": {"name": "Спектакли", "sysName": "spektakli"}, "time": {"start": "2021-02-13 14:30:00", "end": "2022-02-06 17:40:00"}}, {"id": 908250, "name": "Спектакль «Ханума»", "age": 12, "description": "<p>Спектакль-праздник перенесет вас в прекрасную Грузию. Ту Грузию, которую каждый представляет в мечтах – теплую, солнечную, гостеприимную. Здесь совершается пир жизни. Здесь правят бал фантазия, игра, интрига. Здесь поют гимны любви и дружбе. Музыка и песни не смолкают и праздник не прекращается никогда! А героиня этого праздника – Ханума, которая ураганом врывается туда, где ее ждут и где не ждут, вершит судьбы, соединяет влюбленных. </p><p>Уж замуж невтерпеж!.. А, может быть, вам давно пора жениться, но хочется непременно по любви и на богатой?.. Сейчас это трудно представить, но когда-то люди в подобных ситуациях обходились без «Тиндера» и находили свою пару без помощи алгоритмов, сгенерированных нейросетью. А все потому, что тогда были свахи. И даже среди свах, Ханума – гений, она не только устраивает браки, но помогает найти любовь! А еще «Ханума» – это возможность почувствовать колорит грузинского базара и духана, настоящей грузинской бани и настоящего грузинского застолья! </p>", "shortDescription": "Комедия с музыкой и танцами по пьесе А. Цагарели.", "min_price": 500, "max_price": 600, "link": "https://dramteatr18.ru/hall/Drama20/237", "needCheck": true, "status": "new", "updateDate": 1637587496661, "start": 1612103400000, "end": 1645376400000, "createDate": 1611578740294, "inAccepted": true, "acceptDate": 1632288227336, "image": {"author": "Игорь Тюлькин", "name": "75f10620e3d58068aaa6fb4c9dc9621d.jpeg", "realName": "Ханума.jpg", "source": "https://dramteatr18.ru/repertoire/690"}, "photo": "https://pro.culture.ru/uploads/75f10620e3d58068aaa6fb4c9dc9621d.jpeg", "gallery": [], "category": {"name": "Спектакли", "sysName": "spektakli"}, "time": {"start": "2021-01-31 14:30:00", "end": "2022-02-20 17:00:00"}}, {"id": 72256, "name": "Спектакль «Вечера на хуторе близ Диканьки»", "age": 16, "description": "<p><span>О спектакле рассказывает режиссер-постановщик Петр Шерешевский.</span></p><p><span>«За что мы любим «Вечера на хуторе близ Диканьки»? За озорство Гоголя, за юмор, за брызжущую через край фантазию и вкусный, ароматный язык. Чтобы передать не букву, но суть, плоть этих повестей, мы затеяли театральную игру, в которой, как и в повести позволено все, любая ирония, любая шалость.</span></p><p><span>Два Гоголя, сошедшие с портретов в школьном кабинете литературы, расскажут нам эту историю.</span></p><p><span>И выяснится, что ссора казака Чуба и кузнеца Вакулы может обернуться боксерским поединком, </span><span>что капризной Оксане, чтобы реанимировать отчаявшегося поклонника, придется научиться делать искусственное дыхание, что царица Екатерина может предстать в виде знаменитого памятника из Екатерининского садика в Петербурге, а ведьма Солоха, хоть и по-прежнему летает на метле, но теперь преподает литературу в школе, прекрасно готовит галушки и возможно даже угостит ими зрителя.</span></p><p><span>И еще много-много чудес, танцев и прибауток ожидает зрителей. Это спектакль-шутка, спектакль-игра. Сегодняшние люди с иронией разыграют на глазах у зрителей сказочные истории в стиле «наивного» театра».</span></p>", "shortDescription": "Пьеса Петра Шерешевского по мотивам повести Н. В. Гоголя. Театральная фантазия в двух действиях.", "min_price": 400, "max_price": 500, "link": "https://dramteatr18.ru/hall/Drama20/244", "needCheck": true, "status": "new", "updateDate": 1637588043424, "start": 1479997800000, "end": 1641579600000, "createDate": 1478077553132, "inAccepted": true, "acceptDate": 1632121749053, "image": {"author": "Игорь Тюлькин", "name": "d82fb3f7d213c136079dc825fec3f0fc.jpg", "realName": "IMG_2583.jpg", "source": "https://dramteatr18.ru/repertoire/725"}, "photo": "https://pro.culture.ru/uploads/d82fb3f7d213c136079dc825fec3f0fc.jpg", "gallery": [], "category": {"name": "Спектакли", "sysName": "spektakli"}, "time": {"start": "2016-11-24 14:30:00", "end": "2022-01-07 18:20:00"}}, {"id": 71205, "name": "Спектакль «Приключения Тома Сойера»", "age": 6, "description": "<p><span>Том Сойер и Гекльберри Финн – мечтатели и фантазеры, добрые и искренние, смекалистые и бесшабашные – обаятельны, как само детство. Наверное, они самые знаменитые мальчишки на всем белом свете. </span></p><p><span>В чем же секрет их популярности? Может быть, в том, что им удалось осуществить все то, о чем другим мальчикам приходится только мечтать: удрать из дому, чтобы стать пиратом, с триумфом появиться на собственных похоронах, разоблачить убийцу, отыскать клад. И, конечно же, заслужить любовь прекрасной девочки! Все это – не считая мелких шалостей и озорства!</span></p>", "shortDescription": "Авантюрная история.", "min_price": 350, "max_price": 350, "link": "https://dramteatr18.ru/repertoire/744", "status": "accepted", "updateDate": 1639062075034, "start": 1478599200000, "end": 1645863300000, "createDate": 1477918515305, "inAccepted": true, "acceptDate": 1639062075182, "image": {"author": "Игорь Тюлькин", "name": "811fef2d202e2e3519e3091cf0cb5a4c.JPG", "realName": "DSCF0567.JPG", "source": "https://dramteatr18.ru/repertoire/744"}, "photo": "https://pro.culture.ru/uploads/811fef2d202e2e3519e3091cf0cb5a4c.JPG", "gallery": ["https://pro.culture.ru/uploads/8e730a0e11726f5a2f942ec89a6475a1.JPG", "https://pro.culture.ru/uploads/7c1adb9c3f7bcb16c678bf7266f804de.JPG", "https://pro.culture.ru/uploads/86bf8c49c9e371cfb7b0e071319f009d.JPG", "https://pro.culture.ru/uploads/e1405fa42b23d95bed3a350a2dbc32a1.JPG", "https://pro.culture.ru/uploads/645e5fa46260714c28fef2c7e217aee9.JPG"], "category": {"name": "Спектакли", "sysName": "spektakli"}, "time": {"start": "2016-11-08 10:00:00", "end": "2022-02-26 08:15:00"}}]}