{"12367": [{"id": 1259150, "name": "Концерт Государственного симфонического оркестра Республики Адыгея", "age": 6, "description": "<p><span>Открытие 29-го концертного сезона Государственного симфонического оркестра Государственной филармонии Республики Адыгея, главный дирижер – заслуженный артист Республики Адыгея Аркадий Хуснияров, (художественный руководитель оркестра – заслуженный артист Российской Федерации, заслуженный артист Кабардино-Балкарской Республики Петр Темирканов). </span></p> <p><span>Под управлением трех дирижеров – Петра Темирканова, Аркадия Хусниярова и Каплана Сташа оркестр откроет новый симфонический сезон музыкой зарубежных, отечественных и национальных композиторов. Очаровывая своей красотой, напевностью и выразительностью, сочинения авторов напомнят слушателям о вечных нравственных ценностях, среди которых особое место занимает любовь к Родине, родному краю, стремление к добру, красоте, человечности.</span></p>", "shortDescription": "Открытие 29 концертного сезона. ", "min_price": 100, "max_price": 200, "link": "http://filarmoniya-ra.ru/afisha/koncert_gosudarstvennogo_simfonicheskogo_orkestra_gfra_otkrytie_sezona_glavnyj_dirizhjor_zasluzhennyj_artist_respubliki_adygeja_arkadij/2021-09-09-1006?listim_open_widget=1", "status": "accepted", "updateDate": 1630222350563, "start": 1631201400000, "end": 1631206800000, "createDate": 1628256847442, "inAccepted": true, "acceptDate": 1630222352502, "image": {"author": "А. Гусев", "name": "4c1cf1dfed97596ec2f92618e2d8c25a.jpeg", "realName": "163949555.jpg", "source": "архив автора"}, "photo": "https://pro.culture.ru/uploads/4c1cf1dfed97596ec2f92618e2d8c25a.jpeg", "gallery": ["https://pro.culture.ru/uploads/9e7824e26597924f0125296ce1fb8ad8.jpeg", "https://pro.culture.ru/uploads/3dd74b3cb734ebecdf1294f855c41753.jpeg", "https://pro.culture.ru/uploads/078c155b99cedbca47b68b2bbea315ab.jpeg"], "category": {"name": "Концерты", "sysName": "koncerty"}, "time": {"start": "2021-09-09 15:30:00", "end": "2021-09-09 17:00:00"}}]}