{"11280": [{"id": 1513392, "name": "Мастер-класс «Весенний букет»", "age": 6, "description": "<p>Мастер-класс приурочен к празднику – Международному женскому дню. Проведет занятие художник и педагог Жанна Вадимовна Цыдзик. </p><p>При создании картины пряди шерсти, подобно мазкам, накладываются на основу. Картины обрамляются в рамки и могут стать хорошим подарком. Дети и взрослые научатся своими руками создавать оригинальные изображения в весенней палитре. С помощью шерстяных нитей можно изобразить весенние листья, цветы, облака, капли дождя. Цветовая гамма подбирается индивидуально. Мягкой полупрозрачной шерстью создаются волшебные эффекты, которые сложно достичь в живописи, используя краски. Готовая картина накрывается стеклом, что позволяет сохранить эффект объемности.</p>", "shortDescription": "Занятие, посвященное созданию картин из шерсти.", "min_price": 250, "max_price": 250, "link": "https://tickets.mos.ru/#/event-read/11977", "status": "accepted", "updateDate": 1639638491110, "start": 1646395200000, "end": 1646398800000, "createDate": 1638867744418, "inAccepted": true, "acceptDate": 1639638491175, "image": {"author": "-", "name": "04332a1c6ed6ff0786b6b5943cf455f3.jpeg", "realName": "«Весенний букет» - мастер-класс по живописи шерстью.jpg", "source": "-"}, "photo": "https://pro.culture.ru/uploads/04332a1c6ed6ff0786b6b5943cf455f3.jpeg", "gallery": [], "category": {"name": "Обучение", "sysName": "obuchenie"}, "time": {"start": "2022-03-04 12:00:00", "end": "2022-03-04 13:00:00"}}, {"id": 1277069, "name": "Концерт «Звучит Есенин»", "age": 12, "description": "<p>В библиотеке состоится вечерний концерт «Звучит Есенин». Главный исполнитель – Павел Пикалов. Павел – профессиональный певец, автор песен, лауреат международных конкурсов, исполнитель сольных концертных программ в Москве, а также во многих других городах России. Особым успехом у зрителей пользуется авторская программа. Состоит она в большинстве своем из песен и музыкальных композиций по творчеству русского поэта Сергея Есенина. Музыкальные критики и журналисты отмечают особую харизму музыканта, его артистизм, творческое обаяние, великолепный голос. На музыкальный вечер приглашаются все любители музыкальной поэзии. <br /></p>", "shortDescription": "Гостей ждет авторская программа Павла Пикалова.", "min_price": 300, "max_price": 300, "link": "https://www.mos.ru/afisha/event/143695257/", "needCheck": true, "status": "accepted", "updateDate": 1631432273465, "start": 1637337600000, "end": 1637344800000, "createDate": 1629192785544, "inAccepted": true, "acceptDate": 1631432275909, "image": {"author": "-", "name": "adc9857882be84ac926329c56cf616cb.jpeg", "realName": "pexels-gezer-amorim-2293558.jpg", "source": "-"}, "photo": "https://pro.culture.ru/uploads/adc9857882be84ac926329c56cf616cb.jpeg", "gallery": [], "category": {"name": "Концерты", "sysName": "koncerty"}, "time": {"start": "2021-11-19 16:00:00", "end": "2021-11-19 18:00:00"}}]}