{"12646": [{"id": 1391766, "name": "Экскурсия «Здесь Муза пробудилась от долголетнего сна»", "age": 6, "description": "<p>В экспозициях главного жилого дома А. А. Фета вы познакомитесь с жизнью и творчеством поэта с 1877 по 1892 год, увидите интерьеры комнат XIX века. Узнаете о том, кто из великих писателей и композиторов гостил у Фета в Воробьевке, и почему в свое время это имение было культурным центром. </p> <p>В подвале дома соприкоснетесь с историей: посмотрите кирпичную кладку второй половины XIX века, узнаете, как в доме велось хозяйство. </p> <p>В здании каретной – услышите историю Фетовского табуна и увидите<span> </span>конную упряжь.</p> <p>В парке не только полюбуетесь красотою цветущих роз, величественных мальв, георгинов, пройдете по тропинкам, где некогда гулял сам поэт, но и напьетесь родниковой воды, полюбуетесь белыми лебедями, плавающими на пруду, и поймете, почему в Воробьевке Фет поселился навсегда. </p>", "shortDescription": "Обзор экспозиций музея.", "min_price": 120, "max_price": 220, "link": "https://kursk.kassir.ru/muzey/muzey-usadba-aa-feta/ekskursiya-zdes-muza-probudilas-ot-dolgoletnego-sna_2021-10-19", "status": "accepted", "updateDate": 1638342840955, "start": 1634281200000, "end": 1640865600000, "createDate": 1634218765855, "inAccepted": true, "acceptDate": 1635150304714, "image": {"author": "Усадьба ", "name": "8a6ebf55678a28bc8f957b5d692aeea1.jpeg", "realName": "IMG_20201203_095908.jpg", "source": "музей"}, "photo": "https://pro.culture.ru/uploads/8a6ebf55678a28bc8f957b5d692aeea1.jpeg", "gallery": [], "category": {"name": "Экскурсии", "sysName": "ekskursii"}, "time": {"start": "2021-10-15 07:00:00", "end": "2021-12-30 12:00:00"}}]}