{"12677": [{"id": 1485769, "name": "Программа «От «гуська» до «пузеля»", "age": 0, "description": "<p> Сложно сказать, когда человечество открыло для себя игры. Упоминание о таком развлечении можно встретить еще в древних записях и документах. </p><p>В XIX веке дамы и кавалеры развлекались не только балами и охотой. Большую популярность в то время имели настольные игры. Забавы выбирались на любой вкус. Многие из игр благополучно перекочевали из одного столетия в другое, вот только названия немного изменились. </p><p>Загадочные «пузеля» были ни чем иным, как пазлами, а морской бой назывался воздушным. Но некоторые игры уже далеко не так известны и утратили свою былую популярность. Об этом и пойдет речь на веселом мероприятии.</p><p> </p> <p> <b></b></p>", "shortDescription": "Салонные игры ХIХ века.", "min_price": 30, "link": "https://kursk.kassir.ru/muzey/muzey-nadejdyi-vasilevnyi-plevitskoy/ot-guska-do-puzelya_2021-12-21", "status": "accepted", "updateDate": 1638860705006, "start": 1640070000000, "end": 1641646800000, "createDate": 1637926107428, "inAccepted": true, "acceptDate": 1638799095203, "image": {"author": "Солодова Ирина Николаевна", "name": "3c0a41f94630d87ee5e920fb4cb63fe3.jpeg", "realName": "ocr.jpg", "source": "https://www.culture.ru/materials/253101/igry-dlya-vzroslykh-kompanii"}, "photo": "https://pro.culture.ru/uploads/3c0a41f94630d87ee5e920fb4cb63fe3.jpeg", "gallery": [], "category": {"name": "Встречи", "sysName": "vstrechi"}, "time": {"start": "2021-12-21 07:00:00", "end": "2022-01-08 13:00:00"}}, {"id": 1485297, "name": "Мастер-класс «Полезли игрушки на елку»", "age": 0, "description": "<p> Новогодние игрушки, наверное, самые удивительные на свете! В них не играют. Зато их можно сделать своими руками. </p><p>Участники мастер-класса познакомятся с историей новогодних елочных игрушек в России. Узнают, что они изображают, что рассказывают о своем времени и хозяевах, из чего они сделаны, познакомятся с традициями украшения новогодней елки в советское время. </p><p>После рассказа будет проведена тематическая творческая мастерская: дети и взрослые своими руками изготовят новогоднюю елочную игрушку из картона и нитей.</p>", "shortDescription": "Новогоднее занятие по изготовлению елочного украшения.", "min_price": 100, "link": "https://kursk.kassir.ru/muzey/muzey-nadejdyi-vasilevnyi-plevitskoy/tematicheskoe-zanyatie-polezli-igrushki-na-yolku_2021-12-21", "status": "accepted", "updateDate": 1639651164968, "start": 1640070000000, "end": 1641646800000, "createDate": 1637918649536, "inAccepted": true, "acceptDate": 1637921212915, "image": {"author": "Солодова Ирина Николаевна", "name": "34f9b95f728bb47bed911138c83911d7.jpeg", "realName": "ёлка.jpg", "source": "Архив музея Н.В. Плевицкой"}, "photo": "https://pro.culture.ru/uploads/34f9b95f728bb47bed911138c83911d7.jpeg", "gallery": [], "category": {"name": "Обучение", "sysName": "obuchenie"}, "time": {"start": "2021-12-21 07:00:00", "end": "2022-01-08 13:00:00"}}, {"id": 1372987, "name": "Встреча «Надежда Плевицкая. Истоки таланта»", "age": 0, "description": "<p>Детство Надежды Плевицкой прошло в селе Винниково Курской губернии в многодетной крестьянской семье. С малых лет Надежда была воспитана в лучших песенных традициях русского народа. Всю жизнь поил и вдохновлял ее чистый родник самобытных песен, услышанных от матери и сестер, непременно звучавших на всех сельских праздниках и гуляньях. Все обрядовые праздники, народные гулянья в селе редко обходились без нее. </p><p>Посетителей музея ждет увлекательный рассказ о том, как простая крестьянская девочка стала популярнейшей исполнительницей русских народных песен в России.</p>", "shortDescription": "Увлекательный рассказ о детстве и юности Надежды Плевицкой.", "min_price": 30, "max_price": 50, "link": "https://kursk.kassir.ru/muzey/muzey-nadejdyi-vasilevnyi-plevitskoy/tematicheskaya-ekskursiya-nadejda-plevitskaya-istoki-talanta_2021-10-18", "status": "accepted", "updateDate": 1637058197113, "start": 1634625000000, "end": 1640957400000, "createDate": 1633521128495, "inAccepted": true, "acceptDate": 1635150237790, "image": {"author": "Солодова Ирина Николаевна", "name": "6c3a628778ce0f6723af8cbbcc6ac41d.jpeg", "realName": "IMG_5319.JPG", "source": "Архив музея Н.В. Плевицкой"}, "photo": "https://pro.culture.ru/uploads/6c3a628778ce0f6723af8cbbcc6ac41d.jpeg", "gallery": [], "category": {"name": "Встречи", "sysName": "vstrechi"}, "time": {"start": "2021-10-19 06:30:00", "end": "2021-12-31 13:30:00"}}, {"id": 883258, "name": "Экскурсия «Возвращение в Россию»", "age": 0, "description": "<p> На российскую сцену Надежда Плевицкая принесла с собой голос России, голос Курской земли. Она и сама была «курским соловьем» русской песни. Она сделала народную песню общеизвестной и на бескрайних просторах страны, и в самых престижных концертных залах. Очень многие популярные народные песни стали таковыми благодаря удивительному таланту Надежды Плевицкой. </p><p> Экскурсия расскажет о детстве и отрочестве певицы, скромной деревенской атмосфере, в которой она росла, о творческом становлении артистки и ее знаменитых друзьях, о большой концертной деятельности Надежды Плевицкой перед аудиторией России, Европы и Америки. </p>", "shortDescription": "Обзор экспозиции, посвященной биографии и творчеству замечательной певицы Надежды Плевицкой.", "min_price": 30, "max_price": 50, "link": "https://kursk.kassir.ru/muzey/muzey-nadejdyi-vasilevnyi-plevitskoy/tematicheskaya-ekskursiya--vozvraschenie-v-rossiyu_2021-10-18", "status": "accepted", "updateDate": 1637058171077, "start": 1611036000000, "end": 1640872800000, "createDate": 1610198315939, "inAccepted": true, "acceptDate": 1635150265998, "image": {"author": "Солодова Ирина Николаевна", "name": "b0a5ea10401c9372a09caea7f772d85b.jpeg", "realName": "1fbf47711fe805d0325405b7a1c3e80c.jpeg", "source": "Архив музея Н.В. Плевицкой"}, "photo": "https://pro.culture.ru/uploads/b0a5ea10401c9372a09caea7f772d85b.jpeg", "gallery": ["https://pro.culture.ru/uploads/ef239a7a48a4316995512fd26121360a.jpeg", "https://pro.culture.ru/uploads/38934397dde4b1ad51ee7b1fb8a1eb30.jpeg", "https://pro.culture.ru/uploads/0571f8faa18414a7f0bc078104b32841.jpeg"], "category": {"name": "Экскурсии", "sysName": "ekskursii"}, "time": {"start": "2021-01-19 06:00:00", "end": "2021-12-30 14:00:00"}}]}