{"12558": [{"id": 1546812, "name": "Концерт «Корзина с еловыми шишками»", "age": 6, "description": "<p><span>В рамках абонементного цикла «Музыка детям» Ивановская государственная филармония приглашает детей и родителей на интересную программу.</span><span></span></p> <p><span><span> </span><span> </span>В исполнении Камерного оркестра Ивановской государственной филармонии (главный<span> </span> дирижер – Дмитрий Щудров) прозвучит музыкально-литературная композиция, которая познакомит слушателей с одним из наиболее лирических произведений Константина Паустовского «Корзина с еловыми шишками», написанным под впечатлением от чарующей музыки норвежского композитора Эдварда Грига. </span></p> <p><span>В программе принимают участие:</span></p> <ul><li><span>Камерный оркестр Ивановской государственной филармонии;</span></li><li>художественное слово – з<span>аслуженный артист России Владимир Кочержинский;</span><span></span></li><li><span>Наталья Фураева (сопрано).</span></li></ul>", "shortDescription": "Музыкально-литературная программа.", "min_price": 250, "max_price": 300, "link": "https://www.ivanovokoncert.ru/shows/1703-KORZINA-S-ELOVYMI-SHISHKAMI250", "status": "accepted", "updateDate": 1640628025080, "start": 1644247800000, "end": 1644253200000, "createDate": 1639997110846, "inAccepted": true, "acceptDate": 1640245113263, "image": {"author": "goodfon.ru", "name": "dd647998b019d3f622d79d786b2f3e6b.jpeg", "realName": "shishki-korzinka-fon.jpg", "source": "goodfon.ru"}, "photo": "https://pro.culture.ru/uploads/dd647998b019d3f622d79d786b2f3e6b.jpeg", "gallery": [], "category": {"name": "Концерты", "sysName": "koncerty"}, "time": {"start": "2022-02-07 15:30:00", "end": "2022-02-07 17:00:00"}}, {"id": 1531925, "name": "Концерт оркестра волынщиков City Pipes", "age": 6, "description": "<p>Зрители отправятся в чарующее путешествие по изумрудным полям и вересковым холмам.<span> </span>Традиционная музыка Ирландии и Шотландии пропитана духом свободы, искрометной радостью жизни и бесконечной любовью к своей земле.</p><p> Гости услышат ирландскую волынку и зажигательные джиги, ощутят настроение веселого праздника под шотландские волынки и барабаны, наслаждаясь при этом величественным звучанием органа.</p><p> Оркестр волынщиков City Pipes известен своими удивительными концертами: будь то выступления в резиденции посла Великобритании или на Олимпийских играх, на стадионе спорткомплекса «Лужники» или в<span> </span>консерватории. Каждый концерт – это событие, которое останется в памяти у зрителей надолго.</p><p><span> </span> Ансамбль ирландского танца<span> </span>Celtic Wind состоит из лучших исполнителей ирландских танцев, участников крупных профессиональных танцевальных проектов в России, Европе и США, таких как Rhythm in the Night (США), Take the Floor (Ирландия), призеров и победителей международных фестивалей народного танца и театрального искусства. </p>", "shortDescription": "Новое шоу от виртуозов волынок и барабанов City Pipes и ансамбля ирландского танца Celtic Wind.", "min_price": 700, "max_price": 1000, "link": "https://www.ivanovokoncert.ru/shows/1806-Orkestr-volynshchikov-CITY-PIPES-i-ansambl-irlandskogo-tantsa-CELTIC-WIND", "status": "accepted", "updateDate": 1640628026510, "start": 1645803000000, "end": 1645808400000, "createDate": 1639475529252, "inAccepted": true, "acceptDate": 1640002984141, "image": {"author": "http://citypipes.ru/gallery/photo/shows/#lg=1&slide=13", "name": "330f0d79da662ade5b70647e06100b3b.jpeg", "realName": "c9b2148de1b7813b5638dc8e604f2cd5.jpg", "source": "http://citypipes.ru/gallery/photo/shows/#lg=1&slide=13"}, "photo": "https://pro.culture.ru/uploads/330f0d79da662ade5b70647e06100b3b.jpeg", "gallery": [], "category": {"name": "Концерты", "sysName": "koncerty"}, "time": {"start": "2022-02-25 15:30:00", "end": "2022-02-25 17:00:00"}}, {"id": 1527434, "name": "Концерт «Ко Дню памяти А. С. Пушкина»", "age": 6, "description": "<p><span>В программе принимают участие Оркестр русских народных инструментов, главный дирижер, заслуженный артист России Сергей Лебедев, мастер художественного слова Владимир Зимин, Ольга Тихомолова (сопрано), Сергей Захаров (тенор). Концертмейстеры – Валерия Сабурова и Татьяна Яковлева. Ведущая – музыковед Елена Королева.</span></p> <p><span>В первом отделении в исполнении солистов прозвучат романсы на стихи А. С. Пушкина композиторов <span>Г. Свиридова, С. Рахманинова, М. Глинки, А. Рубинштейна, В. Власова, Н. Римского-Корсакова.</span></span></p> <p><span>Во втором отделении – музыкальные иллюстрации Георгия Свиридова к повести Александра Сергеевича Пушкина «Метель» в исполнении Оркестра русских народных инструментов.</span></p>", "shortDescription": "Творческий вечер, посвященный великому русскому поэту.", "min_price": 250, "max_price": 300, "link": "https://www.ivanovokoncert.ru/shows/1785-METEL-ORKESTR-RUSSKIKH-NARODNYKH-INSTRUMENTOV", "status": "accepted", "updateDate": 1640628026032, "start": 1644334200000, "end": 1644339600000, "createDate": 1639376909653, "inAccepted": true, "acceptDate": 1639985692464, "image": {"author": "a-a-ah.ru", "name": "abd798775038aadb0bb6b84a5929e630.jpeg", "realName": "large_1200px-Orest_Kiprensky_-_Портрет_поэта_А.С.Пушкина_-_Google_Art_Project.jpg", "source": "a-a-ah.ru"}, "photo": "https://pro.culture.ru/uploads/abd798775038aadb0bb6b84a5929e630.jpeg", "gallery": [], "category": {"name": "Концерты", "sysName": "koncerty"}, "time": {"start": "2022-02-08 15:30:00", "end": "2022-02-08 17:00:00"}}, {"id": 1523200, "name": "Концерт к 100-летию Московской государственной филармонии", "age": 6, "description": "<p style=\"margin-left:0px\"><span>При поддержке Министерства культуры Российской Федерации в рамках проекта «Филармонические сезоны» состоится концерт, посвященный 100-летию Московской государственной академической филармонии и филармонической деятельности в России. </span></p> <p><span></span></p><p><span></span><span>В программе:</span></p><ol><li><span> А. Скрябин. Соната-фантазия № 2, сочинение 19.</span></li><li><span> А. Скрябин. Этюд ор. 2, № 1.</span></li><li><span> А. Скрябин. Этюд ор. 42, № 5.</span></li><li><span> С. Рахманинов. Музыкальные моменты. Op. 16. </span></li><li><span> С. Рахманинов. Соната № 2, ор. 36 (вторая редакция).</span></li><li><span> М. Равель. «Ундина» из цикла «Ночной Гаспар». </span></li></ol> <p style=\"margin-left:0px\"> Солист – Федор Орлов (фортепиано, город Москва),<span> лауреат многих престижных музыкальных конкурсов и фестивалей,</span><span> участник телевизионных конкурсов, таких как Международный телевизионный конкурс юных музыкантов «Щелкунчик» и<span> </span>Всероссийский открытый телевизионный конкурс юных талантов «Синяя птица».</span><span><span> </span>Выступал с сольными концертами в Нидерландах, Германии, Польше, Венгрии, Латвии, Эстонии, Украине, Белоруссии и других странах.</span><span><span> Федор </span>Орлов – стипендиат Международного благотворительного фонда Владимира Спивакова и фонда «Новые имена».</span></p>", "shortDescription": "Выступление Федора Орлова (фортепиано, город Москва).", "min_price": 250, "max_price": 300, "link": "https://www.ivanovokoncert.ru/shows/1784-FEDOR-ORLOV-fortepiano", "status": "accepted", "updateDate": 1640023212225, "start": 1643457600000, "end": 1643462100000, "createDate": 1639125305522, "inAccepted": true, "acceptDate": 1639826280862, "image": {"author": "https://vk.com/orlovfyodor", "name": "67ed189c24b6383bba587096798c54d0.jpeg", "realName": "89dwcGNy2xQ.jpg", "source": "https://vk.com/orlovfyodor"}, "photo": "https://pro.culture.ru/uploads/67ed189c24b6383bba587096798c54d0.jpeg", "gallery": [], "category": {"name": "Концерты", "sysName": "koncerty"}, "time": {"start": "2022-01-29 12:00:00", "end": "2022-01-29 13:15:00"}}, {"id": 1523071, "name": "Концерт «Рукопожатие через столетие. Три поколения семьи»", "age": 6, "description": "<p><span>Музыкальная программа входит в цикл абонемента «Классика сквозь века».</span></p> <p><span>Три поколения семьи. Александр Егорович Варламов – один из основоположников русского романса, современник и добрый приятель М. И. Глинки. Его сын – Константин Александрович, знаменитый в свое время актер Александринского драматического театра в Петербурге. Он был первым в России мастером эстрадного разговорного жанра. Своим искусством<span> </span>восхищал Константина Станиславского. И, наконец, третье поколение – правнук Александра Егоровича – Александр Владимирович Варламов, один из основоположников советского джазового исполнительства.</span></p> <p><span>В программе будет отдана дань памяти всем трем поколениям семьи.</span></p> <p><span>Прозвучат романсы первой половины XIX века, джазовые миниатюры середины ХХ века из творческой копилки А. В. Варламова и русский юмористический рассказ (А. П. Чехова) из репертуара Константина Варламова.</span></p>", "shortDescription": "Программа, посвященная 220-летию со дня рождения композитора Александра Варламова.", "min_price": 250, "max_price": 300, "link": "https://www.ivanovokoncert.ru/shows/1705-RUKOPOZHATIE-CHEREZ-VEKA", "status": "accepted", "updateDate": 1640023206973, "start": 1643297400000, "end": 1643302800000, "createDate": 1639123862233, "inAccepted": true, "acceptDate": 1639821356644, "image": {"author": "avto.goodfon.ru", "name": "587bf0c06fc94670f462ee0e74a83e28.jpeg", "realName": "pianino-noty-muzyka-3926.jpg", "source": "avto.goodfon.ru"}, "photo": "https://pro.culture.ru/uploads/587bf0c06fc94670f462ee0e74a83e28.jpeg", "gallery": [], "category": {"name": "Концерты", "sysName": "koncerty"}, "time": {"start": "2022-01-27 15:30:00", "end": "2022-01-27 17:00:00"}}, {"id": 1522986, "name": "Концерт «Наше кино»", "age": 6, "description": "<p><span>Филармония приглашает на музыкальную программу «Наше кино», которая пройдет в рамках абонемента «Истории о…».</span></p> <p><span>В исполнении солистов и коллективов филармонии вы услышите песни из самых популярных советских кинофильмов 60-х, 70-х, 80-х годов: «Девчата», «Верные друзья», «Карнавальная ночь», «Аты-баты, шли солдаты», «Бриллиантовая рука», «Кавказская пленница», «Большая перемена», «31 июня», «Мэри Поппинс, до свидания», «Карнавал», «Земля Санникова», «Служебный роман», «Ирония судьбы», «Белое солнце пустыни», «Эта веселая планета», «Вам и не снилось», «Жестокий романс» и др. </span></p> <p><span>Прозвучат песни на музыку композиторов Т. Хренникова, И. Шварца, А. Пахмутовой, М. Дунаевского, А. Петрова, А. Зацепина, А. Рыбникова, М. Таривердиева. </span></p> <p><span>Также в программе гости услышат интересные истории о съемках фильмов, о судьбах<span> </span>знаменитых актеров, снявшихся в этих легендарных кинолентах. </span></p> <p><span>Автор и ведущая – Татьяна Вагачева.</span></p>", "shortDescription": "В программе – известные композиции из любимых советских фильмов.", "min_price": 250, "max_price": 300, "link": "https://www.ivanovokoncert.ru/shows/1704-NASHE-KINO", "status": "accepted", "updateDate": 1640628024894, "start": 1642692600000, "end": 1642698000000, "createDate": 1639122966510, "inAccepted": true, "acceptDate": 1640327963359, "image": {"author": "cont.ws", "name": "d4206349430a6a60a94a4453750f7f7a.jpeg", "realName": "222 (56).jpg", "source": "cont.ws"}, "photo": "https://pro.culture.ru/uploads/d4206349430a6a60a94a4453750f7f7a.jpeg", "gallery": [], "category": {"name": "Концерты", "sysName": "koncerty"}, "time": {"start": "2022-01-20 15:30:00", "end": "2022-01-20 17:00:00"}}, {"id": 1480138, "name": "Концерт «Jazz – Ba – Rock»", "age": 12, "description": "<p><span> Программа состоит из экспериментальных композиций, рожденных необычайно смелым синтезом музыки эпох, разделенных веками. Это дерзкое «соавторство» наших современников с гениями барокко – Бахом и Вивальди, подтверждающее мысль о том, что барочная импровизация отличается от джазовой лишь музыкальным языком.</span></p> <p><span> Московский Violin Jazz Квартет соединяют экспрессивность, присущую хот-джазу, композиционные эксперименты и интеллектуализм пост-бибопа с виртуозной техникой и эрудицией исполнителей, за плечами которых – классическая консерваторская школа. Прибавьте к этому репертуар, простирающийся от Джорджа Гершвина и Гленна Миллера до Майлса Дэвиса и современного джаз-рока. Пластичность, изобретательность, богатство звучания квартета определяются тем, что это – музыканты-единомышленники, абсолютно уверенные в себе и объединенные общей творческой идеей.</span></p>", "shortDescription": "Выступают Московский Violin Jazz Квартет и камерный оркестр Ивановской филармонии.", "min_price": 700, "max_price": 800, "link": "https://www.ivanovokoncert.ru/shows/1718-VIOLIN-JAZZ-KVARTET", "status": "accepted", "updateDate": 1638381610450, "start": 1642433400000, "end": 1642438800000, "createDate": 1637752730614, "inAccepted": true, "acceptDate": 1638342504845, "image": {"author": "topcrop.ru", "name": "16044421ede78d0008d8af1c5b501658.jpeg", "realName": "b5b74a17e6e4709.jpg", "source": "topcrop.ru"}, "photo": "https://pro.culture.ru/uploads/16044421ede78d0008d8af1c5b501658.jpeg", "gallery": [], "category": {"name": "Концерты", "sysName": "koncerty"}, "time": {"start": "2022-01-17 15:30:00", "end": "2022-01-17 17:00:00"}}, {"id": 1480088, "name": "Концерт «Ангел в ночи»", "age": 6, "description": "<p><span>Рождественская программа ансамбля «Светилен» посвящена самым значительным событиям библейского повествования, освященного дарующим веру, любовь и надежду светом Вифлеемской звезды. Таинственный, окутанный песком пустынь и снежными метелями праздник во все времена манил музыкантов, поэтов и художников своей мистической и жизнеутверждающей мощью.</span></p><p><span></span><span> <span>«Им всем хватит места под этой звездой». Эта строка из финальной композиции программы является, по сути, прологом и эпилогом всего концерта. Прозвучат произведения в самых разнообразных жанрах. По замыслу артистов канонические рождественские песнопения, композиции в стилях рок-баллады, фламенко, босановы, кельтской баллады, фьюжн позволят зрителям побывать в самых разных уголках земли. Вдохновенно использован музыкальный орнамент славянских народов, Кавказа, Ближнего Востока, Западной Европы, Латинской Америки.</span></span><span> </span></p><p><span><span>Эффект усилен использованием уникальных музыкальных инструментов. Древнерусские гусли, итальянская окарина, белорусская колесная лира, арабский барабан – думбек, армянский дудук, андалузские кастаньеты. Все это, по убеждению создателей концерта, позволит создать неповторимую атмосферу великого, всемирного и одновременно такого домашнего и уютного праздника.</span></span><span></span></p>", "shortDescription": "Музыкальная программа ансамбля народной духовной музыки «Светилен».", "min_price": 250, "max_price": 300, "link": "https://www.ivanovokoncert.ru/shows/1702-ANGEL-V-NOCHI-SVETIL", "status": "accepted", "updateDate": 1638381610331, "start": 1642174200000, "end": 1642179600000, "createDate": 1637752220648, "inAccepted": true, "acceptDate": 1638279066738, "image": {"author": "pics.alphacoders.com", "name": "cf7aa21a3fab43ad11b6ab01beb4ce63.jpeg", "realName": "thumb-1920-329310.jpg", "source": "pics.alphacoders.com"}, "photo": "https://pro.culture.ru/uploads/cf7aa21a3fab43ad11b6ab01beb4ce63.jpeg", "gallery": [], "category": {"name": "Концерты", "sysName": "koncerty"}, "time": {"start": "2022-01-14 15:30:00", "end": "2022-01-14 17:00:00"}}, {"id": 1467936, "name": "Спектакль «Фея кукол»", "age": 0, "description": "<p><span><span> </span>«Фея кукол»</span><span> – это рождественская история, которая разворачивается в лавке игрушек, где хозяин устраивает демонстрацию и распродажу редких потрясающих кукол. Главное действующее лицо – бедная девушка Анна. Она – олицетворение доброты и честности, которых так не хватает многим людям. </span></p><p><span>Именно благодаря этим качествам Анна попадает в настоящую сказку с ожившими куклами, балом и невероятным перевоплощением из бедной замарашки в потрясающую принцессу. Она доказала, что доброта и честность способны превратить сказку в быль и сотворить настоящее чудо. <br /> </span></p>", "shortDescription": "Балет-сказка для детей и взрослых.", "min_price": 250, "max_price": 300, "link": "https://www.ivanovokoncert.ru/shows/1771-FEYA-KUKOL", "status": "accepted", "updateDate": 1640023211912, "start": 1640440800000, "end": 1641636900000, "createDate": 1637310199852, "inAccepted": true, "acceptDate": 1639746674502, "image": {"author": "charybary.ru", "name": "819786d358dda631eca325ca4a9cab0d.jpeg", "realName": "mini-kak-stat-feej-1.jpg", "source": "charybary.ru"}, "photo": "https://pro.culture.ru/uploads/819786d358dda631eca325ca4a9cab0d.jpeg", "gallery": [], "category": {"name": "Спектакли", "sysName": "spektakli"}, "time": {"start": "2021-12-25 14:00:00", "end": "2022-01-08 10:15:00"}}, {"id": 1437693, "name": "Концерт «Филармония новогодняя»", "age": 6, "description": "<p><span>В преддверии самого долгожданного праздника Нового года зрителей приглашают на музыкальную программу «Филармония новогодняя»! Вас</span><span> ждет фейерверк улыбок, серпантин хорошего настроения, салют веселья и много приятных сюрпризов.</span><span></span></p><p><span>В исполнении коллективов и солистов Ивановской филармонии для вас прозвучат песни о любви, волшебстве, счастье… Вы услышите любимые и знакомые песни из кинофильмов, которые так популярны в канун новогодних праздников. И, конечно, в этот зимний вечер всех зрителей поздравит настоящий Дедушка Мороз!</span></p> <p><span>Дорогие друзья, приходите за самым снежным, морозным и новогодним настроением!</span></p>", "shortDescription": "Праздничная программа с участием коллективов и солистов.", "min_price": 400, "max_price": 450, "link": "https://www.ivanovokoncert.ru/shows/937-FILARMONIYA-NOVOGODNYAYA", "status": "accepted", "updateDate": 1638256729532, "start": 1640705400000, "end": 1640710800000, "createDate": 1636375311794, "inAccepted": true, "acceptDate": 1636605475628, "image": {"author": "million-wallpapers.ru", "name": "4cb1e381b08acf5b419ac8b373c64168.jpeg", "realName": "muzykalnye-noty-svechi-zel-nye-novogodnie-shary.jpg", "source": "million-wallpapers.ru"}, "photo": "https://pro.culture.ru/uploads/4cb1e381b08acf5b419ac8b373c64168.jpeg", "gallery": [], "category": {"name": "Концерты", "sysName": "koncerty"}, "time": {"start": "2021-12-28 15:30:00", "end": "2021-12-28 17:00:00"}}, {"id": 1436524, "name": "Концерт «Паганини русской балалайки»", "age": 6, "description": "<p><span>На сцене Ивановской государственной филармонии выступит давно полюбившийся ивановским зрителям виртуоз-балалаечник Алексей Архиповский с программой «Паганини русской балалайки».</span></p><p><span> Вас ждет увлекательнейшее представление, ведь всего на трех струнах Алексей Архиповский способен создать музыкальную вселенную – от скоморошьих запевок и унылого голоса шарманки до рок-н-ролльного драйва и изощренных классических пассажей… В руках Алексея балалайка звучит то как арфа, то как клавесин, то как банджо, то как, в конце концов, все струнные инструменты всех времен и народов…<br /></span></p> <p><span>Его нередко сравнивают с Паганини или Хендриксом – музыкантами, которые перевернули сознание слушателей, заставив по-новому взглянуть на возможности скрипки и гитары. Архиповский также создал другой стиль игры на балалайке, совмещая аутентичные, гитарные и свои оригинальные приемы извлечения звука с революционным новшеством – «электрификацией» инструмента. Универсальный музыкант, свободный от стилевых и жанровых рамок, Архиповский – желанный гость на фестивалях классической, этнической, фольклорной и джазовой музыки, а также на концертных площадках, число которых стремительно растет как в России, так и за рубежом. В 2011 году виртуоз попал в российскую книгу рекордов в номинации «Лучший в мире балалаечник».</span><span></span></p>", "shortDescription": "Программа виртуоза-балалаечника Алексея Архиповского.", "min_price": 1300, "max_price": 2500, "link": "https://www.ivanovokoncert.ru/shows/1726-ALEKSEI-ARKHIPOVSKII-PAGANINI-RUSSKOI-BALALAIKI", "status": "accepted", "updateDate": 1638256738465, "start": 1639668600000, "end": 1639674000000, "createDate": 1636360787188, "inAccepted": true, "acceptDate": 1637522694834, "image": {"author": "www.arkhipovskiy.com", "name": "7b31ccb9d6ffb4438aa610181d3f7a96.jpeg", "realName": "slider4.jpg", "source": "www.arkhipovskiy.com"}, "photo": "https://pro.culture.ru/uploads/7b31ccb9d6ffb4438aa610181d3f7a96.jpeg", "gallery": [], "category": {"name": "Концерты", "sysName": "koncerty"}, "time": {"start": "2021-12-16 15:30:00", "end": "2021-12-16 17:00:00"}}, {"id": 1436495, "name": "Спектакль «Сказ про Федота-стрельца, удалого молодца»", "age": 6, "description": "<p>Украсить ожидание волшебного праздника Нового года помогут отрывки знаменитой сатирической пьесы в стихах известного российского актера Л. Филатова в прочтении профессиональных артистов с музыкальными иллюстрациями оркестра русских народных инструментов Ивановской филармонии под управлением М. Тоцкого. Смех и хорошее настроение гарантированы! </p><p><span> В программе – музыка В. Андреева, Н. Будашкина, В. Городовской,​ А. Лядова, А. Цыганкова, П. Чайковского и других.</span></p><p><span> Исполнители – </span>Оркестр русских народных инструментов Ивановской государственной филармонии, художественный руководитель – заслуженный артист России С. Лебедев.</p> <p>Автор программы и дирижер – заслуженный артист Республики Карелии М. Тоцкий.</p> <p>Художественное слово – В. Зимин, Е. Лихачева.</p> <p></p>", "shortDescription": "Постановка по пьесе Л. Филатова.", "min_price": 350, "max_price": 400, "link": "https://www.ivanovokoncert.ru/shows/event/4338-M-TOTSKII-i-ORNI-SKAZ-PRO-FEDOTA-STRELTSA", "status": "accepted", "updateDate": 1638256738157, "start": 1639227600000, "end": 1639234800000, "createDate": 1636360442564, "inAccepted": true, "acceptDate": 1636465042757, "image": {"author": "filmatik.ru", "name": "3230fb617a6a8de2252f73e81921237e.jpeg", "realName": "pVI32yzhgFDUq2yC8TzY97mHw2U.jpg", "source": "filmatik.ru"}, "photo": "https://pro.culture.ru/uploads/3230fb617a6a8de2252f73e81921237e.jpeg", "gallery": [], "category": {"name": "Спектакли", "sysName": "spektakli"}, "time": {"start": "2021-12-11 13:00:00", "end": "2021-12-11 15:00:00"}}, {"id": 1315319, "name": "Встреча «Моменты музыки»", "age": 6, "description": "<p style=\"text-align:justify\"><span>25 ноября в 18.30\n        «Моменты музыки»</span></p>\n\n<p style=\"text-align:justify\"><span>В<span>&nbsp; </span>программе: история возникновения знаменитой\n        концертной площадки – концертного зала Общественного собрания (купеческого\n        клуба), её дальнейшая судьба после революции (зимний советский драматический\n        театр, рабочий театр Пролеткульта), деятельность филармонии с момента её\n        основания и до наших дней. Интересные факты об истории филармонической сцены\n        свяжут основную программу - песни и композиции, звучавшие со сцены филармонии\n        на протяжении восьми с половиной десятилетий, а также произведения,\n        исполнявшиеся в начале 20 века со сцены зала Общественного собрания. Зрители\n        узнают и об артистах, исполнявших популярные песни разных лет, в том числе\n        знаменитостях, приезжавших в Иваново с концертными программами.</span></p>\n\n<p style=\"text-align:justify\"><span>В программе принимают\n        участие коллективы и солисты филармонии.</span></p>\n\n<p style=\"text-align:justify\"><span>Автор и ведущая:\n        Татьяна Вагачёва</span></p>", "shortDescription": "Гости узнают историю возникновения знаменитой концертной площадки – концертного зала.", "min_price": 300, "max_price": 350, "link": "https://www.ivanovokoncert.ru/shows/event/4207-MOMENTY-MUZYKI", "status": "accepted", "updateDate": 1638256736564, "start": 1637854200000, "end": 1637859600000, "createDate": 1631004331852, "inAccepted": true, "acceptDate": 1631190947532, "image": {"author": "https://twitter.com/Culture_Ivanovo/status/1123123638067187713?lang=fr", "name": "28f4713e7f34acd15fa5644a88d00e11.jpeg", "realName": "D5Yi-mgW4AAqKki.jpg large.jpg", "source": "https://twitter.com/Culture_Ivanovo/status/1123123638067187713?lang=fr"}, "photo": "https://pro.culture.ru/uploads/28f4713e7f34acd15fa5644a88d00e11.jpeg", "gallery": [], "category": {"name": "Встречи", "sysName": "vstrechi"}, "time": {"start": "2021-11-25 15:30:00", "end": "2021-11-25 17:00:00"}}, {"id": 1315270, "name": "Концерт «На заре советской эстрады»", "age": 12, "description": "<p><span>16 ноября в 18:30 в зале Ивановской государственной филармонии музыкальная программа «На заре советской эстрады» – первый концерт из цикла «На эстрадной волне».</span></p><p><span> В программе принимают участие солисты Ивановской государственной филармонии </span></p><p><span>Концертмейстеры: </span></p><p><span> Почетный работник культуры Ивановской области Валерия Сабурова, лауреат международных конкурсов Татьяна Яковлева. </span></p><p><span> Автор и ведущая – музыковед Надежда Карпова. <br /></span></p> <p><span>В первые послереволюционные годы эстрадная музыка – и не только она – была отодвинута на «задворки» страны. Но вот в 1922 году правительство объявило о наступлении Новой экономической политики. Под этим лозунгом быстро стали появляться и расправлять крылья не только частные предприятия и торговля, но и организации, объединявшие художников, актеров, литераторов.… В одну из таких организаций – Ассоциация Московских Авторов – входили композиторы, поэты, исполнители, отдавшие свой творческий жар романсам. Борис Фомин, братья Покрасс, Борис Прозоровский, Юлий Хайт, Павел Герман, Илья Френкель… Их имена остались не забытыми.</span></p> <p style=\"text-align:justify\"><span></span></p> <p style=\"text-align:justify\"><span></span></p> <p style=\"text-align:justify\"><span></span></p> <p style=\"text-align:justify\"><span></span></p>", "shortDescription": "Для посетителей прозвучат романсы.", "min_price": 300, "max_price": 350, "link": "https://www.ivanovokoncert.ru/shows/event/4195-MUZYKA-V-EPOKHU-NEPA", "status": "accepted", "updateDate": 1638256736203, "start": 1637076600000, "end": 1637082000000, "createDate": 1631003648888, "inAccepted": true, "acceptDate": 1631517643059, "image": {"author": "vedtver.ru", "name": "8b71d33711e5500bfc566e87215d6f35.jpeg", "realName": "f8f912c317a95e83ea949ccf6793e949.jpg", "source": "vedtver.ru"}, "photo": "https://pro.culture.ru/uploads/8b71d33711e5500bfc566e87215d6f35.jpeg", "gallery": [], "category": {"name": "Концерты", "sysName": "koncerty"}, "time": {"start": "2021-11-16 15:30:00", "end": "2021-11-16 17:00:00"}}, {"id": 1314720, "name": "Концерт «Дороги, которые мы выбираем»", "age": 6, "description": "<p><span>12 ноября в 18:30<span> </span><span>к юбилею мастера художественного слова, артиста, члена Союза писателей России Владимира ЗИМИНА</span> на сцене Ивановской государственной филармонии состоится литературно-музыкальная программа «Дороги, которые мы выбираем», созданная по новеллам <span>американского писателя </span>О.Генри.</span></p> <p><span>В исполнении Владимира Зимина прозвучат три новеллы: «Дороги, которые мы выбираем», «Фараон и хорал», «Пока ждет автолюбитель».</span></p> <p><span>В форме небольших новелл О.Генри раскрывает пороки американского общества на заре 20 века, рассказывая читателю о невзгодах повседневной жизни простых американцев – продавщиц, клерков, ковбоев, жуликов и наивных идеалистов, верящих в возможность легко и быстро разбогатеть. О них он пишет иногда с горечью, иногда с иронией, а порой и с насмешкой, правда, снимая остроту жизненных конфликтов неожиданными поворотами сюжета, приводящими, как правило, к традиционному счастливому концу.</span></p> <p><span>В программе принимают участие:</span></p> <p><span>автор и исполнитель – мастер художественного слова Владимир Зимин</span></p> <p><span>ведущая – музыковед Елена Королева</span></p> <p><span>рояль – Татьяна Яковлева</span></p> <p><span>саксофон, гитара, вокал – Алексей Подшивалов</span></p> <p><span>хореография – Маргарита Заболошина и Дмитрий Герасимов</span></p><p></p><p></p><p></p>", "shortDescription": "Литературно-музыкальная программа, созданная по новеллам американского писателя О. Генри.", "min_price": 250, "max_price": 300, "link": "https://www.ivanovokoncert.ru/shows/1652-DOROGI-KOTORYE-MY-VYBIRAEM", "status": "accepted", "updateDate": 1638256736101, "start": 1636731000000, "end": 1636736400000, "createDate": 1630996280845, "inAccepted": true, "acceptDate": 1631190950202, "image": {"author": "https://www.fonstola.ru/download/277863/1680x1050/", "name": "f543c3d543a4c2c8e5634bf471ff6d0f.jpeg", "realName": "fonstola.ru_277863_1680x1050.jpg", "source": "https://www.fonstola.ru/download/277863/1680x1050/"}, "photo": "https://pro.culture.ru/uploads/f543c3d543a4c2c8e5634bf471ff6d0f.jpeg", "gallery": [], "category": {"name": "Концерты", "sysName": "koncerty"}, "time": {"start": "2021-11-12 15:30:00", "end": "2021-11-12 17:00:00"}}, {"id": 1314692, "name": "Концерт Московского камерного мужского хора «Логос»", "age": 12, "description": "<p><span>17 ноября в 18:30 Традиционное мужское многоголосие во всем его разнообразии – от завораживающих древних песнопений до современных композиций представит Московский камерный мужской хор Logos. Художественный руководитель и дирижер хора Алексей Покровский – доцент Российской академии музыки имени Гнесиных и главный регент храма святителя Николая на Трех Горах.</span></p> <p><span>В программе</span><span>: духовные сочинения русских классиков, песнопения на грузинском и греческом языках, любимые песни и мировые хиты в переложении для хора. </span></p> <p><span>Московский камерный мужской хор Logos</span><span> <span> </span>– лауреат всероссийских и международных конкурсов, участвует в архиерейских богослужениях, активно занимается концертной деятельностью в Москве и Московской области, является организатором международного вокально-хорового фестиваля-конкурса «Песни без границ», а также частый гость многих музыкальных фестивалей. </span></p> <p><span>Про каждого артиста хора можно сказать: профессионал, солист со своим музыкальным мышлением. Хор увлеченно исследует и исполняет музыкальный багаж эпох, соотнося его с мироощущением современного человека.</span></p> <p><span>Всех любителей музыки и хорового многоголосия ждем в Ивановской государственной филармонии 17 ноября в 18.30!</span></p>", "shortDescription": "Посетители услышат от завораживающих древних песнопений до современных композиций.", "min_price": 600, "max_price": 700, "link": "https://www.ivanovokoncert.ru/shows/1649-MUZHSKOI-ANSAMBL-LOGOS", "status": "accepted", "updateDate": 1638256736293, "start": 1637163000000, "end": 1637168400000, "createDate": 1630995757845, "inAccepted": true, "acceptDate": 1631190952482, "image": {"author": "muzlarispb.kamrbb.ru", "name": "8a431c84dc8b8c7f83118eeeecb57b3a.jpeg", "realName": "50afeecb31b6c.jpg", "source": "muzlarispb.kamrbb.ru"}, "photo": "https://pro.culture.ru/uploads/8a431c84dc8b8c7f83118eeeecb57b3a.jpeg", "gallery": [], "category": {"name": "Концерты", "sysName": "koncerty"}, "time": {"start": "2021-11-17 15:30:00", "end": "2021-11-17 17:00:00"}}, {"id": 1287029, "name": "Концерт «Я отсюда родом-племенем»", "age": 12, "description": "<p><span>Программу представят:</span></p> <p><span>Губернаторский оркестр русских народных инструментов Вологодской областной государственной филармонии имени В. А. Гаврилина</span></p> <p><span>Художественный руководитель и главный дирижер – заслуженная артистка России Галина Перевозникова</span></p> <p><span>Мужской хор Вологодской филармонии</span></p> <p><span>Солист – заслуженный артист Республики Татарстан, участник телепроектов «Главная сцена», «Живой звук», «Романтика Романса» Альберт Жалилов (баритон, Санкт-Петербург)</span></p> <p><span>Программа «Я отсюда родом-племенем…»</span><span>, 12+</span></p> <p><span>В первом отделении концерта коллективы Вологодской областной государственной филармонии имени В. А. Гаврилина представят одно из самых ярких и значимых творений своего земляка, выдающегося советского и российского композитора Валерия Гаврилина – ораторию-действо «Скоморохи» в переложении для оркестра русских народных инструментов (1967). <br /></span></p> <p><span>Во втором отделении концерта в исполнении оркестра прозвучат «Вальс» и «Военный марш» из сюиты Георгия Свиридова «Метель». Мужской хор Вологодской филармонии исполнит камерные сочинения композитора: «Я отсюда родом-племенем», «Два брата», «Не бойся дороги» и другие, а также песни, созданные на стихи вологодского поэта Николая Рубцова.</span></p>", "shortDescription": "Губернаторский оркестр русских народных инструментов и Мужской хор Вологодской филармонии.", "min_price": 250, "max_price": 300, "link": "https://www.ivanovokoncert.ru/shows/1647-YA-OTSYUDA-RODOM---PLEMENEM", "needCheck": true, "status": "accepted", "updateDate": 1630592949867, "start": 1630164600000, "end": 1634146200000, "createDate": 1629713364722, "inAccepted": true, "acceptDate": 1630592954299, "image": {"author": "culture.ru", "name": "fd37c6cff3d10c80cd03148af76920bb.jpeg", "realName": "b0e177d2ad9f1b72ee49989a7dbb421d.jpeg", "source": "culture.ru"}, "photo": "https://pro.culture.ru/uploads/fd37c6cff3d10c80cd03148af76920bb.jpeg", "gallery": [], "category": {"name": "Концерты", "sysName": "koncerty"}, "time": {"start": "2021-08-28 15:30:00", "end": "2021-10-13 17:30:00"}}, {"id": 1286925, "name": "Концерт «Савва Великолепный»", "age": 6, "description": "<p><span><span> </span>15 октября в 18:30 Ивановская государственная филармония приглашает на первую программу абонемента «Классика сквозь века» – «Савва Великолепный», посвященную 180-летию со дня рождения выдающегося русского промышленника и мецената Саввы Мамонтова.</span></p> <p><span>«Савва Великолепный» – не случайно так называли Савву Ивановича русские художники Коровин и Серов, Васнецов и Поленов, Репин и другие, нашедшие в его доме, в подмосковном имении Абрамцево возможность творить, не думая о хлебе насущном; оперились и начали свой путь в большом искусстве. </span></p><p><span>В программе прозвучат сцены и арии из опер русских композиторов – Н.А.Римского-Корсакова, М.П.Мусоргского, А.С.Даргомыжского, М.И.Глинки, П.И.Чайковского.<br /></span></p> <p><span>Солисты: </span></p> <p><span>Заслуженный артист России Сергей Добролюбов (гобой)</span></p> <p><span>лауреаты всероссийских и международных конкурсов:</span></p> <p><span>Ольга Тихомолова (сопрано) </span></p> <p><span>Сергей Захаров (тенор)</span></p> <p><span>Александр Антонюк (баритон)</span></p> <p><span>Елена Лихачева (сопрано)</span></p> <p><span>Артем Майоров (бас)</span></p> <p><span>Концертмейстеры:</span></p> <p><span>Валерия Сабурова, Татьяна Яковлева</span></p> <p><span>Автор и ведущая программы – музыковед Надежда Карпова</span><span></span></p>", "shortDescription": "Концерт, посвященный памяти С. И. Мамонтова.", "min_price": 250, "max_price": 300, "link": "https://www.ivanovokoncert.ru/shows/1653-SAVVA-VELIKOLEPNYI", "needCheck": true, "status": "accepted", "updateDate": 1638256736006, "start": 1634311800000, "end": 1634317200000, "createDate": 1629711855966, "inAccepted": true, "acceptDate": 1630593126764, "image": {"author": "severstolici.ru", "name": "cf7ec6aaa8edb7a77b3a9a8af6683eee.jpeg", "realName": "Muzyka.jpg", "source": "severstolici.ru"}, "photo": "https://pro.culture.ru/uploads/cf7ec6aaa8edb7a77b3a9a8af6683eee.jpeg", "gallery": [], "category": {"name": "Концерты", "sysName": "koncerty"}, "time": {"start": "2021-10-15 15:30:00", "end": "2021-10-15 17:00:00"}}, {"id": 1286887, "name": "Концерт «Я с Россией говорю»", "age": 6, "description": "<p><span>5 октября в 18:30 на сцене филармонии вновь выступит творческий союз, который давно полюбился ивановской публике.</span></p> <p><span>Абонемент №1 «Музыка – детям» откроет программа «Я с Россией говорю» в исполнении оркестра русских народных инструментов Ивановской государственной филармонии, главный дирижер – заслуженный артист России Сергей Лебедев и ансамбля народной песни «Купель» Ивановского музыкального училища (колледжа), художественный руководитель – почетный работник культуры Ивановской области Любовь Шагалова.</span></p> <p><span>В программе обработки русских народных песен, авторские сочинения.</span></p> <p><span>Ведущая Татьяна Вагачева.</span></p> <p><span> </span></p>", "shortDescription": "Ансамбль «Купель» и оркестр русских народных инструментов.", "min_price": 250, "max_price": 300, "link": "https://www.ivanovokoncert.ru/shows/1648-YA-S-ROSSIEI-GOVORYU-ORNI-I-ANSAMBL-KUPEL", "needCheck": true, "status": "accepted", "updateDate": 1630593137842, "start": 1633447800000, "end": 1633453200000, "createDate": 1629711343797, "inAccepted": true, "acceptDate": 1630593140182, "image": {"author": "Яндекс.Дзен", "name": "3365089f0b7dc19cbcf0380dc6e6ed7b.jpeg", "realName": "derevnya-pogorelka-85839-kypit-uchastok-966009509.jpg", "source": "Яндекс.Дзен"}, "photo": "https://pro.culture.ru/uploads/3365089f0b7dc19cbcf0380dc6e6ed7b.jpeg", "gallery": [], "category": {"name": "Концерты", "sysName": "koncerty"}, "time": {"start": "2021-10-05 15:30:00", "end": "2021-10-05 17:00:00"}}, {"id": 1244517, "name": "Концерт «Услышь меня, хорошая»", "age": 6, "description": "<p>27 октября в 18:30 в рамках XXXI фестиваля искусств «Дни Российской культуры» на сцене Ивановской государственной филармонии выступит известный и горячо любимый публикой баритон из Москвы, заслуженный артист республики Карелия Владислав Косарев. В концертной программе «Услышь меня, хорошая» прозвучат русские романсы, народные песни, советская и зарубежная эстрада XX в.: «Ямщик, не гони лошадей», «Что так сердце растревожено», «Королева красоты», «Besame mucho» и другие.</p> <p>Концерт пройдет в сопровождении оркестра русских народных инструментов Ивановской филармонии, главный дирижер, заслуженный артист России Сергей Лебедев.</p> <p>Московский баритон Владислав КОСАРЕВ – один из самых талантливых и востребованных отечественных певцов. Он возрождает на российской эстраде замечательную традицию исполнения песенных шедевров певцами, с сильными, тембрально богатыми голосами и безупречной академической вокальной школой – такими, какими были Муслим Магомаев, Георг Отс, Юрий Гуляев, Эдуард Хиль и другие. </p>", "shortDescription": "Баритон Владислав Косарев в сопровождении оркестра русских народных инструментов филармонии.", "min_price": 500, "max_price": 600, "link": "https://www.ivanovokoncert.ru/shows/1119-Vladislav-KOSAREV", "needCheck": true, "status": "accepted", "updateDate": 1638256730616, "start": 1635348600000, "end": 1635354000000, "createDate": 1627630362037, "inAccepted": true, "acceptDate": 1630593036517, "image": {"author": "musclub.ru", "name": "a1c0ec833b82f9c7f13a82dcd092aa59.jpeg", "realName": "f98ec1093bbce6ce5ff090d482e91c1f.jpeg", "source": "musclub.ru"}, "photo": "https://pro.culture.ru/uploads/a1c0ec833b82f9c7f13a82dcd092aa59.jpeg", "gallery": [], "category": {"name": "Концерты", "sysName": "koncerty"}, "time": {"start": "2021-10-27 15:30:00", "end": "2021-10-27 17:00:00"}}, {"id": 1244494, "name": "Концерт «Танцы с контрабасом»", "age": 6, "description": "<p>25 октября в 18:30 в рамках XXXI фестиваля искусств «Дни российской культуры» на сцене Ивановской государственной филармонии состоится программа «Танцы с контрабасом» в исполнении заслуженного артиста России, лауреата премии «Чистый звук» Михаила Дзюдзе (балалайка-контрабас, г.Санкт-Петербург) и камерного оркестра Ивановской филармонии, главный дирижер Дмитрий Щудров.<br /> В программе прозвучат сочинения: И.-С.Баха, А.Корелли, И.Альбениса, Э.Грига, Е.Петрова, С.Евтушенко, А.Пьяццоллы, А.Шнитке.</p> <p> </p> <p>Михаил Дзюдзе – один из основателей и экс-солист знаменитого петербургского ансамбля «Терем-квартет». До нынешнего дня по виртуозности владения инструментом и силе воздействия на аудиторию музыкант остается непревзойденным исполнителем на балалайке-контрабасе. Подлинный новатор, внесший в исполнительство на своем инструменте множество новых приемов, первым перевел его из ансамблевого в ранг солирующего. Музыкант владеет уникальной исполнительской манерой, которую стремятся перенять музыканты всего мира.</p>", "shortDescription": "Михаил Дзюдзе (балалайка-контрабас, г. Санкт-Петербург) и камерный оркестр Ивановской филармонии.", "min_price": 350, "max_price": 400, "link": "https://www.ivanovokoncert.ru/shows/1641-TANTSY-S-KONTRABASOM", "needCheck": true, "status": "accepted", "updateDate": 1638256735639, "start": 1635175800000, "end": 1635181200000, "createDate": 1627630170992, "inAccepted": true, "acceptDate": 1630592980769, "image": {"author": "тумба.онлайн", "name": "f912db830aada1f698755fc127137881.jpeg", "realName": "1b683da6c9613520b43491e5c7561f6f.jpeg", "source": "тумба.онлайн"}, "photo": "https://pro.culture.ru/uploads/f912db830aada1f698755fc127137881.jpeg", "gallery": [], "category": {"name": "Концерты", "sysName": "koncerty"}, "time": {"start": "2021-10-25 15:30:00", "end": "2021-10-25 17:00:00"}}, {"id": 1244456, "name": "Концерт «Сокровища кельтов»", "age": 6, "description": "<p> Сокровища кельтов<br /><br />Блестящее мастерство и вдохновенные импровизации музыкантов группы Олега Матвеева Classy Jazz, мощь и величие классического органа в исполнении Юлии Иконниковой вы можете услышать в культовой программе «Сокровища кельтов».<br /><br />24 октября в рамках XXXI фестиваля искусств «Дни российской культуры» в Ивановской государственной филармонии состоится грандиозная музыкальная программа, в которой в непревзойденно аранжированных Олегом Матвеевым композициях, сплетутся воедино архаичные мотивы кельтов, язык современного джаза и потрясающая энергетика классического органа.<br /><br />Имя Олега Матвеева и группы Classy Jazz хорошо известны как столичной публике, так и ценителям музыки по всей России. Группа давно и с успехом выступает на самых престижных московских концертных площадках и в ведущих филармониях России. Аншлаги и овации неизменно сопровождают каждый концерт.<br /><br />Секрет успеха – в неповторимых, эксклюзивных программах Олега Матвеева, в тонкой грани слияния классики и джаза, джаза и этнической музыки – которая подвластна только ему – об этом удивительном таланте Олега, в частности, шла речь в интервью на Телеканале «Культура».<br /><br />«Сокровища кельтов» сделаны в стилистике современных европейских (ирландских, исландских и шотландских) исполнителей и групп с использованием вистла, саксофона и концертной шотландской волынки.<br /></p>", "shortDescription": "Группа Олега Матвеева Classy Jazz.", "min_price": 450, "max_price": 500, "link": "https://www.ivanovokoncert.ru/shows/1422-SOKROVISHCHA-KELTOV", "needCheck": true, "status": "accepted", "updateDate": 1638256732499, "start": 1635084000000, "end": 1635089400000, "createDate": 1627629557055, "inAccepted": true, "acceptDate": 1630593022466, "image": {"author": "Олег Матвеев", "name": "d1806d48f87e633a4710cfe53abb21da.jpeg", "realName": "IMG_5918.jpg", "source": "Олег Матвеев"}, "photo": "https://pro.culture.ru/uploads/d1806d48f87e633a4710cfe53abb21da.jpeg", "gallery": [], "category": {"name": "Концерты", "sysName": "koncerty"}, "time": {"start": "2021-10-24 14:00:00", "end": "2021-10-24 15:30:00"}}, {"id": 1244401, "name": "Программа «Душа моя – моя Россия»", "age": 6, "description": "<p>В рамках XXXI фестиваля искусств «Дни российской культуры» состоится большой концерт ансамбля народной песни «Благодатный дом» Ивановской государственной филармонии, художественный руководитель – лауреат международных конкурсов, почетный работник культуры Ивановской области Любовь Шагалова.</p> <p>Коллектив представит программу «Душа моя – моя Россия», в которой прозвучат лучшие образцы русских народных и казачьих песен, любовная лирика, песни советских и российских композиторов. Знакомые мелодии, яркие и колоритные костюмы, виртуозное владение музыкальными инструментами подарят отличное настроение!</p> <p>Высокий художественный вкус, вдохновенное исполнение, профессионализм – составляющие качества ансамбля.</p> <p>В концерте принимают участие лауреаты российских и международных конкурсов:</p> <ul><li>грузинский ансамбль народного танца «Иберия», художественный руководитель – Михаил Лорчошвили;</li><li>ансамбль народной песни «Купель» Ивановского музыкального училища (колледжа), художественный руководитель – Любовь Шагалова.</li></ul> <p>Концертмейстеры:</p> <ul><li>почетный работник культуры Ивановской области Валерия Сабурова (фортепиано);</li><li>лауреаты международных конкурсов Евгений Зелик (баян) и Александр Орлов (баян).</li></ul>", "shortDescription": "Программа ансамбля народной песни «Благодатный дом».", "min_price": 350, "max_price": 400, "link": "https://www.ivanovokoncert.ru/shows/1640-ANSAMBL-NARODNOI-DUKHOVOI-MUZYKI", "needCheck": true, "status": "accepted", "updateDate": 1638256735536, "start": 1634997600000, "end": 1635003000000, "createDate": 1627628851015, "inAccepted": true, "acceptDate": 1630593074859, "image": {"author": "https://vk.com/ivfilarmonia", "name": "b2655880504e54840941871610802f3c.jpeg", "realName": "95c9d4a8a60e0f8bf1c2bbf0b241bbf6.jpeg", "source": "https://vk.com/ivfilarmonia"}, "photo": "https://pro.culture.ru/uploads/b2655880504e54840941871610802f3c.jpeg", "gallery": [], "category": {"name": "Концерты", "sysName": "koncerty"}, "time": {"start": "2021-10-23 14:00:00", "end": "2021-10-23 15:30:00"}}, {"id": 1244339, "name": "Программа «Сюжеты Библии»", "age": 12, "description": "<p>В Ивановской государственной филармонии будет концерт ансамбля народной духовной музыки «Светилен» с программой «Сюжеты Библии».</p> <p>Художественный руководитель – Дмитрий Гаркави. Хормейстер – Илья Саблин.</p> <p>Спасение на ковчеге, исход богоизбранного народа из египетского плена, рождение Богомладенца, поклонение волхвов, крещение в водах Иордана, прогулки Христа с учениками в Гефсиманском саду, распятие и воскресение Иисуса. Музыкальные иллюстрации всех этих событий в стилях различных эпох и народов позволят зрителям погрузиться в атмосферу библейского повествования.</p>", "shortDescription": "Концерт ансамбля народной духовной музыки «Светилен».", "min_price": 250, "max_price": 300, "link": "https://www.ivanovokoncert.ru/shows/1639-SVETILEN.-SYUZHETY-BIBLII", "needCheck": true, "status": "accepted", "updateDate": 1638256735446, "start": 1634657400000, "end": 1634662800000, "createDate": 1627627748200, "inAccepted": true, "acceptDate": 1630593104295, "image": {"author": "chivchalov.blogspot.com", "name": "07a067a8f6dde1030e68675811cc3f06.jpeg", "realName": "484d0d387e93649cd43561648fef0e3f.jpeg", "source": "chivchalov.blogspot.com"}, "photo": "https://pro.culture.ru/uploads/07a067a8f6dde1030e68675811cc3f06.jpeg", "gallery": [], "category": {"name": "Концерты", "sysName": "koncerty"}, "time": {"start": "2021-10-19 15:30:00", "end": "2021-10-19 17:00:00"}}, {"id": 1244299, "name": "Музыкальный спектакль Ольги Амосовой", "age": 6, "description": "<p>Зрители смогут насладиться португальским фаду, песнями калмыцких степей, сербским древним военным маршем, колумбийской кумбией, русскими задорными и печальными песнями, еврейскими мелодиями, самой задорной полькой в мире, чилийскими и мексиканскими ритмами, арабскими мотивами, аргентинским танго. Это театрализованное представление таит немало сюрпризов и неожиданных перевоплощений. <br /> <br /> Весь спектакль пройдет под живую музыку в исполнении лучших музыкантов Ивановской области: Валерии Сабуровой (рояль), Михаила Мишанина (аккордеон), Хорена Гевондяна (скрипка), Сергея Неманова (гитара), Андрея Казакова (бас-гитара), Николая Шадрина (ударные инструменты), Георгия Калошина (перкуссия). Все номера будут сопровождаться яркими танцевальными постановками с участием артистов балета Анастасии Кузнецовой, Артура Ижеского, Владимира Золотухина, Анны Паруновой, Дмитрия Орехова, Ирины Золотухиной. Режиссер концерта – заслуженный артист России Владимир Кочержинский, педагог по вокалу – Евгения Ансерова. </p>", "shortDescription": "Спектакль О. Амосовой под живую музыку в исполнении лучших музыкантов Ивановской области.", "min_price": 250, "max_price": 300, "link": "https://www.ivanovokoncert.ru/shows/1098-Olga-AMOSOVA", "status": "accepted", "updateDate": 1638256730333, "start": 1630764000000, "end": 1630769400000, "createDate": 1627627066208, "inAccepted": true, "acceptDate": 1629353268932, "image": {"author": "Ольга Амосова", "name": "0841d119766d7097988baf56c1b4bb0a.jpeg", "realName": "IMG-20210806-WA0002.jpg", "source": "Ольга Амосова"}, "photo": "https://pro.culture.ru/uploads/0841d119766d7097988baf56c1b4bb0a.jpeg", "gallery": [], "category": {"name": "Спектакли", "sysName": "spektakli"}, "time": {"start": "2021-09-04 14:00:00", "end": "2021-09-04 15:30:00"}}, {"id": 1244271, "name": "Концерт проекта Junior Music Tour", "age": 6, "description": "<p>29 сентября в 18:30 в Ивановской государственной филармонии состоится открытие нового творческого сезона концертом победителей конкурсов «Синяя птица», «Щелкунчик», Astana Piano Passion, Grand Piano Competition и Юношеского конкурса им. П.И. Чайковского в рамках III музыкального тура «Junior Music Tour».</p> <p>Солисты:</p> <p>Эрик Мирзоян (кларнет)</p> <p>Матвей Блюмин (скрипка)</p> <p>Федор Орлов (фортепиано)</p> <p>Анастасия Махамендрикова (фортепиано)</p> <p>В концерте принимает участие Симфонический оркестр Ивановской филармонии, главный дирижер Дмитрий Щудров</p> <p>Этот концерт продолжает прервавшийся весной из-за пандемии третий сезон «Junior Music Tour». Свое путешествие музыканты начали с Москвы и продолжают по другим городам России, и за свои успехи удостоились стипендий от Фонда президентских грантов в 2020 году. По словам организаторов, выступления талантливых юных музыкантов – не только бесценный и необходимый сценический опыт для самих исполнителей, это и замечательная возможность для молодых зрителей познакомиться со своими сверстниками, что служит положительным примером и мотивацией для их занятий музыкой и профессионального роста.</p> <p>Проект проводится при поддержке Департамента культуры и Департамента СМИ и рекламы г.Москвы, а также АНО «Центр поддержки лауреатов международных конкурсов» и ООО«Газпром трансгаз Москва».</p>", "shortDescription": "Юные музыканты исполнят классическую музыку.", "min_price": 250, "max_price": 300, "link": "https://www.ivanovokoncert.ru/shows/1645-JUNIOR-MUSIC-TOUR", "needCheck": true, "status": "accepted", "updateDate": 1638256735875, "start": 1632929400000, "end": 1632934800000, "createDate": 1627626633569, "inAccepted": true, "acceptDate": 1630592995022, "image": {"author": "artfile.ru", "name": "b9df5cfd63874cb91a951d1789b9492c.jpeg", "realName": "4368x2912_1327032_[www.ArtFile.ru].jpg", "source": "artfile.ru"}, "photo": "https://pro.culture.ru/uploads/b9df5cfd63874cb91a951d1789b9492c.jpeg", "gallery": [], "category": {"name": "Концерты", "sysName": "koncerty"}, "time": {"start": "2021-09-29 15:30:00", "end": "2021-09-29 17:00:00"}}, {"id": 944695, "name": "Моноспектакль «Время облаков»", "age": 6, "description": "<p>11 ноября в 18:30 Ивановская государственная филармония представит спектакль «Время облаков» – авторскую композицию балетмейстера и солистки балета Ивановской государственной филармонии Маргариты Заболошиной о балерине Анне Павловой. Пластическое размышление-мимолетность «Время облаков» завоевало Гран-При III межрегионального фестиваля моноспектаклей «Я – ТЕАТР!». Участие принимают: Анна Павлова, ее Тень – Маргарита Заболошина, Сергей Дягилев – Сергей Захаров, голос Анны Павловой – Наталья Фураева. Авторы текста – Дмитрий Лапшов, Маргарита Заболошина. Балет «Время облаков» – это фантазия – размышление о жизни и творчестве великой русской балерины Анны Павловой. О ее поисках, сомнениях, радостях и разочарованиях. Не документально-точная биография, а хореографическо-драматический этюд о Личности в Искусстве. Не случайно, другим действующим лицом является Сергей Дягилев, антрепренер и меценат, открывший миру классический балет России в «Русских сезонах» в Париже. Пути Павловой и Дягилева постоянно пересекались, их деловые отношения были неоднозначны и к роли Дягилева в успехе и мировой известности балерины можно относиться по-разному. Авторы предлагают вместе с ними пройти по лабиринту судеб двух людей, отдавших свои жизни Искусству.</p>", "shortDescription": "Авторская композиция балетмейстера Маргариты Заболошиной о балерине Анне Павловой.", "min_price": 250, "max_price": 350, "link": "https://www.ivanovokoncert.ru/shows/event/4433-VREMYA-OBLAKOV", "needCheck": true, "status": "new", "updateDate": 1638256738662, "start": 1616772600000, "end": 1639760400000, "createDate": 1613372109505, "inAccepted": true, "acceptDate": 1633933557906, "image": {"author": "histyle.mediasole.ru", "name": "228c7f709e48eac8b301a53f7db83f59.jpeg", "realName": "fatin23.jpg", "source": "histyle.mediasole.ru"}, "photo": "https://pro.culture.ru/uploads/228c7f709e48eac8b301a53f7db83f59.jpeg", "gallery": [], "category": {"name": "Спектакли", "sysName": "spektakli"}, "time": {"start": "2021-03-26 15:30:00", "end": "2021-12-17 17:00:00"}}]}