{"11695": [{"id": 1293950, "name": "Новогодняя интеллектуальная игра", "age": 12, "description": "<p> МАУК «Дом культуры Ленинского округа» приглашает молодежь от 14 до 22 лет – обладателей Пушкинской карты для участия в игре-викторине. Во время игры вы сможете проверить и закрепить свои знания о том, как празднуют Новый год в России и других странах мира, расширить свой кругозор, образное и логическое мышление.</p><p>Интерактивная игра составлена на основе популярных интеллектуальных телевизионных игр. Состоит из 3 раундов и 5 разделов (например, «Зимние загадки», «Дед Мороз», «Зимние ребусы», «Верите ли вы...?», «В гостях у сказки»). Каждый раздел содержит 5 вопросов.]<br /> </p>", "shortDescription": "Участники проверят свои знания о новогодних праздниках.", "min_price": 400, "max_price": 400, "link": "https://51bilet.ru/event/378166", "status": "accepted", "updateDate": 1630218830173, "start": 1640685600000, "end": 1640696400000, "createDate": 1629968805059, "inAccepted": true, "acceptDate": 1630307844358, "image": {"author": "Дом культуры Ленинского округа города Мурманска", "name": "077f1b8c409e46f3fe90825f2d62bc23.jpeg", "realName": "tH-V6-UXsjk.jpg", "source": "https://vk.com/lendk51"}, "photo": "https://pro.culture.ru/uploads/077f1b8c409e46f3fe90825f2d62bc23.jpeg", "gallery": [], "category": {"name": "Встречи", "sysName": "vstrechi"}, "time": {"start": "2021-12-28 10:00:00", "end": "2021-12-28 13:00:00"}}, {"id": 1289981, "name": "Военно-патриотическая игра «Зарница»", "age": 0, "description": "<p> МАУК «Дом культуры Ленинского округа» приглашает молодежь от 14 до 22 лет принять участие в военно-патриотической игре «Зарница» </p><p>Зарница – это праздник, который дает бурю эмоций в реализации индивидуальных навыков по начальной военной подготовке, совершенствованию военно-патриотической и спортивной работы. </p><p>В ходе игры участники делятся на команды и соревнуются в различных военно-прикладных видах деятельности в спортивно-игровой форме. В процессе игры мальчишки и девчонки получают возможность проявить себя индивидуально и в команде, отрабатывают полезные навыки в коммуникации, принятии решения в экстремальных ситуациях, умении оказать первую медицинскую помощь пострадавшему. </p>", "shortDescription": "Зарница – это праздник, который дает бурю эмоций!", "min_price": 200, "max_price": 200, "link": "https://51bilet.ru/event/377608", "status": "accepted", "updateDate": 1630063477927, "start": 1638604800000, "end": 1638610200000, "createDate": 1629808107777, "inAccepted": true, "acceptDate": 1630074711962, "image": {"author": "Дом культуры Ленинского округа города Мурманска", "name": "01609d0adae28b57cc3b32cb983711cb.jpeg", "realName": "DV3I9SURcVE.jpg", "source": "https://vk.com/lendk51"}, "photo": "https://pro.culture.ru/uploads/01609d0adae28b57cc3b32cb983711cb.jpeg", "gallery": ["https://pro.culture.ru/uploads/09a32b22c746fb06d385dc28c27dbda1.jpeg"], "category": {"name": "Встречи", "sysName": "vstrechi"}, "time": {"start": "2021-12-04 08:00:00", "end": "2021-12-04 09:30:00"}}]}