{"12728": [{"id": 1523702, "name": "Концерт камерного оркестра филармонии", "age": 6, "description": "<p> Концертная прграмма камерного оркестра под руководством заслуженного артиста Республики Башкортостан Раушана Якупова. </p><p>Солист – лауреат международных конкурсов Арсений Тарасевич-Николаев (фортепиано). Пианист Арсений Тарасевич-Николаев широко известен в мировом музыкальном мире. Гастролирует в странах Европы и Азии (в том числе в Италии, Великобритании, Франции, Германии, Испании, Швейцарии, Норвегии, Польше, Литве, Израиле, Китае, Японии), а также в США. 2015 году Арсений записал в Германии свой первый диск, в который вошли произведения Дебюсси и Равеля (Acousense). Весной 2018 года вышел его новый альбом с произведениями Рахманинова, Прокофьева, Метнера, Скрябина и Т. Николаевой (Decca). </p><p>В программе: </p><ol><li> Л. ван Бетховен. Концерт для фортепиано с оркестром № 3 c-moll, ор. 37, в трех частях.</li><li> П. И. Чайковский. Симфония № 1 «Зимние грезы» q-moll, соч. 13, в четырех частях.</li></ol>", "shortDescription": "В программе - симфоническая музыка, солист Арсений Тарасевич–Николаев (фортепиано)", "min_price": 300, "max_price": 700, "link": "https://orenfilarmonia.ru/reserve?show=op21_72", "needCheck": true, "status": "accepted", "updateDate": 1640084715737, "start": 1643464800000, "end": 1643472000000, "createDate": 1639132752040, "inAccepted": true, "acceptDate": 1639658050720, "image": {"author": "Ольга Горскова", "name": "47ccd73b76e53c7f3bdfa38e09221285.jpeg", "realName": "5F4A9472.jpg", "source": "Архив оренбургской филармонии"}, "photo": "https://pro.culture.ru/uploads/47ccd73b76e53c7f3bdfa38e09221285.jpeg", "gallery": ["https://pro.culture.ru/uploads/d33860c2b07526880fc8a5c732ef760a.jpeg"], "category": {"name": "Концерты", "sysName": "koncerty"}, "time": {"start": "2022-01-29 14:00:00", "end": "2022-01-29 16:00:00"}}, {"id": 1488706, "name": "Концерт «Все сбудется!»", "age": 0, "description": "<p> Детский хор «Новые имена» Оренбургской областной филармонии широко известен в Оренбургской области и далеко за ее пределами. Юные артисты под руководством замечательных наставников активно и плодотворно трудятся. В репертуаре хора свыше 600 произведений – произведения русской и зарубежной классики, популярные сочинения детской хоровой литературы, джазовые обработки, а также кантаты и ораториальные сочинения крупной формы. </p><p>Детский коллектив – лауреат всероссийских и международных конкурсов. Программа праздничного новогоднего концерта состоит из произведений зарубежных, советских, российских композиторов: Бетховена, Вивальди, Гладкова, Шаинского, Тухманова. Также прозвучат рождественские колядки, русские народные песни и песни про Новый год.</p>", "shortDescription": "В программе – классика, новогодние композиции и др.", "min_price": 700, "max_price": 1000, "link": "https://orenfilarmonia.ru/reserve?show=op21_59", "needCheck": true, "status": "accepted", "updateDate": 1640084961470, "start": 1640613600000, "end": 1640619000000, "createDate": 1638170703542, "inAccepted": true, "acceptDate": 1638804104167, "image": {"author": "Ольга Горскова", "name": "9effb8891cf90a9fb0fcb9ca3209427b.jpeg", "realName": "DSC_7378.JPG", "source": "Архив Оренбургской областной филармонии"}, "photo": "https://pro.culture.ru/uploads/9effb8891cf90a9fb0fcb9ca3209427b.jpeg", "gallery": ["https://pro.culture.ru/uploads/fb9dbe09d43032bceb88f50cdb22fb64.jpeg"], "category": {"name": "Концерты", "sysName": "koncerty"}, "time": {"start": "2021-12-27 14:00:00", "end": "2021-12-27 15:30:00"}}, {"id": 1443688, "name": "Спектакль «Иван-царевич»", "age": 6, "description": "<p><span>В одном государстве, где правил Аггей, появились на свет три Ивана – царевич, подкидыш и Варварин сын. Да только злодеи<span> </span>захотели захватить власть и подменили истинного наследника. Прошло 20 лет, а обман не раскрыт. Как разобраться, кто из трех Иванов должен занять престол?<span> </span>А тот, кто спасет царевну Милолику! </span><span></span><span>Ее держит в плену беспощадный Кощей Бессмертный. </span></p><p><span>Иваны пройдут немало<span> </span>сказочных испытаний, полетят на ковре-самолете, повстречают Ягу и освободят жар-птицу от<span> </span>шаха Бабадура – в общем, покажут кто на что способен и горазд. И все станет ясно. Хотя «не то важно, кто царевич, а то – какой человек». Это сказка о любви и дружбе, честности и верности, о том, что в любые времена нет силы большей, чем добро.</span> </p>", "shortDescription": "Сказка для детей.", "min_price": 200, "max_price": 500, "link": "https://orendrama.ru/bilet.html", "status": "accepted", "updateDate": 1640346508296, "start": 1640410200000, "end": 1645342200000, "createDate": 1636544317752, "inAccepted": true, "acceptDate": 1640346508364, "image": {"author": "Рустам Баширов", "name": "8a8d65da88347a0123707e2ce54b6f52.jpeg", "realName": "Nwhnou-giT4.jpg", "source": "архив театра"}, "photo": "https://pro.culture.ru/uploads/8a8d65da88347a0123707e2ce54b6f52.jpeg", "gallery": [], "category": {"name": "Спектакли", "sysName": "spektakli"}, "time": {"start": "2021-12-25 05:30:00", "end": "2022-02-20 07:30:00"}}, {"id": 1443576, "name": "Спектакль «Моя прекрасная леди»", "age": 12, "description": "<p><span>Никогда не заговаривайте в присутствии незнакомца. Ваше произношение расскажет о вас больше, чем вы сами того хотите…</span></p><p><span> Итак, эта история начинается в один дождливый лондонский вечер. Два джентльмена заключили пари, что один из них, профессор фонетики Генри Хиггинс, сделает герцогиню из обычной уличной цветочницы Элизы Дулитл. Афера чистой воды? Именно так это авантюрное пари и выглядело на первый взгляд. Уроки, споры, слезы и снова уроки… В таком ритме прошло полгода. Вот только вместе с новыми знаниями в жизнь Элизы и профессора Хиггинса пришли новые неведомые им чувства.</span></p> <p><span>Хит мировых театральных подмостков теперь и на сцене Оренбургского драматического театра.</span></p>", "shortDescription": "Мюзикл Ф. Лоу и А. Лернера.", "min_price": 200, "max_price": 1000, "link": "https://orendrama.ru/bilet.html", "needCheck": true, "status": "accepted", "updateDate": 1640148700934, "start": 1639661400000, "end": 1645200000000, "createDate": 1636543086148, "inAccepted": true, "acceptDate": 1639299040490, "image": {"author": "Василий Денисов", "name": "abed767d2b7acbe6b784d3256ffc6b2b.jpeg", "realName": "Леди сдача фото В Денисова 2021 (54).JPG", "source": "архив театра"}, "photo": "https://pro.culture.ru/uploads/abed767d2b7acbe6b784d3256ffc6b2b.jpeg", "gallery": [], "category": {"name": "Спектакли", "sysName": "spektakli"}, "time": {"start": "2021-12-16 13:30:00", "end": "2022-02-18 16:00:00"}}, {"id": 1303837, "name": "Концерт Камерного оркестра", "age": 6, "description": "<p> Скрипач Гайк Казаян широко известен в мировом музыкальном мире. Его концерты с успехом проходят в Великобритании, Франции, Бельгии, Нидерландах, Японии, США и других странах. Хорошо знаком он и российской публике – он играл в зале Чайковского, Московском международном доме музыки и на других концертных площадках не только столицы, но и ряде городов России. Гайк Казаян выступит с камерным оркестром Оренбургской областной филармонии под руководством заслуженного артиста Республики Башкортостан Раушана Якупова. </p><p>В программе: </p><p>1. Й. Брамс. Концерт для скрипки с оркестром D-dur, ор. 77, в 3-х частях. </p><p> 2. А. Дворжак. Симфония № 9 e-moll «Из Нового Света», соч. 95, B. 178, в 4-х частях. <br /></p><p>Концерт состоится при поддержке Министерства культуры РФ в рамках проекта «Всероссийские филармонические сезоны». </p>", "shortDescription": "Выступление Камерного оркестра Оренбургской областной филармонии, солист – Гайк Казазян (скрипка).", "min_price": 200, "max_price": 700, "link": "https://orenfilarmonia.ru/reserve?show=op21_2", "status": "accepted", "updateDate": 1630929264330, "start": 1635343200000, "end": 1635348600000, "createDate": 1630491810268, "inAccepted": true, "acceptDate": 1631419646640, "image": {"author": "Архив Оренбургской областной филармонии", "name": "5ea3478f036e4577cbe0b20c186229cc.jpeg", "realName": "kopiya_dsc_0244_0.jpg", "source": "https://orenfilarmonia.ru/content/kamernyy-orkestr-orenburgskoy-oblastnoy-filarmonii"}, "photo": "https://pro.culture.ru/uploads/5ea3478f036e4577cbe0b20c186229cc.jpeg", "gallery": ["https://pro.culture.ru/uploads/9864ffed9132da656a01b1591276cfb8.jpeg"], "category": {"name": "Концерты", "sysName": "koncerty"}, "time": {"start": "2021-10-27 14:00:00", "end": "2021-10-27 15:30:00"}}, {"id": 1262986, "name": "Спектакль «Любовь и голуби»", "age": 12, "description": "<p><span>Всеми любимый фильм в постановке Владимира Меньшова вот уже 30 лет не теряет своей популярности у российского зрителя. Пьесу «Любовь и голуби» написал сибирский актер и драматург Владимир Гуркин. Эту историю он вовсе не выдумал: она произошла на самом деле с его знакомыми Кузякиными. Были и верная Надюха, и любитель голубей Василий, и их дети, и коварная разлучница с курорта. А прототипами дяди Мити и бабы Шуры стали родные бабушка и дедушка Гуркина. Как только пьеса была поставлена на сцене и появилась на киноэкранах, она завоевала симпатии зрителей.</span></p> <p><span>Спектакль – наивная история деревенской семьи, пережившей уготованное ей испытание. Трогательная история любви Васи и Нади Кузякиных продолжает волновать сердца многих зрителей.</span></p>", "shortDescription": "Комедия в двух действиях.", "min_price": 200, "max_price": 800, "link": "https://orendrama.ru/bilet.html", "needCheck": true, "status": "accepted", "updateDate": 1640149151269, "start": 1631966400000, "end": 1644157800000, "createDate": 1628570335110, "inAccepted": true, "acceptDate": 1638254714464, "image": {"author": "Василий Денисов", "name": "14a9b312ada392782138d7b7c8e30a1e.jpeg", "realName": "YRtFWeE4k2Y.jpg", "source": "Архив театра"}, "photo": "https://pro.culture.ru/uploads/14a9b312ada392782138d7b7c8e30a1e.jpeg", "gallery": [], "category": {"name": "Спектакли", "sysName": "spektakli"}, "time": {"start": "2021-09-18 12:00:00", "end": "2022-02-06 14:30:00"}}, {"id": 1250182, "name": "Спектакль «Касатка»", "age": 12, "description": "<p><span>Карточные долги, прокуренные салоны, пошлые разговоры окружают бывшую певицу Марию Косареву в Петербурге. Неужели это ее удел? Рядом с ней любовник – князь Бельский, проигравший все свое состояние, и приживала Абрам Желтухин. Но письмо от тетки из деревни, полученное князем накануне, неожиданно зовет их в деревню. </span></p><p><span>Они едут, чтобы отдохнуть, осмотреться, сменить обстановку, прийти в себя… Однако назад они уже не вернутся. Что же становится причиной принятия внезапных, жизненно важных решений, меняющих их судьбы?</span></p>", "shortDescription": "Комедия о любви в двух действиях.", "min_price": 200, "max_price": 800, "link": "https://orendrama.ru/bilet.html", "status": "new", "updateDate": 1639392445472, "start": 1632657600000, "end": 1643385600000, "createDate": 1627967808275, "inAccepted": true, "acceptDate": 1636539534353, "image": {"author": "Василий Денисов", "name": "abca5d37348b2f07ec86f0567aa99cce.jpeg", "realName": "kas.jpg", "source": "Архив театра"}, "photo": "https://pro.culture.ru/uploads/abca5d37348b2f07ec86f0567aa99cce.jpeg", "gallery": [], "category": {"name": "Спектакли", "sysName": "spektakli"}, "time": {"start": "2021-09-26 12:00:00", "end": "2022-01-28 16:00:00"}}, {"id": 1250175, "name": "Спектакль «Земля Эльзы»", "age": 12, "description": "<p><span>Очень часто жизнь проходит в ожидании того, что будет потом: потом будет счастье, радость, любовь… Вот и Эльза, героиня спектакля, ждала своего «потом». Она прошла послевоенный голод, нищету, терпела оскорбления и свой неудачный брак, все ждала, что потом, наконец, все будет хорошо. И вот «потом» случилось! Эльза встретила Василия. Одинокие пожилые люди подарили друг другу новые краски жизни, стали мечтать о будущем, верить в свое возможное счастье.</span></p> <p><span>Это история про обновление души и видение окружающего мира, который преображается, как только у человека появляется надежда. Однако ни дочь, ни внучка Эльзы, ни дети Василия Игнатьевича не готовы порадоваться счастью этих немолодых людей. Ведь они тоже ждут своего «потом».</span></p>", "shortDescription": "Романтическая мелодрама в двух действиях.", "min_price": 200, "max_price": 800, "link": "https://orendrama.ru/bilet.html", "status": "accepted", "updateDate": 1640149228936, "start": 1632571200000, "end": 1645281000000, "createDate": 1627967319069, "inAccepted": true, "acceptDate": 1638254665306, "image": {"author": "Василий Денисов ", "name": "5cbdbbc1a980d9662169002e1b661916.jpeg", "realName": "elza.jpg", "source": "Архив театра"}, "photo": "https://pro.culture.ru/uploads/5cbdbbc1a980d9662169002e1b661916.jpeg", "gallery": [], "category": {"name": "Спектакли", "sysName": "spektakli"}, "time": {"start": "2021-09-25 12:00:00", "end": "2022-02-19 14:30:00"}}, {"id": 1250167, "name": "Спектакль «Продавец дождя»", "age": 12, "description": "<p><span>Затянувшаяся засуха и страшная жара грозят серьезными убытками фермерскому хозяйству семьи Карри. Все мысли героев заняты только тем, чтобы поскорее разразился спасительный ливень. </span></p><p><span>И вот в доме фермера появляется чудак, предлагающий продать столь желанный дождь за 46 долларов. Единственное условие, которое выдвигает странный человек по имени Билл Старбак – поверить в возможность чуда и заплатить ему всего 46 долларов... Продавец дождя принесет с собой отчаявшимся людям долгожданные ливень и любовь.</span></p> <p><span> </span></p>", "shortDescription": "Притча в двух действиях.", "min_price": 200, "max_price": 600, "link": "https://orendrama.ru/bilet.html", "needCheck": true, "status": "new", "updateDate": 1639392817409, "start": 1632317400000, "end": 1643299200000, "createDate": 1627966842216, "inAccepted": true, "acceptDate": 1636539748663, "image": {"author": "Василий Денисов", "name": "0af2b0b1c2e1d0a583b95510669e4f7d.jpeg", "realName": "prod.jpg", "source": "Архив театра"}, "photo": "https://pro.culture.ru/uploads/0af2b0b1c2e1d0a583b95510669e4f7d.jpeg", "gallery": [], "category": {"name": "Спектакли", "sysName": "spektakli"}, "time": {"start": "2021-09-22 13:30:00", "end": "2022-01-27 16:00:00"}}, {"id": 1250158, "name": "Спектакль «Удивительное путешествие Эдварда»", "age": 12, "description": "<p><span>Красивый фарфоровый кролик был любимцем Абилин – девочки, которая наряжала его в шелковые костюмчики, заботилась о досуге и каждое утро заводила его маленькие игрушечные часики. Эдвард никогда не уставал восхищаться собственным совершенством. </span></p><p><span>Но однажды во время морского путешествия Кролик упал за борт и оказался на самом дне. Тут и начались скитания бедного Эдварда. Его хозяевами были разные люди – плохие и хорошие, злые и добрые. Но чем труднее ему приходилось, тем скорее оттаивало его черствое сердце: он учился отвечать любовью на любовь.</span></p>", "shortDescription": "Притча в двух действиях.", "min_price": 200, "max_price": 800, "link": "https://orendrama.ru/bilet.html", "needCheck": true, "status": "accepted", "updateDate": 1640148858060, "start": 1632052800000, "end": 1644676200000, "createDate": 1627966261114, "inAccepted": true, "acceptDate": 1638254844856, "image": {"author": "Александр Ашихмин", "name": "a3f9b88aedc7d529f1340f6577a934e5.jpeg", "realName": "ed.jpg", "source": "Архив театра"}, "photo": "https://pro.culture.ru/uploads/a3f9b88aedc7d529f1340f6577a934e5.jpeg", "gallery": [], "category": {"name": "Спектакли", "sysName": "spektakli"}, "time": {"start": "2021-09-19 12:00:00", "end": "2022-02-12 14:30:00"}}, {"id": 1232496, "name": "Спектакль «Капитанская дочка»", "age": 12, "description": "<p> История создания повести «Капитанская дочка» связана с путешествием А.С. Пушкина по Оренбургской губернии. Молодой дворянин Петр Гринев отправляется на службу в отдаленную уральскую крепость, попадает в буран и спасает от холода случайного встречного, подарив ему свой заячий тулуп. Впоследствии случайный вожатый не раз спасет жизнь самому Гриневу. Ведь он окажется предводителем крестьянского восстания Емельяном Пугачевым. Романтическая история любви Гринева и дочери капитана Миронова Маши развивается на фоне русского бунта – «бессмысленного и беспощадного». Постановка посвящается 220-летию со дня рождения А.С. Пушкина и 275 –летию Оренбургской губернии. </p>", "shortDescription": "Сценическая версия театра.", "min_price": 200, "max_price": 800, "link": "https://orendrama.ru/bilet.html", "status": "accepted", "updateDate": 1640148799359, "start": 1631799000000, "end": 1643904000000, "createDate": 1626937717909, "inAccepted": true, "acceptDate": 1638254883094, "image": {"author": "Василий Денисов", "name": "43a568b7936b1ce52bd1151c956b45eb.jpeg", "realName": "ka.jpg", "source": "архив театра"}, "photo": "https://pro.culture.ru/uploads/43a568b7936b1ce52bd1151c956b45eb.jpeg", "gallery": [], "category": {"name": "Спектакли", "sysName": "spektakli"}, "time": {"start": "2021-09-16 13:30:00", "end": "2022-02-03 16:00:00"}}, {"id": 1232473, "name": "Спектакль «Собака на сене»", "age": 12, "description": "<p><span>Любовь и страсть прекрасной графини Дианы де Бельфлор к своему секретарю-простолюдину Теодоро зарождается в ее сердце из ревности. Теодоро ухаживает за служанкой Марселой, а та не скрывает своего счастья от госпожи. И вот сквозь внешний холод всего сословного величия Дианы прорывается росток обжигающего сердце чувства, разрушающего уверенность, покой и пошатнувшего устои социального неравенства в обществе. Способна ли Диана побороть в себе это опасное чувство, готов ли Теодоро отступиться от прекрасной графини... Ведь они обязаны соблюдать все правила приличия. Или хотя бы делать вид. Но вот уж для кого нет никаких преград общественного мнения, так это для Тристана – верного слуги Теодоро. Ему и предстоит помочь влюбленным соединить свои сердца.</span> </p>", "shortDescription": "Комедия в двух действиях.", "min_price": 200, "max_price": 1000, "link": "https://orendrama.ru/bilet.html", "needCheck": true, "status": "accepted", "updateDate": 1640149051094, "start": 1631712600000, "end": 1644940800000, "createDate": 1626937339269, "inAccepted": true, "acceptDate": 1638254773483, "image": {"author": "Александр Ашихмин", "name": "7022b97e8354a3be791418ea006abe66.jpeg", "realName": "sob.jpg", "source": "архив театра"}, "photo": "https://pro.culture.ru/uploads/7022b97e8354a3be791418ea006abe66.jpeg", "gallery": [], "category": {"name": "Спектакли", "sysName": "spektakli"}, "time": {"start": "2021-09-15 13:30:00", "end": "2022-02-15 16:00:00"}}, {"id": 732701, "name": "Спектакль «Лодочник»", "age": 16, "description": "<p>Раньше герой был простым пьяницей, бывшим поэтом, сторожем и вот стал лодочником. Кстати, на работу его наняла женщина с косой. Те, кого лодочник перевозит на другой берег, обратно не возвращаются. Из лап смерти еще никто не вырывался. Работа оказалась страшной, необычной, но он справился.</p><p> Однажды в его лодке оказалась та, которую он любил много лет назад и с которой расстались непонятно почему. Былое чувство вспыхнуло в потерянном лодочнике с новой силой, он неожиданно для себя понимает, что только в ней его спасение и весь смысл бестолково прожитой жизни. Однако она уже на другом берегу… Ведь еще не поздно начать свою жизнь заново? Или человек начинает это понимать, когда изменить уже ничего невозможно?! Лодочнику во что бы то ни стало нужно повернуть время вспять, обмануть смерть, да и саму жизнь!</p>", "shortDescription": "Невероятная история.", "min_price": 200, "max_price": 800, "link": "https://orendrama.ru/bilet.html", "needCheck": true, "status": "accepted", "updateDate": 1632986262366, "start": 1600263000000, "end": 1636473600000, "createDate": 1599801389899, "inAccepted": true, "acceptDate": 1632986262370, "image": {"author": "Василий Денисов", "name": "222bce28107b3429e40b409ee42cfffd.jpeg", "realName": "jYtTjSZIBcA.jpg", "source": "Архив театра"}, "photo": "https://pro.culture.ru/uploads/222bce28107b3429e40b409ee42cfffd.jpeg", "gallery": [], "category": {"name": "Спектакли", "sysName": "spektakli"}, "time": {"start": "2020-09-16 13:30:00", "end": "2021-11-09 16:00:00"}}, {"id": 732698, "name": "Спектакль «Милые люди»", "age": 12, "description": "<p>Кто они, эти милые люди, о которых болела душа писателя? Обычные сельские жители. У каждого есть своя боль, своя радость, своя мечта. Но видеть в Шукшине лишь талантливого бытописателя – неверно. Шукшин сложнее, противоречивее, глубже. </p><p>Его героям свойственно «соединение разнонаправленных сил», оттого и происходят с ними всякие казусы, ощущают они непонятные волнения, испытывают непознанные чувства. Рабочий завода Андрей вдруг увлекся микроорганизмами, которые можно разглядеть лишь в микроскоп, а бабку Маланью сын позвал в гости в Москву, старик Глухов решился жениться на старости лет, а другой старик мечтает о новой балалайке, Степка вдруг сбежал из тюрьмы, ему неимоверно захотелось вдохнуть воздух родного села… </p><p>Что творится в душе этих людей? О чем важно рассказать зрителям сегодня? Знакомьтесь – «Милые люди»!</p>", "shortDescription": "Лирические истории.", "min_price": 200, "max_price": 800, "link": "https://orendrama.ru/bilet.html", "status": "accepted", "updateDate": 1640149389941, "start": 1600263000000, "end": 1645367400000, "createDate": 1599800980683, "inAccepted": true, "acceptDate": 1638254502850, "image": {"author": "Василий Денисов", "name": "da86bbe0ac08997f756cc7e652a7f245.jpeg", "realName": "qFV_X9NOkxM.jpg", "source": "Архив театра"}, "photo": "https://pro.culture.ru/uploads/da86bbe0ac08997f756cc7e652a7f245.jpeg", "gallery": [], "category": {"name": "Спектакли", "sysName": "spektakli"}, "time": {"start": "2020-09-16 13:30:00", "end": "2022-02-20 14:30:00"}}, {"id": 732690, "name": "Спектакль «Дикарь»", "age": 12, "description": "<p>Отец Пабло некогда принял решение, что его сын «будет жить чистым, без женщин и без книг. Станет как дикий зверь, зато не узнает горя…» Но пришло время Пабло спуститься с гор, и его любящие тетушки, обеспокоенные отсутствием образования, нашли для него учительницу. На глазах зрителей происходит столкновение мира Пабло и мира Маргариты.</p><p> Она многому научилась у своего ученика, а тот, в свою очередь, почерпнул немало знаний из книг, узнал любовь, ради которой стоит жить. Однако примет ли Пабло «светское общество»? Сможет ли он стать своим? Спектакль поднимает вечные проблемы человечества: о лицемерии и искренности, любви и предательстве, корысти и смелости… Это история о романтической любви, способной творить чудеса!</p>", "shortDescription": "Мелодрама в двух действиях.", "min_price": 200, "max_price": 800, "link": "https://orendrama.ru/bilet.html", "status": "new", "updateDate": 1639392248752, "start": 1600257600000, "end": 1642948200000, "createDate": 1599800007577, "inAccepted": true, "acceptDate": 1637341541043, "image": {"author": "Василий Денисов", "name": "b46d8e32efa96c6e650ed7135b0b91ef.jpeg", "realName": "OIYM_GtaJKY.jpg", "source": "Архив театра"}, "photo": "https://pro.culture.ru/uploads/b46d8e32efa96c6e650ed7135b0b91ef.jpeg", "gallery": [], "category": {"name": "Спектакли", "sysName": "spektakli"}, "time": {"start": "2020-09-16 12:00:00", "end": "2022-01-23 14:30:00"}}, {"id": 732688, "name": "Спектакль «Пришел мужчина к женщине»", "age": 12, "description": "<p>Беспроигрышный сюжет на все времена – история взаимоотношений мужчины и женщины, которые проходят все возможные стадии: знакомство, приближение, отчуждение, ссора, любовь, ненависть, и снова любовь… </p><p>В спектакле для двух актеров эта вечная тема не обременена побочными сюжетными линиями. А потому зритель сосредоточен на талантливой игре двух артистов, которые рассказывают историю одиночества и стремления к любви двух людей с предельной достоверностью и трогательностью, сочетающимися с самоиронией и тонким юмором.</p>", "shortDescription": "Комедия в двух действиях.", "min_price": 200, "max_price": 800, "link": "https://orendrama.ru/bilet.html", "status": "accepted", "updateDate": 1639388925604, "start": 1600257600000, "end": 1642694400000, "createDate": 1599799623272, "inAccepted": true, "acceptDate": 1639050255442, "image": {"author": "Василий Денисов", "name": "7bd09d734df898630cfb620e711198c4.jpeg", "realName": "Ywx4pgfCWLU.jpg", "source": "Архив театра"}, "photo": "https://pro.culture.ru/uploads/7bd09d734df898630cfb620e711198c4.jpeg", "gallery": [], "category": {"name": "Спектакли", "sysName": "spektakli"}, "time": {"start": "2020-09-16 12:00:00", "end": "2022-01-20 16:00:00"}}, {"id": 326653, "name": "Музыкальная сказка «Карлик Нос»", "age": 6, "description": "<p>Внутренний мир человека гораздо важнее его внешнего облика. Злая ведьма превратила дочь герцога Мари в гусыню, а Якоба – в уродливого карлика с длинным носом. Его так и прозвали – Карлик Нос. Над ним все смеялись, и даже не признала родная мать. Из гусыни собирались приготовить паштет и подать его на праздничный стол. Но, оказавшись изгоями из-за своей внешности, Якоб и Мари не потеряли доброту своей души. Добро всегда творит чудеса, даже если приходится их долго ждать. </p><p>В сказке добро обязательно побеждает зло.</p>", "shortDescription": "Сказочная история о добре и зле.", "min_price": 200, "max_price": 500, "link": "https://orendrama.ru/bilet.html", "status": "accepted", "updateDate": 1640346545186, "start": 1545456600000, "end": 1644737400000, "createDate": 1542953371464, "inAccepted": true, "acceptDate": 1640346545305, "image": {"author": "Василий Денисов", "name": "b2170384224c4818ce7fe46c6ee679f9.jpg", "realName": "kosoKerVRwU.jpg", "source": "Архив театра"}, "photo": "https://pro.culture.ru/uploads/b2170384224c4818ce7fe46c6ee679f9.jpg", "gallery": [], "category": {"name": "Спектакли", "sysName": "spektakli"}, "time": {"start": "2018-12-22 05:30:00", "end": "2022-02-13 07:30:00"}}, {"id": 298390, "name": "Спектакль «А зори здесь тихие...»", "age": 12, "description": "<p>Это особое произведение о войне. О той войне, которую никто и никогда не представляет, произнося это слово. В нем нет голода и бомбежек, массовых атак и мужественных героев. Но есть чарующая гладь природы, вековые сосны со скалами, шесть красивых девушек... и история их великого подвига. </p><p>Противоестественность происходящего, красота и жестокость, несовместимость женского начала и войны стали основой спектакля, рассказывающего о реальных событиях 1942 года. Это история подвига советских девушек, которые в суровые для страны дни встали на защиту родины.</p>", "shortDescription": "Драматическая поэма по повести Б. Васильева.", "min_price": 200, "max_price": 800, "link": "https://orendrama.ru/bilet.html", "status": "accepted", "updateDate": 1640149546817, "start": 1539783000000, "end": 1645632000000, "createDate": 1538121927319, "inAccepted": true, "acceptDate": 1637138717981, "image": {"author": "Василий Денисов", "name": "994a3806c861a833d56cea0338686925.jpeg", "realName": "DSC_4943.JPG", "source": "архив театра"}, "photo": "https://pro.culture.ru/uploads/994a3806c861a833d56cea0338686925.jpeg", "gallery": [], "category": {"name": "Спектакли", "sysName": "spektakli"}, "time": {"start": "2018-10-17 13:30:00", "end": "2022-02-23 16:00:00"}}]}