{"12723": [{"id": 1463290, "name": "Спектакль «Снежная королева»", "age": 6, "description": "<p><span>Действующие лица и исполнители: </span><span>Мария Демидова, Андрей Минин, Анастасия Утробина, Наталья Морозова, Сергей Кривощеков, Дмитрий Хорошев, Анна Окулова, Валерия Симакова, Эдуард Щербинин, Валерий Дегтянников, Анастасия Бражникова, Александра Симонова, Александр Федосеев, Василий Шипицын, Андрей Майбуров, Валерий Дегтянников, Виталий Вычигин, Сергей Кривощеков, Анастасия Бражникова, Валерия Симакова, Александра Симонова, заслуженный артист РФ Василий Макатерский, Анна Окулова.</span></p> <p><span>Порой бывает, что хочется забраться на диван, закутаться в плед и взять в руки хорошую, добрую сказку, например, «Снежную королеву» Андерсена. За окном мрак, вьюга, пронизывающий холод, а в комнате тепло, светло и уютно. Сверкает огнями новогодняя елка, ощущается легкий аромат хвои. И ты с особенным удовольствием перечитываешь сказку и понимаешь, что она рассказывает о настоящем рождественском чуде! Только так можно назвать историю о том, как девочка Герда своей бескорыстной любовью спасает названного брата по имени Кай. Она преодолевает множество препятствий, прежде чем растопить его сердце, пораженное осколком волшебного зеркала, отражающего зло.</span></p> <p><span> </span><span>Уже почти двести лет по всей Земле люди читают эту сказку. Ее экранизируют, инсценируют. Не остается в стороне и театр.</span><span></span></p>", "shortDescription": "Музыкальная история по сказке Г. Андерсена.", "min_price": 200, "max_price": 250, "link": "https://widget.afisha.yandex.ru/w/sessions/ticketsteam-1846@4930341?clientKey=4917ab99-9cf3-4e29-a855-3c2637604bc6&regionId=11076", "status": "accepted", "updateDate": 1637833223646, "start": 1641474000000, "end": 1641632400000, "createDate": 1637161253934, "inAccepted": true, "acceptDate": 1637737641488, "image": {"author": "ГКБУК «Коми-Пермяцкий национальный ордена «Знак Почета» драматический театр им. М.Горького»", "name": "ab9ae62837b7fa6b1638a8a6ecbd2337.jpeg", "realName": "Снежная королева.jpg", "source": "https://teatrkpo.ru/teatr/repertuar/snezhnaja-koroleva/"}, "photo": "https://pro.culture.ru/uploads/ab9ae62837b7fa6b1638a8a6ecbd2337.jpeg", "gallery": [], "category": {"name": "Спектакли", "sysName": "spektakli"}, "time": {"start": "2022-01-06 13:00:00", "end": "2022-01-08 09:00:00"}}, {"id": 1463265, "name": "Спектакль «Тихо!Ход»", "age": 12, "description": "<p>Друзья-летчики дали обещание не влюбляться до конца войны. Но когда рядом оказываются летчицы женской эскадрильи, устоять оказывается невероятно сложно… Известная история, но что если взглянуть на нее через кинообъектив? Место, куда не ступал зритель, приоткроет свои тайны, и вы окажетесь по ту сторону экрана, на съемочной площадке.<br /> </p><p>Спектакль посвящен всем, кто создавал искусство в тяжелейших условиях военного времени. В годы Великой Отечественной войны кино приобрело особое значение. Оно вдохновляло людей, позволяло отвлечься от тяжелой повседневной рутины. Светлые, добрые, эти кинокартины снимались в тяжелейших условиях, но это не останавливало их создателей, ведь они четко знали, что и для кого делают.</p>", "shortDescription": "Постановка, посвященная героям киноцеха.", "min_price": 250, "max_price": 300, "link": "https://widget.afisha.yandex.ru/w/sessions/ticketsteam-1846@4930377?clientKey=4917ab99-9cf3-4e29-a855-3c2637604bc6&regionId=11076", "status": "accepted", "updateDate": 1639489215990, "start": 1642687200000, "end": 1642694400000, "createDate": 1637160758324, "inAccepted": true, "acceptDate": 1639144394436, "image": {"author": "ГКБУК «Коми-Пермяцкий национальный ордена «Знак Почета» драматический театр им. М.Горького»", "name": "10939bea3b93e43fc587f5d95fa6d70b.jpeg", "realName": "Тихо!ход.jpg", "source": "https://teatrkpo.ru/teatr/repertuar/tiho-h/"}, "photo": "https://pro.culture.ru/uploads/10939bea3b93e43fc587f5d95fa6d70b.jpeg", "gallery": [], "category": {"name": "Спектакли", "sysName": "spektakli"}, "time": {"start": "2022-01-20 14:00:00", "end": "2022-01-20 16:00:00"}}, {"id": 1463256, "name": "Спектакль «Черный монах»", "age": 16, "description": "<p><span>Постановка – номинант Российской национальной театральной премии и фестиваля «Золотая Маска».</span></p><p><span>Самопознание. Почему это важно? А потому, что это ключ к пониманию окружающего и умению отстоять себя. От человека всегда ждут конкретных действий, но забывают спросить – а способен ли он это сделать?</span></p> <p><span>«Черный монах» – история о самопознании, об отношениях, о слепом эгоизме, история многослойная и противоречивая, как всегда у Чехова. Смысловое наполнение дополняется отличным визуалом: глубина игрового пространства, натурализм, переливы света и тени погружают в происходящее и отражают состояние героев.</span></p> <p><span>Быть верным себе и осознать, что окружающие не обязаны соответствовать твоим представлениям. Получилось ли это у героев постановки? Как знать...</span><span></span></p>", "shortDescription": "Несколько эпизодов из жизни Андрея Коврина по повести А. Чехова.", "min_price": 250, "max_price": 250, "link": "https://widget.afisha.yandex.ru/w/sessions/ticketsteam-1846@4930378?clientKey=4917ab99-9cf3-4e29-a855-3c2637604bc6&regionId=11076", "status": "accepted", "updateDate": 1637815215510, "start": 1642773600000, "end": 1642779000000, "createDate": 1637160585041, "inAccepted": true, "acceptDate": 1637660512886, "image": {"author": "ГКБУК «Коми-Пермяцкий национальный ордена «Знак Почета» драматический театр им. М.Горького»", "name": "d007f32da1cb643792a88bb888be7e88.jpeg", "realName": "Черный монах.jpg", "source": "https://teatrkpo.ru/teatr/repertuar/chjornyj-monah/"}, "photo": "https://pro.culture.ru/uploads/d007f32da1cb643792a88bb888be7e88.jpeg", "gallery": [], "category": {"name": "Спектакли", "sysName": "spektakli"}, "time": {"start": "2022-01-21 14:00:00", "end": "2022-01-21 15:30:00"}}, {"id": 1463245, "name": "Спектакль «Потерял слепой дуду»", "age": 16, "description": "<p><span>Постановка создана по одноименной повести-притче Александра Григоренко. В 2016 году это произведение было названо победителем в номинации «XXI век» и обладателем главного приза престижной литературной премии «Ясная поляна».</span></p> <p><span>Действие, географически перемещенное из Сибири в Коми-Пермяцкий округ, получило невероятные органичность и правдивость, сохранив глубину и многомерность общечеловеческих смыслов.</span></p> <p><span>За их многообразием стоит история Шурика. Родившийся с иконописным лицом и слабым слухом, он с малых лет оказался сиротой при живых родителях. Окруженный всеобщей любовью опекающей бабушки, дяди и многочисленной родни, он растет в уверенности, что весь мир за него. Ему удается получить профессию, работу, встретить любовь, жениться, увидеть родную дочку. Но все уходит, как в песок...</span></p> <p><span> Уходит в мир иной и бабушка. Другие по возможности помогают ему, но личные заботы их уводят от Шурика. Он понимает это так: «Все люди – хорошие, только они или заняты, или болеют».</span></p>", "shortDescription": "Картины из жизни семьи Караваевых в двух действиях.", "min_price": 200, "max_price": 250, "link": "https://widget.afisha.yandex.ru/w/sessions/ticketsteam-1846@4930391?clientKey=4917ab99-9cf3-4e29-a855-3c2637604bc6&regionId=11076", "status": "accepted", "updateDate": 1637815215480, "start": 1643119200000, "end": 1643130000000, "createDate": 1637160338639, "inAccepted": true, "acceptDate": 1637659345388, "image": {"author": "ГКБУК «Коми-Пермяцкий национальный ордена «Знак Почета» драматический театр им. М.Горького»", "name": "537eba8841c59259b067ac8729e51d52.jpeg", "realName": "Потерял слепой дуду.jpg", "source": "https://teatrkpo.ru/teatr/repertuar/sht-m-sint-mys-p-ljan-poterjal-slepoj-dudu/"}, "photo": "https://pro.culture.ru/uploads/537eba8841c59259b067ac8729e51d52.jpeg", "gallery": [], "category": {"name": "Спектакли", "sysName": "spektakli"}, "time": {"start": "2022-01-25 14:00:00", "end": "2022-01-25 17:00:00"}}, {"id": 1448764, "name": "Спектакль «Малахитова шкатулка»", "age": 6, "description": "<p><span>Все с детства помнят сказы Павла Бажова про Серебряное копытце, Огневушку-поскакушку, но театр обратился к самой загадочной истории о Хозяйке Медной горы и рассказал ее по-своему. </span></p><p>Прошло время. В рабочем поселке подрастает дочь Степана и Насти. Удивительным образом девочка больше похожа на ребенка… <br /> – Найдет ли дочь свою настоящую мать?<br /> – Возведет ли императрица завод заместо горы?<br /> – Будет ли свадьба?<br /> – И, наконец, что же запоет народ при встрече с самой Хозяйкой?<br /> Продолжение истории о волшебнице уральских гор.<br /> Ждите сиквел от Бажова к Новому году!</p>", "shortDescription": "Sound-эпоc.", "min_price": 350, "link": "https://widget.afisha.yandex.ru/w/sessions/ticketsteam-1846@4832723?clientKey=4917ab99-9cf3-4e29-a855-3c2637604bc6&regionId=11076", "status": "accepted", "updateDate": 1638332246451, "start": 1640415600000, "end": 1641211200000, "createDate": 1636699139418, "inAccepted": true, "acceptDate": 1638332246546, "image": {"author": "ГКБУК «Коми-Пермяцкий национальный ордена «Знак Почета» драматический театр им. М.Горького»", "name": "610ed899328615187a7ed3bf1309f21d.jpeg", "realName": "МалахитоваШкатулкаПример.jpg", "source": "https://teatrkpo.ru/repertoire/"}, "photo": "https://pro.culture.ru/uploads/610ed899328615187a7ed3bf1309f21d.jpeg", "gallery": [], "category": {"name": "Спектакли", "sysName": "spektakli"}, "time": {"start": "2021-12-25 07:00:00", "end": "2022-01-03 12:00:00"}}, {"id": 1448625, "name": "Спектакль «Три одинаковых, или Гузи да Мези – 2»", "age": 12, "description": "<p><span>Вряд ли найдется такой, кто не знает Гузи и Мези. Если не по коми-пермяцким побасенкам, то по спектаклю театра. Их знают не только в ближайшей округе. Они прославились и в Москве. Их имена стали нарицательными, а спектакль – визитной карточкой театра. </span></p><p><span>Но автору Анатолию Радостеву этого показалось мало, и он продолжил историю своих героев. В результате появилась новая пьеса, а вместе с ней – новая героиня. Уступать Гузи и Мези в славе она не собирается. Это видно уже из названия: «Три одинаковых» («Куим öткодь»). Новая пьеса была тут же заправлена в постановочный процесс.</span><span></span></p>", "shortDescription": "Эксцентрическая комедия на коми-пермяцком языке с синхронным переводом на русский язык ", "min_price": 200, "max_price": 350, "link": "https://widget.afisha.yandex.ru/w/sessions/ticketsteam-1846@4829550?clientKey=4917ab99-9cf3-4e29-a855-3c2637604bc6&regionId=11076", "status": "accepted", "updateDate": 1637305086183, "start": 1639576800000, "end": 1639581000000, "createDate": 1636697037566, "inAccepted": true, "acceptDate": 1637053763439, "image": {"author": "ГКБУК «Коми-Пермяцкий национальный ордена «Знак Почета» драматический театр им. М.Горького»", "name": "8b1cd713c4eaad423839d5230aa2a9a8.jpeg", "realName": "Гузи да Мези-2.jpg", "source": "https://teatrkpo.ru/teatr/repertuar/kuim-tkod-ili-guzi-da-mezi-2/"}, "photo": "https://pro.culture.ru/uploads/8b1cd713c4eaad423839d5230aa2a9a8.jpeg", "gallery": [], "category": {"name": "Спектакли", "sysName": "spektakli"}, "time": {"start": "2021-12-15 14:00:00", "end": "2021-12-15 15:10:00"}}, {"id": 1448611, "name": "Спектакль «Гузи да Мези»", "age": 6, "description": "<p><span><span>Зрителей ждет эксцентрическая комедия на коми-пермяцком языке с синхронным переводом на русский язык.</span><br /></span></p><p><span>По своей сути коми-пермяки – народ трудолюбивый. Однако есть среди них и такие лентяи, что рукой лишний раз пошевелить не хотят, им слово-то вымолвить лень! Эти люди и являются героями комедии. </span></p><p><span>Сюжет спектакля прост. В одно прекрасное утро, позавтракав, старик Гузи и жена его Мези заспорили: кому мыть грязную посуду...</span></p><p><span></span></p> <p><span>Гузи – заслуженный артист России Василий Макатерский. </span><span>Мези – заслуженный артист России Анатолий Радостев.</span></p><p><span></span></p><p></p>", "shortDescription": "Комедия на основе коми-пермяцких сказок.", "min_price": 200, "max_price": 350, "link": "https://widget.afisha.yandex.ru/w/sessions/ticketsteam-1846@4829538?clientKey=4917ab99-9cf3-4e29-a855-3c2637604bc6&regionId=11076", "status": "accepted", "updateDate": 1637304016934, "start": 1639490400000, "end": 1639494600000, "createDate": 1636696834852, "inAccepted": true, "acceptDate": 1637129567255, "image": {"author": "ГКБУК «Коми-Пермяцкий национальный ордена «Знак Почета» драматический театр им. М.Горького»", "name": "b68998f4784730f55847ed475db56eef.jpeg", "realName": "Гузи да Мези.jpg", "source": "https://teatrkpo.ru/teatr/repertuar/guzi-da-mezi/"}, "photo": "https://pro.culture.ru/uploads/b68998f4784730f55847ed475db56eef.jpeg", "gallery": [], "category": {"name": "Спектакли", "sysName": "spektakli"}, "time": {"start": "2021-12-14 14:00:00", "end": "2021-12-14 15:10:00"}}, {"id": 1367971, "name": "Спектакль «Книга всех вещей»", "age": 12, "description": "<p>Постановка М. Сапижак по произведению Г. Кейера.<br /></p><p> Девятилетний Томас часто видит то, чего не видят другие: тропических рыбок в городских каналах, необыкновенную красоту девушки с кожаной ногой, доброту старушки-соседки, которую все считают ведьмой. И Иисуса, который частенько приходит к Томасу поболтать. Но также он видит, как отец бьет мать, и даже Иисус здесь бессилен. И только благодаря друзьям Томас однажды понимает: чтобы стать счастливым, нужно просто перестать бояться.</p><p> Продолжительность – 1 час 30 минут.</p>", "shortDescription": "Постановка для молодежи на малой сцене.", "min_price": 300, "max_price": 300, "link": "https://widget.afisha.yandex.ru/w/sessions/ticketsteam-1846@4365498?clientKey=4917ab99-9cf3-4e29-a855-3c2637604bc6&regionId=11076", "status": "accepted", "updateDate": 1639048764521, "start": 1636200000000, "end": 1642608000000, "createDate": 1633352489915, "inAccepted": true, "acceptDate": 1639048764576, "image": {"author": "ГКБУК «Коми-Пермяцкий национальный ордена «Знак Почета» драматический театр им. М.Горького»", "name": "460806e9eda5b3ac182adbc133e2db25.jpeg", "realName": "ОбложкаКнига.jpg", "source": "https://teatrkpo.ru/"}, "photo": "https://pro.culture.ru/uploads/460806e9eda5b3ac182adbc133e2db25.jpeg", "gallery": [], "category": {"name": "Спектакли", "sysName": "spektakli"}, "time": {"start": "2021-11-06 12:00:00", "end": "2022-01-19 16:00:00"}}, {"id": 1367890, "name": "Спектакль «Пошехонская старина»", "age": 18, "description": "<p><span>Личность сложнее художественного образа тем, что ее трудно классифицировать. Ведь в искусстве как? Есть герои и злодеи, порядочные и беспринципные, альтруисты и эгоисты. Но пытаясь втиснуть в эти рамки живого человека, вы увидите, что он там не укладывается, а его поведение более зависит от сиюминутных обстоятельств и легко меняется в зависимости от ситуации.</span></p> <p><span>Эта история состоит из нескольких отдельных историй, рассказывающих об отношениях людей, связанных крепостным правом. Стараясь уйти от привычной дихотомии «угнетенный крестьянин – угнетатель помещик», постановка рисует картину нравов и характера народа во всем его многообразии и противоречивости.</span></p> <p><span> </span><span>И получается, что не только крепостничество с его строгими отношениями господства и подчинения отравляет души людей. А что-то исконное, куда более глубокое и мрачное. То, что мы можем назвать «русской хтонью».</span><span></span></p>", "shortDescription": "Хтонь в 2-х действиях.", "min_price": 200, "max_price": 300, "link": "https://widget.afisha.yandex.ru/w/sessions/ticketsteam-1846@4365475?clientKey=4917ab99-9cf3-4e29-a855-3c2637604bc6&regionId=11076", "status": "accepted", "updateDate": 1634556926088, "start": 1637762400000, "end": 1637856000000, "createDate": 1633351449773, "inAccepted": true, "acceptDate": 1634556926631, "image": {"author": "ГКБУК «Коми-Пермяцкий национальный ордена «Знак Почета» драматический театр им. М.Горького»", "name": "cf440846c5bf20e536d43de0395251a8.jpeg", "realName": "Пошехонская.jpg", "source": "https://teatrkpo.ru/teatr/repertuar/poshehonskaja-starina/"}, "photo": "https://pro.culture.ru/uploads/cf440846c5bf20e536d43de0395251a8.jpeg", "gallery": [], "category": {"name": "Спектакли", "sysName": "spektakli"}, "time": {"start": "2021-11-24 14:00:00", "end": "2021-11-25 16:00:00"}}, {"id": 1367810, "name": "Спектакль «Ноженьки, ноженьки, ноженьки...»", "age": 16, "description": " <p><span>Фантазии по пьесе Н. Коляды «Старосветские помещики» на коми-пермяцком языке с синхронным переводом на русский язык</span></p> <p><span>16+ / Большая сцена / 1 час 45 минут</span></p> <p><span> </span></p> <p><span>Участник основной программы фестиваля «Федерация» (Грозный, Чечня). Победитель фестиваля «Майатул» в трех номинациях (Марий Эл, Йошкар-Ола).</span></p> <p><span> </span></p> <p><span>Постановочная группа</span></p> <p><span>Постановка – Татьяна Воронина (г. Москва)</span></p> <p><span>Сценография и костюмы – Любовь Мелехина, Татьяна Воронина</span></p> <p><span>Перевод на коми-пермяцкий язык – Татьяна Савельева</span></p> <p><span>Свет – Валерий Щербинин</span></p> <p><span>Концертмейстер – Лариса Клещина</span></p> <p><span> </span></p> <p><span>Действующие лица и исполнители</span></p> <p><span>Галина Никитина, Эдуард Щербинин, Сергей Кривощеков, Артем Радостев, Мария Демидова, Марина Рукавицына, Татьяна Савельева, Анастасия Утробина, Василий Шипицын</span></p> <p><span><br /></span></p><p><span>Семейная пара живет мирной и спокойной жизнью. Ничто не может нарушить их тихого счастья. В то же время молодой писатель (Гость – Гоголь) следит за их существованием со стороны. Понимая, что эта сладостная нега не может длиться вечно, он стремится запечатлеть и сохранить ее.</span></p> <p><span> </span></p> <p><span>Спектакль похож на сменяющие друг друга сны, страшные, вязкие, когда герои как будто не могут проснуться. Их сновидения полны мистических знаков, мертвых цветов, плавных и незаметных переходов из одной ночи в другую, от одной смерти к другой.</span></p><p><span>Вся история, решенная в монохромной цветовой палитре, лишена бытового существования.</span><span></span></p><p><span></span></p><p></p>", "shortDescription": "Фантазии по пьесе Н. Коляды «Старосветские помещики».", "min_price": 200, "max_price": 250, "link": "https://widget.afisha.yandex.ru/w/sessions/ticketsteam-1846@4365462?clientKey=4917ab99-9cf3-4e29-a855-3c2637604bc6&regionId=11076", "status": "accepted", "updateDate": 1634019439347, "start": 1637157600000, "end": 1637164800000, "createDate": 1633350463848, "inAccepted": true, "acceptDate": 1634019439358, "image": {"author": "ГКБУК «Коми-Пермяцкий национальный ордена «Знак Почета» драматический театр им. М.Горького»", "name": "2f813892178faf924dd56ee6f640628d.jpeg", "realName": "КокоКкез,Кококкез.jpg", "source": "https://teatrkpo.ru/teatr/repertuar/kokokkez-kokokkez-kokokkez-nozhenki-nozhenki-nozhenki/"}, "photo": "https://pro.culture.ru/uploads/2f813892178faf924dd56ee6f640628d.jpeg", "gallery": [], "category": {"name": "Спектакли", "sysName": "spektakli"}, "time": {"start": "2021-11-17 14:00:00", "end": "2021-11-17 16:00:00"}}, {"id": 1367660, "name": "Спектакль «Старый башмак»", "age": 6, "description": "<p><span>Одна игрушечная ночь / С. Дорожко</span></p> <p><span>6+ / Большая сцена / 1 час 10 минут</span></p> <p> </p> <p><span>Постановочная группа</span></p> <p><span>Режиссер – Юлия Беляева (г. Москва)</span></p> <p><span>Художник – лауреат Национальной театральной премии «Арлекин» Любовь Мелехина</span></p> <p><span>Композитор – Николай Бабич (г. Москва)</span></p> <p><span>Балетмейстер – Евгения Миляева (г. Москва)</span></p> <p><span>Хормейстер – Лариса Клещина</span></p> <p><span>Автор текста песен – Екатерина Ишимцева (г. Москва)</span></p> <p><span>Художник по свету – Валерий Щербинин</span></p> <p> </p> <p><span>Действующие лица и исполнители</span></p> <p><span>Алевтина Власова, Александра Симонова, Анатолий Попов, Александр Федосеев, Артем Радостев, Сергей Лизнев, Ярослава Ульянова, Анна Окулова, Мария Демидова, Виталий Вычигин, Дмитрий Хорошев, Валерий Дегтянников, Андрей Минин, Василий Шипицын, Эдуард Щербинин, Анастасия Бражникова, Галина Никитина, Светлана Суханцева, Андрей Майбуров, Наталья Морозова, Дарья Созонова, Егор Щербинин, Алиса Морозова</span></p> <p> </p> <p><span>Вечерний бой часов. Няня укладывает детей. Тишина. Полумрак. И… Оживают игрушки! Свобода! Наконец-то! Они больше не безвольные марионетки, они берут все в свои руки. И на ходу выдумывают новую историю. «А давайте…» «Да было вчера, давайте лучше…» Но вдруг беззаботная веселость прервана. Страшная угроза, таившаяся во тьме, обретает реальные черты. Есть ли спасение? Кто придет на помощь?</span><b><span></span></b></p>", "shortDescription": "Одна игрушечная ночь.", "min_price": 100, "max_price": 200, "link": "https://widget.afisha.yandex.ru/w/sessions/ticketsteam-1846@4365432?clientKey=4917ab99-9cf3-4e29-a855-3c2637604bc6&regionId=11076", "needCheck": true, "status": "accepted", "updateDate": 1634019475947, "start": 1636610400000, "end": 1636615800000, "createDate": 1633348302433, "inAccepted": true, "acceptDate": 1634019475955, "image": {"author": "ГКБУК «Коми-Пермяцкий национальный ордена «Знак Почета» драматический театр им. М.Горького»", "name": "18cf8c1df0016180b3d9cb7ccacdc132.jpeg", "realName": "Старый башмак.jpg", "source": "https://teatrkpo.ru/teatr/repertuar/staryj-bashmak/"}, "photo": "https://pro.culture.ru/uploads/18cf8c1df0016180b3d9cb7ccacdc132.jpeg", "gallery": [], "category": {"name": "Спектакли", "sysName": "spektakli"}, "time": {"start": "2021-11-11 06:00:00", "end": "2021-11-11 07:30:00"}}, {"id": 1367620, "name": "Спектакль «Уйди-уйди»", "age": 18, "description": "<p><span>Н. Коляда</span></p> <p><span>18+ / Большая сцена / 1 час 40 минут</span></p> <p><span> </span></p> <p><span>Спектакль-обладатель Гран-при III Международного фестиваля современной драматургии «Коляда-plays 2009» (г. Екатеринбург), победитель VIII-го Фестиваля Театров малых городов России.</span></p> <p><span> </span></p> <p><span>Постановочная группа</span></p> <p><span>Режиссер – лауреат премии Пермского края в области культуры и искусства Станислав Мещангин</span></p> <p><span>Художник – Василий Бражкин</span></p> <p><span>Музыкальное оформление – Александр Власов</span></p> <p><span> </span></p> <p><span>Действующие лица и исполнители</span></p> <p><span>Заслуженная артистка РФ Валентина Мещангина, Марина Бенцал, Вера Чугайнова, Галина Никитина, заслуженный артист РФ Василий Макатерский, Александр Федосеев, Сергей Кривощеков, Виталий Вычигин</span></p> <p><span> </span></p> <p><span>На выселках, на краю города, на краю жизни, на последнем этаже пятиэтажки, что напротив военного городка, живут Людмила, ее дочь Анжелика, ее мама Марксина и ее бабушка Энгельсина. К Людмиле, давшей брачное объявление в газете, приезжает знакомиться Валентин. В честь него и устраивается застолье, на которое собираются все обитатели квартиры, а также жених Анжелики, солдат срочной службы Евгений. Во время застолья, как всегда, и начинается «разборка» – кто и зачем тут за столом собрался… Очень смешная и очень грустная комедия.</span><span></span></p>", "shortDescription": "Трагикомедия в двух действиях.", "min_price": 100, "max_price": 200, "link": "https://widget.afisha.yandex.ru/w/sessions/ticketsteam-1846@4365425?clientKey=4917ab99-9cf3-4e29-a855-3c2637604bc6&regionId=11076", "status": "accepted", "updateDate": 1634019509336, "start": 1635948000000, "end": 1635955200000, "createDate": 1633347730631, "inAccepted": true, "acceptDate": 1634019509341, "image": {"author": "ГКБУК «Коми-Пермяцкий национальный ордена «Знак Почета» драматический театр им. М.Горького»", "name": "e94c0cdcc64178a5a3d18608f5d16cb9.jpeg", "realName": "Уйди-уйди.jpg", "source": "https://teatrkpo.ru/teatr/repertuar/ujdi-ujdi/"}, "photo": "https://pro.culture.ru/uploads/e94c0cdcc64178a5a3d18608f5d16cb9.jpeg", "gallery": [], "category": {"name": "Спектакли", "sysName": "spektakli"}, "time": {"start": "2021-11-03 14:00:00", "end": "2021-11-03 16:00:00"}}, {"id": 1337773, "name": "Спектакль «Череп из Коннемары»", "age": 12, "description": "<p> </p><p>Весь мир пытается проникнуть в писательскую лабораторию Мартина МакДонаха и объяснить природу его жестокого парадоксального комедийного таланта. Гротесковый психологизм, абсурдная неразрешимость ситуации, черный юмор, характерные для МакДонаха, в этой пьесе умножены и доведены до предела.</p><p>Мик Дауд, линэнский могильщик, должен в компании с братьями Хенлон извлечь из могилы останки своей жены, погибшей семь лет назад при весьма таинственных обстоятельствах. Между тем все жители городка подозревают в ее убийстве самого Мика…</p><p>«Режиссер Федотов, дотошный до правдоподобных деталей, вытаскивает символическое звучание из обыденных явлений как бы поверх их обыденного существования. Важно запустить механизм повышенного символического ожидания, в вираже которого любые реплики обретают объем и многозвучность. Черный юмор МакДонаха он соединяет с подробной проработкой характеров, заостряя и акцентируя ирландский гротеск», – Дмитрий Бавильский, «Частный корреспондент».</p>", "shortDescription": "Мрачная комедия в двух действиях.", "min_price": 350, "max_price": 400, "link": "https://widget.afisha.yandex.ru/w/sessions/ticketsteam-1846@4099926?clientKey=4917ab99-9cf3-4e29-a855-3c2637604bc6&regionId=11076", "status": "accepted", "updateDate": 1636573663705, "start": 1634306400000, "end": 1634313600000, "createDate": 1632053755964, "inAccepted": true, "acceptDate": 1636573663716, "image": {"author": "Пермский театр \"У Моста\"", "name": "1569b93671305f5e5fae240de4104446.jpeg", "realName": "УМоста.jpg", "source": "https://www.teatr-umosta.ru/skull-from-connemara.html"}, "photo": "https://pro.culture.ru/uploads/1569b93671305f5e5fae240de4104446.jpeg", "gallery": [], "category": {"name": "Спектакли", "sysName": "spektakli"}, "time": {"start": "2021-10-15 14:00:00", "end": "2021-10-15 16:00:00"}}, {"id": 1337768, "name": "Спектакль «Мачеха Саманишвили»", "age": 12, "description": "<p>В театре «У Моста» снова оживает вдохновляющая атмосфера солнечной Грузии! Добрая, светлая, полная оптимизма история о жителях маленькой грузинской деревни, где все живут одной большой дружной семьей. Живут небогато, но весело. А собираясь за большим столом, решают проблемы «всем миром», и каждый готов протянуть руку помощи своему соседу. Здесь общее все: и праздники, и утраты. А в это время овдовевший Бекинэ решил снова жениться…</p><p>Спектакль наполнен остроумными шутками, неиссякаемым жизнелюбием и особым внутренним светом, исходящим от жителей этой славной грузинской деревни, как от теплого летнего солнышка. И здесь Вы обязательно увидите чудо! Не такое, какое случается от взмаха волшебной палочки, а совсем другое, настоящее – то, которое может произойти в жизни каждого из нас, если в наших сердцах поселится искренняя любовь и вера в великую силу добра.</p><p>Музыкальная искрометная комедия, наполненная грузинскими песнями, танцами и тостами, погрузит в теплую атмосферу старой Грузии и не оставит никого равнодушным!</p>", "shortDescription": "Музыкальная искрометная комедия в двух действиях.", "min_price": 350, "max_price": 400, "link": "https://widget.afisha.yandex.ru/w/sessions/ticketsteam-1846@4099914?clientKey=4917ab99-9cf3-4e29-a855-3c2637604bc6&regionId=11076", "status": "accepted", "updateDate": 1633517284916, "start": 1634220000000, "end": 1634227200000, "createDate": 1632053499452, "inAccepted": true, "acceptDate": 1633517284924, "image": {"author": "Пермский театр \"У Моста\"", "name": "eabd3d360f221726eac91e3a7e898676.jpeg", "realName": "МачехаУмоста.jpg", "source": "https://vk.com/album-2007865_279650737"}, "photo": "https://pro.culture.ru/uploads/eabd3d360f221726eac91e3a7e898676.jpeg", "gallery": [], "category": {"name": "Спектакли", "sysName": "spektakli"}, "time": {"start": "2021-10-14 14:00:00", "end": "2021-10-14 16:00:00"}}, {"id": 1337761, "name": "Спектакль «Чернобыльская молитва»", "age": 16, "description": "<p>Спектакль «Чернобыльская молитва» – трижды номинант Российской Национальной театральной премии «Золотая маска» – 2021.<br /><br />В книге «Чернобыльская молитва» нобелевского лауреата Светланы Алексиевич собрано множество свидетельств обычных людей, таких же, как мы, которые жили своей жизнью, верили в свою страну, надеялись на свое государство и любили свою семью. Будущее казалось им действительно светлым. И вдруг в один день это будущее исчезло...<br /><br />Мы с вами точно также, как и герои спектакля живем, верим, надеемся и любим. Верим в светлое будущее. Какие выводы нам необходимо сделать из чернобыльской истории, для того чтобы в какой-то момент судьба не сыграла с нами злую шутку, и все планы на завтрашний день не обернулись трагедией?<br /><br />Слово «Чернобыль» уже давно поселилось в нашем сознании как что-то страшное и пугающее. Всего 50 лет назад его произносили с гордостью. Чернобыльская атомная станция на тот момент была самой большой в Европе, для ее обслуживания был специально построен город Припять. Ничто не предвещало беды. И вдруг – авария. Почему весь мир говорит о Чернобыльской катастрофе, как о крупнейшей техногенной аварии в истории? Почему необходимо помнить о ней? Как эти события отражаются в сегодняшнем дне?<br /><br />В спектакле присутствует сцена курения табака.</p>", "shortDescription": "Хроника будущего.", "min_price": 350, "max_price": 400, "link": "https://widget.afisha.yandex.ru/w/sessions/ticketsteam-1846@4099911?clientKey=4917ab99-9cf3-4e29-a855-3c2637604bc6&regionId=11076", "status": "accepted", "updateDate": 1636573675525, "start": 1634133600000, "end": 1634140800000, "createDate": 1632053089498, "inAccepted": true, "acceptDate": 1636573675706, "image": {"author": "Никитинский театр. г.Воронеж", "name": "958e581aad225d896d781a8b83936c02.jpeg", "realName": "ЧернобыльскаяМолитва.jpg", "source": "https://nikitincenter.ru/chernobylskaia_molitva"}, "photo": "https://pro.culture.ru/uploads/958e581aad225d896d781a8b83936c02.jpeg", "gallery": [], "category": {"name": "Спектакли", "sysName": "spektakli"}, "time": {"start": "2021-10-13 14:00:00", "end": "2021-10-13 16:00:00"}}, {"id": 1337749, "name": "Спектакль «Амеля»", "age": 12, "description": "<p>Роман «Амеля» Николая Крашенинникова (1878-1941), русского писателя, с любовью писавшего о Башкирии и башкирском народе, повествует о судьбе башкирской девочки–сироты, воспитанной овдовевшей бездетной профессоршей в русской дворянской среде. Но Амелю все время тревожит «зов степей», который становится своего рода символом ее родины, маяком, напоминающим об утерянных корнях. Постоянная тревога девочки, ее непрестанный интерес к жизни башкир, ее глубокие переживания о судьбе отчизны объясняются некой генетической памятью, «зовом крови»...</p>", "shortDescription": "Версия в письмах без слов.", "min_price": 350, "max_price": 400, "link": "https://widget.afisha.yandex.ru/w/sessions/ticketsteam-1846@4099888?clientKey=4917ab99-9cf3-4e29-a855-3c2637604bc6&regionId=11076", "status": "accepted", "updateDate": 1636569660151, "start": 1634040000000, "end": 1634047200000, "createDate": 1632052522788, "inAccepted": true, "acceptDate": 1636569660156, "image": {"author": "Башкирский академический театр драмы им.М.Гафури", "name": "bdb7be9e5630e7d160949591caac8e9d.jpeg", "realName": "Амеля.jpg", "source": "https://bashdram.ru/performances/amelya-3.html"}, "photo": "https://pro.culture.ru/uploads/bdb7be9e5630e7d160949591caac8e9d.jpeg", "gallery": [], "category": {"name": "Спектакли", "sysName": "spektakli"}, "time": {"start": "2021-10-12 12:00:00", "end": "2021-10-12 14:00:00"}}, {"id": 1337740, "name": "Спектакль «Королевство кривых»", "age": 12, "description": "<p>«Королевство кривых» – это сказка о непримиримости и отчаянной борьбе простого человека с силами неискоренимого зла. Это сон-воспоминание главной героини Оли (уже пожилой женщины), где она пытается найти своего потерянного друга.</p><p>Она поступила в государственный университет и казалась, что ничего не предвещает беды. Но именно там исчезает ее друг, который уже является студентом, и этот университет превращается в мрачное королевство, полное тайн и кошмаров. Как только Оля начинает задавать все больше и больше вопросов в процессе поиска своего друга Димы, «королевство» все больше начинает проявлять себя. Оля видит несправедливость и бескомпромиссность этого пространства, она видит животные проявления обитателей «королевства». В конце концов Оля понимает, что мир устроен совсем по-другому и что ее представления о нем несостоятельны. Ее друг исчезает в истории, становясь ее частью. Оля понимает это, но решает идти до конца, несмотря на то, что ей самой грозит та же участь.</p><p>В спектакле звучат композиции «Sieben Worte» композитора С.Губайдуллиной в исполнении Андрея Спиридонова (баян), Юлии Страховой (виолончель), Андроника Мелконян, Натальи Пентеговой, Ринаты Ехаевой (скрипка).</p>", "shortDescription": "Постановка на татарском языке.", "min_price": 350, "max_price": 400, "link": "https://widget.afisha.yandex.ru/w/sessions/ticketsteam-1846@4099903?clientKey=4917ab99-9cf3-4e29-a855-3c2637604bc6&regionId=11076", "status": "accepted", "updateDate": 1636573690737, "start": 1633960800000, "end": 1633968000000, "createDate": 1632051861969, "inAccepted": true, "acceptDate": 1636573690745, "image": {"author": "Альметьевский драматический театр", "name": "3bd03d9923f41aa3ac5c7ed5aad2e835.jpeg", "realName": "КоролевствоКривых.Альметьевск.jpg", "source": "http://almetteatr.ru/o-teatre/spektakli/osnovnoy-repertuar/repertuar_128.html"}, "photo": "https://pro.culture.ru/uploads/3bd03d9923f41aa3ac5c7ed5aad2e835.jpeg", "gallery": [], "category": {"name": "Спектакли", "sysName": "spektakli"}, "time": {"start": "2021-10-11 14:00:00", "end": "2021-10-11 16:00:00"}}, {"id": 1337733, "name": "Спектакль «Барыня»", "age": 16, "description": "<p>Эта история более полутора века окутана загадкой. Простой казалось бы вопрос, на который мы пытаемся ответить с раннего детства – почему Герасим утопил Муму? Чем мы старше становимся, тем неочевиднее становятся наши ответы. Герасим, которого лишили всего, что ему было дорого – вольных сельских просторов, любимой женщины Татьяны и собаки Муму, переступает черту всепоглощающего страха и постоянной зависимости перед барыней.</p><p>​Спектакль Буинского театра – это история, случившаяся на плоту, где живут безнадежно одинокие и безвольные люди, в открытом океане. Люди, живущие в эпоху больших перемен, но которые устали даже воображать светлое будущее. Лето сменяется зимой, зима – весной. Плот даст течь и места хватит далеко не всем...</p>", "shortDescription": "По мотивам повести «Муму» И. Тургенева.", "min_price": 350, "max_price": 400, "link": "https://widget.afisha.yandex.ru/w/sessions/ticketsteam-1846@4099900?clientKey=4917ab99-9cf3-4e29-a855-3c2637604bc6&regionId=11076", "status": "accepted", "updateDate": 1636569691946, "start": 1633946400000, "end": 1633953600000, "createDate": 1632051318170, "inAccepted": true, "acceptDate": 1636569691959, "image": {"author": "БУИНСКИЙ ГОСУДАРСТВЕННЫЙ ДРАМАТИЧЕСКИЙ ТЕАТР", "name": "d6b7f6ff1af3e1fc1c0b330c377c5069.jpeg", "realName": "Барыня.Буинск.jpg", "source": "https://www.teatrbua.com/lady"}, "photo": "https://pro.culture.ru/uploads/d6b7f6ff1af3e1fc1c0b330c377c5069.jpeg", "gallery": [], "category": {"name": "Спектакли", "sysName": "spektakli"}, "time": {"start": "2021-10-11 10:00:00", "end": "2021-10-11 12:00:00"}}, {"id": 1337731, "name": "Спектакль «Жребий»", "age": 12, "description": "<p> Этот спектакль – мозаика из рассказов татарских деревенских жителей про любовь, течение времени, о таланте, чувства долга и жизни, смерти и бессмертии, о том, что плохо осознается в молодости, но так остро ощущается в старости. Постановка основана на реальных интервью с сельскими жительницами и полна аутентичных деталей вроде народных песен, плясок и обрядов. Спектакль никого не оставит равнодушным, поскольку это не просто история, культура, быт и судьба татарского народа, эта история без срока давности, эта история о том, что нельзя забывать, это история о жизни. </p>", "shortDescription": "Драма на татарском языке.", "min_price": 350, "max_price": 400, "link": "https://widget.afisha.yandex.ru/w/sessions/ticketsteam-1846@4101897?clientKey=4917ab99-9cf3-4e29-a855-3c2637604bc6&regionId=11076", "status": "accepted", "updateDate": 1636569808152, "start": 1633870800000, "end": 1633878000000, "createDate": 1632051023147, "inAccepted": true, "acceptDate": 1636569808169, "image": {"author": "БУИНСКИЙ ГОСУДАРСТВЕННЫЙ ДРАМАТИЧЕСКИЙ ТЕАТР", "name": "bfb97652f8ce6fb7d98187438f0e0dc3.jpeg", "realName": "Шобага. Буинск.jpg", "source": "https://www.teatrbua.com/shobaga"}, "photo": "https://pro.culture.ru/uploads/bfb97652f8ce6fb7d98187438f0e0dc3.jpeg", "gallery": [], "category": {"name": "Спектакли", "sysName": "spektakli"}, "time": {"start": "2021-10-10 13:00:00", "end": "2021-10-10 15:00:00"}}, {"id": 1337716, "name": "Спектакль «Ба»", "age": 16, "description": "<p><span>Комедия в 2-х действиях / Ю. Тупикина</span></p> <p><span>16+ / Большая сцена / 1 час 50 минут</span></p> <p><span> </span></p> <p><span>Постановочная группа</span></p> <p><span>Постановка – Сергей Андреев</span></p> <p><span>Сценография и костюмы – заслуженный художник РФ Юрий Жарков (г. Пермь)</span></p> <p><span>Музыкальное оформление – Лариса Клещина, Антон Палин</span></p> <p><span> </span></p> <p><span>Действующие лица и исполнители</span></p> <p><span>заслуженная артистка РФ Валентина Мещангина, Мария Демидова, Надежда Крохалева, Сергей Кривощеков, Дмитрий Хорошев, Валерия Симакова, Андрей Майбуров, Александр Федосеев, Эдуард Щербинин</span></p> <p><span> </span></p> <p><span>Тысячи провинциалов каждый день приезжают в Москву, мечтая покорить ее. Вслед за ними тянется вереница родственников. Героиня же этой истории совсем не из числа. Приехав из далекой Сибири в столицу к внучке, она разрушает ее рафинированное, бездетное и почти бесполое существование с уютным пекущим пироги мужчиной. Она снимает с нее пелену иллюзий, условностей и прочих глупостей и обид и возвращает к подлинному смыслу жизни. А ведь для внучки она была не бабуля, не бабушка, а всего лишь ба.</span><span></span></p>", "shortDescription": "Комедия в двух действиях.", "min_price": 200, "max_price": 250, "link": "https://widget.afisha.yandex.ru/w/sessions/ticketsteam-1846@4099844?clientKey=4917ab99-9cf3-4e29-a855-3c2637604bc6&regionId=11076", "status": "accepted", "updateDate": 1633408727249, "start": 1635256800000, "end": 1635264000000, "createDate": 1632050202263, "inAccepted": true, "acceptDate": 1633408727263, "image": {"author": "ГКБУК \"Коми-Пермяцкий драматический театр\"", "name": "e4843a1d47f697b5a6ca8e9473fe6d69.jpeg", "realName": "Ба (9).jpg", "source": "https://teatrkpo.ru/repertoire/"}, "photo": "https://pro.culture.ru/uploads/e4843a1d47f697b5a6ca8e9473fe6d69.jpeg", "gallery": [], "category": {"name": "Спектакли", "sysName": "spektakli"}, "time": {"start": "2021-10-26 14:00:00", "end": "2021-10-26 16:00:00"}}, {"id": 1337713, "name": "Спектакль «Медной горы хозяйка»", "age": 6, "description": "<p></p> <p><span>Sound-эпоc в 2-х действиях / По сказам П. Бажова</span></p> <p><span>6+ / Большая сцена / 1 час 20 минут</span></p> <p><span> </span></p> <p><span>Постановочная группа</span></p> <p><span>Режиссер – Юлия Беляева (г. Москва)</span></p> <p><span>Художник – Любовь Мелехина</span></p> <p><span>Балетмейстер – Анастасия Радостева</span></p> <p><span>Композитор – Николай Бабич (г. Ростов-на-Дону)</span></p> <p><span>Художник по свету – Валерий Щербинин</span></p> <p><span> </span></p> <p><span>Действующие лица и исполнители</span></p> <p><span>Валерия Новодворская, Сергей Лизнев, Анна Окулова, Дмитрий Хорошев, Валерий Дегтянников, Татьяна Томилина, Анастасия Бражникова, Надежда Крохалева, Марина Бенцал, Татьяна Савельева, Марина Рукавицына, Алевтина Власова, Алексей Бусыгин, Александр Федосеев, Галина Кудымова, Алексей Мусатов, Евгений Климов, Дмитрий Долдин, Василий Шипицын, Александр Власов, Андрей Минин, Валерий Дегтянников, Дмитрий Хорошев</span></p> <p><span> </span></p> <p><span>Главный герой Степан, обычный рабочий парень. Его все знают и любят, за веселый нрав вопреки гнету зверствующих начальников. Желая заработать на свадьбу он соглашается на предложение приказчиков отправиться на загадочную и опасную Красную горку для поиска нового рудника. Там-то и встречается Степан с самой Хозяйкой и ее необыкновенной свитой, а повстречав – не может забыть ни саму хозяйку, ни ее невероятное предложение… Как Степан справится со сложным выбором между свободной, таинственной жизнью с прекрасной Хозяйкой и долгом перед невестой Настей?</span><span></span></p>", "shortDescription": "Sound-эпос в двух действиях.", "min_price": 200, "max_price": 250, "link": "https://widget.afisha.yandex.ru/w/sessions/ticketsteam-1846@4099841?clientKey=4917ab99-9cf3-4e29-a855-3c2637604bc6&regionId=11076", "status": "accepted", "updateDate": 1633598893699, "start": 1634972400000, "end": 1637398800000, "createDate": 1632049935328, "inAccepted": true, "acceptDate": 1633598893720, "image": {"author": "Коми-Пермяцкий национальный ордена «Знак Почета» драматический театр им. М. Горького (Кудымкар - Пермский край)", "name": "e3c64a5c60a881a58ebe985d143ce79a.jpeg", "realName": "МеднойГорыХозяйка.jpg", "source": "Коми-Пермяцкий национальный ордена «Знак Почета» драматический театр им. М. Горького (Кудымкар - Пермский край)"}, "photo": "https://pro.culture.ru/uploads/e3c64a5c60a881a58ebe985d143ce79a.jpeg", "gallery": [], "category": {"name": "Спектакли", "sysName": "spektakli"}, "time": {"start": "2021-10-23 07:00:00", "end": "2021-11-20 09:00:00"}}, {"id": 1337709, "name": "Спектакль «Золотая баба»", "age": 12, "description": "<p>Пера, один из главных героев коми-пермяцкого эпоса, предстает в виде юноши, одинокого и потерянного. В своем путешествии он встречает Зарань, юную девушку, которая помогает ему и указывает путь. Пере предстоит столкнуться с опасностью, пройти тяжелое испытание и научиться самопожертвованию.</p><p>Современность и легендарные времена в спектакле сливаются воедино. Народ переживает большое зло, но воссоединяется и становится счастливым. Меняются эпохи, но основополагающие ценности остаются неизменны.</p> <p></p><p><span>Пластический сказ / Н. Макарова</span></p> <p><span>12+ / Большая сцена / 1 час 20 мин</span></p> <p><span> </span></p> <p><span>Постановочная группа</span></p> <p><span>Режиссер – Ирина Ткаченко (Пермь)</span></p> <p><span>Художник – Любовь Мелехина</span></p> <p><span>Композитор – Юлия Колченская (Санкт-Петербург)</span></p> <p><span>Художник по свету – Евгений Козин (Пермь)</span></p> <p><span>Перевод на коми-пермяцкий язык – Татьяна Савельева</span></p> <p><span>Консультант – Василий Гагарин</span></p> <p><span> </span></p> <p><span>Действующие лица и исполнители</span></p> <p><span>Валерий Дегтянников, Ксения Отинова, Александр Федосеев, Андрей Майбуров, Алевтина Власова, Анастасия Утробина, Галина Никитина, Анастасия Бражникова, Анна Окулова, Мария Демидова, Валерия Новодворская, Сергей Кривощеков, Эдуард Щербинин, Марина Рукавицына, Нина Голева, Наталья Морозова, Надежда Крохалева, Татьяна Савельева, заслуженный артист РФ Василий Макатерский, заслуженный артист РФ Анатолий Радостев, заслуженная артистка РФ Валентина Мещангина, Светлана Суханцева, Татьяна Томилина, Марина Бенцал, Александра Симонова, Алексей Бусыгин, Андрей Минин, Сергей Лизнев, Василий Шипицын, Виталий Вычигин</span></p><p><span> </span></p><p></p><p></p> <p></p>", "shortDescription": "Сказ на русском и коми-пермяцком языках.", "min_price": 350, "max_price": 400, "link": "https://widget.afisha.yandex.ru/w/sessions/ticketsteam-1846@4099812?clientKey=4917ab99-9cf3-4e29-a855-3c2637604bc6&regionId=11076", "status": "accepted", "updateDate": 1633520939085, "start": 1633784400000, "end": 1636902000000, "createDate": 1632049687690, "inAccepted": true, "acceptDate": 1633520939091, "image": {"author": "Коми-Пермяцкий национальный ордена «Знак Почета» драматический театр им. М. Горького (Кудымкар - Пермский край)", "name": "3eca09adbde18db0a8bf100f98f39ff1.jpeg", "realName": "ЗарниИньЗолотаябаба.jpg", "source": "Коми-Пермяцкий национальный ордена «Знак Почета» драматический театр им. М. Горького (Кудымкар - Пермский край)"}, "photo": "https://pro.culture.ru/uploads/3eca09adbde18db0a8bf100f98f39ff1.jpeg", "gallery": [], "category": {"name": "Спектакли", "sysName": "spektakli"}, "time": {"start": "2021-10-09 13:00:00", "end": "2021-11-14 15:00:00"}}, {"id": 1337631, "name": "Спектакль «Князь Таврический»", "age": 12, "description": "<p>Ф. Лаубе<br /></p> <p><span>12+ / Большая сцена / 1 час 30 минут</span></p> <p><span> </span></p> <p><span>Постановочная группа</span></p> <p><span>Режиссер – Людмила Макеева (г. Москва)</span></p> <p><span>Художник – Юрий Жарков (г. Пермь)</span></p> <p><span>Композитор – Леонид Михельсон (Израиль)</span></p> <p><span>Балетмейстер – Лаура Хасаншина (г. Пермь)</span></p> <p><span>Хормейстер – Лариса Клещина</span></p> <p><span> </span></p> <p><span>Действующие лица и исполнители</span></p> <p><span>Александр Власов, Светлана Суханцева, Дмитрий Хорошев, Валерия Симакова, Эдуард Щербинин, Александр Федосеев, Татьяна Томилина, Сергей Кривощеков, Алексей Бусыгин, Артем Радостев, Наталья Морозова, Александра Симонова, Андрей Минин, Сергей Лизнев, Алексей Бусыгин, Надежда Крохалева, Марина Бенцал, Анастасия Утробина, Галина Никитина</span></p> <p><span> </span></p> <p><span>В 1787 году Екатерина II отправляется в Таврический вояж – беспрецедентное по размаху, стоимости и числу участников путешествие в Крым. Военачальники и придворные суетятся, наперебой стремясь обеспечить удовольствие императрицы.</span></p> <p><span> </span></p> <p><span>На фоне этих масштабных исторических событий разворачивается трепетная история любви, которая… увидит ли счастливый финал? Ведь героям придется пройти огонь, воду и медные трубы, чтобы обрести, наконец, свое счастье.</span><span></span></p>", "shortDescription": "Комедия-водевиль в двух действиях.", "min_price": 200, "max_price": 250, "link": "https://widget.afisha.yandex.ru/w/sessions/ticketsteam-1846@4099800?clientKey=4917ab99-9cf3-4e29-a855-3c2637604bc6&regionId=11076", "status": "accepted", "updateDate": 1636573717949, "start": 1633442400000, "end": 1633449600000, "createDate": 1632045720947, "inAccepted": true, "acceptDate": 1636573717958, "image": {"author": "Коми-Пермяцкий национальный ордена «Знак Почета» драматический театр им. М. Горького (Кудымкар - Пермский край)", "name": "e905aa0a2d308334bc69c6281e3a1f29.jpeg", "realName": "КнязьТаврический_Единое_поле.jpg", "source": "Коми-Пермяцкий национальный ордена «Знак Почета» драматический театр им. М. Горького (Кудымкар - Пермский край)"}, "photo": "https://pro.culture.ru/uploads/e905aa0a2d308334bc69c6281e3a1f29.jpeg", "gallery": [], "category": {"name": "Спектакли", "sysName": "spektakli"}, "time": {"start": "2021-10-05 14:00:00", "end": "2021-10-05 16:00:00"}}, {"id": 1337625, "name": "Спектакль «Капа, Кузика, Парась да Маня...»", "age": 12, "description": "<p><span>Трагикомедия на коми-пермяцком языке с синхронным переводом на русский язык / Т. Савельева, С. Андреев</span></p> <p><span>12+ / Большая сцена / 1 час 30 минут</span></p> <p><span> </span></p> <p><span>Постановочная группа</span></p> <p><span>Режиссер – Сергей Андреев</span></p> <p><span>Художник – заслуженный художник РФ Юрий Жарков (г. Пермь)</span></p> <p><span> </span></p> <p><span>Действующие лица и исполнители</span></p> <p><span>Татьяна Томилина, Алевтина Власова, Марина Рукавицына, Нина Голева, Татьяна Савельева, Галина Никитина, Андрей Майбуров, Надежда Крохалева</span></p> <p><span> </span></p> <p><span>Четыре старухи Капа, Кузика, Парась и Маня, кот Тишка, коза Катька, две овцы Роза и Лизка… Это все, что осталось от процветающей некогда деревни. А завтра не будет и Капы. Она уедет жить в город к сыну. А сегодня проводы. И без того нелегкая ситуация неожиданно обостряется. Слово за слово и всплывает тайна прошлого. Пожилые женщины «сталкиваются лбами». Но разум торжествует и героини приходят к всепрощению.</span><span></span></p>", "shortDescription": "Трагикомедия на коми-пермяцком языке.", "min_price": 150, "max_price": 200, "link": "https://widget.afisha.yandex.ru/w/sessions/ticketsteam-1846@4099791?clientKey=4917ab99-9cf3-4e29-a855-3c2637604bc6&regionId=11076", "status": "accepted", "updateDate": 1636569823505, "start": 1633266000000, "end": 1633273200000, "createDate": 1632045505326, "inAccepted": true, "acceptDate": 1636569823513, "image": {"author": "Коми-Пермяцкий национальный ордена «Знак Почета» драматический театр им. М. Горького (Кудымкар - Пермский край)", "name": "ac15d72b8c794ad59a66fcdb9245c964.jpeg", "realName": "Капа,Кузика,Парась да Маня.jpg", "source": "Коми-Пермяцкий национальный ордена «Знак Почета» драматический театр им. М. Горького (Кудымкар - Пермский край)"}, "photo": "https://pro.culture.ru/uploads/ac15d72b8c794ad59a66fcdb9245c964.jpeg", "gallery": [], "category": {"name": "Спектакли", "sysName": "spektakli"}, "time": {"start": "2021-10-03 13:00:00", "end": "2021-10-03 15:00:00"}}, {"id": 1337618, "name": "Спектакль «Моя теща»", "age": 12, "description": "<p>Г. Хугаев<br /><a name=\"_GoBack\"></a></p> <p><span>12+ / Большая сцена / 1 час 50 минут</span></p> <p><span> </span></p> <p><span>Постановочная группа</span></p> <p><span>Режиссер – Сергей Андреев</span></p> <p><span>Художник – Лариса Каменских</span></p> <p><span>Композитор – Адик Ованов</span></p> <p><span>Музыкальное оформление – Александр Власов, Лариса Клещина</span></p> <p><span>Хормейстер – Лариса Клещина</span></p> <p><span>Балетмейстер – Анастасия Радостева</span></p> <p><span> </span></p> <p><span>Действующие лица и исполнители</span></p> <p><span>Вера Чугайнова, Александр Власов, Надежда Крохалева, Анастасия Утробина, Артем Радостев, Дмитрий Хорошев, Сергей Кривощеков, Андрей Майбуров, Эдуард Щербинин, Александр Федосеев, Валерия Симакова</span></p> <p><span> </span></p> <p><span>Он и Она любят друг друга и готовы пожениться хоть сегодня. Но Он – небогатый талантливый певец, а Она – дочь отца-тихони и очень строптивой матери с большими амбициями, в планы которой входит свадьба с другим женихом. Кто поможет влюбленным быть вместе? Конечно – любовь с ее находчивостью. А еще – но очень добрый отец.</span><span></span></p>", "shortDescription": "Музыкальная комедия в двух действиях.", "min_price": 200, "max_price": 250, "link": "https://widget.afisha.yandex.ru/w/sessions/ticketsteam-1846@4072870?clientKey=4917ab99-9cf3-4e29-a855-3c2637604bc6&regionId=11076", "status": "accepted", "updateDate": 1636569874910, "start": 1633179600000, "end": 1633186800000, "createDate": 1632045114761, "inAccepted": true, "acceptDate": 1636569874917, "image": {"author": "Коми-Пермяцкий национал–ьный ордена «Знак Почета» драматический театр им. М. Горького (Кудымкар - Пермский край)", "name": "40c46360d4bc47be2b187317dac63986.jpeg", "realName": "Моя теща.jpg", "source": "Коми-Пермяцкий национал–ьный ордена «Знак Почета» драматический театр им. М. Горького (Кудымкар - Пермский край)"}, "photo": "https://pro.culture.ru/uploads/40c46360d4bc47be2b187317dac63986.jpeg", "gallery": [], "category": {"name": "Спектакли", "sysName": "spektakli"}, "time": {"start": "2021-10-02 13:00:00", "end": "2021-10-02 15:00:00"}}, {"id": 1337612, "name": "Спектакль «Войцек»", "age": 18, "description": "<p><span>Внимание! Спектакль содержит откровенные сцены и сцены насилия.</span></p> <p><span> </span></p> <p><span>Постановочная группа: р</span><span>ежиссер – Юлия Беляева, х</span><span>удожник – Любовь Мелехина, х</span><span>удожник по свету – Валерий Щербинин, п</span><span>ластическое решение – Анастасия Радостева.</span></p> <p><span> </span></p> <p><span>Действующие лица и исполнители – </span><span>Виталий Вычигин, Валерия Симакова, Александр Федосеев, Ярослава Ульянова, Валерий Дегтянников, Дмитрий Хорошев, Сергей Кривощеков, Татьяна Савельева, Галина Никитина, Ксения Отинова.</span></p> <p><span> </span></p> <p><span>В основе спектакля лежит реальная история лейпцигского цирюльника Иоганна Христиана Войцека, казненного за убийство своей возлюбленной.</span></p> <p><span> </span></p> <p><span>На протяжении всего действия главный герой задается вопросом – что делать в ситуации, когда мириться с окружающей несправедливостью не можешь, но в то же время отчетливо осознаешь, что ничего нельзя изменить? Вопросы Войцека – вопросы в бездну, в пустоту. Ответа нет, но есть предчувствие наступающего ужаса.</span></p> <p><span> </span></p> <p><span>Это спектакль о крушении романтического идеала, разочаровании, осознании того факта, что за пределами телесности и чувственных удовольствий нет ничего. И если окружающие безоговорочно принимают эту истину, с упоением предаваясь разврату, то Войцек сопротивляется ей. И ищет спасение.</span><span></span></p>", "shortDescription": "Драма по пьесе Георга Бюхнера.", "min_price": 300, "max_price": 300, "link": "https://widget.afisha.yandex.ru/w/sessions/ticketsteam-1846@4930516?clientKey=4917ab99-9cf3-4e29-a855-3c2637604bc6&regionId=11076", "status": "accepted", "updateDate": 1639048912707, "start": 1633096800000, "end": 1643385600000, "createDate": 1632044770289, "inAccepted": true, "acceptDate": 1639048912781, "image": {"author": "Коми-Пермяцкий национал–ьный ордена «Знак Почета» драматический театр им. М. Горького (Кудымкар - Пермский край)", "name": "d7de58fa6ec14a2bb7e2b5cb839c8881.jpeg", "realName": "Войцек.jpg", "source": "Коми-Пермяцкий национал–ьный ордена «Знак Почета» драматический театр им. М. Горького (Кудымкар - Пермский край)"}, "photo": "https://pro.culture.ru/uploads/d7de58fa6ec14a2bb7e2b5cb839c8881.jpeg", "gallery": [], "category": {"name": "Спектакли", "sysName": "spektakli"}, "time": {"start": "2021-10-01 14:00:00", "end": "2022-01-28 16:00:00"}}, {"id": 1317479, "name": "Спектакль «Хурьма»", "age": 16, "description": "<p>Квартира в типовой многоэтажке. Вечер. Мать и дочь. Фатальное непонимание. У матери – жизнь, прожитая без любви и без смысла. У дочери Саши – стремление найти свое, а не брать то, что дают. Она руководствуется чувствами. Не теряет веры. Совмещает хрупкость и силу характера. Но часто жизнь кажется ей блужданием в потемках. И тогда непроизвольно вырывается: «Не жизнь, а хурьма какая-то». Квартира в типовой многоэтажке. Вечер. Мать и дочь. Фатальное непонимание. У матери – жизнь, прожитая без любви и без смысла. У дочери Саши – стремление найти свое, а не брать то, что дают. Она руководствуется чувствами. Не теряет веры. Совмещает хрупкость и силу характера. Но часто жизнь кажется ей блужданием в потемках. И тогда непроизвольно вырывается: «Не жизнь, а хурьма какая-то».</p>", "shortDescription": "«Отцы и дети» в женском прочтении.", "min_price": 250, "max_price": 250, "link": "https://afisha.yandex.ru/kudimkar/theatre/khurma-komi-permiatskii-dramaticheskii-teatr?source=search-page", "status": "accepted", "updateDate": 1637221899868, "start": 1632837600000, "end": 1638545400000, "createDate": 1631080662545, "inAccepted": true, "acceptDate": 1637221899929, "image": {"author": "Коми-Пермяцкий национальный ордена «Знак Почета» драматический театр им. М. Горького (Кудымкар - Пермский край)", "name": "6bd6d1e3219f9af302ab5dcf0afb1aab.jpeg", "realName": "hurma-5-1440x960.jpeg", "source": "Коми-Пермяцкий национальный ордена «Знак Почета» драматический театр им. М. Горького (Кудымкар - Пермский край)"}, "photo": "https://pro.culture.ru/uploads/6bd6d1e3219f9af302ab5dcf0afb1aab.jpeg", "gallery": [], "category": {"name": "Спектакли", "sysName": "spektakli"}, "time": {"start": "2021-09-28 14:00:00", "end": "2021-12-03 15:30:00"}}, {"id": 1314108, "name": "Спектакль «Шутники»", "age": 12, "description": "<p>Это история о семье Оброшеновых, в которой отец, Павел Прохорович, пытается выдать замуж свою младшую дочь – однако с женихом случается беда, ему срочно нужны деньги... Главный герой как может пытается помочь молодому человеку, пока окружающие насмехаются над ним.</p><p>История о жизни простых и очень скромных людей в обществе, где властвуют деньги. Для героев становится предельно важным не просто выжить, но и сохранить чувство собственного достоинства.</p><p>Финал счастливый, что нетипично для Островского. Никто не умер, замуж выдана не только младшая, но и старшая дочь, но угадайте, что победило – гордая бедность или сытое богатство?</p>", "shortDescription": "Комедия А. Островского о выживании простых и очень скромных людей в обществе, где властвуют деньги.", "min_price": 250, "max_price": 350, "link": "https://afisha.yandex.ru/kudimkar/theatre_show/shutniki-komi-permiatskii-dramaticheskii-teatr-im-gorkogo?source=search-page", "status": "accepted", "updateDate": 1637220994542, "start": 1632924000000, "end": 1638977400000, "createDate": 1630940302654, "inAccepted": true, "acceptDate": 1637220994594, "image": {"author": "Коми-Пермяцкий национальный ордена «Знак Почета» драматический театр им. М. Горького (Кудымкар - Пермский край)", "name": "309571337b04a3806f445319d201ee00.jpeg", "realName": "img_3852-1440x960.jpg", "source": "Коми-Пермяцкий национальный ордена «Знак Почета» драматический театр им. М. Горького (Кудымкар - Пермский край)"}, "photo": "https://pro.culture.ru/uploads/309571337b04a3806f445319d201ee00.jpeg", "gallery": [], "category": {"name": "Спектакли", "sysName": "spektakli"}, "time": {"start": "2021-09-29 14:00:00", "end": "2021-12-08 15:30:00"}}, {"id": 1313541, "name": "Спектакль «Волшебная лампа Аладдина»", "age": 6, "description": "<p>Два мира. Тот, что видится в мечтах и тот, что здесь, где бег и суета. В одном – желания, надежды и переживания. В другом – обыденность и предсказуемость. Они совместимы? Если мы рискнем, если создадим мост, объединим их, родится… сказка. Воплощенная фантазия.</p><p>Древний восток. Во мраке арабской ночи – неразгаданные тайны и мистические силы, герои и злодеи. Бегущий за мечтой Аладдин, очаровательная принцесса Будур, коварный магрибский колдун и веселый джин, привязанный, несмотря на весь свой темперамент, к медной таре. Это история о верности идеалам, вере в мечту и милосердии. А еще о том, что сказка – реальна, и порой лишь надо дать ей дорогу.</p><p>Сценография, костюмы, реквизит и грим – столь масштабной работы над оформлением спектакля театр еще не знал.</p>", "shortDescription": "Музыкальная фантазия по мотивам восточных сказок.", "min_price": 200, "max_price": 200, "link": "https://widget.afisha.yandex.ru/w/sessions/ticketsteam-1846@3754434?clientKey=4917ab99-9cf3-4e29-a855-3c2637604bc6&regionId=11076", "needCheck": true, "status": "accepted", "updateDate": 1631541082623, "start": 1632639600000, "end": 1632666000000, "createDate": 1630930021808, "inAccepted": true, "acceptDate": 1631541087111, "image": {"author": "Коми-Пермяцкий национальный ордена «Знак Почета» драматический театр им. М. Горького (Кудымкар - Пермский край)", "name": "017c941f35dc36d2ef125333090ed383.jpeg", "realName": "dsc00451-2000-1440x960.jpg", "source": "Коми-Пермяцкий национальный ордена «Знак Почета» драматический театр им. М. Горького (Кудымкар - Пермский край)"}, "photo": "https://pro.culture.ru/uploads/017c941f35dc36d2ef125333090ed383.jpeg", "gallery": [], "category": {"name": "Спектакли", "sysName": "spektakli"}, "time": {"start": "2021-09-26 07:00:00", "end": "2021-09-26 14:20:00"}}, {"id": 1313529, "name": "Спектакль «С любимыми не расставайтесь»", "age": 16, "description": "<p>Спектакль-обладатель Гран-при, золотого диплома и Большой хрустальной шапки Мономаха V Всероссийского театрального Форума Фестиваля фестивалей «У Золотых ворот» (г. Владимир, 2018 год).</p><p>Эта известная пьеса Александра Володина активно ставится в театрах страны, по ней был снят прекрасный фильм. Несмотря на то, что она появилась в 70-ые годы, ее тема, похоже никогда не перестанет быть актуальной. В ее основу легло то, без чего невозможно строить человеческие отношения, а значит и саму жизнь. Это любовь. Но…, получается, что она тонет в неразрешимых противоречиях… Становится мимолетной… Нет, она не мимолетна! Потерянная в потоке жизни, она возвращается истошным криком из «замутненной» души человеческой: «Митя, я скучаю по тебе! Слышишь?! Я люблю тебя, Митя!!!»</p><p>Увы, в спектакле не все супружеские пары приходят к пониманию, что любовь – это не игра, а что-то более хрупкое и глубокое. И живут они, неспособные в потоке жизни выстроить семейные отношения, сводя к мелочным разборкам и к пресловутому «не сошлись характерами». Но как красив, таинственен и интригующ в спектакле образ «потока жизни»! Восхищаться, и не потеряться в нем – вот задача…</p>", "shortDescription": "Свадебное путешествие по пьесе А. Володина.", "min_price": 200, "max_price": 350, "link": "https://widget.afisha.yandex.ru/w/sessions/ticketsteam-1846@4829509?clientKey=4917ab99-9cf3-4e29-a855-3c2637604bc6&regionId=11076", "status": "accepted", "updateDate": 1637221766083, "start": 1632492000000, "end": 1639151100000, "createDate": 1630929754816, "inAccepted": true, "acceptDate": 1637221766126, "image": {"author": "Коми-Пермяцкий национальный ордена «Знак Почета» драматический театр им. М. Горького (Кудымкар - Пермский край)", "name": "4b6f00f97b808182fd072203f55e2e26.jpeg", "realName": "unnamed-file-2-1440x960.jpg", "source": "Коми-Пермяцкий национальный ордена «Знак Почета» драматический театр им. М. Горького (Кудымкар - Пермский край)"}, "photo": "https://pro.culture.ru/uploads/4b6f00f97b808182fd072203f55e2e26.jpeg", "gallery": [], "category": {"name": "Спектакли", "sysName": "spektakli"}, "time": {"start": "2021-09-24 14:00:00", "end": "2021-12-10 15:45:00"}}, {"id": 1313474, "name": "Спектакль «Раскас»", "age": 16, "description": "<p>От Ивана Петина ушла жена. Да как ушла!.. Два дня Иван не находил себе места. На третий день сел писать в районную газету РАСКАС...</p><p>Спектакль о простой и нежной, роковой и жестокой, тихой, безответной, счастливой, грустной, о такой разной, но неизменно настоящей любви. 7 историй, одна за другой раскрывают мир влюбленных Шукшинских чудиков, которые так похожи и не похожи на нас.</p><p>А мы... «все так же будем жить: плясать и плакать под забором».</p><p>Спектакль невольно стал парафразой истории Коми-Пермяцкого театра, проводившего большую часть года в разъездах, получившего неофициальное название «театра на колесах».</p>", "shortDescription": "Выездной спектакль-концерт сельской самодеятельности по рассказам В. Шукшина.", "min_price": 250, "max_price": 350, "link": "https://widget.afisha.yandex.ru/w/sessions/ticketsteam-1846@3754345?clientKey=4917ab99-9cf3-4e29-a855-3c2637604bc6&regionId=11076", "needCheck": true, "status": "accepted", "updateDate": 1631542120723, "start": 1632232800000, "end": 1639321200000, "createDate": 1630929162192, "inAccepted": true, "acceptDate": 1631542161224, "image": {"author": "Коми-Пермяцкий национальный ордена «Знак Почета» драматический театр им. М. Горького (Кудымкар - Пермский край)", "name": "842a17af7f7f75318988e7f12bfb9645.jpeg", "realName": "unnamed-file-1-1440x960.jpg", "source": "Коми-Пермяцкий национальный ордена «Знак Почета» драматический театр им. М. Горького (Кудымкар - Пермский край)"}, "photo": "https://pro.culture.ru/uploads/842a17af7f7f75318988e7f12bfb9645.jpeg", "gallery": [], "category": {"name": "Спектакли", "sysName": "spektakli"}, "time": {"start": "2021-09-21 14:00:00", "end": "2021-12-12 15:00:00"}}, {"id": 1313432, "name": "Спектакль «Три девушки в голубом»", "age": 16, "description": "<p>Лирическая комедия в 2-х действиях / Л. Петрушевская</p><p>«Как жить, когда никому не нужна?» – повисший вопрос в самом начале. «На себя надо рассчитывать» – ответ, полученный в конце.</p><p>Неприкаянные, обиженные, злые, одинокие, нелепые, далеко не чеховские три сестры, решают вопросы не о продаже вишневого сада или переезде в Москву, а о том, кому в какой сортир ходить, кто починит крышу, кто сколько платит аренду и в конце концов «как жить, когда совершенно одна? Никто. Никому…» </p><p>Потерявшиеся во взрослой угрюмой жизни маленькие девочки тридцати лет, перебрасывая ответственность друг на друга, скитаются по дому как пилигримы по земле, так и не находя места в этом не самом добром циничном современном мире. Рядом, так же одиноко бродят девочки постарше, в поисках потерянной любви и утраченного тепла, напуганные громом и вселенским потопом. За огромный семейный стол собирается разношерстная компания только для того, чтобы делить и обвинять, а стол этот тем временем летит в пустое и холодное будущее.</p><p>Но это все в глубине. А на поверхности – забавная лирическая комедия о нелепых родственниках, квартирном вопросе, смешных старухах, циничном ухажере и любви.</p>", "shortDescription": "Лирическая комедия о нелепых родственниках, квартирном вопросе, смешных старухах, циничном ухажере.", "min_price": 250, "max_price": 300, "link": "https://widget.afisha.yandex.ru/w/sessions/ticketsteam-1846@4365429?clientKey=4917ab99-9cf3-4e29-a855-3c2637604bc6&regionId=11076", "status": "accepted", "updateDate": 1633519421837, "start": 1631970000000, "end": 1636475400000, "createDate": 1630928603619, "inAccepted": true, "acceptDate": 1633519421844, "image": {"author": "Коми-Пермяцкий национальный ордена «Знак Почета» драматический театр им. М. Горького (Кудымкар - Пермский край)", "name": "8971ce23526b1148ff6dfb9f53d762eb.jpeg", "realName": "tri-devushki-sajt-1440x960.jpg", "source": "Коми-Пермяцкий национальный ордена «Знак Почета» драматический театр им. М. Горького (Кудымкар - Пермский край)"}, "photo": "https://pro.culture.ru/uploads/8971ce23526b1148ff6dfb9f53d762eb.jpeg", "gallery": [], "category": {"name": "Спектакли", "sysName": "spektakli"}, "time": {"start": "2021-09-18 13:00:00", "end": "2021-11-09 16:30:00"}}, {"id": 1313359, "name": "Спектакль «Игроки»", "age": 12, "description": "<p>«Игроки» – пьеса страсти, пьеса болезни. Кажется, что все персонажи не вполне адекватны или, как минимум, люди с отклонениями. В современной России дела с игорным бизнесом идут из рук вон плохо, поэтому многие любители азартных игр едут играть в родственную Беларусь. Действие пьесы перенесется в белорусское казино. Соответственно, Ихарев и компания из помещиков превращаются в современных обывателей: отставного военного, пенсионера, трудового мигранта, домохозяйки и парикмахера, которых объединяет одно – страсть к игре.</p>", "shortDescription": "Постановка Алексея Золотовицкого по комедии Николая Гоголя.", "min_price": 250, "max_price": 300, "link": "https://widget.afisha.yandex.ru/w/sessions/ticketsteam-1846@4365479?clientKey=4917ab99-9cf3-4e29-a855-3c2637604bc6&regionId=11076", "status": "accepted", "updateDate": 1633519207534, "start": 1631714400000, "end": 1638109800000, "createDate": 1630927772952, "inAccepted": true, "acceptDate": 1633519207540, "image": {"author": "ГКБУК «Коми-Пермяцкий национальный ордена «Знак Почета» драматический театр им. М.Горького»", "name": "e200291d8dfe0e20cd0f6856a1aa6bbc.jpeg", "realName": "Игроки.jpg", "source": "https://teatrkpo.ru/teatr/repertuar/igroki-5/"}, "photo": "https://pro.culture.ru/uploads/e200291d8dfe0e20cd0f6856a1aa6bbc.jpeg", "gallery": [], "category": {"name": "Спектакли", "sysName": "spektakli"}, "time": {"start": "2021-09-15 14:00:00", "end": "2021-11-28 14:30:00"}}]}