{"11986": [{"id": 936143, "name": "Спектакль «Полжизни за поцелуй»", "age": 16, "description": "<p>В основу постановки легли небольшие прозаические и драматические произведения авторов популярного дореволюционного юмористического журнала «Сатирикон», объединенные вечной темой любви, ревности и непростых, часто курьезных отношений между мужчиной и женщиной. За 100 лет, прошедших со времен революции, многое изменилось и ушло безвозвратно, но страсти человеческие остаются такими же пылкими, а также часто смешными и нелепыми. </p><p>Истории 2 милых женщин и 2 обаятельных мужчин перетекают одна в другую, меняются предлагаемые обстоятельства, но маски персонажей остаются почти теми же: муж, ветреная жена, любовник, брошенная и тоскующая о любви дама. Без точной временной привязки герои – пленники своих чувств – не только комичны и гротескны, но где-то заслуживают сочувствия и жалости, потому что близки и узнаваемы. Существуя в этой, на первый взгляд, легкомысленной игре, герои спектакля приходят к совершенно неожиданному и переворачивающему всю затею с ног на голову финалу, где смешное становится трогательным, а комическое – печальным и светлым детским воспоминанием.</p>", "shortDescription": "На основе произведений авторов журнала «Сатирикон».", "min_price": 500, "max_price": 1500, "link": "https://listim.com/iframe/2/api?gclid=417295466.1612528638&document_referrer=https%3A%2F%2Fyandex.ru%2F&site=chelovek-theatre.ru#/place/281147", "needCheck": true, "status": "accepted", "updateDate": 1636105987923, "start": 1615654800000, "end": 1637087400000, "createDate": 1612873526633, "inAccepted": true, "acceptDate": 1636105988078, "image": {"author": "Егор Канеев", "name": "bc35391b79e0052d80acfa7f571b6308.jpeg", "realName": "IMG_0400.jpg", "source": "Московский драматический театр \"Человек\""}, "photo": "https://pro.culture.ru/uploads/bc35391b79e0052d80acfa7f571b6308.jpeg", "gallery": ["https://pro.culture.ru/uploads/3bd0a66f6d6f115adbe1ee87ad872f38.jpeg", "https://pro.culture.ru/uploads/0f06eb2043bffefc3e56a1acf085016d.jpeg", "https://pro.culture.ru/uploads/1896b6b15382d62510c42d6f1cc428b9.jpeg", "https://pro.culture.ru/uploads/724c452d57ac18ada67ba6eebcfa4c82.jpeg"], "category": {"name": "Спектакли", "sysName": "spektakli"}, "time": {"start": "2021-03-13 17:00:00", "end": "2021-11-16 18:30:00"}}, {"id": 936093, "name": "Спектакль «Кроткие»", "age": 16, "description": "<p>Увидеть «Кротких» в Москве – большая удача. И, возможно, единственный шанс! Показы в Москве не были запланированы. Спектакль был задуман как фестивальный. Но после огромного успеха премьеры, которая состоялась в марте 2018 года на VI Международном театральном фестивале «CHELоВЕК театра» в Челябинске, стало понятно – показ в Москве необходим. Слишком велик интерес к постановке критиков, коллег и зрителей. </p><p>Публику ждет встреча с неожиданным героем – мучающимся и мучающим, ранимым и страшным. Метод режиссерского прочтения прост и вместе с тем совершенно необычен. Владимир Скворцов уходит от, казалось бы, столь закономерного в этом случае формата моноспектакля. Не меняя ни единого авторского слова, режиссер как будто бы ставит между главным героем и зрителем линзу в виде двух дополнительных, не означенных у Федора Достоевского персонажей, вводящих действие в совершенно новый контекст – не современный, скорее вневременной. И сквозь эту волшебную линзу становится особенно хорошо видно – это про нас!</p>", "shortDescription": "В основе постановки – рассказ Федора Достоевского «Кроткая»: загадочный, болезненный, обморочный.", "min_price": 1000, "max_price": 2500, "link": "https://listim.com/iframe/2/api?gclid=915600285.1613564598&document_referrer=https%3A%2F%2Fyandex.ru%2F&site=chelovek-theatre.ru&cat_id=undefined&building_id=undefined#/about/23629", "needCheck": true, "status": "new", "updateDate": 1638186337005, "start": 1614445200000, "end": 1643481600000, "createDate": 1612872752221, "inAccepted": true, "acceptDate": 1636105686870, "image": {"author": "Московский драматический театр \"Человек\"", "name": "f81d6da8b06c2f7ecb6ea8e32e14d698.jpeg", "realName": "38223041_2270761206273196_3612573228335104000_o.jpg", "source": "Московский драматический театр \"Человек\""}, "photo": "https://pro.culture.ru/uploads/f81d6da8b06c2f7ecb6ea8e32e14d698.jpeg", "gallery": ["https://pro.culture.ru/uploads/3bb453c0199bfa5e731fae889e457e19.jpeg", "https://pro.culture.ru/uploads/a7639c2eb02268b50c9a3094bec0a640.jpeg", "https://pro.culture.ru/uploads/2fc2b009c654b8a939c1cbe7999e2b11.jpeg", "https://pro.culture.ru/uploads/8ef89d7c623b7b146673d7eaedec0a2c.jpeg"], "category": {"name": "Спектакли", "sysName": "spektakli"}, "time": {"start": "2021-02-27 17:00:00", "end": "2022-01-29 18:40:00"}}, {"id": 924628, "name": "Спектакль «Или... Или...»", "age": 16, "description": "<p>Ольга Ваксель была поэтом, актрисой, одной из самых красивых женщин Петербурга. До недавнего времени о ней помнили только как о музе Осипа Мандельштама, посвятившего ей несколько гениальных стихотворений. После публикации ее откровенных и искренних воспоминаний, загадка принятого ею опасного и рокового решения удерживает интерес к этой необычной жизни до самого конца.</p><p>Из письма Надежды Мандельштам: «Дело в том, что героиня нескольких стихотворений О. М. надиктовала эротические мемуары. Ее звали Ольга, Лютик. Дочка Львовой – фрейлины императрицы. Хороша была как ангел. Я бы хотела знать подробно, что в этом дневнике (вместе с эротикой). Чертова молодость: сколько осложнений она оставляет в жизни».</p><p>«Дура была Ольга – такие стихи получила…» (Анна Ахматова).</p><p> Спектакль получил диплом Гран-при и звание лауреата II Всероссийского фестиваля камерных спектаклей и моноспектаклей «Один, два, три» (2016, Новосибирск). <br /></p>", "shortDescription": "Жизнеописание мандельштамовской музы Ольги Ваксель.", "min_price": 500, "max_price": 1500, "link": "https://listim.com/iframe/2/api?gclid=1723567319.1611140529&document_referrer=https%3A%2F%2Fyandex.ru%2F&site=chelovek-theatre.ru#/place/270904", "status": "accepted", "updateDate": 1639054553473, "start": 1633626000000, "end": 1643218200000, "createDate": 1612350290456, "inAccepted": true, "acceptDate": 1639054553627, "image": {"author": "Московский драматический театр \"Человек\"", "name": "2c8d92c163ae6f4ac853de201a951f67.jpeg", "realName": "ROD_4832.jpg", "source": "Московский драматический театр \"Человек\""}, "photo": "https://pro.culture.ru/uploads/2c8d92c163ae6f4ac853de201a951f67.jpeg", "gallery": ["https://pro.culture.ru/uploads/42035c525f4e60c0bac29b82b7dab571.jpeg", "https://pro.culture.ru/uploads/88f0d65b53fcb967a2567036ec70f2c0.jpeg", "https://pro.culture.ru/uploads/bc5fe3bf4175c82703d72583211db5f1.jpeg"], "category": {"name": "Спектакли", "sysName": "spektakli"}, "time": {"start": "2021-10-07 17:00:00", "end": "2022-01-26 17:30:00"}}, {"id": 924565, "name": "Спектакль «Причал»", "age": 16, "description": "<p>В последнее время российский, да и мировой, театр все активнее осваивает сопредельное пространство кинематографа: дело даже не в видеопроекции, без которой сегодня обходится мало какая постановка, а в возникновении особого направления – сценических версий знаменитых классических лент.</p><p>«Причал» – это первая крупная работа Геннадия Шпаликова (1937–1974), человека, наряду с Тарковским и Шукшиным, «определившим художественное лицо отечественной кинематографии второй половины XX века».</p><p>Слово режиссеру спектакля, номинанту Национальной театральной премии «Золотая маска» Данилу Чащину: «Наш «Причал» – своего рода воспоминание, попытка восстановить неснятое кино, «снять» его в голове. Этот текст невозможно воспринимать отдельно от личности Шпаликова – художника, который во многом создал тот самый осязаемый дух оттепели на экране, а впоследствии предпочел – вслед за режиссером неснятого фильма Владимиром Китайским – добровольно уйти из жизни, будучи еще достаточно молодым человеком. Для нас было важным попытаться передать это настроение «обреченного счастья» и растерянности: жить, в общем-то, хорошо, но как жить – непонятно. За оттепелью следуют новые заморозки, и мираж, который ты видишь, вот-вот развеется. Все, что ты можешь сделать, – запомнить, зафиксировать его. «Причал» – это импрессионистский этюд, попытка уловить светлое и яркое сегодня, которое уже завтра станет «вчера».</p>", "shortDescription": "Лирическая ностальгия.", "min_price": 1500, "max_price": 3000, "link": "https://listim.com/iframe/2/api?gclid=1723567319.1611140529&document_referrer=https%3A%2F%2Fyandex.ru%2F&site=chelovek-theatre.ru#/place/270898", "needCheck": true, "status": "accepted", "updateDate": 1636106079482, "start": 1613149200000, "end": 1637172900000, "createDate": 1612349503214, "inAccepted": true, "acceptDate": 1636106079686, "image": {"author": "Московский драматический театр \"Человек\"", "name": "200633e637e977d20c0939ea2d76fb8b.jpeg", "realName": "a64cd6e9b87a20d2baf0aa0182718a2b.jpeg", "source": "Московский драматический театр \"Человек\""}, "photo": "https://pro.culture.ru/uploads/200633e637e977d20c0939ea2d76fb8b.jpeg", "gallery": ["https://pro.culture.ru/uploads/39c377992923090b1a4426beccc97699.jpeg", "https://pro.culture.ru/uploads/7faefe0ed3404f8655c6090829862426.jpeg", "https://pro.culture.ru/uploads/ca90f0eddd836e769a1cce7570760dc0.jpeg", "https://pro.culture.ru/uploads/15224d3083d10c0a65b4ba161aa10964.jpeg", "https://pro.culture.ru/uploads/30e919cb7defc01c249ccca6bbb7c165.jpeg", "https://pro.culture.ru/uploads/30e768227113ef81f1080a662f8dac5d.jpeg"], "category": {"name": "Спектакли", "sysName": "spektakli"}, "time": {"start": "2021-02-12 17:00:00", "end": "2021-11-17 18:15:00"}}, {"id": 873251, "name": "Спектакль «Биография»", "age": 18, "description": "<p>Пьеса известного швейцарского писателя Макса Фриша «Биография» не частый гость на мировых сценических подмостках. Главный герой пьесы получает возможность прожить свою жизнь заново. Однако сложность заключается в том, что он никак не может решить, с какого момента начать. Свою первую большую постановку в театре «Человек» главный режиссёр театра, заслуженный артист России Владимир Скворцов по жанру обозначил как мистическая трагикомедия.</p><p>«Эту пьесу я впервые услышал в студенчестве от своего педагога Дмитрия Брусникина, который, кстати, тоже работал в этом театре, – говорит режиссер Владимир Скворцов. – Я сразу влюбился в «Биографию». Она написана очень простым языком, в то же время в ней есть мистическая составляющая – идеальное сочетание, которое всегда мне нравилось».</p>", "shortDescription": "Главный герой пьесы получает возможность прожить свою жизнь заново.", "min_price": 2000, "max_price": 5000, "link": "https://listim.com/iframe/2/api?gclid=915600285.1613564598&document_referrer=https%3A%2F%2Fyandex.ru%2F&site=chelovek-theatre.ru&cat_id=undefined&building_id=undefined#/about/18300", "needCheck": true, "status": "new", "updateDate": 1638186259298, "start": 1614358800000, "end": 1643397600000, "createDate": 1608820532766, "inAccepted": true, "acceptDate": 1636105572455, "image": {"author": "В. Виноградов", "name": "ed6835e3a3073eb8d4bc95afb9ef0837.jpeg", "realName": "p1174188.jpg", "source": "Московский драматический театр \"Человек\""}, "photo": "https://pro.culture.ru/uploads/ed6835e3a3073eb8d4bc95afb9ef0837.jpeg", "gallery": ["https://pro.culture.ru/uploads/a45f3aeb061282252cc35fd40e794cb0.jpeg", "https://pro.culture.ru/uploads/a1f5f3460ee9c2dcf89b64c868e86f4c.jpeg", "https://pro.culture.ru/uploads/98ef8f369741b0cd55c99d234de2d2f8.jpeg", "https://pro.culture.ru/uploads/f822a6ebdf6d03824241fb028e2f26f3.jpeg", "https://pro.culture.ru/uploads/7b5a5e3df5306f8fbd1482edba35c483.jpeg", "https://pro.culture.ru/uploads/0f27e64ae55da79c5eb20a2853d03656.jpeg", "https://pro.culture.ru/uploads/7b8b03fc80557fa396575e0ae5ce149c.jpeg", "https://pro.culture.ru/uploads/04c6513318ad20325c7d064ebac9624d.jpeg", "https://pro.culture.ru/uploads/9fe2fb5e1b44ad756ecf6ce32558d649.jpeg"], "category": {"name": "Спектакли", "sysName": "spektakli"}, "time": {"start": "2021-02-26 17:00:00", "end": "2022-01-28 19:20:00"}}, {"id": 873240, "name": "Спектакль «Гамлет (Сумарокова)»", "age": 18, "description": "<p>Всякий человек, даже тот, кто никогда не был в театре, знает, что трагедия «Гамлет» Уильям Шекспира есть главная пьеса мирового репертуара. В том числе и в России. Однако далеко немногим, даже из числа завзятых театралов, известно, что первым, кто заставил принца Датского изъясняться по-русски, был видный поэт и драматург эпохи Российского Просвещения Александр Сумароков.</p><p>Его «Гамлет», опубликованный в 1748 году и впервые поставленный двумя годами спустя силами автора и учеников Сухопутного кадетского корпуса в Санкт-Петербурге, является, строго говоря, вторым по счету отечественным профессиональным драматургическим сочинением. При этом важно отметить, что в данном случае зритель имеет дело не с переводом пьесы Уильяма Шекспира, коих за последующие два с половиной столетия появится великое множество, но в значительной мере с оригинальным текстом. Взяв за основу фабулу первоисточника, Александр Сумароков сочинил то, что сейчас назвали бы «вариацией на тему»: изрядным образом изменив сюжетные перипетии, исключив из списка действующих лиц немалое число персонажей, но при этом добавив туда новых, собственных. </p><p>Пьеса не видела света рампы более двух столетий...</p>", "shortDescription": "Постановка произведения Александра Сумароков.", "min_price": 1000, "max_price": 3000, "link": "https://listim.com/iframe/2/api?gclid=1592829498.1605099934&document_referrer=http%3A%2F%2Fhrculturemos.ru%2F&site=chelovek-theatre.ru#/about/37105", "needCheck": true, "status": "accepted", "updateDate": 1636105389083, "start": 1611853200000, "end": 1637004600000, "createDate": 1608819476607, "inAccepted": true, "acceptDate": 1636105389196, "image": {"author": "Д. Волков", "name": "aa06b8d39c938f803ef902fdb6114a14.jpeg", "realName": "Гамлет_0016.JPG", "source": "Московский драматический театр \"Человек\""}, "photo": "https://pro.culture.ru/uploads/aa06b8d39c938f803ef902fdb6114a14.jpeg", "gallery": ["https://pro.culture.ru/uploads/2b2cd5da85c00f8dab442c570523b168.jpeg", "https://pro.culture.ru/uploads/3175910b966aef64f6021eb564dc655d.jpeg", "https://pro.culture.ru/uploads/9af2c747ff349f3818d628aac6e33bad.jpeg", "https://pro.culture.ru/uploads/ec279c5f271264fa011d23edc191de0e.jpeg"], "category": {"name": "Спектакли", "sysName": "spektakli"}, "time": {"start": "2021-01-28 17:00:00", "end": "2021-11-15 19:30:00"}}, {"id": 873150, "name": "Спектакль «The Dumb Waiter / Немой официант»", "age": 18, "description": "<p>Пьеса The Dumb Waiter (строго говоря, «Немой официант» – дословный, но не вполне точно отвечающий смыслу перевод названия, на профессиональном сленге это выражение обозначает кухонный лифт) занимает особое место в славной, более чем полувековой литературной карьере Гарольда Пинтера (1930–2008). Написанная 27-летним актером и начинающим автором, которому в будущем предстоит стать одной из ключевых фигур британской драматургии ХХ столетия и Нобелевским лауреатом, она поначалу не была понята современниками и впервые увидела свет рампы лишь два года спустя, причем не в родной Англии, а на материке – во Франкфурте-на-Майне.</p><p> Сегодня «Немой официант» звучит не просто на удивление современно, но воспринимается как текст едва ли провидческий, на несколько десятилетий опередивший свое время. Ведь диалог героев этой одновременно и комедии угрозы, и драмы маленького человека, и философской притчи может показаться подслушанным у персонажей Квентина Тарантино… </p>", "shortDescription": "Два наемных убийцы ожидают в подвале бывшего ресторана приказа об очередном задании...", "min_price": 2000, "max_price": 5000, "link": "https://listim.com/iframe/2/api?gclid=1592829498.1605099934&document_referrer=http%3A%2F%2Fhrculturemos.ru%2F&site=chelovek-theatre.ru#/about/46974", "status": "accepted", "updateDate": 1629880698200, "start": 1611248400000, "end": 1633977000000, "createDate": 1608816298258, "inAccepted": true, "acceptDate": 1629984480772, "image": {"author": "Московский драматический театр \"Человек\"", "name": "f139ff2c16997ef6cd491e1b497b4894.jpeg", "realName": "WhatsApp Image 2020-12-17 at 12.44.43 (1).jpeg", "source": "Московский драматический театр \"Человек\""}, "photo": "https://pro.culture.ru/uploads/f139ff2c16997ef6cd491e1b497b4894.jpeg", "gallery": ["https://pro.culture.ru/uploads/4372c4db1b71de2e73b27dfd3092cbed.jpeg", "https://pro.culture.ru/uploads/5f4fe5d4b65916e3079407c86c036096.jpeg", "https://pro.culture.ru/uploads/ff30489b6b827e0f02a01f5cf5f69275.jpeg"], "category": {"name": "Спектакли", "sysName": "spektakli"}, "time": {"start": "2021-01-21 17:00:00", "end": "2021-10-11 18:30:00"}}]}