{
	"10008": [
		{
			"id": 1523207,
			"name": "Концерт «Зимние рассказы»",
			"age": 6,
			"description": "<p>Ансамбль народной песни «Славяне» представляет вниманию смолян литературно-музыкальную программу.</p> <p>Музыкальная гостиная превратится в уютную горницу, в которой зрители вместе с действующими лицами погрузятся в атмосферу рассказов русских писателей XIX–XX веков, посвященных зимней тематике. Сюжетную линию украсят русские, украинские, белорусские и казачьи народные песни, а также инструментальные композиции, которые для вас исполнят артисты ансамбля народной песни «Славяне».<br /> </p><p>Художественный руководитель ансамбля – Татьяна Бородина. Руководитель ансамбля народных инструментов – Александр Андреев. Режиссер-постановщик и ведущая – Анна Ивашнева.</p> <p>Уважаемые зрители! На основании внесения изменений в Указ от 18.03.2020 № 24 «О введении режима повышенной готовности» на мероприятия допускаются только зрители, имеющие сертификат о вакцинации против Covid-19 (в электронном либо распечатанном виде) либо справку из медицинской организации о перенесенной коронавирусной инфекции ( Covid –19) при условии, что с даты выздоровления прошло не более шести месяцев. Граждане в возрасте до 18 лет – при наличии в электронном или распечатанном виде медицинского документа, подтверждающего отрицательный результат проведенного не позднее, чем за три календарных дня до его представления лабораторного исследования.</p>",
			"shortDescription": "Выступление ансамбля народной песни «Славяне».",
			"min_price": 300,
			"max_price": 300,
			"link": "https://widget.afisha.yandex.ru/w/sessions/OTY0MHwyNTkwNjZ8MjM3MTYzfDE2NDEzOTQ4MDAwMDA=?clientKey=0a3b0c31-0c07-4a78-a615-ce1f5184aeb1&widgetName=w1",
			"status": "accepted",
			"updateDate": 1640349648065,
			"start": 1641394800000,
			"end": 1641398400000,
			"createDate": 1639125347068,
			"inAccepted": true,
			"acceptDate": 1639987219686,
			"image": {
				"author": "Смоленская областная филармония",
				"name": "82a065e1bdee151a3148739c9d6de58c.jpeg",
				"realName": "91cd14.jpg",
				"source": "http://smolensk-filarmonia.ru/poster/zimnie-rasskazy#"
			},
			"photo": "https://pro.culture.ru/uploads/82a065e1bdee151a3148739c9d6de58c.jpeg",
			"gallery": [],
			"category": {
				"name": "Концерты",
				"sysName": "koncerty"
			},
			"time": {
				"start": "2022-01-05 15:00:00",
				"end": "2022-01-05 16:00:00"
			}
		},
		{
			"id": 1521024,
			"name": "Концерт «Зимние узоры»",
			"age": 6,
			"description": "<p>Чудесное и волшебное время года – зима! Художники воспевали ее в своих картинах, композиторы и поэты – в своих произведениях и шедеврах. Ансамбль песни и танца «Витязь» исполнит для смолян концертную программу «Мелодии зимы». Для вас прозвучат любимые и знакомые с детства новогодние мелодии и песни о зиме («Потолок ледяной», «Снег», «Ой, мороз, мороз»), песни из любимых советских фильмов («Звенит январская вьюга», «Разговор со счастьем», «Три белых коня», «Пока часы двенадцать бьют»), украшением концерта станут хореографические композиции. <br /> </p><p>Ведущий – Михаил Баранов.</p> <p>На мероприятия допускаются только зрители, имеющие сертификат о вакцинации против COVID-19 (в электронном либо распечатанном виде) либо справку из медицинской организации о перенесенном заболевании при условии, что с даты выздоровления прошло не более 6 месяцев. Граждане в возрасте до 18 лет – при наличии в электронном или распечатанном виде медицинского документа, подтверждающего отрицательный результат проведенного не позднее чем за 3 календарных дня до его представления лабораторного исследования.</p>",
			"shortDescription": "Ансамбль песни и танца «Витязь». Художественный руководитель – Антон Евсеев.",
			"min_price": 300,
			"max_price": 300,
			"link": "https://widget.afisha.yandex.ru/w/sessions/OTY0MHwyNjAxNzJ8MTczMTQ4fDE2NDEyMjIwMDAwMDA=?clientKey=0a3b0c31-0c07-4a78-a615-ce1f5184aeb1&widgetName=w1",
			"status": "accepted",
			"updateDate": 1640349648090,
			"start": 1641222000000,
			"end": 1641225600000,
			"createDate": 1639049549928,
			"inAccepted": true,
			"acceptDate": 1639987224893,
			"image": {
				"author": "Смоленская областная филармония",
				"name": "305a20bcd7f18014e6e8497d34dde24b.jpeg",
				"realName": "_MG_2433 копия.jpg",
				"source": "http://smolensk-filarmonia.ru/poster/zimnie-uzory-0#"
			},
			"photo": "https://pro.culture.ru/uploads/305a20bcd7f18014e6e8497d34dde24b.jpeg",
			"gallery": [],
			"category": {
				"name": "Концерты",
				"sysName": "koncerty"
			},
			"time": {
				"start": "2022-01-03 15:00:00",
				"end": "2022-01-03 16:00:00"
			}
		},
		{
			"id": 1504492,
			"name": "Концерт «Щелкунчик»",
			"age": 0,
			"description": "<p>Петр Ильич Чайковский – один из самых известных композиторов во всем мире. Его музыка звучит на всех континентах. Это творец-мелодист, писавший музыку разных жанров – оперы, балеты, симфонии, сонаты, сюиты, романсы. Люди не устают слушать его сочинения, всякий раз восхищаются их простотой и в то же время выразительностью. Петр Ильич писал произведения не только для взрослых. </p><p>Камерный оркестр филармонии с радостью приглашает юных слушателей, а также взрослых любителей классического искусства на новогоднюю сказку с удивительно мелодичной музыкой П. И. Чайковского. Вы погрузитесь в невероятный мир волшебства и детской фантазии. </p><p>Сказку Э. Гофмана для вас прочитает мастер художественного слова Михаил Баранов. Музыку из балета П. И.Чайковского в переложении для камерного оркестра Д. С. Русишвили исполнит коллектив Смоленской филармонии. Художественный руководитель и главный дирижер – лауреат международного конкурса Мадат Худайберганов.</p>",
			"shortDescription": "Гости насладятся классической музыкой.",
			"min_price": 300,
			"max_price": 300,
			"link": "https://widget.afisha.yandex.ru/w/sessions/OTY0MHwyNTkxNDd8MTczMTQ4fDE2NDAzNTgwMDAwMDA=?clientKey=0a3b0c31-0c07-4a78-a615-ce1f5184aeb1&widgetName=w2",
			"status": "accepted",
			"updateDate": 1639656048079,
			"start": 1640358000000,
			"end": 1641477600000,
			"createDate": 1638525141044,
			"inAccepted": true,
			"acceptDate": 1639638785799,
			"image": {
				"author": "Смоленская областная филармония",
				"name": "b6d5883dfb7a50245cff46bb8370f9ad.jpeg",
				"realName": "000510.jpg",
				"source": "http://smolensk-filarmonia.ru/poster/shchelkunchik-0"
			},
			"photo": "https://pro.culture.ru/uploads/b6d5883dfb7a50245cff46bb8370f9ad.jpeg",
			"gallery": [],
			"category": {
				"name": "Концерты",
				"sysName": "koncerty"
			},
			"time": {
				"start": "2021-12-24 15:00:00",
				"end": "2022-01-06 14:00:00"
			}
		},
		{
			"id": 1504413,
			"name": "Концерт «Новогодний рейс»",
			"age": 6,
			"description": "<p>Гостей ждет музыкальное путешествие на волшебном самолете-оркестре по континентам, странам и городам. О хорошем настроении на борту позаботятся специально обученные стюард и стюардесса во главе с капитаном лайнера – главным дирижером Смоленского русского народного оркестра им. Дубровского, заслуженным деятелем искусств АР Крым Игорем Кажданом. </p><p>В программе концерта-путешествия прозвучат музыкальные и вокальные произведения народов стран всего мира. Вы узнаете увлекательные факты о традициях празднования Нового года во многих уголках планеты. </p><p>Вас будут рады видеть на борту музыкального лайнера. P. S. По сообщению пресс-службы администрации аэропорта, ожидается прибытие специальных гостей – Деда Мороза и Снегурочки.</p><p>Количество билетов ограничено. Вход в аэропорт осуществляется по QR-коду с предъявлением паспорта.<br /></p>",
			"shortDescription": "Смоленский русский народный оркестр им. В.П.Дубровского.",
			"min_price": 2000,
			"max_price": 2000,
			"link": "https://widget.afisha.yandex.ru/w/sessions/OTY0MHwyNTg5NDl8MTczMTQ4fDE2NDA5NjI4MDAwMDA=?clientKey=0a3b0c31-0c07-4a78-a615-ce1f5184aeb1&widgetName=w1",
			"needCheck": true,
			"status": "accepted",
			"updateDate": 1640349648119,
			"start": 1640962800000,
			"end": 1642093200000,
			"createDate": 1638524079806,
			"inAccepted": true,
			"acceptDate": 1639987952644,
			"image": {
				"author": "Смоленская областная филармония",
				"name": "b7ad845099ad2176a41379222ddbd688.jpeg",
				"realName": "630x420(2).jpg",
				"source": "http://smolensk-filarmonia.ru/poster/novogodniy-reys#"
			},
			"photo": "https://pro.culture.ru/uploads/b7ad845099ad2176a41379222ddbd688.jpeg",
			"gallery": [],
			"category": {
				"name": "Концерты",
				"sysName": "koncerty"
			},
			"time": {
				"start": "2021-12-31 15:00:00",
				"end": "2022-01-13 17:00:00"
			}
		},
		{
			"id": 1501744,
			"name": "Концерт «Душа поет»",
			"age": 6,
			"description": "<p>Для жителей и гостей города выступит ансамбль песни «Русская душа», художественный руководитель – Лариса Лебедева, заслуженный работник культуры РФ, лауреат премии «Душа России». Коллектив исполнит произведения на самые дорогие сердцам темы: любви, доброты, долга перед Отчизной. И, конечно, поздравит всех с наступающим Новым годом.</p> <p>Яркий и блистательный ансамбль солистов «Русская душа» ждет вас! </p><p> Уважаемые зрители! На мероприятие допускаются только зрители, имеющие сертификат о вакцинации против COVID-19 (в электронном/распечатанном виде) либо справку из медицинской организации о перенесенной коронавирусной инфекции (при условии, что с даты выздоровления прошло не более 6 месяцев). Граждане до 18 лет – при наличии в электронном или распечатанном виде медицинского документа, подтверждающего отрицательный результат проведенного не позднее чем за 3 календарных дня до его представления лабораторного исследования. <br /></p>",
			"shortDescription": "Ансамбль «Русская душа» исполнит замечательные, полюбившиеся всем песни.",
			"min_price": 300,
			"max_price": 300,
			"link": "https://widget.afisha.yandex.ru/w/sessions/OTY0MHwyNTg5NDZ8MTczMTQ4fDE2Mzk5MjYwMDAwMDA=?clientKey=0a3b0c31-0c07-4a78-a615-ce1f5184aeb1&widgetName=w1",
			"status": "accepted",
			"updateDate": 1639488047882,
			"start": 1639926000000,
			"end": 1639929600000,
			"createDate": 1638450758960,
			"inAccepted": true,
			"acceptDate": 1639138514522,
			"image": {
				"author": "Смоленская областная филармония",
				"name": "16570028309bed57459a0ca490c4b692.jpeg",
				"realName": "630x420(2).jpg",
				"source": "http://smolensk-filarmonia.ru/poster/dusha-poyot#"
			},
			"photo": "https://pro.culture.ru/uploads/16570028309bed57459a0ca490c4b692.jpeg",
			"gallery": [],
			"category": {
				"name": "Концерты",
				"sysName": "koncerty"
			},
			"time": {
				"start": "2021-12-19 15:00:00",
				"end": "2021-12-19 16:00:00"
			}
		},
		{
			"id": 1480488,
			"name": "Концерт «Мелодии любви»",
			"age": 6,
			"description": "<p> На сцене Смоленской областной филармонии состоится концерт Камерного оркестра с программой «Музыка любви», художественный руководитель и главный дирижер Мадат Худайберганов. В концерте примут участие солисты Смоленской филармонии. </p><p>Будут исполнены одни из лучших произведений Джоаккино Россини, Шарля Франсуа Гуно, Карлоса Гарделя, Эдуардо Ди Капуа и других композиторов XIX–XX веков. </p><p></p><p style=\"margin-left:0px\"><span>На мероприятие допускаются только зрители, имеющие сертификат о вакцинации против COVID-19 либо справку из медицинской организации о перенесенной COVID-19 при условии, что с даты выздоровления прошло не более 6 месяцев. Граждане в возрасте до 18 лет – при наличии медицинского документа, подтверждающего отрицательный результат проведенного не позднее чем за три календарных дня до его представления лабораторного исследования. </span></p><p></p>",
			"shortDescription": "Выступление Камерного оркестра Смоленской филармонии.",
			"min_price": 300,
			"max_price": 300,
			"link": "https://widget.afisha.yandex.ru/w/sessions/OTY0MHwyNTY0Mzl8MTczMTQ4fDE2Mzk4Mzk2MDAwMDA=?clientKey=0a3b0c31-0c07-4a78-a615-ce1f5184aeb1&widgetName=w1",
			"status": "accepted",
			"updateDate": 1638794447575,
			"start": 1639839600000,
			"end": 1639843200000,
			"createDate": 1637757114841,
			"inAccepted": true,
			"acceptDate": 1638370771346,
			"image": {
				"author": "Смоленская областная филармония",
				"name": "083ae1004b2a696284870992e8443bb0.jpeg",
				"realName": "ппрп..jpg",
				"source": "http://smolensk-filarmonia.ru/poster/melodii-lyubvi#"
			},
			"photo": "https://pro.culture.ru/uploads/083ae1004b2a696284870992e8443bb0.jpeg",
			"gallery": [],
			"category": {
				"name": "Концерты",
				"sysName": "koncerty"
			},
			"time": {
				"start": "2021-12-18 15:00:00",
				"end": "2021-12-18 16:00:00"
			}
		},
		{
			"id": 1480306,
			"name": "Концерт «И классика, и джаз»",
			"age": 6,
			"description": "<p>Смоленская областная филармония приглашает вас на феерическое музыкальное шоу «И классика, и джаз» знаменитого пианиста, лауреата международных конкурсов, обладателя премии American protege в Нью-Йорке – Александра Златина. Вас ждет удивительное музыкальное путешествие от классики до джаза! Вы услышите самые известные сочинения гениев классики: «Лунная соната» Бетховена, Ноктюрн «Грезы любви», «Этюды» и «Рапсодия» Листа. Вы насладитесь самыми узнаваемыми джазовыми мелодиями короля джаза – Дюка Эллингтона. А затем – станете свидетелями потрясающего слияния и классики, и джаза на примере прекрасной музыки Эдварда Грига к драме «Пер Гюнт». </p>",
			"shortDescription": "Выступает Александр Златин (фортепиано).",
			"min_price": 300,
			"max_price": 300,
			"link": "https://widget.afisha.yandex.ru/w/sessions/OTY0MHwyNTY0MTN8MTczMTQ4fDE2Mzk1ODQwMDAwMDA=?clientKey=0a3b0c31-0c07-4a78-a615-ce1f5184aeb1&widgetName=w1",
			"status": "accepted",
			"updateDate": 1638794447594,
			"start": 1639584000000,
			"end": 1639587600000,
			"createDate": 1637754858435,
			"inAccepted": true,
			"acceptDate": 1638363382313,
			"image": {
				"author": "Смоленская областная филармония",
				"name": "189b51849242247d638e41851ad61ba7.jpeg",
				"realName": "630x420(1).jpg",
				"source": "http://smolensk-filarmonia.ru/poster/i-klassika-i-dzhaz#"
			},
			"photo": "https://pro.culture.ru/uploads/189b51849242247d638e41851ad61ba7.jpeg",
			"gallery": [],
			"category": {
				"name": "Концерты",
				"sysName": "koncerty"
			},
			"time": {
				"start": "2021-12-15 16:00:00",
				"end": "2021-12-15 17:00:00"
			}
		},
		{
			"id": 1468937,
			"name": "Концерт Дмитрия Носкова",
			"age": 6,
			"description": "<p>Великолепный вокалист из Москвы Дмитрий Носков в сопровождении джазового секстета при участии солистов из США, Италии, а также «Сибирского Диксиленда» (Новосибирск) подарят новогоднее настроение специальной музыкальной программой, в которую войдут самые популярные и редкие композиции Фрэнка Синатры, а также все рождественские хиты (Let it snow, Santa Claus is coming to town, Have yourself a Merry little Christmas, Jingle bells).</p> <p>В течение вечера вас ожидает погружение в атмосферу американского «высшего света» середины XX столетия. Пять элегантных мужчин исполнят самые популярные, редко исполняемые и, конечно же, новогодние хиты Фрэнка Синатры, по оригинальным партитурам. Невероятно близко к оригиналу, и внешне, и на слух. Солист шоу Дмитрий Носков не уступит Фрэнку и в прекрасном чувстве юмора, готовьтесь общаться, смеяться и наслаждаться! Отличительная особенность концертов Дмитрия Носкова – ощущение, что пришел на вечеринку к лучшему другу, который поет и ведет себя, как Фрэнк Синатра!</p>",
			"shortDescription": "Прозвучат лучшие хиты Фрэнка Синатры.",
			"min_price": 1200,
			"max_price": 1500,
			"link": "https://widget.afisha.yandex.ru/w/sessions/OTY0MHwyNTUwODN8MTczMTQ4fDE2NDEzMDY2MDAwMDA=?clientKey=0a3b0c31-0c07-4a78-a615-ce1f5184aeb1&widgetName=w1",
			"status": "accepted",
			"updateDate": 1637922047978,
			"start": 1641306600000,
			"end": 1641321000000,
			"createDate": 1637322903295,
			"inAccepted": true,
			"acceptDate": 1637849409969,
			"image": {
				"author": "Смоленская областная филармония",
				"name": "eb720a2abef58f45e40639fe52bfb697.jpeg",
				"realName": "Sinatra39930.jpg",
				"source": "http://smolensk-filarmonia.ru/poster/frenk-sinatra"
			},
			"photo": "https://pro.culture.ru/uploads/eb720a2abef58f45e40639fe52bfb697.jpeg",
			"gallery": [],
			"category": {
				"name": "Концерты",
				"sysName": "koncerty"
			},
			"time": {
				"start": "2022-01-04 14:30:00",
				"end": "2022-01-04 18:30:00"
			}
		},
		{
			"id": 1468895,
			"name": "Концерт «Фильм, фильм, фильм»",
			"age": 6,
			"description": "<p>Кто не любит советское кино? Всегда приятно пересматривать кадры, слушать песни и цитировать любимые киноленты. Смоленскому слушателю такая возможность представится. Артисты ансамбля «Витязь» подарят вам такую программу впервые! Прозвучат самые запоминающиеся мелодии, которые перенесут вас в атмосферу советского кино. Не обойдется и без сюрпризов: в этот вечер вы увидите абсолютно новые хореографические номера и даже инсценировки знаменитых сюжетов. А в главной роли, конечно, ансамбль песни и танца «Витязь»!</p>",
			"shortDescription": "Выступает ансамбль песни и танца «Витязь».",
			"min_price": 300,
			"max_price": 300,
			"link": "https://widget.afisha.yandex.ru/w/sessions/OTY0MHwyNTQ1MTN8MTczMTQ4fDE2Mzk2NzA0MDAwMDA=?clientKey=0a3b0c31-0c07-4a78-a615-ce1f5184aeb1&widgetName=w1",
			"status": "accepted",
			"updateDate": 1639311573905,
			"start": 1639670400000,
			"end": 1641657600000,
			"createDate": 1637322374695,
			"inAccepted": true,
			"acceptDate": 1639311574004,
			"image": {
				"author": "Смоленская областная филармония",
				"name": "21419ffa7eda445e8d25e0d0d7b2f885.jpeg",
				"realName": "630x420(1).jpg",
				"source": "http://smolensk-filarmonia.ru/poster/film-film-film#"
			},
			"photo": "https://pro.culture.ru/uploads/21419ffa7eda445e8d25e0d0d7b2f885.jpeg",
			"gallery": [],
			"category": {
				"name": "Концерты",
				"sysName": "koncerty"
			},
			"time": {
				"start": "2021-12-16 16:00:00",
				"end": "2022-01-08 16:00:00"
			}
		},
		{
			"id": 1403169,
			"name": "Концерт «Королевский дуэт. Всероссийский день органа»",
			"age": 6,
			"description": "<p>Дуэт Ольги и Ксении Кемовых сформировался во время учебы в Московском государственном институте музыки имени А. Г. Шнитке (класс Ольги Ступаковой в 2009–2011 годах, класс Ольги Филатовой в 2012–2016 годах). Дуэт неоднократно становился победителем и призером международных конкурсов: I премия на конкурсе Sforzando в Берлине в 2012 году, I премия на международном конкурсе в Стокгольме в 2013 году, I премия и специальный приз на Всероссийском конкурсе фортепианных дуэтов имени А. Г. Бахчиева в 2015 году, I премия на конкурсe в Риме в номинации «Фортепианный дуэт в 4 руки» в 2015 году.</p> <p>Дуэт дважды (в 2016 году и 2017 году) получал грант на участие в престижном мастер-классе в Израиле Tel Hai International Piano masterclass под патронажем Евгения Кисина, занимался у ведущего израильского дуэта Тами Каназава – Юваль Адмони. В 2017 году дуэт сестер стал лауреатом четырех международных конкурсов: II премия на конкурсе имени Д. Кабалевского в Москве, I премия на конкурсе в г. Мюлакер (Германия), III премия на конкурсе Grand Prix Rising Stars Competition в Берлине, II премия на конкурсе Grand Prize Virtuoso в Лондоне.</p> <p>Программа:<br /></p><ol><li> Александр Гильман. «Триумфальный марш» ор. 34.</li><li> Иоганн Себастьян Бах. Токката и фуга ре минор BWV 565, Концерт фа минор BWV 1022 в трех частях.</li><li> Шарль-Мари Видор. Четыре пьесы ор. 7.</li><li> Луи Вьерн. Финал из Симфонии № 1.</li><li> Сезар Франк. Прелюдия, фуга и вариация ор. 18.</li><li> Камиль Сен-Санс. «Пляска смерти» ор. 40.</li><li> Франсис Пуленк. Элегия и вальс.</li></ol>",
			"shortDescription": "Ольга (орган) и Ксения Кемовы (фортепиано) выступят для гостей.",
			"min_price": 500,
			"max_price": 500,
			"link": "https://widget.afisha.yandex.ru/w/sessions/OTY0MHwyNTAxNjd8MTczMTQ4fDE2MzgxMTE2MDAwMDA=?clientKey=0a3b0c31-0c07-4a78-a615-ce1f5184aeb1&widgetName=w2",
			"status": "accepted",
			"updateDate": 1635240489625,
			"start": 1638111600000,
			"end": 1638115200000,
			"createDate": 1634718616239,
			"inAccepted": true,
			"acceptDate": 1635240489644,
			"image": {
				"author": "Смоленская областная филармония",
				"name": "79846221b0ad7be8539a95d54d64208b.jpeg",
				"realName": "630x420(1).jpg",
				"source": "http://smolensk-filarmonia.ru/poster/korolevskiy-duet-vserossiyskiy-den-organa#"
			},
			"photo": "https://pro.culture.ru/uploads/79846221b0ad7be8539a95d54d64208b.jpeg",
			"gallery": [],
			"category": {
				"name": "Концерты",
				"sysName": "koncerty"
			},
			"time": {
				"start": "2021-11-28 15:00:00",
				"end": "2021-11-28 16:00:00"
			}
		},
		{
			"id": 1391907,
			"name": "Концерт квартета Tempus Novum Art",
			"age": 6,
			"description": "<p>Прозвучат фортепианные квартеты Феликса Мендельсона и Иоганнеса Брамса, первые сочинения обоих композиторов в этом жанре, являющиеся подлинными шедеврами мировой музыки. </p> <p></p><p> Фортепианный квартет Московского музыкального общества Tempus Novum Art был основан в 2010 году как ансамбль солистов. В 2021 году коллектив отмечает свой 10-летний юбилей. Являясь выпускниками Московской консерватории, артисты бережно сохраняют традиции русской исполнительской школы, основываясь на опыте своих выдающихся учителей, профессоров Московской консерватории: Наума Штаркмана, Федора Дружинина, Игоря Гаврыша, Аси Кушнер. </p><p>Музыканты участвуют в творческих проектах, фестивалях Московской государственной консерватории имени Чайковского, представляя свою alma mater. Все годы совместной исполнительской деятельности ансамбль активно концертирует, как в Москве, так и в других городах Российской Федерации: Архангельск, Великий Новгород, Иваново, Рязань, Саранск, Смоленск, Уфа, Ярославль.</p><p>В прошлом сезоне коллектив стал представлять Московское музыкальное общество, основанное более 160 лет назад. Среди основателей и участников были такие знаменитые музыканты как Николай Рубинштейн, Петр Чайковский, Сергей Танеев. <br /></p>",
			"shortDescription": "Денис Чефанов, Наталия Калиничева, Алексей Симакин, Михаил Калиничев выступят для зрителей.",
			"min_price": 300,
			"max_price": 398,
			"link": "https://widget.afisha.yandex.ru/w/sessions/OTY0MHwyNDkwNDd8MTczMTQ4fDE2Mzc3Njk2MDAwMDA=?clientKey=0a3b0c31-0c07-4a78-a615-ce1f5184aeb1&widgetName=w3",
			"status": "accepted",
			"updateDate": 1634545346524,
			"start": 1637769600000,
			"end": 1637773200000,
			"createDate": 1634222449005,
			"inAccepted": true,
			"acceptDate": 1634545346539,
			"image": {
				"author": "Смоленская областная филармония",
				"name": "859d979914353aa89c03b3ce5448338b.jpeg",
				"realName": "630x420.jpg",
				"source": "http://smolensk-filarmonia.ru/poster/tempus-novum-art#"
			},
			"photo": "https://pro.culture.ru/uploads/859d979914353aa89c03b3ce5448338b.jpeg",
			"gallery": [],
			"category": {
				"name": "Концерты",
				"sysName": "koncerty"
			},
			"time": {
				"start": "2021-11-24 16:00:00",
				"end": "2021-11-24 17:00:00"
			}
		},
		{
			"id": 1385882,
			"name": "Концерт «Посвящение Ференцу Листу»",
			"age": 6,
			"description": "<p>Музыкант – лауреат международного конкурса пианистов в Италии, конкурса Владимира Софроницкого, дипломант международного конкурса Александра Скрябина. Пианист ведет активную концертную деятельность, выступает в Испании, Италии, Венгрии, Эстонии, Китае, России. За прекрасное и импровизационное исполнение сочинений Ференца Листа на фестивале в Венгрии Петр Аверин был назван «Листом XXI века».</p> <p>Петр Аверин – блестящий виртуоз с мягким и элегантным туше, предпочитает полностью доверять композитору и следовать его авторским указаниям, для наиболее точного прочтения и прочувствования произведения, что особенно важно в романтической музыке. Его острота ритмического рисунка, недюжинно глубокое постижение лирических образов автора восхитительны. Петр Аверин видит в нотах автора его жизнь и судьбу, а не высказывание на отдельную тему, и это буквально завораживает зрителей.</p><p></p><p><span>Программа концерта:</span></p> <ol><li><span>Людвиг ван Бетховен. Соната № 14, сочинение 27, № 2.</span></li><li><span>Ференц Лист. «Венгерская рапсодия» № 3.</span></li><li><span> Ференц Лист. «Фонтаны виллы Д'Эсте» из цикла «Годы странствий».</span></li><li><span> Ференц Лист. «Венгерская рапсодия» № 7.</span></li><li><span> Ференц Лист. «Утешение» № 2.</span></li><li><span> Ференц Лист. «Испанская рапсодия».</span></li></ol> <p></p>",
			"shortDescription": "Лауреат международных конкурсов Петр Аверин (фортепиано) выступит для гостей.",
			"min_price": 300,
			"max_price": 300,
			"link": "https://widget.afisha.yandex.ru/w/sessions/OTY0MHwyNDg2NjN8MTczMTQ4fDE2MzYyMTA4MDAwMDA=?clientKey=0a3b0c31-0c07-4a78-a615-ce1f5184aeb1&widgetName=w1",
			"needCheck": true,
			"status": "accepted",
			"updateDate": 1635249256036,
			"start": 1640530800000,
			"end": 1640534400000,
			"createDate": 1634042578967,
			"inAccepted": true,
			"acceptDate": 1635249256368,
			"image": {
				"author": "Смоленская областная филармония",
				"name": "8fccd465100090d80cf38802e118cd55.jpeg",
				"realName": "630x420.jpg",
				"source": "http://smolensk-filarmonia.ru/poster/posvyashchenie-ferencu-listu#"
			},
			"photo": "https://pro.culture.ru/uploads/8fccd465100090d80cf38802e118cd55.jpeg",
			"gallery": [],
			"category": {
				"name": "Концерты",
				"sysName": "koncerty"
			},
			"time": {
				"start": "2021-12-26 15:00:00",
				"end": "2021-12-26 16:00:00"
			}
		},
		{
			"id": 1385570,
			"name": "Концерт «Серебряные струны»",
			"age": 6,
			"description": "<p> Ансамбль народной песни «Славяне» создан в 2002 году в Центре народного творчества. Основателем и художественным руководителем коллектива была заслуженный работник культуры РФ Лариса Лебедева. Многогранный талант артистов, интенсивный творческий рост, глубокое понимание природы народной песни, огромная самоотдача в исполнении позволили коллективу из любительского стать профессиональным. <br /></p><p>5 ноября на сцене концертного зала имени М.И. Глинки состоится концертная программа «Серебряные струны», посвященная 160-летию со Дня рождения Василия Андреева. Исполнители: ансамбль народной песни «Славяне», художественный руководитель – Татьяна Бородина, руководитель ансамбля народных инструментов Александр Андреев. Солист – Дмитрий Степанцов (балалайка). <br /></p>",
			"shortDescription": "Выступление Ансамбля народной песни «Славяне». Солирует Дмитрий Степанцов (балалайка).",
			"min_price": 300,
			"max_price": 300,
			"link": "https://widget.afisha.yandex.ru/w/sessions/OTY0MHwyNDgzMDV8MTczMTQ4fDE2MzYxMjQ0MDAwMDA=?clientKey=0a3b0c31-0c07-4a78-a615-ce1f5184aeb1&widgetName=w2",
			"needCheck": true,
			"status": "accepted",
			"updateDate": 1635249295738,
			"start": 1638547200000,
			"end": 1638550800000,
			"createDate": 1634039291276,
			"inAccepted": true,
			"acceptDate": 1635249295924,
			"image": {
				"author": "Смоленская областная филармония",
				"name": "97a245d3b0367e7d46b0e149092f0923.jpeg",
				"realName": "11..jpg",
				"source": "http://smolensk-filarmonia.ru/poster/serebryanye-struny"
			},
			"photo": "https://pro.culture.ru/uploads/97a245d3b0367e7d46b0e149092f0923.jpeg",
			"gallery": [],
			"category": {
				"name": "Концерты",
				"sysName": "koncerty"
			},
			"time": {
				"start": "2021-12-03 16:00:00",
				"end": "2021-12-03 17:00:00"
			}
		},
		{
			"id": 1382569,
			"name": "Литературно-музыкальная композиция «Город над рекою»",
			"age": 6,
			"description": "<p> Смоленская областная филармония предлагает вниманию концептуально новую литературно – музыкальную программу «Город над рекою». В произведении отображен беспримерный подвиг смолян, как при строительстве Крепостной стены, так и при обороне города от польских интервентов. Творческое содружество смоленского поэта, члена Союза писателей России Дмитрия Петраченкова, смоленского композитора, члена Союза композиторов России Владимира Сухорукова, Смоленского русского народного оркестра им. В.П. Дубровского, под руководством Заслуженного деятеля искусств АР Крым Игоря Каждана; ведущего программ «Радио России Смоленск», лауреата премии им. М.В. Исаковского Евгения Самоедова (чтец), режиссера документального и игрового кино, члена Союза кинематографистов, члена географического общества Игоря Блидарева (видеоряд) представит на суд зрителя уникальное произведение, в основу которого положена история Смоленска. Впервые в таком музыкальном произведении крупной формы поднимается тема строительства и обороны Смоленской крепостной стены. Именно благодаря стойкости смолян Россия сохранила свою государственность. </p>",
			"shortDescription": "Смоленский русский народный оркестр имени В. П. Дубровского. Текст читает – Евгений Самоедов.",
			"min_price": 200,
			"max_price": 200,
			"link": "https://widget.afisha.yandex.ru/w/sessions/OTY0MHwyNDgxNDl8MTczMTQ4fDE2MzU1MjMyMDAwMDA=?clientKey=0a3b0c31-0c07-4a78-a615-ce1f5184aeb1&widgetName=w1",
			"needCheck": true,
			"status": "accepted",
			"updateDate": 1635249325407,
			"start": 1639756800000,
			"end": 1639760400000,
			"createDate": 1633951535793,
			"inAccepted": true,
			"acceptDate": 1635249325651,
			"image": {
				"author": "Смоленская областная филармония",
				"name": "1bdedffc0c59cc8870fee47910872c84.jpeg",
				"realName": "Копытенская---2.jpg",
				"source": "http://smolensk-filarmonia.ru/poster/literaturno-muzykalna-kompoziciya-po-poeme-dmitriya-petrochenkova-gorod-nad-rekoyu#"
			},
			"photo": "https://pro.culture.ru/uploads/1bdedffc0c59cc8870fee47910872c84.jpeg",
			"gallery": [],
			"category": {
				"name": "Концерты",
				"sysName": "koncerty"
			},
			"time": {
				"start": "2021-12-17 16:00:00",
				"end": "2021-12-17 17:00:00"
			}
		},
		{
			"id": 1345303,
			"name": "Концерт «Струна»",
			"age": 6,
			"description": "<p><span>27 октября на сцене Смоленской филармонии состоится авторская литературно-музыкальная композиция Полины Чуйко по рассказу Константина Паустовского «Струна».</span></p> <p><span><span> </span>В сюжете произведения фронтовые трудности музыкантов и актеров, которые считали своим долгом помогать солдатам в быту, а ночью, если не было боя, устраивали концерты и спектакли на лесных полянах. Главный герой рассказа скрипач-аккомпаниатор Егоров. Осколок вражеского снаряда рвет струны на его единственной скрипке, оставляя только одну...</span></p> <p><span><span> </span>В исполнении Юлии Гуляевой и Ирины Сергеева прозвучат произведения Э. Грига, П.И Чайковского, С. Прокофьева, Э. Эмара, Н. Поганини, Й. Брамса, Л. Бетховена.</span></p> <p><span><span> </span>Текст читает – Полина Чуйко</span></p>",
			"shortDescription": "Литературно-музыкальная композиция.",
			"min_price": 300,
			"max_price": 300,
			"link": "https://widget.afisha.yandex.ru/w/sessions/OTY0MHwyNDQwMjh8MTczMTQ4fDE2MzUzNTA0MDAwMDA=?clientKey=0a3b0c31-0c07-4a78-a615-ce1f5184aeb1&widgetName=w2",
			"status": "accepted",
			"updateDate": 1636481159370,
			"start": 1635350400000,
			"end": 1635354900000,
			"createDate": 1632318076163,
			"inAccepted": true,
			"acceptDate": 1636481159379,
			"image": {
				"author": "Смоленская областная филармония",
				"name": "4f4502d9bc0b316ebc4190b7e5ff68a7.jpeg",
				"realName": "630x420(1).jpg",
				"source": "http://smolensk-filarmonia.ru/poster/literaturno-muzykalnaya-kompoziciya-struna#"
			},
			"photo": "https://pro.culture.ru/uploads/4f4502d9bc0b316ebc4190b7e5ff68a7.jpeg",
			"gallery": [],
			"category": {
				"name": "Концерты",
				"sysName": "koncerty"
			},
			"time": {
				"start": "2021-10-27 16:00:00",
				"end": "2021-10-27 17:15:00"
			}
		},
		{
			"id": 1343553,
			"name": "Органный концерт «От Севильи до Гренады»",
			"age": 6,
			"description": "<p>Испания – такая разная, но неизменно привлекательная! Наполненные мистицизмом картины Сурбарана и пронзительная поэзия Федерико Гарсии Лорки. Великие сражения непобедимой армады и коррида, завораживающая и жестокая. Устремленные в небо готические соборы и яркие платья танцовщиц фламенко.</p> <p>Из всего этого соткана испанская музыка.</p> <p>История Испании в ее танцах и песнях – эта идея легла в основу уникальной программы, представленной уникальной командой. В испанских песнях перед слушателем появятся самые разные герои – пастухи и ведьмы, мавританская царица и простодушный мельник, арабские рыцари и собирательницы оливок, отважные тореадоры и коварные цыганки. Особое очарование придает активное использование певицами Наталией Дубровской и Марией Арией ударных инструментов: рамочных барабанов, тара, дафа, тамбуринов, бубенцов и шейкеров.</p> <p>Органистка и специалист по старинной испанской музыке Мария Моисеева проведет концерт в форме увлекательного рассказа о неповторимой испанской культуре.</p>",
			"shortDescription": "В программе – испанская музыка XV–XX вв.",
			"min_price": 500,
			"max_price": 600,
			"link": "https://widget.afisha.yandex.ru/w/sessions/OTY0MHwyNDM3NzB8MTczMTQ4fDE2MzU2MDYwMDAwMDA=?clientKey=0a3b0c31-0c07-4a78-a615-ce1f5184aeb1&widgetName=w1",
			"status": "accepted",
			"updateDate": 1636480871390,
			"start": 1635606000000,
			"end": 1635610800000,
			"createDate": 1632295820806,
			"inAccepted": true,
			"acceptDate": 1636480871400,
			"image": {
				"author": "Смоленская областная филармония",
				"name": "4b1b7a313640f531dc7153b14c273b8e.jpeg",
				"realName": "М.Ария, М.Моисеева, Н.Дубровская-фото.jpg",
				"source": "http://smolensk-filarmonia.ru/poster/ot-sevili-do-grenady-organnyy-koncert-ispanskoy-muzyki-xv-xx-vv"
			},
			"photo": "https://pro.culture.ru/uploads/4b1b7a313640f531dc7153b14c273b8e.jpeg",
			"gallery": [],
			"category": {
				"name": "Концерты",
				"sysName": "koncerty"
			},
			"time": {
				"start": "2021-10-30 15:00:00",
				"end": "2021-10-30 16:20:00"
			}
		},
		{
			"id": 1342284,
			"name": "Концерт «Rusquartet. О серьезном и не очень»",
			"age": 6,
			"description": "<p><span>«Rusquartet»</span><span> уже девятнадцать<a name=\"_GoBack\"></a> лет ведет концертную и просветительскую деятельность. Сегодня<span> </span>«Rusquartet» –<span> </span>один из лучших камерных ансамблей России. «Rusquartet» сотрудничает с известными российскими и зарубежными музыкантами, выступает в лучших залах России и мира. </span></p><p><span><span>Помимо классического квартетного репертуара – от Гайдна, Моцарта и Бетховена до Шостаковича, Бартока и Шенберга – коллектив активно пропагандирует </span><span>музыку современных авторов, «открывает» не известные ранее опусы именитых композиторов, изменяя при этом привычные рамки квартетного репертуара. В числе музыкальных «открытий» </span><span>RUSQUARTET</span><span>’а – соч. С. Фейнберга, М. Марутаева, А. Локшина, Л. ван Делдена и др.</span><span> </span><br /></span></p>",
			"shortDescription": "Исполнители – Ксения Гамарис, Анна Янчишина, Ксения Жулева, Петр Каретников.",
			"min_price": 300,
			"max_price": 400,
			"link": "https://widget.afisha.yandex.ru/w/sessions/OTY0MHwyNDM3MzJ8MTczMTQ4fDE2MzQzOTY0MDAwMDA=?clientKey=0a3b0c31-0c07-4a78-a615-ce1f5184aeb1&widgetName=w1",
			"needCheck": true,
			"status": "accepted",
			"updateDate": 1634110993537,
			"start": 1639065600000,
			"end": 1639069200000,
			"createDate": 1632232330739,
			"inAccepted": true,
			"acceptDate": 1634110993793,
			"image": {
				"author": "Смоленская областная филармония",
				"name": "3ef167a238c62d1ab8fccc0208d836e2.jpeg",
				"realName": "630x420.jpg",
				"source": "http://smolensk-filarmonia.ru/poster/rusquartet-o-sereznom-i-ne-ochen"
			},
			"photo": "https://pro.culture.ru/uploads/3ef167a238c62d1ab8fccc0208d836e2.jpeg",
			"gallery": [],
			"category": {
				"name": "Концерты",
				"sysName": "koncerty"
			},
			"time": {
				"start": "2021-12-09 16:00:00",
				"end": "2021-12-09 17:00:00"
			}
		},
		{
			"id": 1335349,
			"name": "Концерт Acoustic Guitar Stories",
			"age": 6,
			"description": "<p><span>Данис Щербаков – один из ярких представителей игры на акустической гитаре в России сегодня, виртуозно владеющий инструментом и техникой фингерстайл (fingerstyle). Кантри, блюз, ирландская музыка, цыганский джаз, народная музыка переплетаются в руках мастера, создавшего свой уникальный стиль. Творческий потенциал музыканта проявляется не только в исполнительском мастерстве, но и в собственных сочинениях, аранжировках советских и русских народных песен, известных зарубежных композиций, импровизациях на темы джазовых стандартов и классических произведений.</span><span><br /> <span>Данис является постоянным членом жюри всероссийских и международных музыкальных конкурсов, занимается преподавательской деятельностью.</span></span><span></span></p> <p><span> </span></p>",
			"shortDescription": "Для гостей выступит Данис Щербаков (гитара, г. Санкт-Петербург).",
			"min_price": 300,
			"max_price": 400,
			"link": "https://widget.afisha.yandex.ru/w/sessions/OTY0MHwyNDI0MzR8MTczMTQ4fDE2MzQ3NDU2MDAwMDA=?clientKey=0a3b0c31-0c07-4a78-a615-ce1f5184aeb1&widgetName=w1",
			"status": "accepted",
			"updateDate": 1632297720992,
			"start": 1634745600000,
			"end": 1634749200000,
			"createDate": 1631861832358,
			"inAccepted": true,
			"acceptDate": 1632297721011,
			"image": {
				"author": "Смоленская областная филармония",
				"name": "8634c94e1f5844d8ddb9e713afc3e418.jpeg",
				"realName": "630x420(1).jpg",
				"source": "http://smolensk-filarmonia.ru/poster/acoustic-guitar-stories"
			},
			"photo": "https://pro.culture.ru/uploads/8634c94e1f5844d8ddb9e713afc3e418.jpeg",
			"gallery": [],
			"category": {
				"name": "Концерты",
				"sysName": "koncerty"
			},
			"time": {
				"start": "2021-10-20 16:00:00",
				"end": "2021-10-20 17:00:00"
			}
		},
		{
			"id": 1331771,
			"name": "Концерт «Неаполитанские песни»",
			"age": 6,
			"description": "<p><span><span>Н</span></span><span>еаполитанские песни – всегда ода радости солнцу, морю и красоте, даже когда они грустные. И конечно, это признание в любви Неаполю.</span></p> <p><span><span> </span>Как ни странно, неаполитанские песни – это не народная, а авторская музыка, написанная на неаполитанском диалекте, которые многие признают отдельным языком. Будь то «Санта Лючия» почти двухсотлетней давности, посвященная одноименному рыбацкому району. Или «О соле мио!», сочиненная в 1898 году Эдуардо ди Капуа и Джованни Капурро – по одной из версий, в Одессе.</span></p> <p><span><span> </span>2 октября солисты филармонии и Камерный оркестр Смоленской филармонии, художественный руководитель и главный дирижер Мадат Худайберганов, порадует зрителей новой программой «Неаполитанские песни».</span></p> <p><span><span> </span>Обращаем ваше внимание на то, что посещение мероприятия осуществляется строго в масках. Возрастная категория 6+.</span></p> <p> </p>",
			"shortDescription": "Выступят Камерный оркестр Смоленской филармонии, дирижер – Мадат Худайберганов, солисты филармонии.",
			"min_price": 400,
			"max_price": 400,
			"link": "https://widget.afisha.yandex.ru/w/sessions/OTY0MHwyNDIxMTR8MTczMTQ4fDE2MzMxODY4MDAwMDA=?clientKey=0a3b0c31-0c07-4a78-a615-ce1f5184aeb1&widgetName=w2",
			"status": "accepted",
			"updateDate": 1632239255719,
			"start": 1633186800000,
			"end": 1633190400000,
			"createDate": 1631706020661,
			"inAccepted": true,
			"acceptDate": 1632239265786,
			"image": {
				"author": "Сергей Покровский",
				"name": "757c127504147392000db66265f03504.jpeg",
				"realName": "630x420.jpg",
				"source": "http://smolensk-filarmonia.ru/poster/neapolitanskie-pesni#"
			},
			"photo": "https://pro.culture.ru/uploads/757c127504147392000db66265f03504.jpeg",
			"gallery": [],
			"category": {
				"name": "Концерты",
				"sysName": "koncerty"
			},
			"time": {
				"start": "2021-10-02 15:00:00",
				"end": "2021-10-02 16:00:00"
			}
		},
		{
			"id": 1329495,
			"name": "Концерт «Его величество романс»",
			"age": 6,
			"description": "<p>Таинственный жанр – романс! Многие величайшие композиторы соприкасались с ним в разные времена. Вы сможете наблюдать за ним сквозь призму веков и размышлять о том, какие романсы исполнялись в разные века и как изменялся язык этого замечательного жанра с течением времени. </p> <p>Русский романс происходит от старинного жанра русской песни – как протяжной, так и задорной. В русских романсах воплощены думы русского народа, а также чувства и черты характера простого человека: эмоциональность, душевность, отзывчивость, умение чувствовать и сопереживать. </p>",
			"shortDescription": "Исполнители – солисты Смоленской филармонии. Концертмейстеры – Ирина Афонова и Татьяна Лангер.",
			"min_price": 250,
			"max_price": 250,
			"link": "https://widget.afisha.yandex.ru/w/sessions/OTY0MHwyNDE5Mjl8MTczMTQ4fDE2MzQxNDA4MDAwMDA=?clientKey=0a3b0c31-0c07-4a78-a615-ce1f5184aeb1&widgetName=w1",
			"status": "accepted",
			"updateDate": 1632144889023,
			"start": 1634140800000,
			"end": 1634144400000,
			"createDate": 1631623888158,
			"inAccepted": true,
			"acceptDate": 1632144889056,
			"image": {
				"author": "sotsdoma.ru",
				"name": "5ad76c6354cf37959d64af74d6c2be3b.jpeg",
				"realName": "IMG_8374.JPG",
				"source": "https://yandex.ru/images/search?text=%D0%B5%D0%B3%D0%BE%20%D0%B2%D0%B5%D0%BB%D0%B8%D1%87%D0%B5%D1%81%D1%82%D0%B2%D0%BE%20%D1%80%D0%BE%D0%BC%D0%B0%D0%BD%D1%81%20&from=tabbar&pos=1&img_url=https%3A%2F%2Fsotsdoma.ru%2Ffiles%2Fimages%2F%25D0%259D%25D0%25BE%25D0%25B2%25D0%25BE%25D1%2581%25D1%2582%25D0%25B8%2F2017%2F%25D1%2584%25D0%25B5%25D0%25B2%25D1%2580%25D0%25B0%25D0%25BB%25D1%258C%2F%25D0%25A7%25D0%25B0%25D1%2581%2520%25D1%2580%25D0%25BE%25D0%25BC%25D0%25B0%25D0%25BD%25D1%2581%25D0%25B0%2FIMG_8374.JPG&rpt=simage"
			},
			"photo": "https://pro.culture.ru/uploads/5ad76c6354cf37959d64af74d6c2be3b.jpeg",
			"gallery": [],
			"category": {
				"name": "Концерты",
				"sysName": "koncerty"
			},
			"time": {
				"start": "2021-10-13 16:00:00",
				"end": "2021-10-13 17:00:00"
			}
		},
		{
			"id": 1326855,
			"name": "Концерт «К 100-летию Астора Пьяццоллы»",
			"age": 6,
			"description": "<p> </p> <p><span> </span><span> </span><span> </span><span>В 2021 году все почитатели таланта Астора Пьяццоллы отмечают вековой юбилей аргентинского маэстро. В крупнейших залах мира звучат его произведения в исполнении лучших оркестров.<span> </span></span></p> <p><span><span> </span><span> </span><span> </span>Владислав Домогацкий и Максим Федоров, представят «Двойной концерт» для гитары, бандонеона и струнных А. Пьяццоллы – яркое произведение, сочетающее в себе все лучшее из творчества великого аргентинца. Бандонеон – неизменный участник жанра Аргентинское танго, главный герой музыки Пьяццоллы, максимально ярко презентует себя в трехчастном концерте Aconcagua, где упругие ритмы танго и ломаные интонации переходят в «плачущую» до отчаяния кантилену. Пронзительный «голос» бандонеона, ставший символом и «сердцем» Аргентины, в музыке Пьяццоллы наделен силой магнетизма, уносящей слушателя в мир чувств.</span></p> <p><span><span> </span><span> </span>Во втором отделении концерта прозвучит жемчужина гитарной музыки Концерт Aranjuez испанца Хоакина Родриго. Завершает программу «Двойной концерт» для гитары, бандонеона и струнных итальянца Роберто Ди Марино, которого критики называют «современным Нино Рота». Музыка наполнена ароматом средиземноморья, любви и солнца.</span></p> <p><span><span> </span></span></p> <p><span> </span></p>",
			"shortDescription": "Исполнители: Максим Федоров, Владислав Домогацкий, СРНО имени В. П. Дубровского (дирижер И. Каждан).",
			"min_price": 500,
			"max_price": 500,
			"link": "https://widget.afisha.yandex.ru/w/sessions/OTY0MHwyNDE2MTN8MTczMTQ4fDE2MzM3MDg4MDAwMDA=?clientKey=0a3b0c31-0c07-4a78-a615-ce1f5184aeb1&widgetName=w1",
			"status": "accepted",
			"updateDate": 1632219767982,
			"start": 1633708800000,
			"end": 1633712400000,
			"createDate": 1631540943709,
			"inAccepted": true,
			"acceptDate": 1632219768001,
			"image": {
				"author": "В.Домогацкий",
				"name": "354308721eef31c0ae89c26e93843849.jpeg",
				"realName": "В. Домогацкий - 1.JPG",
				"source": "http://smolensk-filarmonia.ru/poster/k-100-letiyu-astora-pyaccolly"
			},
			"photo": "https://pro.culture.ru/uploads/354308721eef31c0ae89c26e93843849.jpeg",
			"gallery": [],
			"category": {
				"name": "Концерты",
				"sysName": "koncerty"
			},
			"time": {
				"start": "2021-10-08 16:00:00",
				"end": "2021-10-08 17:00:00"
			}
		},
		{
			"id": 1326762,
			"name": "Концерт Жана Пьера Стейверса",
			"age": 6,
			"description": "<p>Жан-Пьер Стайверс – выдающийся нидерландский органист.</p> <p>Окончил консерватории городов Маастрихт и имени Свелинка в Амстердаме – как органист, пианист и исполнитель духовной музыки. По окончании, участвовал в многочисленных мастер-классах ведущих органистов Европы. Еще в годы учебы принял участие в международных конкурсах, став победителем и лауреатом большинства из них: I премия на конкурсах имени И. С. Баха (Дублин, Люцерн), лауреат XVI Международного конкурса органистов d’Orgue-Grand Prix (Франция, Шартр), I премия на Первом Международном конкурсе органистов имени М. Таривердиева.</p> <p> Жан-Пьер Стейверс постоянно выступает в России, Японии, США и странах Европы. Из наиболее значимых выступлений, следует выделить концерты с Королевским Фламандским симфоническим оркестром под управлением Э. де Ваарт и с Сиднейским симфоническим оркестром под управлением В. Ашкенази. Большую известность в мире и России получил органный дуэт Жан-Пьера Стейверса и японской органистки Хироко Иноуэ. Музыкант является дирижером знаменитого хора Св. Мартинуса при Городской Церкви Св. Мартинуса, а также постоянным органистом симфонического оркестра г. Лимбург (Нидерланды). Помимо активной концертной деятельности, много времени уделяет педагогике.</p> <p> </p> <p>Жан-Пьер Стейверс – арт-директор Фонда органистов г. Рурмонд, организатор ежегодного Международный органного фестиваля, с участием органистов с мировыми именами.<br /> </p>",
			"shortDescription": "В программе – Д. Букстехуде, И. С. Бах, Ф. Мендельсон-Бартольди, Т. Дюбуа, Ш. М. Видор.",
			"min_price": 500,
			"max_price": 600,
			"link": "https://widget.afisha.yandex.ru/w/sessions/OTY0MHwyNDA4MzJ8MTczMTQ4fDE2MzMxMDQwMDAwMDA=?clientKey=0a3b0c31-0c07-4a78-a615-ce1f5184aeb1&widgetName=w1",
			"status": "accepted",
			"updateDate": 1631605817602,
			"start": 1633104000000,
			"end": 1633107600000,
			"createDate": 1631539227891,
			"inAccepted": true,
			"acceptDate": 1631615990075,
			"image": {
				"author": "ОГАУК \"Смоленская областная филармония\"",
				"name": "b4f6dc29630e125c70dd099e8a60a7d3.jpeg",
				"realName": "01.10..jpg",
				"source": "http://www.smolensk-filarmonia.ru/poster/zhan-steyvers"
			},
			"photo": "https://pro.culture.ru/uploads/b4f6dc29630e125c70dd099e8a60a7d3.jpeg",
			"gallery": [],
			"category": {
				"name": "Концерты",
				"sysName": "koncerty"
			},
			"time": {
				"start": "2021-10-01 16:00:00",
				"end": "2021-10-01 17:00:00"
			}
		},
		{
			"id": 1243314,
			"name": "Концерт Марка Гросса",
			"age": 6,
			"description": "<p>Марк Гросс – американский саксофонист, солист оркестров Дюка Эллингтона, Джимми Хита и Дэйва Холланда, двукратный обладатель премии «Грэмми» с Дэйвом Холландом. Он выпустил четыре альбома под своим именем, постоянно выступает в качестве приглашенной звезды на Бродвее в мюзиклах и шоу-программах, участвует в постоянной постановке в Императорском театре Бродвея. Манера исполнения саксофониста отличается яркостью, темпераментностью и филигранностью, тонким отношением к мелким деталям.</p> <p> </p> <p><span>В программе концерта прозвучат мировые джазовые хиты и импровизации на горячо любимые публикой мелодии.</span></p>",
			"shortDescription": "Гостей ждет вечер джазовой музыки.",
			"min_price": 1200,
			"max_price": 1500,
			"link": "http://www.smolensk-filarmonia.ru/poster/mark-gross-vozmozhna-pokupka-bileta-po-pushkinskoy-karte#",
			"status": "accepted",
			"updateDate": 1633508089361,
			"start": 1638023400000,
			"end": 1638036000000,
			"createDate": 1627563010157,
			"inAccepted": true,
			"acceptDate": 1633508089367,
			"image": {
				"author": "Ark Ovrutski",
				"name": "419e86b4aaf5be1c62b122c110aaad7c.jpeg",
				"realName": "GROSS2.JPG",
				"source": "www.arkovrutski.com "
			},
			"photo": "https://pro.culture.ru/uploads/419e86b4aaf5be1c62b122c110aaad7c.jpeg",
			"gallery": [],
			"category": {
				"name": "Концерты",
				"sysName": "koncerty"
			},
			"time": {
				"start": "2021-11-27 14:30:00",
				"end": "2021-11-27 18:00:00"
			}
		},
		{
			"id": 1240381,
			"name": "Концерт квартета Грегори Бойда",
			"age": 6,
			"description": "<p><span>У гостей появится уникальная возможность услышать необыкновенную музыку мирового класса из репертуара Луи Армстронга вместе с лидером квартета – искренним, харизматичным и талантливым музыкантом родом из Нового Орлеана Грегори Бойдом.</span></p> <p><span>В творческой копилке Грегори Бойда авторские хиты, написанные в лучших традициях афроамериканского джаза, фанка, блюза и соула. Он</span><span>, как и его великий предшественник, общается со зрителями, приглашает каждого из них стать соавтором его музыки и пропеть спиритуальные песни всем залом. </span><span>И все это сочетается с виртуозной вокальной техникой и необъятной харизмой.</span></p> <p><span>Концерты Грегори Бойда запоминаются надолго и дают людям заряд энергии на целый год.</span></p> <p> </p>",
			"shortDescription": "Посетителей ждет вечер джазовой музыки.",
			"min_price": 1200,
			"max_price": 1500,
			"link": "https://widget.afisha.yandex.ru/w/sessions/OTY0MHwyNDUwNDV8MTczMTQ4fDE2MzQyMzI2MDAwMDA=?clientKey=0a3b0c31-0c07-4a78-a615-ce1f5184aeb1&widgetName=w2",
			"status": "accepted",
			"updateDate": 1633073815422,
			"start": 1634227200000,
			"end": 1634236200000,
			"createDate": 1627461405790,
			"inAccepted": true,
			"acceptDate": 1633073815426,
			"image": {
				"author": "Ark Ovrutski",
				"name": "ba4d51374b1911d827cedc6e543e5ded.jpeg",
				"realName": "Грегори Бойд.jpg",
				"source": "www.arkovrutski.com "
			},
			"photo": "https://pro.culture.ru/uploads/ba4d51374b1911d827cedc6e543e5ded.jpeg",
			"gallery": [],
			"category": {
				"name": "Концерты",
				"sysName": "koncerty"
			},
			"time": {
				"start": "2021-10-14 16:00:00",
				"end": "2021-10-14 18:30:00"
			}
		}
	]
}