{"1171": [{"id": 1554775, "name": "Квест «Почувствуй историю»", "age": 12, "description": "<p>Музей приглашает совершить путешествие в прошлое и буквально почувствовать историю. Наверное, многие, если не все, смогут назвать основные пять чувств человека, которые люди используют каждый день. Это обоняние, осязание, вкус, слух и зрение. На протяжении всего мероприятия (а продолжительность этого квеста – 40 минут, что позволит пройти игру без суеты) участникам придется проверять, так ли хорошо работают их чувства. Кроме того, гости поймут, могут ли они взаимодействовать в команде. </p><p>Каждая группа участников получает книгу заданий. Игрокам предстоит представить повседневную жизнь крестьянской семьи <span>XIX </span> века, акцентируя внимание на ощущениях. Как устроен дом, чем пахнет в печке, что слышно в избе ночью, какой на вкус труд крестьянина? Это лишь некоторые вопросы, на которые предстоит гостям ответить в процессе игры.</p>", "shortDescription": "Действуя по указаниям книги заданий и используя свои органы чувств, вы сумеете окунуться в прошлое.", "min_price": 250, "max_price": 260, "link": "https://vmuzey.com/event/kvest-pochuvstvuy-istoriyu", "status": "accepted", "updateDate": 1640614150304, "start": 1642071600000, "end": 1648735200000, "createDate": 1640255840023, "inAccepted": true, "acceptDate": 1640614150361, "image": {"author": "Лаухин А.В.", "name": "1b251d61933256884bec6602ce0c5bcc.jpeg", "realName": "5 — копия.JPG", "source": "Куркинский краеведческий музей"}, "photo": "https://pro.culture.ru/uploads/1b251d61933256884bec6602ce0c5bcc.jpeg", "gallery": ["https://pro.culture.ru/uploads/a7f36c1719bcd1744df42e3af2ba7bf0.jpeg", "https://pro.culture.ru/uploads/e26274db4f4a354ea3368774a941647f.jpeg", "https://pro.culture.ru/uploads/0414714165ca57431a83c5c22e205bdb.jpeg"], "category": {"name": "Встречи", "sysName": "vstrechi"}, "time": {"start": "2022-01-13 11:00:00", "end": "2022-03-31 14:00:00"}}, {"id": 1471106, "name": "Экскурсия «Защитники Куркинской земли в годы Великой Отечественной войны»", "age": 6, "description": "<p>Посетителям экскурсии расскажут историю освобождения Куркинского района и Куликова поля от немецко-фашистских захватчиков в ноябре – декабре 1941 года, боевых действий 212-й и 269-й стрелковых дивизий. Гости узнают и о судьбе отдельных бойцов. </p><p>Отдельная часть встречи посвящена истребительному батальону, в состав которого входили жители района. Участники экскурсии смогут ознакомиться с личными вещами солдат, их письмами и фотографиями, а также оперативными сводками тех боевых действий. Вниманию посетителей также будет представлен документальный фильм о сражении за Тулу «Неизвестная битва».</p>", "shortDescription": "История обороны Куркинского района.", "min_price": 50, "link": "https://vmuzey.com/event/detskiy-kraevedcheskiy-klub", "status": "accepted", "updateDate": 1639116357988, "start": 1638342000000, "end": 1645624800000, "createDate": 1637495791004, "inAccepted": true, "acceptDate": 1639116358044, "image": {"author": "Лаухин Александр", "name": "3fab858be1948e8c74fcb518d400c8c9.jpeg", "realName": "DSCF3313.JPG", "source": "Куркинский краеведческий музей"}, "photo": "https://pro.culture.ru/uploads/3fab858be1948e8c74fcb518d400c8c9.jpeg", "gallery": ["https://pro.culture.ru/uploads/4d585aee52eba2a39f76bb4e5a004895.jpeg", "https://pro.culture.ru/uploads/f2f57bbca47fe2127b0a8c24135792ef.jpeg", "https://pro.culture.ru/uploads/99572cca964534bce3dbde9f70273deb.jpeg", "https://pro.culture.ru/uploads/74d01a8a705a75753c57696fa4443945.jpeg"], "category": {"name": "Экскурсии", "sysName": "ekskursii"}, "time": {"start": "2021-12-01 07:00:00", "end": "2022-02-23 14:00:00"}}, {"id": 1471043, "name": "Интерактивная выставка «Пластиночка виниловая»", "age": 12, "description": "<p>Посетители выставки познакомятся с звуковоспроизводящей аппаратурой XIX–XX вв.: граммофоном, патефоном, электропроигрывателями. Узнают историю виниловой пластинки, рижской фабрики, принадлежавшей<span> </span>немецкому обществу «Граммофонъ Ko», апрелевской фабрики советского периода, «говорящих писем» и гибких цветных пластинок, виниловых пластинок<span> </span>государственной всесоюзной фирмы грамзаписи (ВФГ) «Мелодия». Совместно с экскурсоводом участники смогут услышать звучание этих пластинок и сравнить их с современными звукозаписями. </p>", "shortDescription": "Об истории виниловой пластинки и средствах прослушивания пластинок.", "min_price": 100, "link": "https://vmuzey.com/event/interaktivnaya-vystavka-plastinochka-vinilovaya", "status": "accepted", "updateDate": 1638533262612, "start": 1638428400000, "end": 1645974000000, "createDate": 1637490476713, "inAccepted": true, "acceptDate": 1638533262684, "image": {"author": "Лаухин Александр", "name": "1246a79a891289d439d30b70f55720be.jpeg", "realName": "патефон.jpg", "source": "Куркинский краеведческий музей"}, "photo": "https://pro.culture.ru/uploads/1246a79a891289d439d30b70f55720be.jpeg", "gallery": ["https://pro.culture.ru/uploads/4e0f378693ef068834377930ebfa3520.jpeg", "https://pro.culture.ru/uploads/f01e348283a30a9f635c8b981cffefaa.jpeg", "https://pro.culture.ru/uploads/eb36ae34b8f14f07ebfc7bcf5b47a92a.jpeg"], "category": {"name": "Выставки", "sysName": "vystavki"}, "time": {"start": "2021-12-02 07:00:00", "end": "2022-02-27 15:00:00"}}, {"id": 1348347, "name": "Театрализованная экскурсия «Лев Толстой на Куркинской земле»", "age": 12, "description": "<p>Экскурсия составлена по воспоминаниям А.П.Ермакова «Записки советского инженера». Участники экскурсии не только узнают о непосредственной помощи Л.Толстого и его соратников голодающим крестьянам Куркинского края, об организации столовых, но и побывают в одной из таких столовых. Познакомятся с Кормачихой и с посетителями столовой – детьми и взрослыми. Затем перенесутся в здание волостной управы, где увидят как проходил прием жителей Львом Николаевичем Толстым, кто и с какими вопросами приходил к писателю. Эти театрализованные зарисовки подготовлены силами участников нашего музейного театра. Во время экскурсии вы ознакомитесь с подлинными экспонатами времен посещения нашего края Л.Н.Толстым.</p>", "shortDescription": "Гости узнают помощи Льва Толстого голодающим крестьянам в 1891–1893 г.", "min_price": 50, "link": "https://vmuzey.com/event/ekskursiya-lev-tolstoy-na-kurkinskoy-zemle", "status": "accepted", "updateDate": 1632940359632, "start": 1633089600000, "end": 1635685200000, "createDate": 1632410442903, "inAccepted": true, "acceptDate": 1632940359639, "image": {"author": "Евстратова Ольга Александровна", "name": "c6cfad6b9e0e24e79a85cd5f5b00118c.jpeg", "realName": "i (10).jpg", "source": "Куркинский краеведческий музей"}, "photo": "https://pro.culture.ru/uploads/c6cfad6b9e0e24e79a85cd5f5b00118c.jpeg", "gallery": ["https://pro.culture.ru/uploads/89050485e158ae25e79ad7fda851e939.jpeg", "https://pro.culture.ru/uploads/858b7563b7d1dea1d5e96860cacad321.jpeg"], "category": {"name": "Экскурсии", "sysName": "ekskursii"}, "time": {"start": "2021-10-01 12:00:00", "end": "2021-10-31 13:00:00"}}]}