{"12555": [{"id": 1530975, "name": "Спектакль «Сердце не камень»", "age": 16, "description": "<p><span>Казалось бы, банальная история: старый муж – молодая жена, и все вокруг этого… А вот и нет! Интрига этой пьесы Островского настолько увлекательна, что почти до самой последней реплики будет держать в напряжении зрителя. Несмотря на множество курьезных и забавных ситуаций, комедия и драма здесь сплелись воедино. </span></p><p><span>Что сильнее: долг или чувство, любовь к деньгам или ближнему своему? Неужели это возможно: разделить черное и белое? А запретный плод совсем рядом: только протяни руку и сорви его! Ведь сердце не камень…</span></p>", "shortDescription": "Комедия страстей человеческих в двух действиях.", "min_price": 250, "max_price": 500, "link": "https://yola.kassy.ru/events/teatr/2-1912/buy/", "status": "accepted", "updateDate": 1640074638566, "start": 1645198200000, "end": 1645206000000, "createDate": 1639464639145, "inAccepted": true, "acceptDate": 1640074638616, "image": {"author": "Иван Пичушкин", "name": "89749887126887513f226f952002bc05.jpeg", "realName": "049.JPG", "source": "https://русдрамтеатр.рф/wp-content/uploads/049-600x600.jpg"}, "photo": "https://pro.culture.ru/uploads/89749887126887513f226f952002bc05.jpeg", "gallery": ["https://pro.culture.ru/uploads/dc51cb36c8730e0b19c73546b2704f4a.jpeg", "https://pro.culture.ru/uploads/0b80d042c1681c148a0907c535744673.jpeg", "https://pro.culture.ru/uploads/deae7b69d75d8cbaa3d3172b0e742b99.jpeg"], "category": {"name": "Спектакли", "sysName": "spektakli"}, "time": {"start": "2022-02-18 15:30:00", "end": "2022-02-18 17:40:00"}}, {"id": 1530879, "name": "Спектакль «Зойкина квартира»", "age": 16, "description": "<p><span>Это история создания модного ателье, оказавшегося на деле домом для свиданий. Одна из самых авантюрных комедий Михаила Булгакова, постановка котрой стала одним из знаковых событий для Академического русского театра драмы имени Константинова.</span></p><p><span>Итак, вы увидите, войдя в зрительный зал, пьесу, наполненную музыкой, мотивами танго, канканом, романсами, танцами с веерами, показами мод, шутками, великолепными диалогами, потрясающими характерами персонажей, темпераментной игрой актеров. Все это создаст атмосферу романтики того времени. </span></p>", "shortDescription": "Постановка в двух частях по пьесе Михаила Булгакова.", "min_price": 250, "max_price": 500, "link": "https://yola.kassy.ru/events/teatr/2-1908/buy/", "status": "accepted", "updateDate": 1640074357859, "start": 1644593400000, "end": 1644602400000, "createDate": 1639463351197, "inAccepted": true, "acceptDate": 1640074357977, "image": {"author": "Иван Пичушкин", "name": "bc627cf1ac2e03ccb9995fcd76cd7faa.jpeg", "realName": "Photo-060.JPG", "source": "https://русдрамтеатр.рф/wp-content/uploads/photo-060-600x600.jpg"}, "photo": "https://pro.culture.ru/uploads/bc627cf1ac2e03ccb9995fcd76cd7faa.jpeg", "gallery": ["https://pro.culture.ru/uploads/bc77d20de76cbaa01febd5f22f87cca5.jpeg", "https://pro.culture.ru/uploads/d4fca6a9556008eef7f67c3a1ab894c8.jpeg", "https://pro.culture.ru/uploads/320252beaeaf52d116712fe1ffb73999.jpeg"], "category": {"name": "Спектакли", "sysName": "spektakli"}, "time": {"start": "2022-02-11 15:30:00", "end": "2022-02-11 18:00:00"}}, {"id": 1507088, "name": "Спектакль «Валентинов день»", "age": 16, "description": "<p><span>Со времен создания У. Шекспиром «Ромео и Джульетты», объявившего всему миру, что важнее любви в этом мире нет, прошли века, а всех по-прежнему влечет к себе тема вечной любви. А преданная и сломанная любовь будет причинять страдания и в жизни, и после смерти. Она способна останавливать время и поворачивать его вспять, вызывать любимые тени из небытия, чтобы еще раз поговорить о том, что же это было… </span></p><p><span>Трагическая ошибка молодости, закономерность, стечение обстоятельств или… Что? И любовь ли это? Или просто сладкое чувство вечного страдания, без которого уже не можем жить? Герои «Валентинова дня» вместе со зрителями будут разбираться в сложных коллизиях жизни, наполненных и юмором, и печалью, и искать ответы на вечные вопросы…</span></p>", "shortDescription": "Постановка по пьесе И. Вырапаева.", "min_price": 500, "max_price": 500, "link": "https://yola.kassy.ru/events/teatr/2-1882/buy/", "status": "accepted", "updateDate": 1639403905341, "start": 1642860000000, "end": 1642867200000, "createDate": 1638622072418, "inAccepted": true, "acceptDate": 1639403905429, "image": {"author": "Иван Пичушкин", "name": "566ffa53f038cda83d389f1db6ff5fc4.jpeg", "realName": "uosIWz9w0CE.jpg", "source": "https://русдрамтеатр.рф/wp-content/uploads/uosiwz9w0ce-600x600.jpg"}, "photo": "https://pro.culture.ru/uploads/566ffa53f038cda83d389f1db6ff5fc4.jpeg", "gallery": ["https://pro.culture.ru/uploads/abd98e9c98b57ee60f544f8c14dfae05.jpeg"], "category": {"name": "Спектакли", "sysName": "spektakli"}, "time": {"start": "2022-01-22 14:00:00", "end": "2022-01-22 16:00:00"}}, {"id": 1507039, "name": "Спектакль «Инишмаан int.»", "age": 18, "description": "<p style=\"margin-left:0px\">Инишмаан – это маленький ирландский островок, кусочек суши, зажатый со всех сторон неистовым морем. Его размеренно-тоскливую жизнь нарушают лишь шум прибоя, крики чаек и сплетни жителей друг о друге. Именно здесь и разворачиваются события спектакля. Главный герой – парень по кличке Калека Билли. Инвалид от рождения, странный и замкнутый, – такой он для островитян и для тетушек, воспитавших сироту. Несмотря на увечья, он начитан, немного романтичен, безнадежно одинок на острове и почему-то боится моря... </p><p style=\"margin-left:0px\">Но однажды местный сплетник Пустозвон сообщает, что на соседнем островке снимают фильм люди из Голливуда. И калека бежит к киношникам – бежит от скучной и размеренной жизни Инишмаана...</p>", "shortDescription": "Драма с элементами комедии по повести МакДонаха.", "min_price": 400, "max_price": 400, "link": "https://yola.kassy.ru/events/teatr/2-1883/buy/", "status": "accepted", "updateDate": 1639404065195, "start": 1642946400000, "end": 1642953600000, "createDate": 1638619621424, "inAccepted": true, "acceptDate": 1639404065419, "image": {"author": "Иван Пичушкин", "name": "4865b47671ad7222503fb0a551cc48b5.jpeg", "realName": "mg_5706-1024x683.jpg", "source": "https://русдрамтеатр.рф/wp-content/uploads/mg_5706-600x600.jpg"}, "photo": "https://pro.culture.ru/uploads/4865b47671ad7222503fb0a551cc48b5.jpeg", "gallery": ["https://pro.culture.ru/uploads/37c52d9fe0ecf31154a346ca97e31109.jpeg", "https://pro.culture.ru/uploads/9bcbb5bc3489ad6ea2b12c8fda7d9963.jpeg"], "category": {"name": "Спектакли", "sysName": "spektakli"}, "time": {"start": "2022-01-23 14:00:00", "end": "2022-01-23 16:00:00"}}, {"id": 1507025, "name": "Спектакль «Лодочник»", "age": 16, "description": "<p><span>Это история о светлом и темном в душе человека, откровенный разговор о вечном выборе, стоящем перед личностью. Как глубоко нужно упасть, чтобы поменять свою жизнь? Продолжать идти по пути саморазрушения (алкоголем, безразличием к себе и окружающим, житейской серостью) или ощутить себя ответственным и за свою жизнь, и жизнь тех, кто все еще дорог? И сколько испытаний нужно пережить, чтобы понять: чтобы быть счастливым, нужно постоянно работать над собой. </span></p><p><span>Постановка актуальна прежде всего для молодежи, но традиционно вызывает неподдельный интерес у зрителей средних лет и старшего поколения.</span></p>", "shortDescription": "Постановка по пьесе А. Яблонской в двух действиях.", "min_price": 250, "max_price": 500, "link": "https://yola.kassy.ru/events/teatr/2-1885/buy/", "status": "accepted", "updateDate": 1639404507390, "start": 1643383800000, "end": 1643391600000, "createDate": 1638618954735, "inAccepted": true, "acceptDate": 1639404507475, "image": {"author": "Иван Пичушкин", "name": "aa0b0e8a4aa4aa5d5b8556f38d08ebb8.jpeg", "realName": "lod-1.jpg", "source": "https://русдрамтеатр.рф/wp-content/uploads/lod-1-360x360.jpg"}, "photo": "https://pro.culture.ru/uploads/aa0b0e8a4aa4aa5d5b8556f38d08ebb8.jpeg", "gallery": [], "category": {"name": "Спектакли", "sysName": "spektakli"}, "time": {"start": "2022-01-28 15:30:00", "end": "2022-01-28 17:40:00"}}, {"id": 1507005, "name": "Спектакль «Дама-невидимка»", "age": 16, "description": "<p><span>Это рассказ о любви, рыцарской чести, невероятной человеческой энергии и бесстрашии. Написана постановка увлекательно, страстно и весело, именно так она и поставлена на сцене театра. </span></p><p><span>Кто она – таинственная незнакомка, которая исчезает и появляется так неожиданно и таинственно? Он – отважен и настойчив. Она – прелестна и умна. Конечно, они должны найти друг друга. Но все запутывается до такой степени, что герои теряют надежду на счастливый, благополучный финал. И только его величество случай вознаграждает влюбленных. </span></p><p><span>Богатое и красочное оформление, музыка, песни, бои на шпагах, молодость актеров – все оправдает желания тех, кто придет в театр в надежде попасть на праздник.</span></p>", "shortDescription": "Комедия великого испанского драматурга ХVII века Педро Кальдерона.", "min_price": 350, "max_price": 600, "link": "https://yola.kassy.ru/events/teatr/2-1872/buy/", "needCheck": true, "status": "accepted", "updateDate": 1640172617237, "start": 1641310200000, "end": 1645372200000, "createDate": 1638618030313, "inAccepted": true, "acceptDate": 1639576051762, "image": {"author": "Иван Пичушкин", "name": "c1265c662c313e77fcdb0ce9b038249e.jpeg", "realName": "damaa-1024x682.jpg", "source": "https://русдрамтеатр.рф/wp-content/uploads/damaa-360x360.jpg"}, "photo": "https://pro.culture.ru/uploads/c1265c662c313e77fcdb0ce9b038249e.jpeg", "gallery": ["https://pro.culture.ru/uploads/be90d1c5cf14286dd41acff04d963773.jpeg", "https://pro.culture.ru/uploads/0d0db0bed5082104cecf517cdc3cef4c.jpeg", "https://pro.culture.ru/uploads/d2ddceb498ad62d9edfd1b0ab71f1591.jpeg"], "category": {"name": "Спектакли", "sysName": "spektakli"}, "time": {"start": "2022-01-04 15:30:00", "end": "2022-02-20 15:50:00"}}, {"id": 1506976, "name": "Спектакль «Вечера на хуторе близ Диканьки»", "age": 12, "description": "<p><span>Чего только не происходит на хуторе близ Диканьки, каких только историй там не случается! А уж если попали туда в ночь перед Рождеством – без волшебства точно не обойдется! А как же иначе уместить в одну единственную ночь столько невероятных событий: и романтическую любовь кузнеца Вакулы и красавицы Оксаны, и уморительные приключения воздыхателей несравненной Солохи, сверхзвуковое путешествие верхом на черте из Диканьки в Петербург в императрицыны чертоги. А также похищенный месяц, веселые колядки, завораживающую музыку и атмосферу безудержного народного празднества в канун Рождества – все, что ожидает зрителя в спектакле.</span></p>", "shortDescription": "Постановка по повести Н. В. Гоголя «Ночь перед Рождеством».", "min_price": 900, "max_price": 900, "link": "https://yola.kassy.ru/events/teatr/2-1890/buy/", "status": "accepted", "updateDate": 1639404980108, "start": 1641474000000, "end": 1642611000000, "createDate": 1638616639143, "inAccepted": true, "acceptDate": 1639404980287, "image": {"author": "Иван Пичушкин", "name": "50578a86ffc2dcebba3a4bcc50c99b96.jpeg", "realName": "photo-015-1024x683.jpg", "source": "https://русдрамтеатр.рф/wp-content/uploads/photo-015-600x600.jpg"}, "photo": "https://pro.culture.ru/uploads/50578a86ffc2dcebba3a4bcc50c99b96.jpeg", "gallery": ["https://pro.culture.ru/uploads/e8f019f1131e5a2dd504df55d02e1a92.jpeg", "https://pro.culture.ru/uploads/fb02372ad861336e839664eacf1e1fe5.jpeg"], "category": {"name": "Спектакли", "sysName": "spektakli"}, "time": {"start": "2022-01-06 13:00:00", "end": "2022-01-19 16:50:00"}}, {"id": 1481008, "name": "Спектакль «Сладострастники»", "age": 18, "description": "<p>Долгожданная премьера Академического русского театра драмы имени Константинова, в основу которой легли главы бессмертного произведения классика. </p><p>«Разве тут любовь? Тут, брат, война!» – эти слова одного из героев великого романа Ф. Достоевского «Братья Карамазовы» очень верно раскрывают лейтмотив оригинальной инсценировки этого произведения. Напряженное действие спектакля заставляет зрителя то восхищаться красотой человеческого духа, то вздрагивать, когда персонажи опускаются на самые низкие его глубины. Это действительно спектакль о страстях человеческих, о любви, ненависти, о вере и безверии и… о каждом из вас.</p>", "shortDescription": "Постановка в двух действиях по роману Ф. М. Достоевского «Братья Карамазовы».", "min_price": 350, "max_price": 600, "link": "https://yola.kassy.ru/events/teatr/2-1832/buy/", "status": "accepted", "updateDate": 1639472562822, "start": 1640705400000, "end": 1643474400000, "createDate": 1637765585677, "inAccepted": true, "acceptDate": 1639472562853, "image": {"author": "Иван Пичушкин", "name": "5a21dd00045daa3af002a68b2463d238.jpeg", "realName": "DSC03391.jpg", "source": "https://русдрамтеатр.рф/wp-content/uploads/dsc03391-600x600.jpg"}, "photo": "https://pro.culture.ru/uploads/5a21dd00045daa3af002a68b2463d238.jpeg", "gallery": ["https://pro.culture.ru/uploads/7780745678d546cc03f709c29117cbb3.jpeg", "https://pro.culture.ru/uploads/01c9114f777798d5f6c591f6f5540b73.jpeg", "https://pro.culture.ru/uploads/62295975d5dd8311ac8d82a409e3cf7b.jpeg"], "category": {"name": "Спектакли", "sysName": "spektakli"}, "time": {"start": "2021-12-28 15:30:00", "end": "2022-01-29 16:40:00"}}, {"id": 1433896, "name": "Спектакль «Бог ездит на велосипеде»", "age": 12, "description": "<p><span>Отцы и дети, век ХХI. Вниманию гостей представлена современная пьеса о взаимоотношениях родителей и подростков, родителей и окружающего взрослого мира, представителей поколения digital внутри своей структуры.</span></p> <p><span>Разобраться в этом нельзя за 80 минут, которые идет спектакль. Но можно посмотре<a name=\"_GoBack\"></a>ть на ребят 14–16 лет, сняв очки своей взрослости, встав с ними на один уровень. Только в этом случае зритель сможет понять, что творится в душах подростков, какие бесы и ангелы в них обитают, что ими движет и ради чего это все.</span></p>", "shortDescription": "Подростковый бунт по пьесе Ирины Васьковской и Дарьи Уткиной.", "min_price": 300, "max_price": 600, "link": "https://yola.kassy.ru/events/teatr/2-1858/buy/", "status": "accepted", "updateDate": 1636465944735, "start": 1638199800000, "end": 1638206700000, "createDate": 1636114043571, "inAccepted": true, "acceptDate": 1636465944744, "image": {"author": "Тимерхан Закиров", "name": "05e932d9dd074622de78981faeedf69b.jpeg", "realName": "бог ездит2.jpg", "source": "https://русдрамтеатр.рф/wp-content/uploads/bog-ezdit2-600x600.jpg"}, "photo": "https://pro.culture.ru/uploads/05e932d9dd074622de78981faeedf69b.jpeg", "gallery": ["https://pro.culture.ru/uploads/ded4ea536ec9a72efdd15837a433aa01.jpeg", "https://pro.culture.ru/uploads/8e20efa945fbf0860eccbab97ea73e06.jpeg"], "category": {"name": "Спектакли", "sysName": "spektakli"}, "time": {"start": "2021-11-29 15:30:00", "end": "2021-11-29 17:25:00"}}, {"id": 1433878, "name": "Спектакль «Матренин двор»", "age": 18, "description": "<p><span>Спектакль рассказывает о судьбе простой женщины – скромной, совестливой, с душой огромной и светлой.<span> В постановке по истории Солжиницына зрители увидят рассказ о жизни Матрены, которая посвятила себя всем, кроме себя: работе в колхозе, нелюбимому, но уважающему ее мужу, которая схоронила шестерых детей, но не опустила рук. Главная героиня отдавала себя чужим</span> заботам и проблемам, прожигая себя к смерти она осталась одна, так и не скопив хоть какого-то состояния, чтобы оставить после себя наследство. </span></p><p><span>Спектакль заставляет переживать и оставляет после себя множество мыслей об истинной ценности жизни и целеустремленностях, ради которых стоит жить.</span></p>", "shortDescription": "Камерная сценическая история по одноименному рассказу Александра Солженицына. ", "min_price": 600, "max_price": 600, "link": "https://yola.kassy.ru/events/teatr/2-1849/buy/", "status": "accepted", "updateDate": 1636626647349, "start": 1638108000000, "end": 1638114600000, "createDate": 1636112525274, "inAccepted": true, "acceptDate": 1636626647425, "image": {"author": "Михаил Никитин", "name": "14a400acf445b800db7d6cf9040fbae0.jpeg", "realName": "H8Ex2i48BxM.jpg", "source": "https://русдрамтеатр.рф/wp-content/uploads/h8ex2i48bxm-600x600.jpg"}, "photo": "https://pro.culture.ru/uploads/14a400acf445b800db7d6cf9040fbae0.jpeg", "gallery": ["https://pro.culture.ru/uploads/e3d4b564cb826e5520db161e8b40136b.jpeg", "https://pro.culture.ru/uploads/8b44db38fc0f9a6165a2a41bfec0880b.jpeg", "https://pro.culture.ru/uploads/d4969fe7bd107381cf202b1dfe05790f.jpeg"], "category": {"name": "Спектакли", "sysName": "spektakli"}, "time": {"start": "2021-11-28 14:00:00", "end": "2021-11-28 15:50:00"}}, {"id": 1433848, "name": "Спектакль «Найдите мне место»", "age": 12, "description": "<p><span>Моноспектакль Светланы Голыбиной.</span></p><p><span>Постаревшая Шарлотта из «Вишневого сада» приглашена на творческий вечер. Она исполняет произведения Моцарта, Баха, Шнитке и Голыбиной, а в паузах между музицированием делится с публикой эпизодами из своей биографии и рассуждениями о жизни, искусстве, педагогике, медицине и политике. Ее монологи, взятые из пьес, писем и статей Антона Павловича Чехова, оказываются на редкость актуальны и даже злободневны, хотя в спектакле звучат только тексты Чехова.</span></p><p><span>Приглашаются все желающие.</span><br /></p>", "shortDescription": "Постановка по произведениям Антона Чехова.", "min_price": 600, "max_price": 600, "link": "https://yola.kassy.ru/events/teatr/2-1860/buy/", "status": "accepted", "updateDate": 1636465947777, "start": 1638021600000, "end": 1638029400000, "createDate": 1636110186133, "inAccepted": true, "acceptDate": 1636465947789, "image": {"author": "Вероника Косенкова", "name": "edf40368b6e2b540b70a55e4c65cad39.jpeg", "realName": "18-mar-2019_017.jpg", "source": "https://русдрамтеатр.рф/wp-content/uploads/18-mar-2019_017-600x600.jpg"}, "photo": "https://pro.culture.ru/uploads/edf40368b6e2b540b70a55e4c65cad39.jpeg", "gallery": ["https://pro.culture.ru/uploads/433550ca8087f08ee81d3111a7c0911b.jpeg", "https://pro.culture.ru/uploads/6616a9487feeb5d16da8009b339c22f5.jpeg"], "category": {"name": "Спектакли", "sysName": "spektakli"}, "time": {"start": "2021-11-27 14:00:00", "end": "2021-11-27 16:10:00"}}, {"id": 1422997, "name": "Спектакль «Одолжите тенора»", "age": 16, "description": "<p><span>Можно ли одолжить тенора для взыскательной публики? А почему бы и нет? Тем более когда у кого-то есть большая мечта – петь на большой оперной сцене. Неужели этой мечте суждено рухнуть, даже если таланта не занимать? И кто бы мог предположить, что дальнейшие события приобретут совершенно невероятный характер?..</span></p><p><span> Все это – в пьесе Кена Людвига, классической комедии положений, полной уморительных ситуаций, заразительного юмора, нестареющих оперных шлягеров и, конечно же, неизменной любовной интриги.</span> </p>", "shortDescription": "Постановка по одноименной пьесе Кена Людвига.", "min_price": 350, "max_price": 600, "link": "https://yola.kassy.ru/events/teatr/2-1903/buy/", "needCheck": true, "status": "accepted", "updateDate": 1640448828851, "start": 1639317600000, "end": 1643994900000, "createDate": 1635426898831, "inAccepted": true, "acceptDate": 1639493633622, "image": {"author": "Иван Пичушкин", "name": "28dee90e9d54989adfcc2f11e23bb0e2.jpeg", "realName": "photo-094-1-1024x683.jpg", "source": "https://русдрамтеатр.рф/wp-content/uploads/photo-094-1-600x600.jpg"}, "photo": "https://pro.culture.ru/uploads/28dee90e9d54989adfcc2f11e23bb0e2.jpeg", "gallery": ["https://pro.culture.ru/uploads/2bb2c284d3eb95691f64ae450c33c43b.jpeg", "https://pro.culture.ru/uploads/52313ef7c539a04132eafc24f86c0949.jpeg", "https://pro.culture.ru/uploads/6cd683d0b22eed95395ba74d94024923.jpeg"], "category": {"name": "Спектакли", "sysName": "spektakli"}, "time": {"start": "2021-12-12 14:00:00", "end": "2022-02-04 17:15:00"}}, {"id": 1420113, "name": "Спектакль «Сережа очень…»", "age": 16, "description": "<p style=\"margin-left:0px\">Представьте, что в вашу простую размеренную жизнь неожиданно вторгается что-то иррациональное, необъяснимое, например, посылка, которую вы вовсе не заказывали. И ваш уютный, теплый мир внезапно заполняется сквозняком абсурда... </p><p style=\"margin-left:0px\">Как реагировать на подобное, если вы чувствуете, что от этого может зависеть вся ваша дальнейшая жизнь? И почему на фоне легких комичных ситуаций вас вдруг пронзает чувство тревоги? А главное – как после этого изменится ваша жизнь? Эти и другие вопросы ставит перед собой спектакль.</p>", "shortDescription": "Постановка по одноименной пьесе Дмитрия Данилова.", "min_price": 250, "max_price": 500, "link": "https://yola.kassy.ru/events/teatr/2-1841/buy/", "status": "accepted", "updateDate": 1635858982861, "start": 1639668600000, "end": 1639675800000, "createDate": 1635342147820, "inAccepted": true, "acceptDate": 1635858982882, "image": {"author": "Иван Пичушкин", "name": "48a947af2c01c977dff80a3391f8186d.jpeg", "realName": "Photo-024.jpg", "source": "https://русдрамтеатр.рф/wp-content/uploads/photo-024-1-600x600.jpg"}, "photo": "https://pro.culture.ru/uploads/48a947af2c01c977dff80a3391f8186d.jpeg", "gallery": ["https://pro.culture.ru/uploads/cc112b1f4927cd190dd666aafdc0e9cd.jpeg", "https://pro.culture.ru/uploads/5f0b55a2af96c6431e0a55a631d46278.jpeg", "https://pro.culture.ru/uploads/d33b55ff09988914079271d647ea5aa3.jpeg", "https://pro.culture.ru/uploads/6df269ab9199e45b38cbe89d547ec650.jpeg"], "category": {"name": "Спектакли", "sysName": "spektakli"}, "time": {"start": "2021-12-16 15:30:00", "end": "2021-12-16 17:30:00"}}, {"id": 1401606, "name": "Спектакль «Про Федота-стрельца, удалого молодца»", "age": 16, "description": "<p><span>На сцене Академического русского театра драмы им. Г. Константинова играет Молодежный театр на Булаке г. Казань, Республика Татарстан.</span></p> <p><span>Блистательная сказка, написанная Леонидом Филатовым еще в 1985 году, обрела поистине народное признание и продолжает радовать ценителей театрального и поэтического искусства уже более 35 лет. Феерическая комедия с элементами русского фольклора, искрометным юмором, яркой образной речью, социально-философским смыслом построена на контрасте смешного и серьезного. Постановка подарит зрителю заряд радости и позитива!</span></p>", "shortDescription": "Постановка Динары Сайфутдиновой по пьесе Леонида Филатова.", "min_price": 450, "max_price": 750, "link": "https://yola.kassy.ru/events/teatr/2-1857/buy/", "status": "accepted", "updateDate": 1635250190980, "start": 1638021600000, "end": 1638031500000, "createDate": 1634650701247, "inAccepted": true, "acceptDate": 1635250192487, "image": {"author": "Рустам Фаткуллин", "name": "ccf4aedb70d60511bdabfd5f65bc641c.jpeg", "realName": "1 (6).jpg", "source": "https://русдрамтеатр.рф/wp-content/uploads/1-6-600x600.jpg"}, "photo": "https://pro.culture.ru/uploads/ccf4aedb70d60511bdabfd5f65bc641c.jpeg", "gallery": ["https://pro.culture.ru/uploads/9d807490831c8a1e98f85e774d2c64f1.jpeg", "https://pro.culture.ru/uploads/de68b3126d72b4f1aa181b0d5a3aa9b2.jpeg", "https://pro.culture.ru/uploads/a8281e342a13cf3de157cb6ed412310d.jpeg"], "category": {"name": "Спектакли", "sysName": "spektakli"}, "time": {"start": "2021-11-27 14:00:00", "end": "2021-11-27 16:45:00"}}, {"id": 1401461, "name": "Спектакль «Выстрел в метель»", "age": 18, "description": "<p><span>Герои двух произведений Пушкина «Выстрел» и «Метель» попадают в единое смысловое пространство. Гусар-дуэлянт с мрачной репутацией Сильвио, его возлюбленная<span> </span>Машенька, граф Бурмин – далеко не все персонажи драмы. Здесь же – рассказчик Иван Петрович Белкин, чье творческое любопытство двигает сюжет.</span></p> <p><span>Но в развитие вмешивается<span> </span>провидение. Рука судьбы нажимает на курок. </span><span>Что произошло по воле случая, а что было предопределено? </span><span>Гордыня и благородство. Тщеславие и великодушие. Гнев и спокойствие души. Любовь и смерть.</span></p> <p><span>Премьерная постановка Русского театра им. А. С. Пушкина с неожиданной развязкой. </span></p>", "shortDescription": "Постановка Ратмира Хакулова по мотивам новелл А. С. Пушкина.", "min_price": 300, "max_price": 600, "link": "https://yola.kassy.ru/events/teatr/2-1856/buy/", "status": "accepted", "updateDate": 1635250351500, "start": 1637940600000, "end": 1637947800000, "createDate": 1634649108029, "inAccepted": true, "acceptDate": 1635250351520, "image": {"author": "Татьяна Дрожжина", "name": "5cb4a11b535870c6d2534bd965a4c487.jpeg", "realName": "DSC_0840 (1).jpg", "source": "https://русдрамтеатр.рф/wp-content/uploads/dsc_0840-1-600x600.jpg"}, "photo": "https://pro.culture.ru/uploads/5cb4a11b535870c6d2534bd965a4c487.jpeg", "gallery": ["https://pro.culture.ru/uploads/cf3eea1dff474ccaee7434f86a503d69.jpeg", "https://pro.culture.ru/uploads/def8a6bcb0bce711f979c94d3746bd99.jpeg", "https://pro.culture.ru/uploads/1d5b3c796d3c3dd0a884161c9dc824ec.jpeg"], "category": {"name": "Спектакли", "sysName": "spektakli"}, "time": {"start": "2021-11-26 15:30:00", "end": "2021-11-26 17:30:00"}}, {"id": 1400327, "name": "Спектакль «Бэла»", "age": 12, "description": "<p><span>Рассказчик романа, русский офицер, путешествует по Кавказу. Здесь он знакомится со штабс-капитаном Максимом Максимычем, от которого слышит интересную историю об офицере Григории Печорине. </span></p><p><span>Григорий Печорин – молодой и богатый дворянин, умный и образованный человек. Печорин с детства привык к роскоши и высшему свету. Но он глубоко несчастен, ему надоела его жизнь. Когда-то Максим Максимыч и Печорин вместе служили в крепости на Кавказе. Здесь Печорин влюбился в местную жительницу, юную красавицу Бэлу. Он украл ее из дома. Печорин и Бэла жили счастливо четыре месяца, но внезапно Печорин начинает скучать с любимой. Бэла страдает от этого. </span></p><p><span>Сюжетно увлекательная постановка, в которой есть место серьезным размышлениям о природе становления юной души и противоречивости характера неординарного Григория Печорина. Это рассказ о гордости, отваге, мужской чести и человеческом достоинстве.</span></p>", "shortDescription": "Постановка по одной из глав романа М. Ю. Лермонтова.", "min_price": 300, "max_price": 599, "link": "https://yola.kassy.ru/events/teatr/2-1852/buy/", "status": "accepted", "updateDate": 1635250356242, "start": 1637595000000, "end": 1637602200000, "createDate": 1634636022503, "inAccepted": true, "acceptDate": 1635250356252, "image": {"author": "Мишаев Рудольф", "name": "9d6a57b57d8d185cac75885fd579f3c7.jpeg", "realName": "бэла.jpg", "source": "https://русдрамтеатр.рф/wp-content/uploads/bela-600x600.jpg"}, "photo": "https://pro.culture.ru/uploads/9d6a57b57d8d185cac75885fd579f3c7.jpeg", "gallery": ["https://pro.culture.ru/uploads/3ac78dc3b9b50b1e195e77c1664f4d2a.jpeg", "https://pro.culture.ru/uploads/736e990384303386c51c94487bb7c9c2.jpeg", "https://pro.culture.ru/uploads/0775971773b897bea1dc31408bdd1cfc.jpeg"], "category": {"name": "Спектакли", "sysName": "spektakli"}, "time": {"start": "2021-11-22 15:30:00", "end": "2021-11-22 17:30:00"}}, {"id": 1398430, "name": "Спектакль «Поединок»", "age": 18, "description": "<p><span>История конфликта молодого подпоручика Ромашова со старшим офицером, который развивается на фоне столкновения романтического мировоззрения интеллигентного юноши с миром пехотного полка, с его нравами и муштрой. </span></p><p><span>В душном, замкнутом мирке провинциального гарнизона молодой, романтичный, интеллигентный офицер Ромашов попадает в водоворот сложных и суровых человеческих взаимоотношений, что заставляет его взрослеть и искать ответы на жизненные вопросы. Его пытливый ум, нежелание мириться с практически невыносимыми условиями жизни постепенно проявляют лучшие качества героя, но оторванность от реальности и его чистая и светлая любовь приводят к роковой дуэли.</span><span></span></p>", "shortDescription": "Трагифарс по повести Александра Куприна.", "min_price": 300, "max_price": 600, "link": "https://yola.kassy.ru/events/teatr/2-1855/buy/", "status": "accepted", "updateDate": 1635250504553, "start": 1637854200000, "end": 1637862000000, "createDate": 1634562757295, "inAccepted": true, "acceptDate": 1635250504571, "image": {"author": "Красотин Владимир", "name": "453209d843eca3f233fb1d03e82d768b.jpeg", "realName": "IMG-20201002-WA0011 (1) (1).jpg", "source": "https://русдрамтеатр.рф/wp-content/uploads/img-20201002-wa0011-1-1-360x360.jpg"}, "photo": "https://pro.culture.ru/uploads/453209d843eca3f233fb1d03e82d768b.jpeg", "gallery": ["https://pro.culture.ru/uploads/230d6ceff876cad836535dc6ff944d2e.jpeg", "https://pro.culture.ru/uploads/18a6982db0bb552a30d7de4c8f82db71.jpeg", "https://pro.culture.ru/uploads/7e5373ccb34f0bcb2e4d727af018116c.jpeg"], "category": {"name": "Спектакли", "sysName": "spektakli"}, "time": {"start": "2021-11-25 15:30:00", "end": "2021-11-25 17:40:00"}}, {"id": 1398359, "name": "Спектакль «Опасный поворот»", "age": 18, "description": "<p><span>На сцене академического русского театра драмы им. Г. Константинова в рамках </span><span>XVIII</span><span> </span><span>Международного фестиваля русских театров национальных республик и зарубежных стран «Мост дружбы» играет русский драматический театр «Мастеровые», город Набережные Челны.</span></p> <p><span>Опасный поворот начинается в теплой и приятной обстановке. Несколько мужчин и женщин проводят вечер вместе, как и подобает в добропорядочном английском обществе. Но постепенно беседа принимает неожиданный поворот, а события развиваются явно не по плану.</span></p>", "shortDescription": "Детектив по пьесе Д. Б. Пристли.", "min_price": 450, "max_price": 750, "link": "https://yola.kassy.ru/events/teatr/2-1854/buy/", "status": "accepted", "updateDate": 1635250507609, "start": 1637767800000, "end": 1637775000000, "createDate": 1634561857073, "inAccepted": true, "acceptDate": 1635250507617, "image": {"author": "Диамантэ Армандо", "name": "705d47c8c7fdab72af2d332633dcc956.jpeg", "realName": "Опасный поворот (3) (1).jpg", "source": "https://русдрамтеатр.рф/wp-content/uploads/opasnyj-povorot-3-1-600x600.jpg"}, "photo": "https://pro.culture.ru/uploads/705d47c8c7fdab72af2d332633dcc956.jpeg", "gallery": [], "category": {"name": "Спектакли", "sysName": "spektakli"}, "time": {"start": "2021-11-24 15:30:00", "end": "2021-11-24 17:30:00"}}, {"id": 1398225, "name": "Спектакль «Капитанская дочка»", "age": 12, "description": "<p><span>В рамках XVIII Международного фестиваля русских театров национальных республик России и зарубежных стран «Мост дружбы» на сцене Академического русского театра драмы им. Г. Константинова Национальный молодежный театр Республики Башкортостан имени М. Карима (город Уфа) выступит со своим спектаклем.<br /> </span></p><p><span>Ч<span>ерез художественную призму, через историю любви двух сердец, которые попали в кровавую мясорубку века, а действие разворачивается во времена восстания Емельяна Пугачева, герои сумели сохранить жизнь и достоинство. </span></span><span>Взятые автором в эпиграф слова из пословицы «Береги честь смолоду» имеют особое значение, обращенное ко всем поколениям людей о главных человеческих ценностях: чести, авторитете и добропорядочности.</span><span></span></p>", "shortDescription": "Постановка по одноименной повести А. Пушкина.", "min_price": 450, "max_price": 750, "link": "https://yola.kassy.ru/events/teatr/2-1853/buy/", "status": "accepted", "updateDate": 1635250510331, "start": 1637681400000, "end": 1637686800000, "createDate": 1634560074024, "inAccepted": true, "acceptDate": 1635250510341, "image": {"author": "Кульбаев Мусалим Георгиевич", "name": "b3a31cbe5e12fd8e20ca30a93e3d1842.jpeg", "realName": "dsc_7092.jpg", "source": "https://русдрамтеатр.рф/wp-content/uploads/dsc_7092-600x567.jpg"}, "photo": "https://pro.culture.ru/uploads/b3a31cbe5e12fd8e20ca30a93e3d1842.jpeg", "gallery": ["https://pro.culture.ru/uploads/0be05d12ec52474967ed43470826c800.jpeg", "https://pro.culture.ru/uploads/80f634814b259854a65c2ceebdaffc4a.jpeg", "https://pro.culture.ru/uploads/f72beed0a7c739a2fe7014cc139e9ff7.jpeg"], "category": {"name": "Спектакли", "sysName": "spektakli"}, "time": {"start": "2021-11-23 15:30:00", "end": "2021-11-23 17:00:00"}}, {"id": 1398125, "name": "Спектакль «Сердце Луиджи»", "age": 16, "description": "<p>В рамках XVIII Международного фестиваля русских театров национальных республик и зарубежных стран «Мост Дружбы» на сцене Академического русского театра драмы им. Г. Константинова играет Казанский камерный театр «Сдвиг».</p><p>Луиджи Ломбарди – итальянский эмигрант, приговоренный к казни на электрическом стуле за совершенное им убийство, – находясь в камере смертников хочет жить. Ради этого он подписывает договор и завещает свое сердце американской науке. Мгновенно это известие облетает весь мир. К Луиджи устремляются толпы посетителей: все они хотят заполучить его сердце, предлагая взамен свои ценности. Луиджи, романтик по натуре и очень доверчивый человек, пытается помочь каждому. Но его доверием злоупотребляют... Оставаясь верным своим нравственным идеалам, Луиджи принимает мученическую смерть... и даже не на электрическом стуле...</p>", "shortDescription": "Трагифарс по пьесе словацкого драматурга Ивана Буковчана.", "min_price": 300, "max_price": 600, "link": "https://yola.kassy.ru/events/teatr/2-1851/buy/", "status": "accepted", "updateDate": 1635250515019, "start": 1637503200000, "end": 1637514000000, "createDate": 1634559025650, "inAccepted": true, "acceptDate": 1635250515062, "image": {"author": "Михаил Галицкий", "name": "968193fb06263a1c85f07da3005e4b04.jpeg", "realName": "Общее.jpg", "source": "https://русдрамтеатр.рф/wp-content/uploads/obshhee-360x360.jpg"}, "photo": "https://pro.culture.ru/uploads/968193fb06263a1c85f07da3005e4b04.jpeg", "gallery": ["https://pro.culture.ru/uploads/3dce5742b782d759634865e08fab5795.jpeg", "https://pro.culture.ru/uploads/e12fc1ab50074fabed07ceeb8e30c5f5.jpeg"], "category": {"name": "Спектакли", "sysName": "spektakli"}, "time": {"start": "2021-11-21 14:00:00", "end": "2021-11-21 17:00:00"}}, {"id": 1398041, "name": "Спектакль «Смеется ли Чехов...»", "age": 16, "description": "<p> XVIII Международный фестиваль русских театров национальных республик России и зарубежных стран «Мост дружбы» открывается постановкой Государственного республиканского русского драматического театра имени М. Горького (г. Махачкала, Республика Дагестан). </p><p>«Смеется ли Чехов... »– Спектакль по трем пьесам, знакомых зрителям с детства. Антон Чехов высмеивает нравы помещиков своей эпохи, показывая жизнь такой, какой она на самом деле является. Поступки и мысли людей необъяснимы, их тяжело принять, так они глупы и смешны. Но и тяжело осудить, потому что для начала стоит оглянуться вокруг и посмотреть в зеркало. Особенность постановки не только в нравоучительном и ироничном сюжете. Интересна и подача – два действия, не связанные друг с другом, поочередно привлекают внимание зрителя, при этом не сбивая его с толку. </p>", "shortDescription": "Постановка по пьесам «Медведь», «Предложение» и «Калхас».", "min_price": 300, "max_price": 600, "link": "https://yola.kassy.ru/events/teatr/2-1850/buy/", "status": "accepted", "updateDate": 1635250518678, "start": 1637416800000, "end": 1637428800000, "createDate": 1634557925092, "inAccepted": true, "acceptDate": 1635250518695, "image": {"author": "Скандарбек Тулпаров", "name": "6e223e9f7f491803c575a0c3e13e8344.jpeg", "realName": "_MG_9922.jpg", "source": "https://русдрамтеатр.рф/wp-content/uploads/mg_9922-600x600.jpg"}, "photo": "https://pro.culture.ru/uploads/6e223e9f7f491803c575a0c3e13e8344.jpeg", "gallery": ["https://pro.culture.ru/uploads/f509897f70f5546a538c8d16e19f4d35.jpeg", "https://pro.culture.ru/uploads/c6e2558d6eeb6824b624ccd258f39cb3.jpeg"], "category": {"name": "Спектакли", "sysName": "spektakli"}, "time": {"start": "2021-11-20 14:00:00", "end": "2021-11-20 17:20:00"}}, {"id": 1358014, "name": "Спектакль «Между делом»", "age": 16, "description": "<p>\n\nПо словам автора и режиссера спектакля Евгения Гришковца - это почти документальная драма. У героев спектакля есть реальные прототипы, поэтому зрителю всегда хочется найти похожих на геров знакомых людей.</p><p>Это история попытки совершить благородный поступок в современном мире, вести себя достойно.</p><p>В пьесе, как и в жизни, нет плохих людей, нет отрицательных персонажей, у всех своя правда – и свои слабости.</p><p>Спектакль показывается в рамках программы \n\n«\n\nБольшие гастроли» Кемеровским областным театром драмы имени Луначарского.</p><p>\n\n</p>", "shortDescription": "Постановка Евгения Гришковца по его одноименной пьесе.", "min_price": 500, "max_price": 600, "link": "https://yola.kassy.ru/events/teatr/2-1812/buy/", "status": "accepted", "updateDate": 1633437552009, "start": 1635607800000, "end": 1635616800000, "createDate": 1632897735445, "inAccepted": true, "acceptDate": 1633437552113, "image": {"author": "Алексей Разуков", "name": "57c12125a350561370e02d08a571a589.jpeg", "realName": "IMG_0071.JPG", "source": "https://русдрамтеатр.рф/wp-content/uploads/img_0071-360x360.jpg"}, "photo": "https://pro.culture.ru/uploads/57c12125a350561370e02d08a571a589.jpeg", "gallery": ["https://pro.culture.ru/uploads/37579107dd48ad9eadb0a02b30bd1361.jpeg"], "category": {"name": "Спектакли", "sysName": "spektakli"}, "time": {"start": "2021-10-30 15:30:00", "end": "2021-10-30 18:00:00"}}, {"id": 1357956, "name": "Спектакль «Доходное место»", "age": 16, "description": "<p>История амбициозного и честного молодого чиновника, который подвергается давлению со стороны семьи и общества, – сюжет, словно написанный в современное время. «Я хочу сохранить за собой дорогое право глядеть всякому в глаза прямо, без стыда, без тайных угрызений, читать и смотреть сатиры и комедии на взяточников и хохотать от чистого сердца, откровенным смехом», – говорит Жадов. Однако мало кто с ним соглашается в его принципиальных взглядах, и в конце спектакля, кажется, герой готов сдаться.</p><p>Лучший спектакль по мнению Экспертного совета фестиваля «Кузбасс театральный-2017».</p>", "shortDescription": "Комедия по классическому произведению А. Островского.", "min_price": 500, "max_price": 600, "link": "https://yola.kassy.ru/events/teatr/2-1810/buy/", "status": "accepted", "updateDate": 1633437573804, "start": 1635435000000, "end": 1635444000000, "createDate": 1632897058192, "inAccepted": true, "acceptDate": 1633437573818, "image": {"author": "Разуков Алексей", "name": "2ef367619d6c8911876e5fc2a32a3f7e.jpeg", "realName": "nevIuN7jKaw.jpg", "source": "https://русдрамтеатр.рф/wp-content/uploads/neviun7jkaw-360x360.jpg"}, "photo": "https://pro.culture.ru/uploads/2ef367619d6c8911876e5fc2a32a3f7e.jpeg", "gallery": ["https://pro.culture.ru/uploads/8022d91a593e5a2316f3dc8275afcf3e.jpeg", "https://pro.culture.ru/uploads/b78d60f098c4371feb7942ffc19db42e.jpeg"], "category": {"name": "Спектакли", "sysName": "spektakli"}, "time": {"start": "2021-10-28 15:30:00", "end": "2021-10-28 18:00:00"}}, {"id": 1296179, "name": "Спектакль «Аферисты»", "age": 16, "description": "<p> Яркие костюмы, оригинальная сценография, эксклюзивное музыкальное решение, ведущие актеры, занятые в спектакле, обещают зрителю незабываемое зрелище! </p><p>Спектакль был поставлен к 195-летию со дня рождения А. Н. Островского. Появление одной из его лучших пьес в свое время вызвало раскол в русском обществе. Но и сегодня этот криминальный детектив не потерял своей остроты и актуальности.</p><p>Финансовые махинации, подкуп, взятки – кажется, в мире нет ничего, кроме купли-продажи, которая разъедает даже самые крепкие семейные связи.<br /></p>", "shortDescription": "Криминальная комедия в двух частях.", "min_price": 250, "max_price": 500, "link": "https://yola.kassy.ru/events/teatr/2-1877/buy/", "status": "accepted", "updateDate": 1639488968100, "start": 1634225400000, "end": 1644768900000, "createDate": 1630053007507, "inAccepted": true, "acceptDate": 1639488968148, "image": {"author": "Иван Пичушкин", "name": "8b0990d9d55c3d74bd4e01cfa5198c61.jpeg", "realName": "DSCF3173.jpg", "source": "https://русдрамтеатр.рф/wp-content/uploads/dscf3173-1-600x600.jpg"}, "photo": "https://pro.culture.ru/uploads/8b0990d9d55c3d74bd4e01cfa5198c61.jpeg", "gallery": ["https://pro.culture.ru/uploads/0f4fe5d292fb25ea2745669347ec91bb.jpeg", "https://pro.culture.ru/uploads/6efce681b93bf76c2b777e16f837fb67.jpeg", "https://pro.culture.ru/uploads/d5a227763a38f582a115419dfeefda05.jpeg"], "category": {"name": "Спектакли", "sysName": "spektakli"}, "time": {"start": "2021-10-14 15:30:00", "end": "2022-02-13 16:15:00"}}, {"id": 1296113, "name": "Спектакль «Злоумышленники»", "age": 12, "description": "<p>А. П. Чехов, признанный мастер малой формы, предпочитал задавать вопросы читателю, а не отвечать на них. Вот и герои «Злоумышленников», совершая поступки, в то же время не отдают себе отчета в их последствиях. Тем более они находятся в том опасном возрасте, когда подросток часто не ведает, что творит. Хорошо это или плохо, каков тайный умысел в действиях Ваньки, Наденьки и Варьки? Каждый зритель решит это по-своему. </p><p>Постановка в исполнении труппы театра заинтересует зрителя любого возраста, особенно она будет интересна подрастающему поколению.<br /></p>", "shortDescription": "Трагикомедия в двух действиях по рассказу А. П. Чехова.", "min_price": 400, "max_price": 400, "link": "https://yola.kassy.ru/events/teatr/2-1904/buy/", "status": "accepted", "updateDate": 1639204162424, "start": 1634830200000, "end": 1644075900000, "createDate": 1630051970244, "inAccepted": true, "acceptDate": 1639204162478, "image": {"author": "Иван Пичушкин", "name": "38d3deb38ef7cb0b3d224633c78e5b43.jpeg", "realName": "164.JPG", "source": "https://русдрамтеатр.рф/wp-content/uploads/164-600x600.jpg"}, "photo": "https://pro.culture.ru/uploads/38d3deb38ef7cb0b3d224633c78e5b43.jpeg", "gallery": ["https://pro.culture.ru/uploads/e88f7390a4eb688506f92c0d005fcd90.jpeg", "https://pro.culture.ru/uploads/d09678774a32e2ab04d424e778c916fc.jpeg", "https://pro.culture.ru/uploads/a9b252971eeff05c5ca1a30d84f72200.jpeg"], "category": {"name": "Спектакли", "sysName": "spektakli"}, "time": {"start": "2021-10-21 15:30:00", "end": "2022-02-05 15:45:00"}}, {"id": 1295872, "name": "Спектакль «Не покидай меня»", "age": 12, "description": "<p>Постановка по пьессе А. Дударева, которая не оставит равнодушными зрителей всех возрастов.</p><p>Война никому не оставляет шансов остаться в стороне. Даже самым юным. Даже вчерашним школьницам, не успевшим распрощаться с учебниками итетрадками. Они еще так молоды, так полны надежд, так мечтают о грядущейлюбви, что не верят в смерть. А если о чем и сожалеют, так только о том, чтоеще ни разу не целовались. Они еще не понимают, что главное испытание,через которое им предстоит пройти, уже не за горами. И не знают, кто из нихвыживет в страшном танце Огня… </p>", "shortDescription": "Драматическая баллада в двух действиях.", "min_price": 250, "max_price": 500, "link": "https://yola.kassy.ru/events/teatr/2-1917/buy/", "status": "accepted", "updateDate": 1639488734274, "start": 1634392800000, "end": 1645637400000, "createDate": 1630048491331, "inAccepted": true, "acceptDate": 1639488734367, "image": {"author": "Иван Пичушкин", "name": "2b1462505c0f49ccab46ce0e3b1bcf78.jpeg", "realName": "066 (1).jpg", "source": "https://русдрамтеатр.рф/wp-content/uploads/066-1-600x600.jpg"}, "photo": "https://pro.culture.ru/uploads/2b1462505c0f49ccab46ce0e3b1bcf78.jpeg", "gallery": ["https://pro.culture.ru/uploads/48876c5789ed5dcd313fcac31b09b4dc.jpeg", "https://pro.culture.ru/uploads/e87329fff784b3b4968210cc984b6235.jpeg", "https://pro.culture.ru/uploads/3bb6034f5307b47ce9d0c6c1bab8f018.jpeg"], "category": {"name": "Спектакли", "sysName": "spektakli"}, "time": {"start": "2021-10-16 14:00:00", "end": "2022-02-23 17:30:00"}}, {"id": 1262171, "name": "Спектакль «Солдатики»", "age": 16, "description": "<p><span>«Люди редко догадываются, кто они есть на самом деле», – говорится в пьесе </span><span>В. Жеребцова. </span><span></span><span>Это особенно касается молодых </span><span>людей, начинающих свой жизненный путь.</span></p> <p><span>Как они его продолжат – зависит только от них самих, от их собственного </span><span>выбора. Не сломаться, не поддаться, не пойти на предательство, устоять и... </span><span>противостоять обстоятельствам. Каждый ли способен на это? Тем более в </span><span>жестоких условиях неуставного армейского порядка. </span><span>Есть здесь что-то от извечной истории про Каина и Авеля. Да и не случайно </span><span>одного из персонажей зовут Бес.</span></p>", "shortDescription": "Постановка о том, как сложно человеку оставаться самим собой.", "min_price": 400, "max_price": 400, "link": "https://yola.kassy.ru/events/teatr/2-1880/buy/", "needCheck": true, "status": "accepted", "updateDate": 1640171930752, "start": 1633015800000, "end": 1642697400000, "createDate": 1628510682044, "inAccepted": true, "acceptDate": 1637246073237, "image": {"author": "Иван Пичушкин", "name": "996a4a4d649fc42a6bef00413dfdc130.jpeg", "realName": "soldatiki-1024x682.jpg", "source": "https://русдрамтеатр.рф/wp-content/uploads/soldatiki-1-360x360.jpg"}, "photo": "https://pro.culture.ru/uploads/996a4a4d649fc42a6bef00413dfdc130.jpeg", "gallery": ["https://pro.culture.ru/uploads/bb51e7ceffacbcf988acd70a3b2385a8.jpeg", "https://pro.culture.ru/uploads/60449a32db0d2bd1c36f3a5ef658ece9.jpeg", "https://pro.culture.ru/uploads/9ab3907dbb93b4b75eb89a95d6e28e2a.jpeg"], "category": {"name": "Спектакли", "sysName": "spektakli"}, "time": {"start": "2021-09-30 15:30:00", "end": "2022-01-20 16:50:00"}}, {"id": 1256637, "name": "Спектакль «Сотворившая чудо»", "age": 12, "description": "<p>Что испытывает человек, внезапно ослепнув и оказавшись в полной темноте? А если его лишить еще возможности слышать? Так начинается спектакль «Сотворившая чудо». Это реальная история о слепоглухонемой девочке Элен Келлер и ее учительнице Энн Салливан. История о борьбе за пробуждение разума и о том, что безграничная вера творит чудеса! </p><p>«Сотворившая чудо» – спектакль, за которым стоит история, даже не просто история, а целая жизнь, жизнь необычайной и очень сильной духом слепоглухонемой женщины Хелен Келлер. «В XIX веке было два по-настоящему великих человека – Наполеон и Хелен Келлер», – к этим словам Марка Твена следует как минимум прислушаться. Хелен стала первым человеком из мира слепоглухих, получившим степень бакалавра. В США ее признали национальной героиней. Она писала книги, занималась политикой, протестовала против войны, защищала права инвалидов. В Капитолии в честь нее установлен памятник, а в доме, где прошло ее детство, каждый год проходит Helen Keller Festival и показывается спектакль «Сотворившая чудо» – гимн безусловной любви. </p>", "shortDescription": "Постановка по пьесе Уильяма Гибсона.", "min_price": 350, "max_price": 600, "link": "https://yola.kassy.ru/events/teatr/2-1907/buy/", "needCheck": true, "status": "accepted", "updateDate": 1640448938242, "start": 1632664800000, "end": 1644162600000, "createDate": 1628168106054, "inAccepted": true, "acceptDate": 1640171520641, "image": {"author": "Иван Пичушкин", "name": "cf7c954022f8ff53466128803ad0d125.jpeg", "realName": "016.jpg", "source": "https://русдрамтеатр.рф/wp-content/uploads/016-1-600x600.jpg"}, "photo": "https://pro.culture.ru/uploads/cf7c954022f8ff53466128803ad0d125.jpeg", "gallery": ["https://pro.culture.ru/uploads/d00fb0538825d88cc76cd5dbcc8f8721.jpeg", "https://pro.culture.ru/uploads/617a665637c7389ae82f40cc6979d066.jpeg", "https://pro.culture.ru/uploads/5fb1fa582fc32d489bd677c37376ec98.jpeg"], "category": {"name": "Спектакли", "sysName": "spektakli"}, "time": {"start": "2021-09-26 14:00:00", "end": "2022-02-06 15:50:00"}}, {"id": 1256630, "name": "Спектакль «Корсиканка»", "age": 12, "description": "<p><span>Этот спектакль – не биография Наполеона, это спектакль про мужчину, который живет иллюзиями своего прошлого. И в то же время это яркая, страстная, ироничная история о последней любви великого императора, упавшего с вершины власти. </span></p><p><span>Это история о мужчине и женщине. История о великом прощении и не менее великой жертвенности… Ведь переосмыслить все прожитое и полюбить жизнь заново опальному императору помогает простая женщина, сумевшая за ликом величия и славы разглядеть мужчину, которому просто не хватает заботы и человеческого тепла. Поэтому пьеса И. Губача – это в первую очередь гимн женщине!</span></p>", "shortDescription": "Героическая комедия в двух частях.", "min_price": 250, "max_price": 500, "link": "https://yola.kassy.ru/events/teatr/2-1838/buy/", "status": "accepted", "updateDate": 1635859328717, "start": 1632060000000, "end": 1639240200000, "createDate": 1628168012915, "inAccepted": true, "acceptDate": 1635859328733, "image": {"author": "Иван Пичушкин", "name": "547f4b6d511fb52a0f67de13aa54712f.jpeg", "realName": "DSC01258.jpg", "source": "https://русдрамтеатр.рф/wp-content/uploads/dsc01258-600x600.jpg"}, "photo": "https://pro.culture.ru/uploads/547f4b6d511fb52a0f67de13aa54712f.jpeg", "gallery": ["https://pro.culture.ru/uploads/41510d8bd43e556c85fcac5db7e5b2f8.jpeg", "https://pro.culture.ru/uploads/21bf4208f332ab2b23cfda08e17b46d5.jpeg", "https://pro.culture.ru/uploads/92aa7b0ccbf839dd4a57830cb8750aac.jpeg"], "category": {"name": "Спектакли", "sysName": "spektakli"}, "time": {"start": "2021-09-19 14:00:00", "end": "2021-12-11 16:30:00"}}]}